gene_id,total_counts,n_cells_by_counts,is_mitochondrial
MIR1302-10,0.0,0,False
FAM138A,0.0,0,False
OR4F5,0.0,0,False
RP11-34P13.7,0.0,0,False
RP11-34P13.8,0.0,0,False
AL627309.1,9.0,9,False
RP11-34P13.14,0.0,0,False
RP11-34P13.9,0.0,0,False
AP006222.2,3.0,3,False
RP4-669L17.10,0.0,0,False
OR4F29,0.0,0,False
RP4-669L17.2,0.0,0,False
RP5-857K21.15,0.0,0,False
RP5-857K21.1,0.0,0,False
RP5-857K21.2,0.0,0,False
RP5-857K21.3,0.0,0,False
RP5-857K21.4,0.0,0,False
RP5-857K21.5,0.0,0,False
OR4F16,0.0,0,False
RP11-206L10.3,0.0,0,False
RP11-206L10.5,0.0,0,False
RP11-206L10.4,0.0,0,False
RP11-206L10.2,5.0,5,False
RP11-206L10.9,3.0,3,False
AL669831.1,0.0,0,False
FAM87B,2.0,2,False
LINC00115,18.0,18,False
FAM41C,2.0,2,False
AL645608.2,0.0,0,False
RP11-54O7.16,0.0,0,False
RP11-54O7.1,0.0,0,False
RP11-54O7.2,0.0,0,False
RP11-54O7.3,0.0,0,False
SAMD11,1.0,1,False
AL645608.1,0.0,0,False
NOC2L,288.0,258,False
KLHL17,9.0,9,False
PLEKHN1,7.0,7,False
C1orf170,0.0,0,False
RP11-54O7.17,3.0,3,False
HES4,213.0,145,False
RP11-54O7.11,4.0,4,False
ISG15,3228.0,1206,False
AGRN,8.0,8,False
RP11-54O7.18,0.0,0,False
RNF223,0.0,0,False
C1orf159,24.0,24,False
RP11-465B22.5,0.0,0,False
RP11-465B22.8,0.0,0,False
TTLL10-AS1,0.0,0,False
TTLL10,0.0,0,False
TNFRSF18,112.0,92,False
TNFRSF4,209.0,155,False
SDF4,378.0,340,False
B3GALT6,62.0,58,False
FAM132A,3.0,3,False
RP5-902P8.12,1.0,1,False
UBE2J2,324.0,299,False
RP5-902P8.10,1.0,1,False
SCNN1D,0.0,0,False
ACAP3,65.0,63,False
PUSL1,64.0,62,False
CPSF3L,256.0,202,False
GLTPD1,78.0,77,False
TAS1R3,1.0,1,False
DVL1,5.0,5,False
MXRA8,5.0,5,False
AURKAIP1,996.0,770,False
CCNL2,150.0,144,False
RP4-758J18.2,102.0,100,False
MRPL20,912.0,677,False
RP4-758J18.13,0.0,0,False
ANKRD65,2.0,2,False
RP4-758J18.7,0.0,0,False
TMEM88B,0.0,0,False
RP4-758J18.10,0.0,0,False
VWA1,0.0,0,False
ATAD3C,25.0,9,False
ATAD3B,28.0,28,False
ATAD3A,51.0,49,False
TMEM240,0.0,0,False
SSU72,1193.0,901,False
AL645728.1,29.0,28,False
C1orf233,9.0,9,False
RP11-345P4.9,38.0,37,False
MIB2,195.0,177,False
MMP23B,21.0,21,False
CDK11B,64.0,62,False
RP11-345P4.10,2.0,2,False
SLC35E2B,46.0,44,False
RP11-345P4.7,0.0,0,False
CDK11A,173.0,164,False
SLC35E2,16.0,16,False
NADK,134.0,125,False
GNB1,348.0,317,False
RP1-140A9.1,3.0,3,False
CALML6,0.0,0,False
TMEM52,3.0,3,False
C1orf222,0.0,0,False
RP11-547D24.1,0.0,0,False
GABRD,0.0,0,False
RP11-547D24.3,0.0,0,False
PRKCZ,35.0,34,False
RP5-892K4.1,10.0,10,False
RP11-181G12.2,2.0,2,False
C1orf86,615.0,501,False
AL590822.2,3.0,3,False
AL590822.1,2.0,2,False
RP11-181G12.5,0.0,0,False
RP11-181G12.4,0.0,0,False
SKI,61.0,59,False
MORN1,1.0,1,False
AL589739.1,0.0,0,False
RER1,805.0,608,False
PEX10,35.0,34,False
PLCH2,3.0,3,False
RP3-395M20.2,0.0,0,False
RP3-395M20.3,0.0,0,False
PANK4,57.0,57,False
HES5,0.0,0,False
RP3-395M20.12,182.0,165,False
TNFRSF14,704.0,589,False
RP3-395M20.7,0.0,0,False
RP3-395M20.9,14.0,12,False
FAM213B,39.0,38,False
MMEL1,13.0,13,False
RP13-436F16.1,0.0,0,False
TTC34,4.0,4,False
RP11-740P5.2,0.0,0,False
RP11-740P5.3,0.0,0,False
ACTRT2,0.0,0,False
LINC00982,0.0,0,False
PRDM16,1.0,1,False
RP1-163G9.2,0.0,0,False
RP11-22L13.1,0.0,0,False
ARHGEF16,0.0,0,False
RP11-168F9.2,0.0,0,False
MEGF6,10.0,10,False
RP11-46F15.2,0.0,0,False
TPRG1L,55.0,49,False
WRAP73,103.0,97,False
TP73,1.0,1,False
RP5-1092A11.5,1.0,1,False
RP5-1092A11.2,0.0,0,False
TP73-AS1,31.0,31,False
CCDC27,0.0,0,False
SMIM1,14.0,14,False
LRRC47,143.0,120,False
RP1-286D6.5,1.0,1,False
CEP104,63.0,62,False
DFFB,26.0,25,False
C1orf174,147.0,141,False
LINC01134,1.0,1,False
RP13-614K11.1,0.0,0,False
RP13-614K11.2,0.0,0,False
RP5-1166F10.1,0.0,0,False
RP1-37J18.1,0.0,0,False
RP1-37J18.2,0.0,0,False
AJAP1,0.0,0,False
RP11-542C10.1,0.0,0,False
RP1-58B11.1,0.0,0,False
RP11-154H17.1,0.0,0,False
NPHP4,11.0,11,False
KCNAB2,284.0,261,False
AL035406.1,0.0,0,False
CHD5,0.0,0,False
RPL22,5765.0,2180,False
RP1-120G22.11,2.0,2,False
RNF207,12.0,11,False
ICMT,69.0,67,False
LINC00337,2.0,2,False
HES3,0.0,0,False
GPR153,5.0,4,False
ACOT7,31.0,27,False
RP1-202O8.3,5.0,5,False
HES2,0.0,0,False
ESPN,5.0,5,False
RP1-202O8.2,0.0,0,False
TNFRSF25,239.0,170,False
PLEKHG5,12.0,10,False
NOL9,46.0,42,False
TAS1R1,0.0,0,False
ZBTB48,69.0,64,False
KLHL21,39.0,38,False
PHF13,22.0,22,False
THAP3,84.0,81,False
DNAJC11,45.0,43,False
RP11-242F24.1,1.0,1,False
RP11-312B8.1,3.0,3,False
CAMTA1,272.0,241,False
RP11-334N17.1,0.0,0,False
RP3-453P22.2,0.0,0,False
RP4-549F15.1,0.0,0,False
RP11-338N10.1,0.0,0,False
RP11-338N10.2,0.0,0,False
RP11-338N10.3,0.0,0,False
VAMP3,213.0,196,False
PER3,27.0,26,False
RP3-467L1.4,1.0,1,False
UTS2,12.0,12,False
TNFRSF9,21.0,11,False
PARK7,2014.0,1311,False
ERRFI1,2.0,2,False
RP11-431K24.1,0.0,0,False
RP11-431K24.3,0.0,0,False
RP11-431K24.4,0.0,0,False
SLC45A1,3.0,3,False
RERE,132.0,127,False
RP5-1115A15.1,4.0,4,False
RP4-633I8.4,0.0,0,False
ENO1,3036.0,1514,False
ENO1-AS1,13.0,13,False
CA6,4.0,4,False
SLC2A7,0.0,0,False
SLC2A5,4.0,4,False
GPR157,3.0,3,False
RP3-510D11.1,0.0,0,False
RP3-510D11.2,1.0,1,False
H6PD,53.0,51,False
SPSB1,13.0,12,False
RP13-392I16.1,0.0,0,False
SLC25A33,103.0,98,False
TMEM201,8.0,8,False
PIK3CD,243.0,232,False
C1orf200,6.0,6,False
RP11-558F24.4,5.0,5,False
CLSTN1,153.0,143,False
CTNNBIP1,198.0,169,False
RP11-84A14.5,0.0,0,False
LZIC,150.0,144,False
NMNAT1,26.0,26,False
RBP7,266.0,184,False
UBE4B,77.0,75,False
KIF1B,25.0,25,False
PGD,390.0,318,False
RP4-736L20.3,0.0,0,False
APITD1,34.0,34,False
APITD1-CORT,0.0,0,False
CORT,0.0,0,False
DFFA,124.0,116,False
RP5-1113E3.3,0.0,0,False
PEX14,51.0,51,False
CASZ1,7.0,7,False
RP4-734G22.3,0.0,0,False
C1orf127,1.0,1,False
TARDBP,193.0,181,False
MASP2,0.0,0,False
RP4-635E18.8,6.0,6,False
SRM,496.0,355,False
EXOSC10,103.0,97,False
RP4-635E18.7,0.0,0,False
RP4-635E18.6,2.0,2,False
MTOR,35.0,35,False
MTOR-AS1,0.0,0,False
ANGPTL7,0.0,0,False
UBIAD1,144.0,111,False
PTCHD2,0.0,0,False
RP1-69M21.2,0.0,0,False
FBXO2,17.0,16,False
FBXO44,85.0,83,False
FBXO6,159.0,147,False
MAD2L2,243.0,220,False
DRAXIN,9.0,7,False
AGTRAP,507.0,408,False
C1orf167,0.0,0,False
RP11-56N19.5,0.0,0,False
MTHFR,61.0,60,False
CLCN6,29.0,29,False
NPPA-AS1,3.0,3,False
NPPA,0.0,0,False
NPPB,0.0,0,False
KIAA2013,65.0,62,False
PLOD1,29.0,29,False
MFN2,73.0,65,False
MIIP,172.0,165,False
TNFRSF8,36.0,33,False
TNFRSF1B,489.0,379,False
VPS13D,58.0,57,False
RP5-888M10.2,1.0,1,False
DHRS3,60.0,58,False
RP11-474O21.5,1.0,1,False
AADACL4,0.0,0,False
AADACL3,0.0,0,False
C1orf158,0.0,0,False
PRAMEF12,0.0,0,False
PRAMEF1,0.0,0,False
RP5-845O24.8,0.0,0,False
PRAMEF11,0.0,0,False
HNRNPCL1,0.0,0,False
PRAMEF2,0.0,0,False
PRAMEF4,0.0,0,False
PRAMEF10,0.0,0,False
PRAMEF7,0.0,0,False
PRAMEF6,0.0,0,False
PRAMEF22,0.0,0,False
WI2-3308P17.2,0.0,0,False
RP13-221M14.2,0.0,0,False
PRAMEF26,0.0,0,False
PRAMEF3,0.0,0,False
PRAMEF5,0.0,0,False
PRAMEF8,0.0,0,False
PRAMEF9,0.0,0,False
RP11-219C24.10,0.0,0,False
PRAMEF13,0.0,0,False
PRAMEF18,0.0,0,False
PRAMEF16,0.0,0,False
PRAMEF21,0.0,0,False
PRAMEF15,0.0,0,False
PRAMEF14,0.0,0,False
PRAMEF19,0.0,0,False
PRAMEF17,0.0,0,False
PRAMEF20,0.0,0,False
LRRC38,0.0,0,False
RP4-597A16.2,0.0,0,False
PDPN,0.0,0,False
CTA-520D8.2,0.0,0,False
PRDM2,204.0,177,False
RP11-344F13.1,0.0,0,False
RP4-704D23.1,0.0,0,False
KAZN,0.0,0,False
TMEM51,9.0,9,False
C1orf195,0.0,0,False
FHAD1,2.0,2,False
RP3-467K16.2,0.0,0,False
RP3-467K16.7,0.0,0,False
RP3-467K16.4,6.0,5,False
EFHD2,746.0,523,False
CTRC,1.0,1,False
CELA2A,0.0,0,False
CELA2B,0.0,0,False
CASP9,38.0,37,False
DNAJC16,26.0,26,False
RP4-680D5.8,0.0,0,False
AGMAT,45.0,43,False
RP4-680D5.2,1.0,1,False
DDI2,87.0,37,False
RSC1A1,0.0,0,False
RP4-680D5.9,0.0,0,False
PLEKHM2,43.0,43,False
RP11-288I21.1,0.0,0,False
SLC25A34,1.0,1,False
RP11-169K16.4,0.0,0,False
TMEM82,0.0,0,False
FBLIM1,26.0,26,False
RP11-169K16.9,157.0,143,False
SPEN,90.0,74,False
ZBTB17,50.0,47,False
C1orf64,0.0,0,False
RP11-5P18.5,0.0,0,False
HSPB7,0.0,0,False
CLCNKA,0.0,0,False
CLCNKB,0.0,0,False
FAM131C,0.0,0,False
EPHA2,1.0,1,False
RP11-276H7.2,0.0,0,False
RP11-276H7.3,0.0,0,False
ARHGEF19-AS1,1.0,1,False
ARHGEF19,15.0,14,False
C1orf134,0.0,0,False
RSG1,7.0,7,False
FBXO42,70.0,65,False
SZRD1,268.0,237,False
SPATA21,4.0,4,False
NECAP2,584.0,490,False
RP4-798A10.2,9.0,9,False
RP4-798A10.7,3.0,3,False
RP4-798A10.4,5.0,5,False
U1,0.0,0,False
FAM231B,0.0,0,False
NBPF1,43.0,40,False
RP5-1182A14.5,0.0,0,False
CROCCP2,134.0,127,False
FAM231A,0.0,0,False
FAM231C,0.0,0,False
CROCC,25.0,24,False
RP11-108M9.1,0.0,0,False
RP11-108M9.2,0.0,0,False
U1-1,0.0,0,False
RP11-108M9.4,123.0,119,False
RP11-108M9.6,26.0,25,False
MFAP2,0.0,0,False
RP1-37C10.3,0.0,0,False
ATP13A2,65.0,65,False
SDHB,848.0,581,False
PADI2,3.0,3,False
RP11-380J14.1,0.0,0,False
PADI1,0.0,0,False
PADI3,0.0,0,False
PADI4,72.0,67,False
AC004824.2,0.0,0,False
RP1-20B21.4,1.0,1,False
RCC2,95.0,87,False
ARHGEF10L,31.0,30,False
RP11-473A10.2,0.0,0,False
ACTL8,0.0,0,False
RP11-174G17.2,0.0,0,False
IGSF21,0.0,0,False
RP11-174G17,0.0,0,False
RP11-422P22.1,0.0,0,False
KLHDC7A,0.0,0,False
PAX7,0.0,0,False
TAS1R2,0.0,0,False
RP13-279N23.2,0.0,0,False
ALDH4A1,3.0,3,False
IFFO2,17.0,17,False
UBR4,148.0,141,False
RP1-43E13.2,14.0,13,False
EMC1,30.0,30,False
MRTO4,159.0,132,False
AKR7A3,2.0,2,False
AKR7A2,406.0,356,False
PQLC2,23.0,23,False
CAPZB,2695.0,1500,False
RP5-1056L3.1,0.0,0,False
MINOS1-NBL1,4.0,4,False
MINOS1,924.0,713,False
NBL1,10.0,10,False
HTR6,0.0,0,False
TMCO4,32.0,31,False
RNF186,0.0,0,False
RP11-91K11.2,0.0,0,False
OTUD3,13.0,13,False
PLA2G2E,0.0,0,False
PLA2G2A,0.0,0,False
PLA2G5,0.0,0,False
PLA2G2D,1.0,1,False
PLA2G2F,0.0,0,False
RP3-340N1.2,0.0,0,False
PLA2G2C,1.0,1,False
UBXN10-AS1,5.0,5,False
UBXN10,3.0,3,False
RP3-340N1.6,0.0,0,False
VWA5B1,0.0,0,False
RP4-745E8.2,0.0,0,False
LINC01141,0.0,0,False
RP4-749H3.2,0.0,0,False
CAMK2N1,17.0,7,False
MUL1,70.0,70,False
FAM43B,0.0,0,False
CDA,696.0,393,False
PINK1,75.0,62,False
PINK1-AS,22.0,22,False
DDOST,612.0,508,False
KIF17,1.0,1,False
SH2D5,0.0,0,False
RP5-930J4.2,0.0,0,False
HP1BP3,387.0,317,False
RP5-930J4.4,3.0,3,False
EIF4G3,26.0,25,False
ECE1,101.0,98,False
RP3-329E20.2,3.0,3,False
RP5-1071N3.1,2.0,2,False
RP11-293F5.1,0.0,0,False
NBPF3,9.0,9,False
ALPL,3.0,3,False
RP11-63N8.3,0.0,0,False
RAP1GAP,0.0,0,False
USP48,154.0,147,False
LDLRAD2,0.0,0,False
HSPG2,4.0,4,False
CELA3B,0.0,0,False
CELA3A,0.0,0,False
RP1-224A6.3,4.0,4,False
LINC00339,41.0,41,False
CDC42,1372.0,1000,False
RP1-224A6.9,2.0,2,False
WNT4,0.0,0,False
ZBTB40,44.0,43,False
EPHA8,0.0,0,False
C1QA,114.0,36,False
C1QC,17.0,5,False
C1QB,76.0,17,False
EPHB2,7.0,7,False
RP11-69E9.1,0.0,0,False
RP1-74M1.3,0.0,0,False
LACTBL1,0.0,0,False
C1orf234,0.0,0,False
KDM1A,61.0,59,False
RP1-184J9.2,0.0,0,False
LUZP1,72.0,71,False
HTR1D,0.0,0,False
RP5-1057J7.6,4.0,4,False
HNRNPR,658.0,560,False
ZNF436,25.0,6,False
C1orf213,4.0,4,False
RP5-1057J7.7,0.0,0,False
TCEA3,119.0,106,False
ASAP3,2.0,2,False
E2F2,26.0,26,False
RP1-150O5.3,2.0,2,False
ID3,221.0,176,False
MDS2,69.0,53,False
RPL11,51634.0,2690,False
TCEB3,79.0,76,False
RP5-886K2.3,34.0,33,False
PITHD1,453.0,365,False
LYPLA2,257.0,231,False
GALE,36.0,35,False
HMGCL,183.0,137,False
FUCA1,104.0,102,False
CNR2,20.0,20,False
RP11-4M23.3,0.0,0,False
PNRC2,150.0,143,False
SRSF10,137.0,129,False
RP11-293P20.2,0.0,0,False
MYOM3,0.0,0,False
RP11-293P20.4,0.0,0,False
IL22RA1,0.0,0,False
IFNLR1,8.0,8,False
RP11-10N16.2,0.0,0,False
RP11-10N16.3,0.0,0,False
GRHL3,1.0,1,False
STPG1,29.0,27,False
NIPAL3,168.0,162,False
RCAN3,331.0,294,False
RP4-594I10.3,20.0,20,False
NCMAP,0.0,0,False
SRRM1,565.0,470,False
CLIC4,41.0,39,False
RUNX3,248.0,229,False
RP11-84D1.1,0.0,0,False
RP11-84D1.2,0.0,0,False
RP4-799D16.1,0.0,0,False
RP4-706G24.1,0.0,0,False
SYF2,1392.0,1017,False
C1orf63,613.0,490,False
RP3-465N24.6,6.0,6,False
RHD,1.0,1,False
TMEM50A,967.0,716,False
RHCE,2.0,2,False
TMEM57,73.0,69,False
LDLRAP1,426.0,338,False
RP11-70P17.1,39.0,27,False
MAN1C1,24.0,24,False
RP1-187B23.1,24.0,24,False
SEPN1,40.0,40,False
RP1-317E23.6,0.0,0,False
RP1-317E23.3,3.0,3,False
MTFR1L,140.0,136,False
AL020996.1,3.0,3,False
RP1-317E23.7,0.0,0,False
AUNIP,2.0,2,False
RP1-125I3.2,1.0,1,False
PAQR7,3.0,3,False
STMN1,374.0,196,False
PAFAH2,31.0,31,False
EXTL1,0.0,0,False
SLC30A2,0.0,0,False
TRIM63,1.0,1,False
PDIK1L,62.0,30,False
FAM110D,0.0,0,False
ZNF593,225.0,167,False
RP11-96L14.7,1.0,1,False
CNKSR1,4.0,4,False
CATSPER4,0.0,0,False
CEP85,19.0,19,False
SH3BGRL3,10127.0,2314,False
UBXN11,235.0,211,False
CD52,10610.0,2409,False
AIM1L,11.0,10,False
ZNF683,42.0,39,False
LIN28A,0.0,0,False
DHDDS,49.0,48,False
RP3-476K8.3,0.0,0,False
HMGN2,286.0,260,False
RPS6KA1,250.0,236,False
RP5-968P14.2,1.0,1,False
ARID1A,190.0,178,False
PIGV,51.0,47,False
ZDHHC18,43.0,42,False
SFN,0.0,0,False
RP1-50O24.6,0.0,0,False
GPN2,86.0,82,False
GPATCH3,50.0,48,False
NUDC,749.0,584,False
NR0B2,0.0,0,False
C1orf172,9.0,9,False
TRNP1,4.0,4,False
FAM46B,1.0,1,False
SLC9A1,35.0,35,False
RP11-40H20.4,0.0,0,False
WDTC1,73.0,73,False
TMEM222,219.0,167,False
SYTL1,536.0,455,False
MAP3K6,43.0,43,False
FCN3,0.0,0,False
CD164L2,0.0,0,False
GPR3,0.0,0,False
WASF2,628.0,525,False
RP4-752I6.1,0.0,0,False
RP1-159A19.4,8.0,8,False
AHDC1,24.0,24,False
FGR,944.0,575,False
RP11-288L9.1,1.0,1,False
IFI6,2503.0,1082,False
RP11-288L9.4,0.0,0,False
FAM76A,35.0,33,False
STX12,188.0,178,False
PPP1R8,182.0,159,False
AL109927.1,0.0,0,False
THEMIS2,400.0,316,False
RPA2,576.0,490,False
SMPDL3B,0.0,0,False
RP11-460I13.2,0.0,0,False
XKR8,78.0,75,False
EYA3,30.0,30,False
PTAFR,106.0,77,False
DNAJC8,771.0,588,False
AL353354.1,0.0,0,False
AL353354.2,8.0,8,False
ATPIF1,1103.0,840,False
RP5-1092A3.4,16.0,16,False
RP5-1092A3.5,0.0,0,False
SESN2,25.0,25,False
MED18,19.0,18,False
PHACTR4,186.0,100,False
RCC1,59.0,55,False
TRNAU1AP,146.0,141,False
SNHG12,161.0,140,False
TAF12,498.0,380,False
RAB42,0.0,0,False
RP11-442N24__B.1,5.0,5,False
RNU11,4.0,4,False
GMEB1,92.0,84,False
YTHDF2,421.0,337,False
OPRD1,0.0,0,False
RP1-212P9.2,0.0,0,False
RP1-212P9.3,0.0,0,False
EPB41,177.0,170,False
TMEM200B,3.0,3,False
RP11-242O24.3,0.0,0,False
SRSF4,417.0,364,False
RP11-242O24.5,0.0,0,False
MECR,53.0,52,False
RP11-467D18.2,0.0,0,False
PTPRU,1.0,1,False
RP3-437I16.1,0.0,0,False
RP4-656G21.1,0.0,0,False
RP11-111I12.1,0.0,0,False
RP5-893G23.1,0.0,0,False
RP4-591L5.1,0.0,0,False
RP4-591L5.2,0.0,0,False
MATN1,3.0,3,False
MATN1-AS1,29.0,28,False
LAPTM5,5400.0,2126,False
RP5-1125N11.1,0.0,0,False
RP1-65J11.1,0.0,0,False
RP1-65J11.5,0.0,0,False
SDC3,1.0,1,False
PUM1,120.0,89,False
NKAIN1,0.0,0,False
SNRNP40,350.0,323,False
ZCCHC17,224.0,203,False
RP11-266K22.2,0.0,0,False
FABP3,1.0,1,False
SERINC2,19.0,18,False
AC114494.1,0.0,0,False
RP11-439L8.3,0.0,0,False
RP11-439L8.4,0.0,0,False
RP11-73M7.1,0.0,0,False
TINAGL1,0.0,0,False
HCRTR1,0.0,0,False
PEF1,295.0,274,False
RP11-73M7.6,0.0,0,False
RP11-73M7.9,2.0,2,False
COL16A1,1.0,1,False
BAI2,0.0,0,False
RP11-84A19.3,0.0,0,False
SPOCD1,10.0,3,False
RP11-84A19.2,1.0,1,False
RP11-84A19.4,0.0,0,False
PTP4A2,866.0,644,False
AL136115.1,1.0,1,False
RP4-534N18.2,0.0,0,False
KHDRBS1,842.0,658,False
RP11-277A4.4,1.0,1,False
TMEM39B,84.0,77,False
KPNA6,119.0,111,False
TXLNA,37.0,36,False
CCDC28B,128.0,116,False
RP4-622L5.7,0.0,0,False
IQCC,1.0,1,False
DCDC2B,2.0,2,False
TMEM234,57.0,51,False
EIF3I,1152.0,857,False
FAM167B,4.0,4,False
LCK,1468.0,970,False
HDAC1,584.0,421,False
MARCKSL1,697.0,493,False
RP4-811H24.9,0.0,0,False
TSSK3,2.0,2,False
FAM229A,14.0,14,False
BSDC1,249.0,198,False
RP1-27O5.3,0.0,0,False
ZBTB8B,0.0,0,False
ZBTB8A,3.0,3,False
ZBTB8OS,244.0,209,False
RBBP4,333.0,298,False
SYNC,35.0,35,False
RP11-114B7.6,0.0,0,False
KIAA1522,2.0,2,False
YARS,142.0,134,False
S100PBP,85.0,82,False
FNDC5,0.0,0,False
HPCA,0.0,0,False
TMEM54,0.0,0,False
RNF19B,38.0,37,False
FKSG48,0.0,0,False
RP1-117O3.2,1.0,1,False
AK2,308.0,263,False
ADC,15.0,14,False
TRIM62,16.0,16,False
ZNF362,34.0,34,False
RP11-415J8.7,0.0,0,False
A3GALT2,0.0,0,False
RP11-415J8.3,0.0,0,False
PHC2,47.0,45,False
RP11-415J8.5,0.0,0,False
ZSCAN20,2.0,2,False
CSMD2,1.0,1,False
HMGB4,0.0,0,False
RP5-1007G16.1,0.0,0,False
C1orf94,0.0,0,False
SMIM12,386.0,317,False
GJB5,0.0,0,False
GJB4,0.0,0,False
RP1-34M23.5,0.0,0,False
GJB3,0.0,0,False
GJA4,0.0,0,False
RP5-997D16.2,0.0,0,False
DLGAP3,17.0,17,False
RP11-244H3.4,68.0,68,False
ZMYM6NB,6.0,6,False
ZMYM6,35.0,35,False
ZMYM1,24.0,24,False
SFPQ,544.0,470,False
ZMYM4,39.0,38,False
ZMYM4-AS1,0.0,0,False
KIAA0319L,112.0,106,False
NCDN,29.0,28,False
RP4-728D4.2,85.0,84,False
TFAP2E,5.0,5,False
PSMB2,740.0,582,False
C1orf216,42.0,42,False
CLSPN,13.0,10,False
RP11-435D7.3,0.0,0,False
AGO4,39.0,30,False
AGO1,48.0,47,False
RP4-789D17.5,4.0,4,False
AGO3,72.0,68,False
RP4-665N4.8,0.0,0,False
TEKT2,0.0,0,False
ADPRHL2,152.0,139,False
COL8A2,1.0,1,False
TRAPPC3,582.0,441,False
MAP7D1,231.0,207,False
THRAP3,366.0,306,False
SH3D21,4.0,4,False
EVA1B,48.0,23,False
RP11-268J15.5,0.0,0,False
STK40,93.0,92,False
LSM10,698.0,570,False
OSCP1,5.0,5,False
MRPS15,530.0,445,False
CSF3R,455.0,311,False
RP4-614N24.1,0.0,0,False
GRIK3,0.0,0,False
RP5-1180C18.1,0.0,0,False
LINC01137,26.0,26,False
ZC3H12A,71.0,71,False
MEAF6,888.0,737,False
SNIP1,9.0,9,False
DNALI1,1.0,1,False
GNL2,143.0,138,False
RSPO1,0.0,0,False
C1orf109,55.0,53,False
CDCA8,4.0,3,False
EPHA10,0.0,0,False
MANEAL,1.0,1,False
RP11-109P14.9,0.0,0,False
YRDC,128.0,120,False
C1orf122,230.0,212,False
MTF1,67.0,66,False
AL929472.1,0.0,0,False
RP11-109P14.10,1.0,1,False
INPP5B,35.0,35,False
SF3A3,291.0,257,False
FHL3,126.0,118,False
UTP11L,130.0,124,False
POU3F1,0.0,0,False
RP5-884C9.2,0.0,0,False
RP11-214L19.1,0.0,0,False
RP11-329N22.1,0.0,0,False
RRAGC,225.0,158,False
RP5-864K19.4,9.0,9,False
MYCBP,166.0,157,False
GJA9,0.0,0,False
RHBDL2,0.0,0,False
AKIRIN1,362.0,335,False
NDUFS5,1533.0,1072,False
MACF1,266.0,236,False
RP11-420K8.1,0.0,0,False
KIAA0754,14.0,14,False
BMP8A,0.0,0,False
RP11-69E11.4,7.0,7,False
PABPC4,418.0,361,False
RP11-69E11.8,0.0,0,False
HEYL,0.0,0,False
RP1-144F13.3,0.0,0,False
NT5C1A,0.0,0,False
HPCAL4,17.0,17,False
PPIE,406.0,325,False
BMP8B,8.0,2,False
OXCT2,2.0,2,False
RP1-118J21.25,1.0,1,False
TRIT1,57.0,36,False
MYCL,59.0,50,False
RP1-118J21.5,0.0,0,False
MFSD2A,6.0,6,False
CAP1,1807.0,1111,False
PPT1,696.0,516,False
RLF,42.0,41,False
TMCO2,0.0,0,False
RP1-39G22.7,69.0,67,False
ZMPSTE24,86.0,81,False
COL9A2,24.0,23,False
SMAP2,540.0,434,False
ZFP69B,8.0,8,False
ZFP69,29.0,26,False
RP11-656D10.3,3.0,3,False
EXO5,15.0,15,False
RP11-656D10.5,0.0,0,False
RP11-656D10.6,0.0,0,False
ZNF684,33.0,31,False
RIMS3,3.0,3,False
RP4-739H11.3,0.0,0,False
NFYC-AS1,20.0,20,False
NFYC,284.0,234,False
KCNQ4,1.0,1,False
CITED4,109.0,87,False
RP5-1066H13.4,0.0,0,False
CTPS1,65.0,63,False
SLFNL1,4.0,4,False
SCMH1,23.0,23,False
RP11-399E6.1,0.0,0,False
FOXO6,1.0,1,False
RP11-399E6.4,0.0,0,False
EDN2,0.0,0,False
HIVEP3,60.0,57,False
RP11-486B10.3,0.0,0,False
GUCA2B,0.0,0,False
GUCA2A,0.0,0,False
FOXJ3,91.0,90,False
RIMKLA,2.0,1,False
ZMYND12,1.0,1,False
PPCS,581.0,514,False
CCDC30,14.0,14,False
PPIH,279.0,252,False
RP5-994D16.3,1.0,1,False
YBX1,6920.0,2193,False
CLDN19,0.0,0,False
LEPRE1,59.0,57,False
C1orf50,170.0,149,False
RP5-994D16.9,0.0,0,False
CCDC23,366.0,326,False
ERMAP,20.0,19,False
RP11-342M1.3,3.0,3,False
ZNF691,27.0,27,False
SLC2A1,45.0,45,False
SLC2A1-AS1,3.0,3,False
FAM183A,0.0,0,False
EBNA1BP2,263.0,228,False
WDR65,3.0,3,False
TMEM125,0.0,0,False
C1orf210,0.0,0,False
TIE1,1.0,1,False
MPL,1.0,1,False
RP1-92O14.3,7.0,7,False
CDC20,11.0,5,False
ELOVL1,208.0,197,False
MED8,240.0,229,False
RP1-92O14.6,1.0,1,False
SZT2,46.0,45,False
SZT2-AS1,0.0,0,False
HYI,34.0,33,False
HYI-AS1,0.0,0,False
PTPRF,0.0,0,False
KDM4A,40.0,40,False
KDM4A-AS1,5.0,5,False
ST3GAL3,27.0,26,False
RP11-184I16.4,0.0,0,False
ARTN,0.0,0,False
RP11-7O11.3,2.0,2,False
IPO13,24.0,24,False
DPH2,48.0,47,False
ATP6V0B,1519.0,911,False
B4GALT2,0.0,0,False
CCDC24,15.0,14,False
SLC6A9,0.0,0,False
RP5-1198O20.4,0.0,0,False
KLF17,0.0,0,False
DMAP1,188.0,168,False
ERI3,236.0,175,False
RNF220,114.0,113,False
TMEM53,29.0,27,False
C1orf228,222.0,188,False
KIF2C,3.0,3,False
RP11-269F19.2,2.0,2,False
RPS8,29107.0,2665,False
BEST4,8.0,8,False
PLK3,208.0,196,False
TCTEX1D4,2.0,2,False
BTBD19,3.0,3,False
PTCH2,20.0,20,False
EIF2B3,104.0,98,False
HECTD3,25.0,25,False
UROD,238.0,227,False
ZSWIM5,2.0,2,False
HPDL,7.0,7,False
MUTYH,86.0,80,False
TOE1,45.0,44,False
TESK2,11.0,11,False
CCDC163P,3.0,3,False
MMACHC,2.0,2,False
PRDX1,1410.0,822,False
AKR1A1,467.0,398,False
NASP,325.0,280,False
CCDC17,2.0,2,False
GPBP1L1,226.0,200,False
TMEM69,147.0,135,False
IPP,41.0,41,False
MAST2,13.0,13,False
PIK3R3,9.0,9,False
RP4-533D7.4,1.0,1,False
RP4-533D7.5,0.0,0,False
TSPAN1,0.0,0,False
RP11-322N21.2,0.0,0,False
POMGNT1,56.0,54,False
LURAP1,0.0,0,False
RAD54L,1.0,1,False
LRRC41,124.0,118,False
UQCRH,1945.0,1222,False
NSUN4,41.0,41,False
FAAH,90.0,68,False
RP5-1109J22.2,0.0,0,False
LINC00505,0.0,0,False
DMBX1,0.0,0,False
MKNK1-AS1,0.0,0,False
KNCN,0.0,0,False
MKNK1,124.0,114,False
MOB3C,52.0,52,False
ATPAF1,176.0,158,False
EFCAB14,193.0,148,False
TEX38,0.0,0,False
EFCAB14-AS1,0.0,0,False
CYP4B1,0.0,0,False
CYP4A11,0.0,0,False
CYP4X1,0.0,0,False
CYP4Z1,0.0,0,False
CYP4A22-AS1,0.0,0,False
CYP4A22,0.0,0,False
LINC00853,0.0,0,False
PDZK1IP1,10.0,6,False
TAL1,4.0,3,False
RP1-18D14.7,0.0,0,False
STIL,2.0,2,False
CMPK1,1409.0,1005,False
RP11-511I2.2,3.0,3,False
FOXE3,0.0,0,False
FOXD2-AS1,3.0,3,False
FOXD2,3.0,3,False
RP11-543D5.1,0.0,0,False
TRABD2B,0.0,0,False
RP11-543D5.2,0.0,0,False
FLJ00388,0.0,0,False
RP11-330M19.1,0.0,0,False
RP4-683M8.2,0.0,0,False
RP11-193P11.3,0.0,0,False
AL109659.1,0.0,0,False
RP5-1024N4.2,0.0,0,False
SLC5A9,0.0,0,False
RP5-1024N4.4,0.0,0,False
SPATA6,20.0,18,False
AGBL4,0.0,0,False
BEND5,45.0,44,False
RP11-141A19.1,0.0,0,False
RP11-141A19.2,0.0,0,False
AL645730.2,0.0,0,False
ELAVL4,1.0,1,False
RP11-567C20.2,0.0,0,False
RP11-567C20.3,0.0,0,False
DMRTA2,0.0,0,False
RP5-850O15.4,0.0,0,False
FAF1,109.0,104,False
RP5-850O15.3,0.0,0,False
CDKN2C,63.0,62,False
C1orf185,0.0,0,False
RP11-296A18.3,1.0,1,False
RNF11,182.0,173,False
RP11-296A18.6,0.0,0,False
TTC39A,0.0,0,False
RP11-275F13.1,0.0,0,False
EPS15,193.0,183,False
RP11-253A20.1,0.0,0,False
RP11-191G24.1,0.0,0,False
OSBPL9,152.0,145,False
NRD1,227.0,212,False
RP4-657D16.3,2.0,2,False
RP4-657D16.6,0.0,0,False
RAB3B,0.0,0,False
TXNDC12,543.0,480,False
KTI12,91.0,88,False
RP11-91A18.4,1.0,1,False
TXNDC12-AS1,0.0,0,False
BTF3L4,359.0,320,False
ZFYVE9,3.0,3,False
CC2D1B,28.0,27,False
RP11-155O18.6,0.0,0,False
ORC1,6.0,6,False
PRPF38A,317.0,277,False
ZCCHC11,183.0,161,False
RP11-25O10.2,0.0,0,False
GPX7,123.0,118,False
FAM159A,161.0,152,False
COA7,14.0,13,False
ZYG11B,59.0,58,False
ZYG11A,0.0,0,False
RP4-631H13.2,0.0,0,False
ECHDC2,156.0,149,False
SCP2,991.0,735,False
PODN,3.0,3,False
RP11-334A14.5,0.0,0,False
SLC1A7,11.0,11,False
RP11-334A14.8,0.0,0,False
CPT2,60.0,58,False
RP5-1024G6.2,0.0,0,False
C1orf123,316.0,267,False
RP5-1024G6.7,8.0,8,False
MAGOH,571.0,477,False
RP5-1024G6.5,2.0,2,False
RP5-1024G6.8,1.0,1,False
LRP8,2.0,2,False
RP4-784A16.1,0.0,0,False
RP4-784A16.2,0.0,0,False
RP4-784A16.4,0.0,0,False
RP4-784A16.5,3.0,3,False
RP11-117D22.1,0.0,0,False
RP11-117D22.2,16.0,15,False
DMRTB1,0.0,0,False
GLIS1,0.0,0,False
NDC1,28.0,27,False
YIPF1,95.0,89,False
DIO1,3.0,2,False
HSPB11,256.0,190,False
LRRC42,50.0,50,False
LDLRAD1,0.0,0,False
RP4-758J24.5,0.0,0,False
TMEM59,1504.0,1066,False
TCEANC2,24.0,24,False
AL161915.1,2.0,2,False
CDCP2,0.0,0,False
RP11-446E24.4,0.0,0,False
AL357673.1,0.0,0,False
CYB5RL,6.0,6,False
MRPL37,196.0,184,False
SSBP3,111.0,85,False
SSBP3-AS1,0.0,0,False
RP5-997D24.3,0.0,0,False
RP4-705F19.1,0.0,0,False
RP5-866L20.1,0.0,0,False
ACOT11,9.0,8,False
FAM151A,0.0,0,False
MROH7-TTC4,0.0,0,False
MROH7,0.0,0,False
TTC4,4.0,4,False
PARS2,14.0,7,False
TTC22,24.0,23,False
RP11-67L3.2,0.0,0,False
C1orf177,3.0,3,False
DHCR24,11.0,10,False
RP11-67L3.5,0.0,0,False
RP11-67L3.4,0.0,0,False
TMEM61,0.0,0,False
RP11-12C17.2,0.0,0,False
BSND,0.0,0,False
PCSK9,0.0,0,False
USP24,81.0,78,False
RP11-101C11.1,0.0,0,False
RP11-466L17.1,0.0,0,False
RP11-90C4.1,0.0,0,False
RP11-90C4.2,0.0,0,False
RP11-90C4.3,0.0,0,False
RP1-158P9.1,0.0,0,False
RP11-504A18.1,0.0,0,False
RP4-710M16.2,0.0,0,False
PPAP2B,0.0,0,False
PRKAA2,0.0,0,False
C1orf168,0.0,0,False
RP11-378I13.1,0.0,0,False
C8A,0.0,0,False
C8B,0.0,0,False
RP5-1103B4.3,0.0,0,False
DAB1,4.0,4,False
RP6-102O10.1,0.0,0,False
DAB1-AS1,0.0,0,False
RP11-393I23.4,0.0,0,False
OMA1,69.0,69,False
TACSTD2,0.0,0,False
MYSM1,45.0,44,False
JUN,7301.0,1992,False
LINC01135,17.0,17,False
RP11-63G10.3,0.0,0,False
RP11-63G10.2,0.0,0,False
RP4-794H19.1,3.0,3,False
RP4-794H19.4,0.0,0,False
RP11-145M4.1,0.0,0,False
RP11-145M4.2,0.0,0,False
RP11-145M4.3,1.0,1,False
RP11-467C18.1,0.0,0,False
FGGY,18.0,17,False
RP4-782L23.2,0.0,0,False
RP4-782L23.1,0.0,0,False
HOOK1,8.0,8,False
CYP2J2,3.0,3,False
C1orf87,0.0,0,False
RP11-575B7.3,0.0,0,False
RP11-776H12.1,0.0,0,False
RP11-436K8.1,0.0,0,False
NFIA,12.0,12,False
RP4-668G5.1,0.0,0,False
RP5-833A20.1,0.0,0,False
TM2D1,214.0,204,False
RP11-430G17.3,0.0,0,False
INADL,61.0,61,False
L1TD1,7.0,6,False
KANK4,0.0,0,False
USP1,173.0,164,False
DOCK7,5.0,5,False
ANGPTL3,0.0,0,False
AL138847.1,0.0,0,False
RP11-230B22.1,0.0,0,False
ATG4C,103.0,87,False
RP4-771M4.3,0.0,0,False
RP11-5P4.1,0.0,0,False
RP11-5P4.2,0.0,0,False
RP11-5P4.3,0.0,0,False
RP11-335E6.2,0.0,0,False
RP11-335E6.4,0.0,0,False
LINC00466,0.0,0,False
RP11-335E6.3,0.0,0,False
RP4-792G4.2,0.0,0,False
FOXD3,0.0,0,False
ALG6,70.0,70,False
ITGB3BP,25.0,24,False
EFCAB7,10.0,9,False
DLEU2L,6.0,6,False
PGM1,169.0,97,False
ROR1,1.0,1,False
RP11-24J23.2,0.0,0,False
UBE2U,0.0,0,False
CACHD1,1.0,1,False
RAVER2,4.0,4,False
JAK1,714.0,535,False
RP11-182I10.3,2.0,2,False
RP4-535B20.4,1.0,1,False
RP4-535B20.1,0.0,0,False
AK4,4.0,4,False
DNAJC6,2.0,2,False
RP5-1044H5.1,0.0,0,False
LEPR,8.0,7,False
LEPROT,248.0,203,False
PDE4B,119.0,114,False
RP11-397C12.1,0.0,0,False
SGIP1,0.0,0,False
AL139147.1,0.0,0,False
TCTEX1D1,1.0,1,False
INSL5,0.0,0,False
WDR78,2.0,2,False
RP11-342H21.2,0.0,0,False
MIER1,108.0,107,False
SLC35D1,22.0,22,False
C1orf141,0.0,0,False
IL23R,14.0,14,False
IL12RB2,9.0,9,False
SERBP1,1282.0,926,False
RP4-763G1.2,0.0,0,False
GADD45A,108.0,101,False
GNG12,0.0,0,False
GNG12-AS1,0.0,0,False
DIRAS3,1.0,1,False
WLS,10.0,8,False
RPE65,0.0,0,False
DEPDC1,1.0,1,False
RP4-694A7.2,0.0,0,False
RP4-694A7.4,0.0,0,False
RP11-424D14.1,0.0,0,False
RP11-74K19.1,0.0,0,False
RP3-380B4.1,0.0,0,False
LRRC7,10.0,10,False
RP11-181B18.1,0.0,0,False
LRRC40,57.0,55,False
SRSF11,779.0,661,False
RP4-677H15.4,0.0,0,False
ANKRD13C,60.0,60,False
HHLA3,41.0,41,False
RP11-180O5.2,1.0,1,False
CTH,3.0,3,False
RP11-42O15.3,0.0,0,False
RP5-952N6.1,0.0,0,False
RP11-99H8.1,0.0,0,False
PTGER3,0.0,0,False
RP3-333A15.1,0.0,0,False
ZRANB2-AS1,2.0,2,False
ZRANB2,264.0,244,False
RP11-386O9.2,0.0,0,False
NEGR1,2.0,2,False
RP11-82L20.1,0.0,0,False
RP4-660H19.1,0.0,0,False
RP11-262K1.1,0.0,0,False
RP4-598G3.1,0.0,0,False
RP4-788P17.1,0.0,0,False
LRRIQ3,50.0,9,False
FPGT,36.0,35,False
FPGT-TNNI3K,1.0,1,False
TNNI3K,2.0,2,False
RP11-439H8.4,0.0,0,False
RP4-650F12.2,0.0,0,False
LRRC53,0.0,0,False
C1orf173,0.0,0,False
RP4-612J11.1,0.0,0,False
RP11-17E13.2,0.0,0,False
CRYZ,75.0,75,False
TYW3,76.0,74,False
RP11-93N20.1,0.0,0,False
RP11-510C10.4,0.0,0,False
RP11-510C10.2,0.0,0,False
LHX8,0.0,0,False
RP11-510C10.3,0.0,0,False
SLC44A5,1.0,1,False
RP4-682C21.5,0.0,0,False
ACADM,253.0,213,False
RABGGTB,252.0,234,False
MSH4,0.0,0,False
ASB17,0.0,0,False
RP11-550H2.1,0.0,0,False
RP11-550H2.2,0.0,0,False
ST6GALNAC3,7.0,7,False
RP5-1102E8.3,0.0,0,False
RP11-415A20.1,0.0,0,False
ST6GALNAC5,0.0,0,False
RP4-564M11.2,0.0,0,False
PIGK,80.0,79,False
AK5,64.0,60,False
RP11-375A5.1,0.0,0,False
ZZZ3,60.0,60,False
USP33,150.0,122,False
FAM73A,47.0,46,False
NEXN-AS1,0.0,0,False
NEXN,30.0,26,False
FUBP1,195.0,179,False
DNAJB4,17.0,17,False
GIPC2,2.0,2,False
RP11-386I14.4,26.0,26,False
PTGFR,0.0,0,False
IFI44L,1042.0,711,False
IFI44,386.0,295,False
ELTD1,0.0,0,False
RP4-726F1.1,0.0,0,False
RP11-339A11.2,0.0,0,False
RP11-339D23.1,0.0,0,False
RP11-115A15.1,0.0,0,False
RP5-887A10.1,57.0,36,False
LPHN2,0.0,0,False
RP5-837I24.2,0.0,0,False
RP5-837I24.4,0.0,0,False
RP11-147G16.1,0.0,0,False
RP4-601K24.1,0.0,0,False
RP11-170N11.1,0.0,0,False
RP11-413G15.1,0.0,0,False
RP11-475O6.1,6.0,6,False
RP5-836J3.1,0.0,0,False
TTLL7,2.0,2,False
RP11-486G15.2,6.0,6,False
PRKACB,161.0,126,False
SAMD13,1.0,1,False
DNASE2B,0.0,0,False
RPF1,373.0,336,False
GNG5,1111.0,790,False
CTBS,179.0,161,False
C1orf180,0.0,0,False
SSX2IP,14.0,11,False
LPAR3,0.0,0,False
MCOLN2,26.0,25,False
WDR63,1.0,1,False
MCOLN3,6.0,5,False
SYDE2,7.0,7,False
C1orf52,178.0,165,False
BCL10,104.0,102,False
RP11-131L23.1,9.0,9,False
DDAH1,0.0,0,False
RP11-131L23.2,0.0,0,False
RP11-290M5.4,0.0,0,False
CYR61,0.0,0,False
RP11-290M5.2,0.0,0,False
ZNHIT6,43.0,40,False
COL24A1,0.0,0,False
ODF2L,364.0,329,False
CLCA2,0.0,0,False
CLCA1,0.0,0,False
CLCA4,0.0,0,False
RP4-651E10.4,0.0,0,False
RP4-612B15.3,20.0,20,False
SH3GLB1,534.0,379,False
SEP15,985.0,793,False
HS2ST1,45.0,45,False
RP4-604K5.3,0.0,0,False
RP4-604K5.2,1.0,1,False
RP5-1052I5.2,0.0,0,False
LINC01140,0.0,0,False
LMO4,233.0,205,False
RP4-544H6.2,0.0,0,False
RP5-1027O11.1,0.0,0,False
RP11-76N22.2,1.0,1,False
PKN2,101.0,89,False
GTF2B,330.0,265,False
CCBL2,152.0,145,False
RBMXL1,136.0,133,False
GBP3,91.0,88,False
GBP1,385.0,287,False
GBP2,698.0,525,False
GBP7,0.0,0,False
GBP4,203.0,150,False
GBP5,233.0,203,False
RP4-620F22.2,1.0,1,False
GBP6,0.0,0,False
LRRC8B,29.0,28,False
RP5-1007M22.2,25.0,25,False
LRRC8C,89.0,76,False
RP11-302M6.4,0.0,0,False
RP5-943J3.2,9.0,9,False
LRRC8D,95.0,89,False
RP11-302M6.5,0.0,0,False
ZNF326,82.0,80,False
RP5-827O9.1,0.0,0,False
BARHL2,0.0,0,False
RP4-665J23.1,0.0,0,False
RP4-665J23.2,0.0,0,False
RP4-665J23.4,0.0,0,False
ZNF644,78.0,76,False
HFM1,0.0,0,False
CDC7,9.0,9,False
TGFBR3,51.0,49,False
BRDT,0.0,0,False
EPHX4,2.0,2,False
BTBD8,7.0,7,False
KIAA1107,3.0,3,False
RP4-621B10.8,0.0,0,False
C1orf146,0.0,0,False
GLMN,90.0,86,False
RPAP2,87.0,84,False
GFI1,28.0,28,False
EVI5,33.0,32,False
RPL5,20452.0,2615,False
FAM69A,53.0,52,False
MTF2,240.0,225,False
TMED5,297.0,244,False
CCDC18,86.0,78,False
DR1,349.0,320,False
FNBP1L,3.0,3,False
BCAR3,0.0,0,False
RP5-1033H22.2,0.0,0,False
RP4-561L24.3,4.0,3,False
DNTTIP2,308.0,289,False
GCLM,126.0,121,False
ABCA4,0.0,0,False
RP11-78O9.1,0.0,0,False
ARHGAP29,10.0,10,False
RP11-148B18.1,0.0,0,False
RP11-148B18.4,0.0,0,False
RP11-148B18.3,0.0,0,False
ABCD3,76.0,74,False
F3,0.0,0,False
RP11-86H7.6,0.0,0,False
RP11-86H7.7,0.0,0,False
LINC01057,0.0,0,False
SLC44A3,0.0,0,False
CNN3,18.0,18,False
RP4-639F20.1,2.0,2,False
ALG14,33.0,32,False
RP11-313A24.1,0.0,0,False
TMEM56,1.0,1,False
TMEM56-RWDD3,0.0,0,False
RP11-57H12.3,0.0,0,False
RWDD3,14.0,14,False
RP11-57H12.5,0.0,0,False
RP4-586O15.1,0.0,0,False
RP11-14O19.1,0.0,0,False
RP11-14O19.2,0.0,0,False
RP4-617C6.1,0.0,0,False
RP11-286B14.1,0.0,0,False
RP11-286B14.2,0.0,0,False
RP11-147C23.1,0.0,0,False
RP5-898J17.1,0.0,0,False
PTBP2,21.0,20,False
DPYD,118.0,115,False
DPYD-AS1,0.0,0,False
DPYD-AS2,0.0,0,False
RP11-272L13.3,0.0,0,False
RP11-490G2.2,0.0,0,False
MIR137HG,0.0,0,False
RP5-1070A16.1,0.0,0,False
SNX7,2.0,2,False
LPPR5,0.0,0,False
RP5-896L10.1,0.0,0,False
LPPR4,0.0,0,False
RP11-413P11.1,0.0,0,False
PALMD,0.0,0,False
FRRS1,1.0,1,False
AGL,45.0,42,False
RP5-884G6.2,3.0,3,False
SLC35A3,76.0,76,False
HIAT1,112.0,109,False
RP4-714D9.2,1.0,1,False
SASS6,41.0,40,False
TRMT13,100.0,97,False
LRRC39,1.0,1,False
DBT,31.0,31,False
RP11-305E17.6,3.0,2,False
RTCA,213.0,203,False
RP5-837M10.2,0.0,0,False
CDC14A,94.0,91,False
RP5-837M10.4,2.0,2,False
GPR88,0.0,0,False
RP11-84O12.4,0.0,0,False
VCAM1,1.0,1,False
EXTL2,22.0,22,False
RP4-549L20.3,4.0,4,False
SLC30A7,103.0,98,False
DPH5,252.0,208,False
AC093157.1,7.0,7,False
RP11-421L21.2,5.0,5,False
RP11-421L21.3,74.0,53,False
RP4-575N6.4,32.0,30,False
S1PR1,91.0,88,False
RP11-157N3.1,1.0,1,False
RP11-411H5.1,0.0,0,False
OLFM3,0.0,0,False
RP11-202K23.1,0.0,0,False
RP5-936J12.1,0.0,0,False
COL11A1,0.0,0,False
RP11-347K2.1,0.0,0,False
RP11-347K2.2,0.0,0,False
RP11-153F1.2,0.0,0,False
RP11-153F1.1,0.0,0,False
RNPC3,71.0,70,False
AMY2B,11.0,11,False
AMY2A,0.0,0,False
AMY1A,0.0,0,False
AMY1B,0.0,0,False
AMY1C,0.0,0,False
RP11-364B6.1,1.0,1,False
RP11-251P6.1,0.0,0,False
RP11-24P14.1,0.0,0,False
RP5-947P14.1,0.0,0,False
RP11-233E12.1,0.0,0,False
PRMT6,22.0,21,False
NTNG1,0.0,0,False
VAV3,37.0,37,False
VAV3-AS1,6.0,6,False
RP11-356N1.2,3.0,3,False
SLC25A24,137.0,132,False
RP11-483I13.5,6.0,6,False
NBPF4,0.0,0,False
RP11-483I13.2,0.0,0,False
NBPF6,0.0,0,False
RP11-131J3.1,0.0,0,False
FAM102B,16.0,16,False
HENMT1,150.0,122,False
PRPF38B,492.0,438,False
FNDC7,0.0,0,False
RP11-293A10.3,0.0,0,False
STXBP3,113.0,109,False
AKNAD1,0.0,0,False
SPATA42,0.0,0,False
GPSM2,10.0,10,False
CLCC1,38.0,38,False
WDR47,13.0,13,False
TAF13,19.0,18,False
RP5-1065J22.8,21.0,21,False
TMEM167B,177.0,166,False
SCARNA2,0.0,0,False
C1orf194,0.0,0,False
KIAA1324,16.0,16,False
SARS,457.0,377,False
CELSR2,3.0,3,False
PSRC1,13.0,13,False
MYBPHL,0.0,0,False
SORT1,27.0,25,False
PSMA5,911.0,722,False
SYPL2,0.0,0,False
ATXN7L2,13.0,13,False
CYB561D1,52.0,51,False
AMIGO1,7.0,6,False
GPR61,3.0,3,False
RP5-1160K1.8,0.0,0,False
GNAI3,445.0,386,False
RP5-1160K1.3,1.0,1,False
GNAT2,1.0,1,False
AMPD2,166.0,154,False
RP5-1160K1.6,1.0,1,False
GSTM4,25.0,24,False
GSTM2,24.0,24,False
GSTM1,22.0,22,False
AC000032.2,0.0,0,False
GSTM5,1.0,1,False
RP4-735C1.4,0.0,0,False
GSTM3,77.0,73,False
EPS8L3,0.0,0,False
RP4-735C1.6,0.0,0,False
RP11-195M16.1,1.0,1,False
RP11-195M16.3,0.0,0,False
CSF1,10.0,10,False
AHCYL1,107.0,102,False
STRIP1,65.0,63,False
RP4-773N10.4,3.0,3,False
ALX3,0.0,0,False
RP4-773N10.6,0.0,0,False
UBL4B,0.0,0,False
SLC6A17,0.0,0,False
RP5-1028L10.1,0.0,0,False
RP5-1028L10.2,0.0,0,False
KCNC4-AS1,0.0,0,False
KCNC4,3.0,3,False
RP5-1074L1.1,2.0,2,False
RBM15,32.0,31,False
SLC16A4,14.0,14,False
RP5-1074L1.4,12.0,5,False
LAMTOR5-AS1,5.0,5,False
LAMTOR5,998.0,752,False
PROK1,0.0,0,False
RP11-470L19.5,0.0,0,False
RP11-470L19.2,0.0,0,False
KCNA10,0.0,0,False
KCNA2,1.0,1,False
RP11-284N8.3,18.0,18,False
KCNA3,95.0,91,False
CD53,2611.0,1460,False
RP11-96K19.2,5.0,5,False
LRIF1,118.0,111,False
RP11-96K19.5,7.0,7,False
DRAM2,544.0,435,False
CEPT1,193.0,153,False
RP5-1180E21.4,2.0,2,False
RP5-1180E21.5,45.0,44,False
DENND2D,540.0,433,False
CHI3L2,156.0,108,False
CHIA,0.0,0,False
RP5-1125M8.2,0.0,0,False
PIFO,4.0,4,False
OVGP1,4.0,4,False
WDR77,172.0,162,False
ATP5F1,1417.0,998,False
C1orf162,2084.0,1034,False
ADORA3,3.0,3,False
RAP1A,1152.0,873,False
LINC01160,1.0,1,False
FAM212B,20.0,12,False
FAM212B-AS1,2.0,2,False
DDX20,44.0,44,False
KCND3,1.0,1,False
KCND3-AS1,0.0,0,False
RP11-88H9.2,1.0,1,False
RP5-965F6.2,0.0,0,False
CTTNBP2NL,5.0,5,False
WNT2B,3.0,3,False
RP4-671G15.2,0.0,0,False
ST7L,106.0,78,False
CAPZA1,543.0,457,False
MOV10,42.0,40,False
RP11-426L16.3,5.0,5,False
RHOC,969.0,501,False
RP11-426L16.10,0.0,0,False
PPM1J,5.0,5,False
RP11-426L16.9,0.0,0,False
FAM19A3,0.0,0,False
RP11-426L16.8,0.0,0,False
RP3-522D1.1,0.0,0,False
SLC16A1,29.0,28,False
SLC16A1-AS1,8.0,8,False
RP11-389O22.1,4.0,4,False
RP11-31F15.2,1.0,1,False
LRIG2,31.0,29,False
MAGI3,4.0,4,False
PHTF1,78.0,75,False
RSBN1,218.0,206,False
RP5-1073O3.2,2.0,2,False
PTPN22,100.0,97,False
AP4B1-AS1,7.0,7,False
BCL2L15,3.0,3,False
AP4B1,46.0,46,False
DCLRE1B,18.0,18,False
RP5-1073O3.7,89.0,66,False
HIPK1,114.0,111,False
OLFML3,0.0,0,False
SYT6,0.0,0,False
RP4-543J13.1,0.0,0,False
TRIM33,94.0,91,False
BCAS2,480.0,431,False
DENND2C,6.0,6,False
AMPD1,0.0,0,False
NRAS,80.0,79,False
CSDE1,1075.0,815,False
SIKE1,131.0,123,False
SYCP1,0.0,0,False
TSHB,0.0,0,False
TSPAN2,66.0,63,False
RP4-666F24.3,2.0,2,False
RP4-663N10.1,0.0,0,False
NGF,0.0,0,False
VANGL1,6.0,6,False
CASQ2,0.0,0,False
NHLH2,0.0,0,False
RP11-12L8.1,0.0,0,False
SLC22A15,4.0,4,False
RP11-159M11.2,0.0,0,False
MAB21L3,0.0,0,False
RP5-1185H19.2,0.0,0,False
ATP1A1,665.0,523,False
AL136376.1,4.0,4,False
RP4-655J12.4,0.0,0,False
RP4-655J12.5,0.0,0,False
RP5-1086K13.1,1.0,1,False
CD58,155.0,148,False
IGSF3,1.0,1,False
C1orf137,0.0,0,False
CD2,1518.0,856,False
RP4-753F5.1,0.0,0,False
PTGFRN,1.0,1,False
CD101,26.0,25,False
RP11-27K13.3,1.0,1,False
TTF2,27.0,27,False
TRIM45,1.0,1,False
VTCN1,0.0,0,False
RP11-39H13.1,0.0,0,False
RP11-188D8.1,1.0,1,False
MAN1A2,84.0,83,False
AL157902.3,0.0,0,False
FAM46C,132.0,119,False
GDAP2,40.0,39,False
WDR3,41.0,40,False
SPAG17,0.0,0,False
TBX15,0.0,0,False
RP4-712E4.1,0.0,0,False
RP4-712E4.2,0.0,0,False
WARS2,62.0,33,False
WARS2-IT1,0.0,0,False
RP11-418J17.1,15.0,15,False
RP11-418J17.3,0.0,0,False
RP5-834N19.1,0.0,0,False
HAO2,0.0,0,False
HSD3B2,0.0,0,False
HSD3B1,0.0,0,False
ZNF697,1.0,1,False
PHGDH,23.0,20,False
HMGCS2,0.0,0,False
REG4,17.0,16,False
ADAM30,0.0,0,False
NOTCH2,137.0,129,False
RP11-114O18.1,4.0,4,False
RP11-439A17.7,0.0,0,False
FAM72B,7.0,7,False
RP11-439A17.4,0.0,0,False
RP11-439A17.10,0.0,0,False
RP11-439A17.9,0.0,0,False
FCGR1B,64.0,61,False
RP11-343N15.1,0.0,0,False
RP11-343N15.5,40.0,39,False
AL592494.5,1.0,1,False
RP11-343N15.2,0.0,0,False
RP11-344P13.4,0.0,0,False
RP11-344P13.6,18.0,18,False
RP11-344P13.1,0.0,0,False
RP11-417J8.1,0.0,0,False
RP11-417J8.2,0.0,0,False
RP11-417J8.3,1.0,1,False
RP11-417J8.6,1.0,1,False
RP11-423O2.5,5.0,5,False
RP11-423O2.7,0.0,0,False
RP11-782C8.2,0.0,0,False
RP11-782C8.1,6.0,6,False
RP11-782C8.4,0.0,0,False
RP11-782C8.3,0.0,0,False
RP11-782C8.5,2.0,2,False
RP11-435B5.3,1.0,1,False
RP11-435B5.4,1.0,1,False
RP11-435B5.5,0.0,0,False
RP11-435B5.6,0.0,0,False
RP11-435B5.7,0.0,0,False
RP6-206I17.1,3.0,3,False
RP6-206I17.2,4.0,4,False
RP6-206I17.3,0.0,0,False
PPIAL4G,0.0,0,False
FAM72D,2.0,2,False
RP11-289H16.1,0.0,0,False
NBPF8,0.0,0,False
LINC00623,5.0,5,False
AL592284.1,13.0,13,False
PPIAL4B,0.0,0,False
RP11-640M9.1,43.0,43,False
NBPF9,28.0,28,False
RP4-791M13.3,0.0,0,False
PDE4DIP,63.0,59,False
RP4-791M13.4,1.0,1,False
RP4-791M13.5,0.0,0,False
AL590452.1,19.0,17,False
RP11-326G21.1,2.0,2,False
RP11-458D21.6,3.0,3,False
NOTCH2NL,322.0,275,False
RP11-458D21.5,0.0,0,False
NBPF10,211.0,193,False
RP11-458D21.1,0.0,0,False
HFE2,0.0,0,False
TXNIP,4846.0,2036,False
POLR3GL,661.0,552,False
ANKRD34A,7.0,7,False
RP11-315I20.1,10.0,10,False
LIX1L,155.0,139,False
RBM8A,1085.0,850,False
PEX11B,109.0,106,False
ITGA10,5.0,5,False
RP11-315I20.3,0.0,0,False
ANKRD35,12.0,12,False
PIAS3,22.0,22,False
NUDT17,9.0,9,False
POLR3C,96.0,95,False
RNF115,262.0,232,False
CD160,125.0,79,False
PDZK1,1.0,1,False
GPR89A,44.0,44,False
WI2-925H4.1,0.0,0,False
GPR89C,0.0,0,False
RP11-94I2.4,0.0,0,False
NBPF11,1.0,1,False
NBPF12,37.0,35,False
RP4-704D21.2,0.0,0,False
PRKAB2,34.0,34,False
RP11-337C18.8,10.0,10,False
FMO5,23.0,23,False
RP11-337C18.9,0.0,0,False
CHD1L,66.0,66,False
LINC00624,0.0,0,False
BCL9,22.0,22,False
ACP6,29.0,28,False
RP11-533N14.3,0.0,0,False
GJA5,0.0,0,False
RP11-433J22.2,0.0,0,False
RP11-433J22.3,0.0,0,False
GJA8,0.0,0,False
GPR89B,1.0,1,False
RP6-74O6.2,0.0,0,False
XXyac-YX155B6.7,0.0,0,False
RP6-74O6.3,0.0,0,False
NBPF24,0.0,0,False
BX842679.1,0.0,0,False
XXyac-YX155B6.5,0.0,0,False
XXyac-YX155B6.6,0.0,0,False
RP11-495P10.6,0.0,0,False
RP11-495P10.8,0.0,0,False
RP11-495P10.5,0.0,0,False
RP11-495P10.7,0.0,0,False
RP11-495P10.3,0.0,0,False
RP6-74O6.6,0.0,0,False
LINC01138,0.0,0,False
RP11-495P10.1,0.0,0,False
PPIAL4A,0.0,0,False
NBPF14,24.0,24,False
PPIAL4D,0.0,0,False
RP11-89F3.2,4.0,4,False
NBPF20,4.0,4,False
NBPF15,10.0,10,False
RP11-666A1.5,3.0,3,False
NBPF16,0.0,0,False
RP11-763B22.4,1.0,1,False
RP11-763B22.6,0.0,0,False
RP11-14N7.2,10.0,10,False
RP11-403I13.5,1.0,1,False
RP11-403I13.4,4.0,4,False
LINC00869,0.0,0,False
RP11-403I13.8,57.0,56,False
RP11-403I13.9,0.0,0,False
RP5-998N21.4,0.0,0,False
RP5-998N21.7,0.0,0,False
HIST2H3PS2,0.0,0,False
FAM72C,1.0,1,False
PPIAL4C,0.0,0,False
RP11-277L2.4,0.0,0,False
RP11-277L2.3,96.0,92,False
RP11-277L2.5,0.0,0,False
RP11-353N4.1,0.0,0,False
RP11-353N4.5,1.0,1,False
RP11-353N4.4,31.0,31,False
FAM231D,0.0,0,False
FCGR1A,159.0,119,False
HIST2H2BF,3.0,3,False
RP11-196G18.21,0.0,0,False
RP11-196G18.3,0.0,0,False
HIST2H3D,2.0,2,False
RP11-196G18.23,0.0,0,False
HIST2H4A,0.0,0,False
HIST2H3C,0.0,0,False
HIST2H2AA3,0.0,0,False
RP11-196G18.24,5.0,5,False
HIST2H2AA4,0.0,0,False
HIST2H3A,0.0,0,False
HIST2H4B,0.0,0,False
HIST2H2BE,98.0,89,False
HIST2H2AC,79.0,75,False
HIST2H2AB,6.0,6,False
BOLA1,129.0,102,False
SV2A,4.0,4,False
SF3B4,257.0,232,False
MTMR11,164.0,135,False
OTUD7B,7.0,7,False
VPS45,73.0,72,False
PLEKHO1,247.0,220,False
ANP32E,222.0,204,False
RP4-790G17.7,0.0,0,False
CA14,0.0,0,False
APH1A,645.0,547,False
C1orf54,47.0,41,False
C1orf51,6.0,5,False
MRPS21,789.0,609,False
PRPF3,63.0,63,False
RPRD2,105.0,103,False
TARS2,43.0,43,False
ECM1,2.0,2,False
LINC00568,1.0,1,False
RP11-54A4.2,0.0,0,False
ADAMTSL4,28.0,28,False
AL356356.1,0.0,0,False
ADAMTSL4-AS1,1.0,1,False
MCL1,1693.0,1097,False
ENSA,1108.0,834,False
GOLPH3L,57.0,56,False
HORMAD1,0.0,0,False
CTSS,5466.0,1396,False
CTSK,9.0,9,False
ARNT,57.0,56,False
SETDB1,63.0,58,False
CERS2,278.0,247,False
RP11-316M1.12,2.0,2,False
RP11-316M1.3,0.0,0,False
ANXA9,0.0,0,False
FAM63A,32.0,32,False
PRUNE,65.0,32,False
BNIPL,1.0,1,False
C1orf56,48.0,46,False
CDC42SE1,681.0,587,False
MLLT11,165.0,85,False
GABPB2,72.0,70,False
SEMA6C,0.0,0,False
TNFAIP8L2,294.0,267,False
SCNM1,362.0,334,False
LYSMD1,0.0,0,False
TMOD4,2.0,2,False
VPS72,222.0,189,False
PIP5K1A,56.0,55,False
PSMD4,991.0,767,False
RP11-126K1.2,14.0,14,False
ZNF687,26.0,26,False
PI4KB,176.0,137,False
RP11-126K1.9,1.0,1,False
RFX5,85.0,83,False
RP11-126K1.8,0.0,0,False
RP11-126K1.6,15.0,14,False
SELENBP1,0.0,0,False
PSMB4,576.0,485,False
POGZ,99.0,96,False
CGN,1.0,1,False
TUFT1,7.0,7,False
RP11-404E16.1,1.0,1,False
SNX27,116.0,114,False
RP11-98D18.1,0.0,0,False
CELF3,0.0,0,False
RIIAD1,0.0,0,False
AL589765.1,0.0,0,False
RP11-98D18.15,0.0,0,False
MRPL9,462.0,378,False
OAZ3,5.0,5,False
RP11-98D18.3,3.0,3,False
RP11-98D18.16,2.0,2,False
TDRKH,17.0,17,False
RP11-98D18.9,11.0,11,False
RP11-98D18.17,0.0,0,False
LINGO4,1.0,1,False
RORC,22.0,22,False
C2CD4D,32.0,5,False
AL450992.2,2.0,2,False
THEM5,3.0,2,False
THEM4,190.0,151,False
S100A10,5070.0,1727,False
NBPF18P,0.0,0,False
S100A11,5246.0,1421,False
TCHHL1,0.0,0,False
TCHH,0.0,0,False
AL589986.2,0.0,0,False
RPTN,0.0,0,False
FLG-AS1,0.0,0,False
RP11-107M16.2,0.0,0,False
HRNR,0.0,0,False
FLG,0.0,0,False
FLG2,0.0,0,False
RP1-91G5.3,0.0,0,False
CRNN,0.0,0,False
LCE5A,0.0,0,False
CRCT1,0.0,0,False
LCE3E,0.0,0,False
LCE3D,0.0,0,False
LCE3C,0.0,0,False
LCE3B,0.0,0,False
LCE3A,0.0,0,False
LINC00302,0.0,0,False
LCE2D,0.0,0,False
LCE2B,0.0,0,False
LCE2C,0.0,0,False
LCE2A,0.0,0,False
LCE4A,0.0,0,False
C1orf68,0.0,0,False
KPRP,0.0,0,False
LCE1F,0.0,0,False
LCE1E,0.0,0,False
LCE1D,0.0,0,False
LCE1C,0.0,0,False
LCE1B,0.0,0,False
LCE1A,0.0,0,False
LCE6A,0.0,0,False
SMCP,0.0,0,False
IVL,0.0,0,False
RP1-13P20.6,0.0,0,False
SPRR4,0.0,0,False
SPRR1A,0.0,0,False
SPRR3,0.0,0,False
SPRR1B,0.0,0,False
SPRR2D,0.0,0,False
SPRR2A,0.0,0,False
SPRR2B,0.0,0,False
SPRR2E,0.0,0,False
SPRR2F,0.0,0,False
SPRR2G,0.0,0,False
RP1-140J1.1,0.0,0,False
LELP1,0.0,0,False
PRR9,0.0,0,False
LOR,0.0,0,False
PGLYRP3,0.0,0,False
PGLYRP4,0.0,0,False
S100A9,16326.0,962,False
S100A12,276.0,149,False
S100A8,8515.0,743,False
S100A7A,0.0,0,False
S100A7L2,0.0,0,False
S100A7,0.0,0,False
BX470102.3,0.0,0,False
S100A6,11311.0,2109,False
S100A5,4.0,4,False
S100A4,19598.0,2194,False
S100A3,0.0,0,False
S100A2,1.0,1,False
S100A16,1.0,1,False
S100A14,1.0,1,False
S100A13,22.0,21,False
S100A1,1.0,1,False
RP1-178F15.4,2.0,2,False
CHTOP,289.0,274,False
SNAPIN,391.0,313,False
ILF2,671.0,548,False
NPR1,0.0,0,False
INTS3,42.0,42,False
RP11-216N14.8,0.0,0,False
RP11-216N14.9,0.0,0,False
SLC27A3,101.0,95,False
GATAD2B,104.0,102,False
DENND4B,112.0,111,False
CRTC2,119.0,86,False
SLC39A1,214.0,169,False
RP11-422P24.10,0.0,0,False
CREB3L4,29.0,29,False
JTB,1724.0,1145,False
RP11-422P24.11,5.0,5,False
RAB13,51.0,43,False
RPS27,45094.0,2682,False
NUP210L,1.0,1,False
TPM3,2082.0,1276,False
C1orf189,0.0,0,False
C1orf43,743.0,612,False
UBAP2L,118.0,114,False
HAX1,708.0,577,False
AQP10,3.0,3,False
ATP8B2,28.0,28,False
RP11-350G8.5,6.0,6,False
IL6R,172.0,163,False
SHE,0.0,0,False
RP11-350G8.9,0.0,0,False
TDRD10,0.0,0,False
UBE2Q1,130.0,58,False
UBE2Q1-AS1,0.0,0,False
CHRNB2,0.0,0,False
RP11-61L14.6,0.0,0,False
ADAR,576.0,484,False
AL606500.1,0.0,0,False
KCNN3,2.0,2,False
PMVK,522.0,392,False
RP11-307C12.13,11.0,11,False
PBXIP1,528.0,433,False
PYGO2,57.0,55,False
RP11-307C12.12,6.0,5,False
SHC1,69.0,65,False
CKS1B,234.0,187,False
FLAD1,147.0,143,False
LENEP,0.0,0,False
ZBTB7B,98.0,92,False
DCST2,0.0,0,False
DCST1,0.0,0,False
RP11-307C12.11,0.0,0,False
ADAM15,57.0,56,False
EFNA4,64.0,63,False
EFNA3,6.0,6,False
EFNA3-1,0.0,0,False
EFNA1,2.0,2,False
SLC50A1,184.0,163,False
DPM3,171.0,166,False
KRTCAP2,1019.0,823,False
RP11-201K10.3,0.0,0,False
TRIM46,9.0,9,False
MUC1,2.0,2,False
THBS3,11.0,11,False
RP11-263K19.4,2.0,2,False
MTX1,143.0,136,False
RP11-263K19.6,0.0,0,False
GBA,30.0,30,False
FAM189B,29.0,28,False
SCAMP3,255.0,240,False
CLK2,38.0,38,False
HCN3,1.0,1,False
PKLR,0.0,0,False
FDPS,438.0,373,False
RUSC1-AS1,5.0,5,False
RUSC1,66.0,65,False
ASH1L,162.0,154,False
RP11-29H23.4,0.0,0,False
MSTO1,12.0,11,False
YY1AP1,149.0,139,False
DAP3,531.0,468,False
RP11-243J18.2,0.0,0,False
GON4L,199.0,186,False
SYT11,37.0,37,False
RIT1,103.0,89,False
KIAA0907,132.0,125,False
RXFP4,0.0,0,False
ARHGEF2,258.0,226,False
RP11-336K24.12,4.0,4,False
RP11-336K24.5,0.0,0,False
SSR2,3098.0,1657,False
UBQLN4,23.0,23,False
LAMTOR2,820.0,601,False
RAB25,10.0,10,False
MEX3A,1.0,1,False
LMNA,222.0,169,False
SEMA4A,110.0,105,False
SLC25A44,39.0,38,False
PMF1-BGLAP,1.0,1,False
PMF1,429.0,365,False
BGLAP,7.0,6,False
PAQR6,1.0,1,False
SMG5,45.0,44,False
TMEM79,31.0,31,False
C1orf85,77.0,74,False
VHLL,0.0,0,False
CCT3,698.0,561,False
TSACC,1.0,1,False
RHBG,0.0,0,False
RP11-139I14.2,0.0,0,False
C1orf61,3.0,3,False
RP11-98G7.1,0.0,0,False
MEF2D,92.0,81,False
RP11-284F21.8,0.0,0,False
IQGAP3,0.0,0,False
TTC24,8.0,8,False
APOA1BP,331.0,288,False
GPATCH4,158.0,106,False
RP11-284F21.11,0.0,0,False
HAPLN2,0.0,0,False
RP11-284F21.9,0.0,0,False
BCAN,0.0,0,False
RP11-284F21.10,0.0,0,False
RP11-284F21.7,0.0,0,False
NES,0.0,0,False
RP11-66D17.3,1.0,1,False
CRABP2,2.0,2,False
RP11-66D17.5,0.0,0,False
ISG20L2,165.0,147,False
RRNAD1,50.0,48,False
MRPL24,245.0,229,False
HDGF,191.0,148,False
PRCC,153.0,150,False
SH2D2A,188.0,164,False
NTRK1,0.0,0,False
INSRR,0.0,0,False
PEAR1,2.0,2,False
LRRC71,0.0,0,False
ARHGEF11,8.0,8,False
ETV3L,0.0,0,False
ETV3,45.0,45,False
RP11-71G12.1,2.0,2,False
RP11-85G21.1,0.0,0,False
RP11-85G21.3,0.0,0,False
RP11-85G21.2,0.0,0,False
FCRL5,37.0,32,False
FCRL4,0.0,0,False
FCRL3,48.0,48,False
RP11-367J7.3,2.0,2,False
FCRL2,92.0,47,False
FCRL1,126.0,117,False
CD5L,0.0,0,False
KIRREL,0.0,0,False
RP11-404O13.1,0.0,0,False
CD1D,179.0,146,False
RP11-404O13.5,1.0,1,False
CD1A,6.0,6,False
CD1C,128.0,71,False
CD1B,3.0,3,False
CD1E,5.0,3,False
OR10T2,0.0,0,False
OR10K2,0.0,0,False
OR10K1,0.0,0,False
RP11-144L1.4,0.0,0,False
OR10R2,0.0,0,False
OR6Y1,0.0,0,False
OR6P1,0.0,0,False
OR10X1,0.0,0,False
OR10Z1,0.0,0,False
SPTA1,0.0,0,False
OR6K2,0.0,0,False
OR6K3,0.0,0,False
OR6K6,0.0,0,False
OR6N1,0.0,0,False
OR6N2,0.0,0,False
MNDA,524.0,340,False
PYHIN1,167.0,160,False
IFI16,588.0,475,False
AIM2,86.0,61,False
CADM3,0.0,0,False
CTA-134P22.2,0.0,0,False
DARC,0.0,0,False
FCER1A,297.0,55,False
OR10J3,0.0,0,False
RP11-550P17.5,0.0,0,False
OR10J1,0.0,0,False
RP11-180D21.3,0.0,0,False
OR10J5,0.0,0,False
APCS,0.0,0,False
CRP,0.0,0,False
DUSP23,325.0,269,False
FCRL6,122.0,95,False
SLAMF8,4.0,4,False
C1orf204,3.0,3,False
VSIG8,5.0,5,False
RP11-190A12.7,0.0,0,False
RP11-190A12.8,1.0,1,False
CCDC19,1.0,1,False
AL590560.1,2.0,2,False
TAGLN2,2588.0,1371,False
IGSF9,0.0,0,False
SLAMF9,2.0,2,False
LINC01133,0.0,0,False
PIGM,31.0,31,False
KCNJ10,0.0,0,False
RP11-536C5.2,0.0,0,False
KCNJ9,0.0,0,False
IGSF8,131.0,125,False
ATP1A2,0.0,0,False
ATP1A4,0.0,0,False
CASQ1,1.0,1,False
RP11-536C5.7,7.0,7,False
PEA15,89.0,84,False
DCAF8,174.0,139,False
DCAF8-1,1.0,1,False
RP11-574F21.2,2.0,2,False
PEX19,142.0,112,False
COPA,174.0,161,False
NCSTN,144.0,138,False
NHLH1,0.0,0,False
VANGL2,0.0,0,False
SLAMF6,143.0,130,False
RP11-528G1.2,0.0,0,False
CD84,196.0,163,False
SLAMF1,90.0,88,False
RP11-404F10.2,5.0,5,False
CD48,4198.0,1873,False
SLAMF7,85.0,76,False
LY9,284.0,253,False
CD244,105.0,96,False
ITLN1,3.0,3,False
RP11-312J18.6,0.0,0,False
RP11-544M22.1,0.0,0,False
ITLN2,0.0,0,False
F11R,22.0,21,False
RP11-544M22.13,0.0,0,False
TSTD1,737.0,606,False
USF1,57.0,52,False
ARHGAP30,533.0,438,False
AL591806.1,0.0,0,False
PVRL4,0.0,0,False
RP11-544M22.8,0.0,0,False
KLHDC9,3.0,3,False
PFDN2,671.0,525,False
NIT1,149.0,126,False
DEDD,118.0,82,False
UFC1,1357.0,1012,False
RP11-297K8.2,0.0,0,False
USP21,27.0,27,False
PPOX,54.0,53,False
B4GALT3,181.0,173,False
ADAMTS4,1.0,1,False
NDUFS2,566.0,459,False
FCER1G,5498.0,964,False
AL590714.1,0.0,0,False
APOA2,0.0,0,False
TOMM40L,26.0,26,False
NR1I3,1.0,1,False
PCP4L1,0.0,0,False
MPZ,13.0,12,False
SDHC,668.0,578,False
C1orf192,0.0,0,False
RP11-122G18.5,3.0,2,False
RP11-122G18.8,0.0,0,False
FCGR2A,344.0,226,False
HSPA6,56.0,52,False
FCGR3A,2026.0,497,False
RP11-5K23.5,0.0,0,False
FCGR2B,103.0,77,False
FCGR3B,18.0,13,False
RP11-25K21.1,0.0,0,False
FCRLA,167.0,117,False
FCRLB,25.0,23,False
DUSP12,127.0,125,False
RP11-474I16.8,0.0,0,False
ATF6,117.0,106,False
OLFML2B,2.0,2,False
RP11-227F8.2,0.0,0,False
NOS1AP,0.0,0,False
RP11-565P22.2,0.0,0,False
RP11-565P22.6,0.0,0,False
C1orf226,0.0,0,False
C1orf111,0.0,0,False
SH2D1B,76.0,64,False
UHMK1,112.0,110,False
RP11-359K18.3,3.0,3,False
UAP1,105.0,99,False
DDR2,0.0,0,False
HSD17B7,97.0,97,False
C1orf110,0.0,0,False
RGS4,0.0,0,False
RGS5,0.0,0,False
RP11-267N12.1,0.0,0,False
RP11-267N12.3,10.0,10,False
RP11-77M5.1,0.0,0,False
NUF2,8.0,7,False
PBX1,4.0,4,False
RP11-506O24.1,0.0,0,False
LMX1A,0.0,0,False
RP11-38C18.2,0.0,0,False
RP11-38C18.3,0.0,0,False
RXRG,0.0,0,False
RP11-280O1.2,0.0,0,False
LRRC52,0.0,0,False
RP11-306I1.2,0.0,0,False
MGST3,681.0,580,False
ALDH9A1,315.0,288,False
RP11-466F5.10,0.0,0,False
TMCO1,596.0,469,False
RP11-466F5.8,3.0,3,False
UCK2,31.0,30,False
RP11-525G13.2,0.0,0,False
FAM78B,0.0,0,False
AL626787.1,0.0,0,False
RP11-375H19.2,0.0,0,False
RP11-479J7.2,0.0,0,False
RP11-479J7.1,0.0,0,False
RP11-276E17.2,0.0,0,False
POGK,50.0,50,False
TADA1,32.0,31,False
RP4-782G3.1,0.0,0,False
ILDR2,0.0,0,False
MAEL,0.0,0,False
RP11-102C16.3,0.0,0,False
GPA33,28.0,28,False
DUSP27,0.0,0,False
RP11-277B15.2,0.0,0,False
RP11-277B15.3,4.0,4,False
POU2F1,57.0,55,False
CD247,1170.0,721,False
RP11-104L21.3,36.0,34,False
CREG1,214.0,188,False
RP3-455J7.4,8.0,8,False
RCSD1,725.0,583,False
MPZL1,29.0,29,False
ADCY10,0.0,0,False
RP1-313L4.3,0.0,0,False
MPC2,547.0,427,False
DCAF6,89.0,85,False
GPR161,1.0,1,False
TIPRL,177.0,167,False
SFT2D2,94.0,91,False
TBX19,5.0,5,False
RP5-968D22.1,0.0,0,False
RP5-968D22.3,0.0,0,False
XCL2,226.0,138,False
XCL1,117.0,86,False
DPT,0.0,0,False
RP1-10C16.1,0.0,0,False
LINC00626,0.0,0,False
LINC00970,0.0,0,False
RP5-1018K9.1,0.0,0,False
ATP1B1,14.0,13,False
NME7,36.0,34,False
RP4-800F24.1,0.0,0,False
BLZF1,84.0,53,False
CCDC181,0.0,0,False
RP1-206D15.3,0.0,0,False
SLC19A2,4.0,4,False
F5,19.0,18,False
SELP,6.0,6,False
C1orf112,12.0,11,False
SELL,2351.0,1264,False
SELE,0.0,0,False
RP1-117P20.3,0.0,0,False
METTL18,111.0,108,False
SCYL3,62.0,61,False
KIFAP3,44.0,44,False
RP11-332H17.1,0.0,0,False
METTL11B,0.0,0,False
RP11-297H3.3,0.0,0,False
LINC01142,0.0,0,False
RP11-576I22.2,0.0,0,False
GORAB,27.0,27,False
RP11-545I10.2,0.0,0,False
RP1-79C4.1,0.0,0,False
PRRX1,0.0,0,False
RP1-79C4.4,0.0,0,False
MROH9,0.0,0,False
FMO3,0.0,0,False
FMO6P,0.0,0,False
FMO2,0.0,0,False
RP1-127D3.4,0.0,0,False
RP1-45C12.1,0.0,0,False
FMO1,1.0,1,False
FMO4,11.0,11,False
PRRC2C,606.0,519,False
MYOC,0.0,0,False
VAMP4,90.0,87,False
METTL13,90.0,75,False
DNM3,7.0,7,False
DNM3OS,0.0,0,False
PIGC,306.0,288,False
C1orf105,0.0,0,False
SUCO,54.0,53,False
FASLG,41.0,38,False
RP1-15D23.2,0.0,0,False
RP3-471M13.2,0.0,0,False
TNFSF18,0.0,0,False
RP3-395P12.2,0.0,0,False
TNFSF4,15.0,12,False
RP11-296O14.3,22.0,21,False
PRDX6,994.0,770,False
SLC9C2,0.0,0,False
RP3-436N22.3,0.0,0,False
ANKRD45,0.0,0,False
RP11-360D2.1,0.0,0,False
KLHL20,93.0,91,False
CENPL,32.0,29,False
DARS2,15.0,15,False
GAS5-AS1,1.0,1,False
ZBTB37,25.0,25,False
SERPINC1,0.0,0,False
RC3H1,75.0,74,False
RP11-160H22.3,2.0,2,False
RP11-160H22.5,4.0,4,False
RABGAP1L,293.0,256,False
GPR52,0.0,0,False
RP1-102G20.5,2.0,1,False
CACYBP,643.0,522,False
MRPS14,206.0,194,False
TNN,0.0,0,False
KIAA0040,214.0,167,False
RP5-1114G22.2,0.0,0,False
RP3-518E13.2,0.0,0,False
TNR,0.0,0,False
RP11-222A5.1,0.0,0,False
RP11-318C24.2,4.0,4,False
RFWD2,120.0,118,False
RP11-492I21.1,2.0,2,False
RP11-195C7.1,2.0,2,False
PAPPA2,0.0,0,False
ASTN1,0.0,0,False
BRINP2,0.0,0,False
RP1-35C21.1,0.0,0,False
RP1-35C21.2,0.0,0,False
RP11-63B19.1,0.0,0,False
SEC16B,0.0,0,False
RASAL2-AS1,0.0,0,False
RASAL2,1.0,1,False
TEX35,0.0,0,False
C1orf220,1.0,1,False
C1ORF220,0.0,0,False
RP5-1098D14.1,4.0,4,False
RP11-428K3.1,0.0,0,False
RALGPS2,95.0,90,False
ANGPTL1,2.0,2,False
FAM20B,29.0,28,False
TOR3A,205.0,196,False
ABL2,46.0,46,False
SOAT1,98.0,96,False
AXDND1,0.0,0,False
AL160286.1,0.0,0,False
RP11-545A16.1,0.0,0,False
NPHS2,0.0,0,False
TDRD5,0.0,0,False
RP11-12M5.1,0.0,0,False
FAM163A,1.0,1,False
RP11-12M5.3,0.0,0,False
RP11-12M5.4,0.0,0,False
TOR1AIP2,82.0,79,False
IFRG15,0.0,0,False
RP11-533E19.7,20.0,20,False
TOR1AIP1,168.0,158,False
RP11-533E19.2,0.0,0,False
RP11-533E19.5,7.0,7,False
CEP350,120.0,117,False
RP11-502H18.2,0.0,0,False
QSOX1,123.0,97,False
LHX4,1.0,1,False
RP5-1180C10.2,6.0,6,False
ACBD6,189.0,175,False
OVAAL,0.0,0,False
XPR1,28.0,27,False
RP11-46A10.2,0.0,0,False
KIAA1614,0.0,0,False
RP11-46A10.5,3.0,3,False
RP11-46A10.4,2.0,2,False
AL162431.1,0.0,0,False
STX6,51.0,50,False
MR1,117.0,106,False
IER5,180.0,165,False
RP11-309G3.3,9.0,9,False
RP11-540K16.1,0.0,0,False
RP11-540K16.2,0.0,0,False
RP11-380B22.1,0.0,0,False
CACNA1E,0.0,0,False
RP11-33M22.2,0.0,0,False
ZNF648,0.0,0,False
RP11-538D16.2,0.0,0,False
RP11-538D16.3,0.0,0,False
GS1-122H1.1,0.0,0,False
GS1-122H1.2,0.0,0,False
GLUL,408.0,328,False
TEDDM1,0.0,0,False
LINC00272,0.0,0,False
RGSL1,0.0,0,False
RNASEL,30.0,27,False
RGS16,20.0,16,False
RP11-317P15.4,0.0,0,False
RP11-317P15.5,0.0,0,False
RGS8,0.0,0,False
RP11-317P15.3,0.0,0,False
NPL,102.0,93,False
DHX9,239.0,179,False
SHCBP1L,0.0,0,False
LAMC1,3.0,3,False
RP11-181K3.4,0.0,0,False
LAMC2,0.0,0,False
NMNAT2,0.0,0,False
SMG7,55.0,53,False
NCF2,841.0,468,False
RP1-127C7.6,1.0,1,False
ARPC5,2691.0,1409,False
RGL1,9.0,9,False
APOBEC4,0.0,0,False
RP11-444D13.1,0.0,0,False
COLGALT2,7.0,6,False
TSEN15,187.0,177,False
RP11-382D12.1,0.0,0,False
RP11-382D12.2,1.0,1,False
C1orf21,100.0,88,False
EDEM3,35.0,35,False
FAM129A,64.0,62,False
GS1-120K12.4,0.0,0,False
RNF2,97.0,93,False
TRMT1L,55.0,50,False
SWT1,15.0,15,False
IVNS1ABP,189.0,178,False
GS1-279B7.2,1.0,1,False
GS1-279B7.1,0.0,0,False
GS1-204I12.1,0.0,0,False
GS1-204I12.4,0.0,0,False
HMCN1,1.0,1,False
GS1-174L6.4,0.0,0,False
PRG4,0.0,0,False
TPR,509.0,425,False
C1orf27,45.0,45,False
AL596220.1,0.0,0,False
OCLM,0.0,0,False
PDC,0.0,0,False
RP11-295K2.3,0.0,0,False
GS1-304P7.3,0.0,0,False
PTGS2,10.0,10,False
RP5-973M2.2,1.0,1,False
PLA2G4A,0.0,0,False
LINC01036,0.0,0,False
LINC01037,1.0,1,False
RP11-445P19.3,0.0,0,False
ERVMER61-1,0.0,0,False
RP11-201A3.1,0.0,0,False
RP11-669M2.1,0.0,0,False
RP11-316I3.1,0.0,0,False
RP11-316I3.2,0.0,0,False
LINC01035,0.0,0,False
RP11-398M15.1,0.0,0,False
RP11-445J9.1,0.0,0,False
BRINP3,0.0,0,False
RP11-547I7.1,0.0,0,False
RP11-547I7.2,0.0,0,False
RP11-161I10.1,0.0,0,False
RP11-463J7.2,0.0,0,False
RP11-309H21.3,0.0,0,False
RP11-309H21.2,0.0,0,False
RP11-541F9.1,0.0,0,False
RP11-541F9.2,0.0,0,False
RGS18,125.0,89,False
RGS21,0.0,0,False
RP5-1011O1.2,0.0,0,False
RP5-1011O1.3,0.0,0,False
RGS1,479.0,280,False
RGS13,0.0,0,False
RGS2,1413.0,745,False
LINC01032,0.0,0,False
UCHL5,123.0,118,False
TROVE2,238.0,221,False
RP11-101E13.5,4.0,4,False
GLRX2,79.0,75,False
CDC73,128.0,124,False
B3GALT2,5.0,5,False
LINC01031,0.0,0,False
RP11-21J7.1,0.0,0,False
RP11-98G13.1,0.0,0,False
RP11-563D10.1,0.0,0,False
RP11-476H20.1,0.0,0,False
RP11-476B1.1,0.0,0,False
KCNT2,0.0,0,False
CFH,24.0,24,False
CFHR3,0.0,0,False
CFHR1,0.0,0,False
CFHR2,0.0,0,False
CFHR4,0.0,0,False
CFHR5,0.0,0,False
F13B,0.0,0,False
ASPM,5.0,5,False
ZBTB41,12.0,12,False
CRB1,4.0,4,False
RP11-75C23.1,0.0,0,False
DENND1B,64.0,62,False
RP11-448G4.4,0.0,0,False
C1orf53,14.0,14,False
LHX9,0.0,0,False
NEK7,169.0,161,False
ATP6V1G3,0.0,0,False
RP11-553K8.2,5.0,5,False
PTPRC,1830.0,1225,False
RP11-553K8.5,1.0,1,False
MIR181A1HG,19.0,19,False
RP11-16L9.2,0.0,0,False
RP11-16L9.3,0.0,0,False
RP11-16L9.4,0.0,0,False
RP11-382E9.1,0.0,0,False
NR5A2,0.0,0,False
RP11-532L16.3,0.0,0,False
LINC00862,0.0,0,False
ZNF281,79.0,77,False
RP11-469A15.2,0.0,0,False
KIF14,1.0,1,False
DDX59,78.0,77,False
RP11-92G12.3,0.0,0,False
CAMSAP2,6.0,6,False
GPR25,1.0,1,False
C1orf106,0.0,0,False
KIF21B,36.0,36,False
RP11-168O16.1,1.0,1,False
RP11-168O16.2,0.0,0,False
CACNA1S,0.0,0,False
ASCL5,0.0,0,False
TMEM9,91.0,88,False
IGFN1,0.0,0,False
RP11-567E21.3,0.0,0,False
PKP1,0.0,0,False
TNNT2,0.0,0,False
LAD1,0.0,0,False
TNNI1,0.0,0,False
RP11-134G8.8,0.0,0,False
PHLDA3,6.0,6,False
CSRP1,243.0,188,False
RP11-134G8.7,4.0,4,False
RPS10P7,9.0,8,False
AC096677.1,5.0,2,False
NAV1,11.0,11,False
RP11-25B7.1,0.0,0,False
IPO9-AS1,6.0,6,False
RP11-90L20.2,0.0,0,False
IPO9,85.0,83,False
SHISA4,4.0,4,False
RP11-307B6.3,0.0,0,False
LMOD1,0.0,0,False
TIMM17A,298.0,202,False
RNPEP,299.0,249,False
RP11-465N4.5,2.0,2,False
RP11-465N4.4,0.0,0,False
ELF3,1.0,1,False
GPR37L1,0.0,0,False
ARL8A,75.0,74,False
PTPN7,345.0,252,False
LGR6,9.0,9,False
UBE2T,52.0,49,False
PPP1R12B,15.0,15,False
SYT2,0.0,0,False
RP11-569A11.1,2.0,2,False
RP11-569A11.2,0.0,0,False
KDM5B,32.0,32,False
RP11-480I12.10,0.0,0,False
PCAT6,1.0,1,False
RP11-480I12.4,0.0,0,False
RP11-480I12.7,0.0,0,False
RABIF,181.0,156,False
KLHL12,52.0,51,False
ADIPOR1,402.0,350,False
CYB5R1,142.0,132,False
TMEM183A,214.0,192,False
PPFIA4,0.0,0,False
MYOG,0.0,0,False
ADORA1,2.0,2,False
RP11-335O13.7,0.0,0,False
RP11-335O13.8,0.0,0,False
MYBPH,0.0,0,False
CHI3L1,1.0,1,False
CHIT1,1.0,1,False
RP11-134P9.3,20.0,20,False
LINC01136,14.0,14,False
BTG2,1400.0,965,False
FMOD,0.0,0,False
PRELP,0.0,0,False
OPTC,0.0,0,False
ATP2B4,90.0,88,False
LAX1,31.0,31,False
ZC3H11A,124.0,119,False
ZBED6,34.0,32,False
SNRPE,532.0,426,False
LINC00303,0.0,0,False
SOX13,9.0,3,False
RP11-74C13.4,0.0,0,False
ETNK2,1.0,1,False
RP11-74C13.3,0.0,0,False
REN,0.0,0,False
KISS1,0.0,0,False
GOLT1A,0.0,0,False
PLEKHA6,0.0,0,False
RP11-203F10.5,0.0,0,False
RP11-739N20.2,0.0,0,False
PPP1R15B,83.0,79,False
PIK3C2B,17.0,17,False
MDM4,197.0,189,False
RP11-430C7.4,1.0,1,False
LRRN2,0.0,0,False
RP11-430C7.5,2.0,2,False
RP11-23I7.1,0.0,0,False
NFASC,0.0,0,False
CNTN2,1.0,1,False
TMEM81,4.0,4,False
RBBP5,44.0,42,False
DSTYK,71.0,70,False
TMCC2,10.0,6,False
RP11-383G10.5,0.0,0,False
NUAK2,62.0,59,False
KLHDC8A,0.0,0,False
LEMD1-AS1,0.0,0,False
LEMD1,0.0,0,False
RP11-576D8.4,0.0,0,False
CDK18,6.0,6,False
MFSD4,8.0,8,False
ELK4,49.0,48,False
SLC45A3,7.0,7,False
NUCKS1,558.0,481,False
AC119673.1,1.0,1,False
RAB7L1,250.0,231,False
SLC41A1,31.0,29,False
PM20D1,3.0,3,False
SLC26A9,0.0,0,False
RP4-681L3.2,0.0,0,False
RP11-312O7.2,2.0,2,False
FAM72A,11.0,10,False
RP11-38J22.1,0.0,0,False
RP11-38J22.3,0.0,0,False
AVPR1B,0.0,0,False
C1orf186,6.0,5,False
RP11-38J22.6,0.0,0,False
CTSE,0.0,0,False
SRGAP2,42.0,39,False
SRGAP2-AS1,0.0,0,False
IKBKE,153.0,145,False
C1orf147,1.0,1,False
RP11-534L20.5,1.0,1,False
RASSF5,570.0,497,False
EIF2D,156.0,144,False
RP11-343H5.6,5.0,5,False
DYRK3,1.0,1,False
MAPKAPK2,84.0,83,False
IL10,4.0,4,False
IL19,0.0,0,False
IL20,0.0,0,False
IL24,21.0,13,False
FAIM3,722.0,561,False
PIGR,0.0,0,False
FCAMR,0.0,0,False
C1orf116,0.0,0,False
YOD1,5.0,5,False
PFKFB2,3.0,3,False
C4BPB,3.0,3,False
C4BPA,0.0,0,False
RP11-164O23.7,0.0,0,False
RP11-6J21.2,0.0,0,False
CD55,741.0,549,False
CR2,10.0,10,False
CR1,76.0,45,False
RP11-78B10.2,0.0,0,False
CR1L,0.0,0,False
CD46,289.0,273,False
RP11-328D5.1,0.0,0,False
CD34,2.0,1,False
PLXNA2,2.0,2,False
RP11-565N2.1,0.0,0,False
RP11-565N2.2,0.0,0,False
RP11-459K23.2,0.0,0,False
RP5-1051D14.1,0.0,0,False
RP11-385M4.1,0.0,0,False
RP11-372M18.1,0.0,0,False
RP11-372M18.2,0.0,0,False
MIR205HG,0.0,0,False
RP1-272L16.1,0.0,0,False
CAMK1G,0.0,0,False
LAMB3,0.0,0,False
RP1-28O10.1,36.0,7,False
G0S2,405.0,185,False
HSD11B1,8.0,8,False
TRAF3IP3,2166.0,1296,False
C1orf74,1.0,1,False
IRF6,0.0,0,False
DIEXF,52.0,50,False
SYT14,0.0,0,False
SERTAD4-AS1,0.0,0,False
SERTAD4,0.0,0,False
HHAT,7.0,7,False
KCNH1,0.0,0,False
RP11-543B16.3,0.0,0,False
RCOR3,98.0,96,False
TRAF5,137.0,130,False
RP11-318L16.6,0.0,0,False
RD3,0.0,0,False
RP11-359E8.3,0.0,0,False
SLC30A1,35.0,33,False
RP11-354K1.2,0.0,0,False
RP11-354K1.1,0.0,0,False
NEK2,3.0,3,False
RP11-122M14.1,1.0,1,False
RP11-122M14.3,0.0,0,False
LPGAT1,86.0,77,False
RP11-552D8.1,1.0,1,False
INTS7,20.0,20,False
DTL,2.0,2,False
RP11-15I11.2,0.0,0,False
RP11-15I11.3,0.0,0,False
PPP2R5A,168.0,159,False
RP11-384C4.7,2.0,1,False
RP11-384C4.2,1.0,1,False
TMEM206,52.0,50,False
NENF,483.0,400,False
RP11-61J19.2,0.0,0,False
RP11-61J19.3,0.0,0,False
RP11-61J19.4,7.0,7,False
ATF3,183.0,162,False
RP11-338C15.5,0.0,0,False
FAM71A,1.0,1,False
RP11-338C15.3,4.0,4,False
BATF3,87.0,72,False
NSL1,249.0,244,False
TATDN3,105.0,95,False
C1orf227,1.0,1,False
FLVCR1-AS1,19.0,19,False
FLVCR1,21.0,20,False
VASH2,0.0,0,False
ANGEL2,81.0,80,False
RPS6KC1,30.0,30,False
RP11-554K11.2,0.0,0,False
RP11-323I1.1,0.0,0,False
PROX1-AS1,0.0,0,False
PROX1,0.0,0,False
RP11-53A1.2,0.0,0,False
SMYD2,127.0,121,False
PTPN14,2.0,2,False
CENPF,12.0,8,False
KCNK2,0.0,0,False
KCTD3,6.0,6,False
USH2A,0.0,0,False
RP5-1111A8.3,0.0,0,False
RP11-22M7.2,0.0,0,False
RP5-1099E6.3,0.0,0,False
ESRRG,0.0,0,False
GPATCH2,56.0,54,False
RP11-361K17.2,0.0,0,False
SPATA17,0.0,0,False
SPATA17-AS1,0.0,0,False
LINC00210,0.0,0,False
RP11-152L7.1,0.0,0,False
RP11-152L7.2,0.0,0,False
RRP15,80.0,78,False
RP11-224O19.2,0.0,0,False
TGFB2,0.0,0,False
C1orf143,0.0,0,False
RP11-412H9.2,0.0,0,False
RP11-135J2.4,0.0,0,False
LYPLAL1,118.0,110,False
RP11-135J2.3,0.0,0,False
RP11-392O17.1,0.0,0,False
RP11-95P13.1,0.0,0,False
RP11-95P13.2,0.0,0,False
SLC30A10,0.0,0,False
EPRS,212.0,195,False
BPNT1,56.0,52,False
IARS2,119.0,114,False
RAB3GAP2,86.0,84,False
RP11-302I18.3,0.0,0,False
RP11-410C4.5,0.0,0,False
AC096644.1,0.0,0,False
RP11-410C4.4,0.0,0,False
MARK1,0.0,0,False
RP11-322F10.2,0.0,0,False
C1orf115,3.0,3,False
MARC2,8.0,8,False
MARC1,26.0,24,False
RNU6ATAC35P,0.0,0,False
RP11-295M18.6,0.0,0,False
RP11-295M18.2,0.0,0,False
HLA-AS1,1.0,1,False
HLX,14.0,14,False
RP11-421L10.1,0.0,0,False
RP11-103C3.1,0.0,0,False
DUSP10,81.0,60,False
RP11-191N8.2,0.0,0,False
RP11-815M8.1,1.0,1,False
RP11-400N13.2,0.0,0,False
RP11-400N13.3,0.0,0,False
RP11-400N13.1,0.0,0,False
RP11-358H9.1,0.0,0,False
HHIPL2,0.0,0,False
TAF1A,32.0,32,False
RP11-378J18.3,25.0,5,False
MIA3,121.0,115,False
RP11-378J18.8,2.0,2,False
AIDA,50.0,49,False
BROX,78.0,71,False
FAM177B,17.0,17,False
RP11-452F19.3,52.0,49,False
DISP1,11.0,10,False
TLR5,19.0,18,False
RP11-239E10.2,0.0,0,False
RP11-239E10.3,0.0,0,False
SUSD4,19.0,18,False
C1orf65,0.0,0,False
CAPN8,5.0,5,False
CAPN2,738.0,597,False
TP53BP2,39.0,34,False
RP11-504P24.8,6.0,6,False
RP11-504P24.4,0.0,0,False
RP11-504P24.6,6.0,6,False
AC138393.1,0.0,0,False
FBXO28,58.0,57,False
DEGS1,422.0,359,False
RP11-365O16.6,2.0,2,False
NVL,44.0,44,False
CNIH4,298.0,218,False
WDR26,72.0,69,False
CNIH3,12.0,12,False
RP11-100E13.1,0.0,0,False
RP11-3L21.2,0.0,0,False
RP11-449J1.1,0.0,0,False
DNAH14,2.0,2,False
LBR,318.0,260,False
AC092811.1,1.0,1,False
ENAH,3.0,3,False
RP11-145A3.1,0.0,0,False
SRP9,1226.0,890,False
EPHX1,9.0,9,False
RP11-285F7.2,48.0,46,False
TMEM63A,149.0,139,False
LEFTY1,1.0,1,False
RP4-559A3.7,0.0,0,False
PYCR2,275.0,250,False
LEFTY2,0.0,0,False
SDE2,60.0,59,False
RP11-396C23.4,0.0,0,False
H3F3A,1587.0,1032,False
RP11-396C23.2,1.0,1,False
ACBD3,88.0,58,False
RP11-275I14.4,0.0,0,False
MIXL1,0.0,0,False
LIN9,13.0,13,False
PARP1,413.0,311,False
C1orf95,1.0,1,False
ITPKB,110.0,106,False
ITPKB-AS1,3.0,3,False
PSEN2,18.0,18,False
ADCK3,119.0,113,False
CDC42BPA,0.0,0,False
RP5-1087E8.3,0.0,0,False
RP11-1B20.1,0.0,0,False
CTD-2090I13.1,0.0,0,False
RP11-275O4.3,0.0,0,False
ZNF678,34.0,33,False
SNAP47,142.0,103,False
JMJD4,70.0,70,False
SNAP47-AS1,0.0,0,False
PRSS38,0.0,0,False
WNT9A,0.0,0,False
WNT3A,0.0,0,False
ARF1,1871.0,1222,False
C1orf35,234.0,178,False
MRPL55,539.0,472,False
GUK1,2013.0,1295,False
GJC2,0.0,0,False
IBA57-AS1,0.0,0,False
IBA57,28.0,28,False
C1orf145,3.0,3,False
OBSCN,28.0,21,False
RP5-1139B12.2,0.0,0,False
RP5-1139B12.3,2.0,2,False
RP5-1139B12.4,0.0,0,False
RP11-245P10.6,2.0,2,False
TRIM11,109.0,103,False
RP11-245P10.8,0.0,0,False
RP11-245P10.4,0.0,0,False
TRIM17,1.0,1,False
HIST3H3,0.0,0,False
HIST3H2A,9.0,9,False
HIST3H2BB,1.0,1,False
RNF187,488.0,384,False
RHOU,10.0,10,False
RP5-1065P14.2,0.0,0,False
RP5-1061H20.5,0.0,0,False
TMEM78,0.0,0,False
RP5-1061H20.4,0.0,0,False
RAB4A,356.0,325,False
SPHAR,0.0,0,False
RP4-803J11.2,5.0,5,False
CCSAP,9.0,9,False
ACTA1,1.0,1,False
RP5-1068B5.3,1.0,1,False
NUP133,23.0,23,False
RP4-613A2.1,0.0,0,False
ABCB10,16.0,16,False
TAF5L,14.0,14,False
URB2,17.0,13,False
RP11-286M16.1,0.0,0,False
RP11-552D4.1,3.0,3,False
GALNT2,74.0,71,False
RP5-956O18.2,0.0,0,False
RP5-956O18.3,0.0,0,False
PGBD5,0.0,0,False
RP11-543E8.1,0.0,0,False
COG2,113.0,109,False
AGT,0.0,0,False
RP11-99J16__A.2,0.0,0,False
CAPN9,0.0,0,False
RP5-858B6.1,0.0,0,False
C1orf198,11.0,8,False
RP5-858B6.3,0.0,0,False
TTC13,48.0,47,False
ARV1,95.0,95,False
FAM89A,9.0,9,False
TRIM67,0.0,0,False
RP5-1097F14.3,0.0,0,False
C1orf131,204.0,194,False
GNPAT,214.0,167,False
EXOC8,31.0,31,False
SPRTN,132.0,98,False
EGLN1,139.0,127,False
RP11-295G20.2,42.0,40,False
TSNAX-DISC1,0.0,0,False
TSNAX,289.0,263,False
LINC00582,0.0,0,False
DISC1,25.0,25,False
RP5-865N13.2,0.0,0,False
RP5-865N13.1,0.0,0,False
SIPA1L2,3.0,3,False
RP11-66A2.1,0.0,0,False
RP11-66A2.2,0.0,0,False
MAP10,5.0,5,False
NTPCR,118.0,117,False
PCNXL2,25.0,24,False
MLK4,2.0,2,False
KCNK1,0.0,0,False
SLC35F3,6.0,6,False
RP11-488L4.1,0.0,0,False
RP4-799P18.2,0.0,0,False
RP4-799P18.3,0.0,0,False
RP5-827C21.2,0.0,0,False
RP5-827C21.6,1.0,1,False
RP5-827C21.4,81.0,69,False
COA6,283.0,234,False
TARBP1,113.0,105,False
RP5-855F14.1,2.0,2,False
RP5-855F14.2,0.0,0,False
IRF2BP2,318.0,288,False
RP4-781K5.2,4.0,4,False
LINC00184,1.0,1,False
RP4-781K5.9,0.0,0,False
RP4-781K5.4,0.0,0,False
RP4-781K5.5,0.0,0,False
RP4-781K5.6,0.0,0,False
RP4-781K5.7,0.0,0,False
LINC01132,2.0,1,False
RP11-443B7.2,0.0,0,False
RP11-443B7.1,7.0,6,False
RP11-443B7.3,5.0,4,False
RP4-597N16.4,0.0,0,False
TOMM20,893.0,720,False
RBM34,50.0,49,False
ARID4B,522.0,415,False
GGPS1,259.0,234,False
TBCE,42.0,39,False
TBCE-AS1,0.0,0,False
B3GALNT2,14.0,14,False
GNG4,0.0,0,False
LYST,416.0,333,False
LYST-AS1,0.0,0,False
RP5-940F7.2,0.0,0,False
RP4-580N22.2,0.0,0,False
NID1,6.0,6,False
GPR137B,68.0,67,False
ERO1LB,59.0,58,False
EDARADD,13.0,13,False
LGALS8,198.0,176,False
LGALS8-AS1,3.0,3,False
RP11-385F5.5,6.0,6,False
RP11-385F5.4,0.0,0,False
HEATR1,43.0,43,False
ACTN2,0.0,0,False
MTR,45.0,44,False
MT1HL1,0.0,0,False
RYR2,0.0,0,False
RP11-193H5.1,0.0,0,False
ZP4,0.0,0,False
MTRNR2L11,0.0,0,False
RP11-136B18.2,0.0,0,False
LINC01139,0.0,0,False
RP11-177F15.1,0.0,0,False
RP11-544D21.2,2.0,2,False
RP11-544D21.1,0.0,0,False
CHRM3,1.0,1,False
CHRM3-AS1,0.0,0,False
RP11-35L17.3,0.0,0,False
FMN2,0.0,0,False
RP11-567G24.3,0.0,0,False
RP11-177F11.1,0.0,0,False
AL646016.1,0.0,0,False
GREM2,5.0,5,False
RP11-467I20.2,0.0,0,False
RP11-80B9.4,0.0,0,False
RP11-80B9.1,0.0,0,False
RGS7,0.0,0,False
RP11-527D7.1,0.0,0,False
FH,218.0,150,False
KMO,41.0,40,False
OPN3,120.0,112,False
CHML,7.0,7,False
WDR64,1.0,1,False
EXO1,2.0,2,False
MAP1LC3C,0.0,0,False
PLD5,0.0,0,False
RP11-561I11.4,0.0,0,False
RP11-561I11.3,0.0,0,False
RP11-261C10.1,0.0,0,False
RP11-261C10.2,0.0,0,False
RP11-261C10.3,4.0,4,False
CEP170,43.0,39,False
RP11-261C10.5,0.0,0,False
RP11-261C10.4,0.0,0,False
AC092782.1,0.0,0,False
SDCCAG8,214.0,157,False
AKT3,31.0,31,False
RP11-269F20.1,0.0,0,False
RP11-278H7.1,0.0,0,False
ZBTB18,23.0,23,False
AL590483.1,0.0,0,False
RP11-278H7.4,1.0,1,False
RP11-278H7.3,0.0,0,False
C1orf100,0.0,0,False
RP11-518L10.5,2.0,2,False
ADSS,297.0,271,False
C1orf101,4.0,4,False
DESI2,73.0,71,False
COX20,230.0,209,False
HNRNPU-AS1,41.0,41,False
HNRNPU,838.0,668,False
RP11-11N7.4,3.0,3,False
RP11-156E8.1,32.0,32,False
EFCAB2,129.0,122,False
KIF26B,0.0,0,False
RP11-62I21.1,0.0,0,False
RP11-522M21.2,0.0,0,False
RP11-522M21.3,0.0,0,False
SMYD3,120.0,114,False
RP11-83A16.1,1.0,1,False
RP11-36N20.1,0.0,0,False
RP11-690C23.2,0.0,0,False
TFB2M,79.0,77,False
CNST,122.0,112,False
RP11-439E19.9,2.0,2,False
RP11-439E19.7,0.0,0,False
SCCPDH,144.0,136,False
RP11-439E19.10,0.0,0,False
AHCTF1,37.0,36,False
ZNF670,9.0,9,False
ZNF695,0.0,0,False
ZNF669,45.0,42,False
C1orf229,0.0,0,False
ZNF124,33.0,33,False
RP11-488L18.10,22.0,22,False
RP11-488L18.8,6.0,6,False
ZNF496,19.0,19,False
NLRP3,79.0,75,False
OR2B11,0.0,0,False
GCSAML,0.0,0,False
GCSAML-AS1,0.0,0,False
OR2C3,0.0,0,False
RP11-978I15.10,0.0,0,False
OR2G2,0.0,0,False
OR2G3,0.0,0,False
RP11-634B7.4,0.0,0,False
OR13G1,0.0,0,False
OR6F1,0.0,0,False
OR14A2,0.0,0,False
OR14K1,0.0,0,False
OR1C1,0.0,0,False
OR14A16,0.0,0,False
OR11L1,0.0,0,False
TRIM58,8.0,7,False
OR2W3,2.0,2,False
OR2T8,0.0,0,False
OR2AJ1,0.0,0,False
OR2L13,0.0,0,False
OR2L8,0.0,0,False
OR2AK2,0.0,0,False
OR2L5,1.0,1,False
OR2L2,0.0,0,False
OR2L3,0.0,0,False
OR2M5,0.0,0,False
OR2M2,0.0,0,False
OR2M3,0.0,0,False
OR2M4,0.0,0,False
OR2T33,0.0,0,False
OR2T12,0.0,0,False
OR2M7,0.0,0,False
OR14C36,0.0,0,False
OR2T4,0.0,0,False
OR2T6,0.0,0,False
OR2T1,0.0,0,False
OR2T7,0.0,0,False
OR2T2,0.0,0,False
OR2T3,0.0,0,False
RP11-407H12.8,2.0,2,False
OR2T5,0.0,0,False
OR2G6,0.0,0,False
RP11-438F14.3,0.0,0,False
OR2T29,0.0,0,False
OR2T34,0.0,0,False
OR2T10,2.0,2,False
OR2T11,1.0,1,False
OR2T35,0.0,0,False
OR2T27,0.0,0,False
OR14I1,0.0,0,False
XX-CR54.1,0.0,0,False
XX-CR54.3,0.0,0,False
LYPD8,0.0,0,False
SH3BP5L,23.0,23,False
ZNF672,89.0,88,False
ZNF692,54.0,52,False
AL672294.1,0.0,0,False
PGBD2,64.0,59,False
FAM110C,0.0,0,False
AC079779.7,0.0,0,False
SH3YL1,303.0,266,False
ACP1,864.0,634,False
FAM150B,2.0,2,False
AC079779.5,0.0,0,False
AC079779.6,0.0,0,False
AC105393.1,0.0,0,False
AC105393.2,0.0,0,False
AC093326.1,0.0,0,False
AC093326.2,0.0,0,False
AC093326.3,0.0,0,False
TMEM18,246.0,181,False
AC092159.2,0.0,0,False
AC092159.3,0.0,0,False
AC116609.1,0.0,0,False
RP13-539J13.1,0.0,0,False
AC116609.3,0.0,0,False
AC116609.2,0.0,0,False
LINC01115,0.0,0,False
AC113607.2,0.0,0,False
AC113607.3,0.0,0,False
AC116614.1,4.0,4,False
SNTG2,2.0,2,False
AC114808.3,0.0,0,False
AC114808.2,0.0,0,False
AC108462.1,0.0,0,False
TPO,4.0,3,False
AC144450.1,0.0,0,False
AC141930.2,0.0,0,False
AC144450.2,0.0,0,False
PXDN,0.0,0,False
MYT1L,1.0,1,False
AC093390.1,0.0,0,False
MYT1L-AS1,0.0,0,False
AC018685.1,0.0,0,False
AC018685.2,0.0,0,False
AC011995.1,0.0,0,False
AC011995.3,0.0,0,False
AC019118.2,2.0,2,False
AC019118.3,0.0,0,False
AC019118.4,0.0,0,False
TSSC1,212.0,154,False
TRAPPC12,156.0,150,False
TRAPPC12-AS1,12.0,12,False
RP11-1293J14.1,0.0,0,False
ADI1,552.0,428,False
AC142528.1,11.0,11,False
AC108488.4,6.0,6,False
RP13-512J5.1,0.0,0,False
RNASEH1,147.0,137,False
RNASEH1-AS1,62.0,58,False
RPS7,25642.0,2671,False
COLEC11,0.0,0,False
AC010907.2,0.0,0,False
ALLC,0.0,0,False
AC010907.5,0.0,0,False
DCDC2C,0.0,0,False
AC019172.2,0.0,0,False
AC107070.1,0.0,0,False
AC012445.1,0.0,0,False
AC022311.1,0.0,0,False
AC107057.1,0.0,0,False
AC107057.2,0.0,0,False
AC108025.2,0.0,0,False
SOX11,0.0,0,False
AC010729.2,0.0,0,False
AC010729.3,0.0,0,False
DKFZP761K2322,0.0,0,False
AC017053.1,0.0,0,False
AC105253.1,0.0,0,False
AC021021.2,0.0,0,False
hsa-mir-7515,0.0,0,False
LINC00487,0.0,0,False
AC017076.5,1.0,1,False
CMPK2,191.0,166,False
RSAD2,170.0,151,False
RP11-439M11.1,0.0,0,False
RNF144A,31.0,30,False
AC019048.1,0.0,0,False
RP11-557L19.1,0.0,0,False
AC092580.3,0.0,0,False
AC092580.4,147.0,129,False
AC007463.2,0.0,0,False
LINC00298,1.0,1,False
LINC00299,4.0,4,False
U91324.1,0.0,0,False
AC011747.3,0.0,0,False
AC011747.4,4.0,4,False
AC011747.6,0.0,0,False
AC011747.7,2.0,2,False
ID2,2268.0,1040,False
RP11-434B12.1,2.0,2,False
KIDINS220,94.0,94,False
MBOAT2,8.0,8,False
RP11-734K21.5,0.0,0,False
RP11-734K21.3,0.0,0,False
RP11-734K21.4,0.0,0,False
ASAP2,6.0,5,False
ITGB1BP1,520.0,441,False
CPSF3,84.0,83,False
IAH1,494.0,434,False
ADAM17,51.0,48,False
RP11-400L8.2,0.0,0,False
RP11-214N9.1,11.0,10,False
YWHAQ,1053.0,774,False
RP11-521D12.1,0.0,0,False
RP11-521D12.2,0.0,0,False
RP11-521D12.5,1.0,1,False
TAF1B,64.0,61,False
RP11-95D17.1,4.0,4,False
GRHL1,1.0,1,False
AC010969.1,0.0,0,False
RP11-254F7.1,1.0,1,False
RP11-254F7.2,26.0,25,False
KLF11,86.0,63,False
RP11-254F7.3,1.0,1,False
CYS1,0.0,0,False
AC104794.4,0.0,0,False
RP11-254F7.4,1.0,1,False
RRM2,50.0,12,False
C2orf48,2.0,2,False
HPCAL1,418.0,374,False
ODC1,416.0,275,False
RP11-320M2.1,1.0,1,False
AC007249.3,0.0,0,False
NOL10,70.0,69,False
AC092687.5,0.0,0,False
RN7SL832P,21.0,21,False
AC092687.3,0.0,0,False
ATP6V1C2,11.0,11,False
RP11-791G15.2,3.0,3,False
PDIA6,832.0,644,False
AC092687.4,0.0,0,False
RP11-245G13.2,2.0,2,False
KCNF1,0.0,0,False
AC062028.1,0.0,0,False
C2orf50,0.0,0,False
PQLC3,293.0,267,False
ROCK2,20.0,20,False
AC099344.2,0.0,0,False
AC099344.3,0.0,0,False
LINC00570,0.0,0,False
E2F6,25.0,25,False
AC099344.1,0.0,0,False
GREB1,1.0,1,False
NTSR2,0.0,0,False
LPIN1,210.0,160,False
AC012456.3,0.0,0,False
AC012456.4,0.0,0,False
AC096559.1,1.0,1,False
AC096559.2,0.0,0,False
RP11-333O1.1,0.0,0,False
TRIB2,113.0,108,False
AC092635.1,0.0,0,False
LINC00276,0.0,0,False
AC016730.1,0.0,0,False
AC011897.2,0.0,0,False
FAM84A,0.0,0,False
AC011897.1,0.0,0,False
AC068286.1,0.0,0,False
NBAS,52.0,50,False
AC008278.2,0.0,0,False
DDX1,210.0,167,False
AC008278.3,0.0,0,False
AC008271.1,0.0,0,False
AC113608.1,0.0,0,False
MYCNUN,0.0,0,False
MYCNOS,0.0,0,False
MYCN,0.0,0,False
AC010145.4,0.0,0,False
AC130710.1,0.0,0,False
AC142119.1,0.0,0,False
AC010745.1,0.0,0,False
AC010745.2,0.0,0,False
AC010745.3,0.0,0,False
AC010745.4,0.0,0,False
AC010880.1,0.0,0,False
AC104623.2,0.0,0,False
FAM49A,151.0,135,False
AC008069.1,0.0,0,False
AC080094.1,0.0,0,False
RAD51AP2,0.0,0,False
VSNL1,0.0,0,False
SMC6,64.0,63,False
GEN1,4.0,4,False
MSGN1,0.0,0,False
KCNS3,0.0,0,False
RP11-111J6.2,3.0,3,False
RDH14,295.0,222,False
NT5C1B-RDH14,0.0,0,False
NT5C1B,0.0,0,False
AC106053.1,0.0,0,False
AC092594.1,0.0,0,False
OSR1,0.0,0,False
AC010096.1,0.0,0,False
AC010096.2,0.0,0,False
AC019055.1,0.0,0,False
LINC00954,59.0,57,False
TTC32,85.0,83,False
RP11-79O8.1,1.0,1,False
WDR35,10.0,10,False
AC079145.4,0.0,0,False
MATN3,0.0,0,False
LAPTM4A,747.0,599,False
RP11-644K8.1,0.0,0,False
AC098828.2,0.0,0,False
SDC1,0.0,0,False
PUM2,76.0,73,False
RHOB,506.0,346,False
AC023137.2,0.0,0,False
AC012065.4,0.0,0,False
HS1BP3,64.0,64,False
RP11-130L8.2,0.0,0,False
GDF7,0.0,0,False
AC012065.7,1.0,1,False
RP11-130L8.1,1.0,1,False
C2orf43,43.0,42,False
AC012361.1,0.0,0,False
RP11-116D2.1,0.0,0,False
APOB,0.0,0,False
TDRD15,0.0,0,False
AC067959.1,0.0,0,False
AC011752.1,0.0,0,False
AC009411.2,0.0,0,False
AC009411.1,0.0,0,False
AC018742.1,0.0,0,False
AC068490.2,0.0,0,False
AC068490.1,0.0,0,False
AC096570.2,0.0,0,False
AC096570.1,0.0,0,False
AC016768.1,0.0,0,False
AC012506.1,0.0,0,False
AC012506.2,0.0,0,False
AC012506.3,0.0,0,False
AC012506.4,0.0,0,False
KLHL29,3.0,3,False
AC011239.1,0.0,0,False
ATAD2B,31.0,30,False
UBXN2A,90.0,86,False
MFSD2B,6.0,6,False
C2orf44,6.0,6,False
FKBP1B,13.0,13,False
SF3B14,635.0,542,False
FAM228B,72.0,68,False
TP53I3,27.0,26,False
PFN4,1.0,1,False
RP11-507M3.1,0.0,0,False
AC008073.7,0.0,0,False
FAM228A,3.0,3,False
AC008073.9,0.0,0,False
ITSN2,338.0,264,False
AC009228.1,2.0,2,False
NCOA1,105.0,100,False
PTRHD1,437.0,352,False
CENPO,11.0,10,False
ADCY3,13.0,13,False
RP11-443B20.1,0.0,0,False
DNAJC27,5.0,5,False
DNAJC27-AS1,17.0,17,False
EFR3B,0.0,0,False
RP11-509E16.1,0.0,0,False
POMC,175.0,169,False
AC012457.2,0.0,0,False
RP11-458N5.1,1.0,1,False
DNMT3A,74.0,60,False
AC012074.2,3.0,3,False
DTNB,58.0,57,False
AC104699.1,3.0,3,False
ASXL2,95.0,72,False
KIF3C,43.0,7,False
AC013449.1,4.0,4,False
RAB10,503.0,403,False
GAREML,7.0,7,False
HADHA,686.0,562,False
HADHB,432.0,382,False
GPR113,1.0,1,False
EPT1,19.0,19,False
DRC1,0.0,0,False
OTOF,7.0,6,False
C2orf70,0.0,0,False
CIB4,0.0,0,False
AC015977.6,0.0,0,False
KCNK3,0.0,0,False
SLC35F6,36.0,36,False
CENPA,6.0,5,False
DPYSL5,0.0,0,False
AC013472.4,0.0,0,False
MAPRE3,23.0,23,False
TMEM214,81.0,77,False
AGBL5,22.0,22,False
AGBL5-AS1,1.0,1,False
RP11-503P10.1,0.0,0,False
RP11-195B17.1,1.0,1,False
OST4,2454.0,1519,False
EMILIN1,0.0,0,False
KHK,31.0,28,False
CGREF1,0.0,0,False
ABHD1,5.0,5,False
PREB,144.0,137,False
C2orf53,0.0,0,False
TCF23,0.0,0,False
SLC5A6,52.0,51,False
ATRAID,936.0,740,False
CAD,18.0,18,False
SLC30A3,0.0,0,False
DNAJC5G,0.0,0,False
TRIM54,3.0,3,False
UCN,0.0,0,False
MPV17,204.0,169,False
GTF3C2,47.0,47,False
AC109828.1,1.0,1,False
AC074117.10,6.0,6,False
EIF2B4,89.0,86,False
SNX17,778.0,590,False
ZNF513,8.0,8,False
PPM1G,520.0,434,False
NRBP1,247.0,229,False
KRTCAP3,27.0,27,False
IFT172,8.0,8,False
FNDC4,0.0,0,False
GCKR,2.0,2,False
AC109829.1,0.0,0,False
C2orf16,1.0,1,False
ZNF512,52.0,50,False
CCDC121,6.0,6,False
GPN1,154.0,146,False
SUPT7L,90.0,89,False
SLC4A1AP,75.0,70,False
AC074091.13,0.0,0,False
MRPL33,337.0,311,False
AC110084.1,0.0,0,False
RBKS,49.0,48,False
BRE,210.0,196,False
AC093690.1,2.0,2,False
AC104695.3,1.0,1,False
FOSL2,117.0,89,False
RP11-373D23.3,0.0,0,False
AC104695.4,0.0,0,False
PLB1,14.0,14,False
AC074011.2,0.0,0,False
AC097724.3,1.0,1,False
PPP1CB,220.0,207,False
SPDYA,4.0,4,False
RP11-713D19.1,0.0,0,False
TRMT61B,92.0,90,False
WDR43,106.0,100,False
FAM179A,6.0,6,False
C2orf71,0.0,0,False
AC105398.3,0.0,0,False
CLIP4,61.0,58,False
ALK,0.0,0,False
AC106870.1,0.0,0,False
AC106870.2,0.0,0,False
AC016907.3,1.0,1,False
YPEL5,1280.0,902,False
LBH,527.0,451,False
AC109642.1,0.0,0,False
LCLAT1,47.0,45,False
CAPN13,0.0,0,False
GALNT14,1.0,1,False
AC009305.1,0.0,0,False
CAPN14,1.0,1,False
EHD3,13.0,12,False
XDH,0.0,0,False
AL133247.2,0.0,0,False
AL133249.1,0.0,0,False
RP11-1057B6.1,0.0,0,False
MEMO1,38.0,38,False
DPY30,483.0,408,False
CTC-336P14.1,0.0,0,False
SPAST,31.0,30,False
RP11-563N4.1,21.0,21,False
SLC30A6,21.0,21,False
NLRC4,27.0,23,False
YIPF4,313.0,287,False
AL133245.2,12.0,12,False
BIRC6,175.0,168,False
BIRC6-AS1,0.0,0,False
TTC27,62.0,61,False
LINC00486,0.0,0,False
AL121656.5,0.0,0,False
LTBP1,2.0,2,False
RASGRP3,42.0,40,False
AC020594.5,0.0,0,False
FAM98A,82.0,35,False
AC009499.1,0.0,0,False
AC009499.2,0.0,0,False
AC073218.1,0.0,0,False
AC073218.2,0.0,0,False
RP11-529E15.1,0.0,0,False
AC073218.3,0.0,0,False
AC012593.1,0.0,0,False
AC019064.1,0.0,0,False
RP11-490M8.1,3.0,3,False
CRIM1,3.0,3,False
RP11-78I14.1,2.0,2,False
AC007401.2,1.0,1,False
FEZ2,128.0,123,False
VIT,13.0,11,False
AC007382.1,0.0,0,False
STRN,38.0,35,False
HEATR5B,54.0,53,False
GPATCH11,34.0,33,False
EIF2AK2,313.0,295,False
SULT6B1,0.0,0,False
CEBPZ-AS1,213.0,197,False
CEBPZ,187.0,179,False
NDUFAF7,77.0,68,False
PRKD3,69.0,69,False
AC007391.2,0.0,0,False
QPCT,155.0,130,False
AC006369.2,60.0,59,False
CDC42EP3,444.0,335,False
AC006369.3,0.0,0,False
LINC00211,7.0,7,False
RMDN2,37.0,36,False
RMDN2-AS1,0.0,0,False
CYP1B1,16.0,15,False
CYP1B1-AS1,2.0,2,False
AC009229.6,0.0,0,False
RP11-314C9.2,0.0,0,False
AC009229.5,0.0,0,False
ATL2,32.0,31,False
AC016995.3,0.0,0,False
AC093822.1,0.0,0,False
HNRNPLL,92.0,89,False
AC011247.3,0.0,0,False
GALM,156.0,137,False
AC074366.3,1.0,1,False
SRSF7,2254.0,1309,False
GEMIN6,95.0,93,False
DHX57,42.0,41,False
AC018693.6,0.0,0,False
MORN2,29.0,28,False
ARHGEF33,0.0,0,False
AC019171.1,0.0,0,False
SOS1,44.0,42,False
CDKL4,0.0,0,False
MAP4K3,8.0,8,False
AC007246.3,17.0,17,False
TMEM178A,0.0,0,False
THUMPD2,36.0,35,False
SLC8A1-AS1,2.0,2,False
SLC8A1,14.0,14,False
AC007377.1,0.0,0,False
AC007317.1,0.0,0,False
AC104654.1,0.0,0,False
AC104654.2,0.0,0,False
C2orf91,0.0,0,False
AC013480.2,0.0,0,False
PKDCC,0.0,0,False
AC083949.1,5.0,5,False
EML4,273.0,255,False
COX7A2L,1752.0,1185,False
KCNG3,0.0,0,False
MTA3,38.0,36,False
OXER1,2.0,2,False
HAAO,18.0,17,False
AC016735.1,0.0,0,False
AC016735.2,0.0,0,False
AC016735.3,0.0,0,False
AC093609.1,7.0,7,False
THADA,58.0,56,False
ZFP36L2,3983.0,1753,False
AC010883.5,19.0,18,False
PLEKHH2,4.0,4,False
DYNC2LI1,44.0,39,False
ABCG5,0.0,0,False
ABCG8,0.0,0,False
LRPPRC,101.0,95,False
RP11-559M23.1,4.0,4,False
PPM1B,216.0,192,False
SLC3A1,3.0,3,False
PREPL,64.0,60,False
CAMKMT,56.0,56,False
RP11-89K21.1,0.0,0,False
SIX3-AS1,0.0,0,False
SIX3,0.0,0,False
AC012354.6,0.0,0,False
SIX2,0.0,0,False
AC093702.1,0.0,0,False
AC009236.2,0.0,0,False
SRBD1,70.0,66,False
PRKCE,21.0,19,False
U51244.2,0.0,0,False
AC017006.2,0.0,0,False
AC017006.3,0.0,0,False
EPAS1,0.0,0,False
AC016912.3,0.0,0,False
TMEM247,0.0,0,False
ATP6V1E2,39.0,37,False
RP11-417F21.2,0.0,0,False
RHOQ,36.0,36,False
RP11-417F21.1,3.0,3,False
PIGF,129.0,104,False
CRIPT,110.0,107,False
SOCS5,26.0,26,False
RP11-333I13.1,0.0,0,False
LINC01118,1.0,1,False
LINC01119,4.0,3,False
AC016722.3,0.0,0,False
AC016722.4,1.0,1,False
MCFD2,94.0,76,False
TTC7A,90.0,88,False
RP11-15I20.1,0.0,0,False
AC093732.1,1.0,1,False
C2orf61,0.0,0,False
RP11-761B3.1,0.0,0,False
AC073283.7,6.0,6,False
CALM2,2821.0,1450,False
AC073283.4,0.0,0,False
AC106869.2,0.0,0,False
BCYRN1,1.0,1,False
EPCAM,0.0,0,False
MSH2,65.0,62,False
AC138655.6,0.0,0,False
KCNK12,20.0,19,False
AC138655.4,0.0,0,False
AC138655.1,1.0,1,False
MSH6,36.0,36,False
FBXO11,67.0,65,False
AC079807.2,5.0,5,False
AC079807.4,0.0,0,False
FOXN2,56.0,54,False
RP11-191L17.1,5.0,5,False
PPP1R21,93.0,89,False
STON1,6.0,6,False
STON1-GTF2A1L,0.0,0,False
GTF2A1L,0.0,0,False
LHCGR,0.0,0,False
FSHR,0.0,0,False
NRXN1,0.0,0,False
AC007682.1,0.0,0,False
AC007680.2,0.0,0,False
AC087073.1,0.0,0,False
AC139712.4,0.0,0,False
AC010967.2,0.0,0,False
AC010967.3,0.0,0,False
GPR75-ASB3,41.0,41,False
ASB3,0.0,0,False
CHAC2,35.0,33,False
ERLEC1,153.0,142,False
GPR75,2.0,2,False
PSME4,52.0,50,False
ACYP2,193.0,176,False
RP11-477N3.1,3.0,3,False
TSPYL6,0.0,0,False
C2orf73,0.0,0,False
SPTBN1,123.0,113,False
AC092839.3,0.0,0,False
AC092839.4,0.0,0,False
AC093110.3,0.0,0,False
EML6,9.0,8,False
AC104781.1,0.0,0,False
RTN4,902.0,647,False
CLHC1,2.0,2,False
AC012358.7,0.0,0,False
RPS27A,31447.0,2624,False
MTIF2,122.0,68,False
CCDC88A,90.0,82,False
AC012358.8,11.0,11,False
CCDC104,232.0,203,False
SMEK2,174.0,165,False
RP11-554J4.1,31.0,28,False
PNPT1,119.0,110,False
EFEMP1,0.0,0,False
RP11-481J13.1,0.0,0,False
AC011306.2,0.0,0,False
AC011306.1,0.0,0,False
AC007743.1,0.0,0,False
CCDC85A,0.0,0,False
VRK2,103.0,97,False
FANCL,36.0,36,False
RP11-334G22.1,1.0,1,False
AC007250.4,0.0,0,False
LINC01122,1.0,1,False
AC007131.1,0.0,0,False
RP11-444A22.1,0.0,0,False
AC007131.2,0.0,0,False
AC007179.1,0.0,0,False
AC007381.3,2.0,2,False
AC007381.2,0.0,0,False
BCL11A,58.0,52,False
AC009970.1,0.0,0,False
PAPOLG,46.0,45,False
AC010733.4,0.0,0,False
REL,335.0,292,False
PUS10,25.0,23,False
PEX13,67.0,64,False
KIAA1841,17.0,17,False
C2orf74,34.0,32,False
RP11-493E12.1,0.0,0,False
AHSA2,69.0,68,False
USP34,104.0,102,False
RP11-355B11.2,9.0,9,False
XPO1,137.0,129,False
FAM161A,7.0,7,False
CCT4,697.0,564,False
AC107081.5,4.0,4,False
COMMD1,321.0,290,False
AC018462.2,2.0,2,False
B3GNT2,83.0,79,False
AC093159.1,0.0,0,False
TMEM17,2.0,2,False
AC092155.4,0.0,0,False
EHBP1,44.0,43,False
AC007098.1,0.0,0,False
AC009501.4,5.0,4,False
OTX1,0.0,0,False
WDPCP,19.0,19,False
MDH1,751.0,635,False
UGP2,604.0,500,False
VPS54,11.0,10,False
AC012368.1,0.0,0,False
PELI1,135.0,117,False
AC074289.1,31.0,31,False
LINC00309,9.0,8,False
AC114752.1,0.0,0,False
AC114752.3,0.0,0,False
AC008074.3,0.0,0,False
LGALSL,16.0,6,False
AC008074.4,0.0,0,False
RP11-568N6.1,4.0,4,False
AFTPH,110.0,99,False
AC007365.1,0.0,0,False
SERTAD2,93.0,88,False
AC007365.3,0.0,0,False
AC007880.1,6.0,6,False
AC007386.2,6.0,6,False
SLC1A4,25.0,25,False
AC007386.4,0.0,0,False
CEP68,119.0,77,False
RAB1A,311.0,287,False
ACTR2,644.0,520,False
SPRED2,0.0,0,False
AC074391.1,0.0,0,False
AC012370.3,0.0,0,False
AC007389.3,0.0,0,False
RP11-340F16.1,0.0,0,False
AC118345.1,0.0,0,False
AC092669.6,0.0,0,False
AC092669.2,0.0,0,False
AC092669.3,0.0,0,False
MEIS1-AS3,0.0,0,False
MEIS1,3.0,3,False
MEIS1-AS2,0.0,0,False
AC092669.1,0.0,0,False
AC007392.3,0.0,0,False
AC007392.4,0.0,0,False
AC007403.2,0.0,0,False
AC007403.1,0.0,0,False
AC007403.3,0.0,0,False
AC023115.2,0.0,0,False
AC023115.1,0.0,0,False
AC078941.1,1.0,1,False
AC023115.4,0.0,0,False
ETAA1,27.0,26,False
AC007422.1,0.0,0,False
AC010987.5,0.0,0,False
AC010987.6,0.0,0,False
C1D,226.0,213,False
WDR92,35.0,34,False
RP11-474G23.1,0.0,0,False
PNO1,150.0,128,False
PPP3R1,149.0,143,False
RP11-474G23.2,9.0,9,False
RP11-474G23.3,17.0,17,False
CNRIP1,6.0,5,False
AC015969.3,0.0,0,False
PLEK,601.0,457,False
FBXO48,18.0,17,False
APLF,17.0,17,False
PROKR1,0.0,0,False
ARHGAP25,327.0,293,False
AC097495.2,2.0,2,False
AC097495.3,0.0,0,False
BMP10,0.0,0,False
GKN2,0.0,0,False
GKN1,0.0,0,False
ANTXR1,0.0,0,False
GFPT1,47.0,45,False
NFU1,278.0,218,False
RP11-427H3.3,75.0,71,False
AAK1,441.0,392,False
ANXA4,332.0,271,False
AC092431.3,0.0,0,False
GMCL1,144.0,139,False
SNRNP27,189.0,158,False
MXD1,86.0,83,False
AC019206.1,0.0,0,False
ASPRV1,1.0,1,False
PCBP1-AS1,109.0,106,False
PCBP1,1951.0,1229,False
AC016700.2,0.0,0,False
AC016700.5,6.0,6,False
C2orf42,35.0,34,False
TIA1,168.0,164,False
PCYOX1,48.0,47,False
SNRPG,441.0,380,False
FAM136A,187.0,177,False
AC022201.5,3.0,2,False
AC022201.4,0.0,0,False
TGFA,2.0,2,False
ADD2,3.0,3,False
AC007395.3,0.0,0,False
FIGLA,0.0,0,False
CLEC4F,2.0,2,False
CD207,0.0,0,False
LINC01143,0.0,0,False
VAX2,0.0,0,False
ATP6V1B1,0.0,0,False
AC007040.11,0.0,0,False
AC007040.7,0.0,0,False
ANKRD53,1.0,1,False
TEX261,72.0,69,False
AC007040.6,2.0,2,False
AC007040.8,0.0,0,False
NAGK,404.0,334,False
RP11-467P9.1,4.0,4,False
MCEE,103.0,100,False
MPHOSPH10,287.0,218,False
PAIP2B,31.0,28,False
ZNF638,106.0,104,False
DYSF,10.0,9,False
CYP26B1,0.0,0,False
EXOC6B,14.0,14,False
SPR,3.0,3,False
EMX1,0.0,0,False
SFXN5,50.0,50,False
RAB11FIP5,8.0,8,False
NOTO,0.0,0,False
SMYD5,20.0,20,False
PRADC1,127.0,115,False
CCT7,736.0,521,False
FBXO41,32.0,23,False
EGR4,0.0,0,False
ALMS1,22.0,22,False
NAT8,0.0,0,False
TPRKB,200.0,175,False
RP11-434P11.2,0.0,0,False
DUSP11,257.0,235,False
C2orf78,0.0,0,False
STAMBP,173.0,112,False
ACTG2,1.0,1,False
DGUOK,819.0,648,False
DGUOK-AS1,5.0,5,False
AC073046.25,0.0,0,False
RP11-711M9.1,0.0,0,False
TET3,24.0,23,False
MGC10955,2.0,2,False
BOLA3,197.0,155,False
BOLA3-AS1,7.0,6,False
MOB1A,683.0,529,False
CATX-2,0.0,0,False
MTHFD2,240.0,204,False
RP11-287D1.3,0.0,0,False
SLC4A5,4.0,4,False
DCTN1,84.0,81,False
DCTN1-AS1,1.0,1,False
C2orf81,11.0,11,False
WDR54,220.0,202,False
RTKN,3.0,3,False
INO80B,23.0,23,False
WBP1,24.0,24,False
MOGS,68.0,66,False
MRPL53,259.0,236,False
CCDC142,13.0,12,False
TTC31,51.0,51,False
LBX2,1.0,1,False
AC005041.17,0.0,0,False
RP11-523H20.3,0.0,0,False
LBX2-AS1,8.0,8,False
PCGF1,112.0,94,False
TLX2,0.0,0,False
DQX1,0.0,0,False
AUP1,535.0,462,False
HTRA2,128.0,125,False
LOXL3,14.0,14,False
DOK1,128.0,119,False
M1AP,0.0,0,False
SEMA4F,6.0,5,False
RP11-259N19.1,0.0,0,False
HK2,21.0,20,False
AC104135.3,1.0,1,False
AC104135.2,0.0,0,False
AC104135.4,0.0,0,False
POLE4,675.0,516,False
TACR1,0.0,0,False
RP11-355F16.1,0.0,0,False
EVA1A,0.0,0,False
AC007099.2,0.0,0,False
AC007099.1,0.0,0,False
MRPL19,267.0,210,False
GCFC2,93.0,92,False
RP11-342K6.1,5.0,5,False
RP11-342K6.3,0.0,0,False
RP11-342K6.4,0.0,0,False
LRRTM4,0.0,0,False
AC079117.1,0.0,0,False
AC084149.2,0.0,0,False
AC084149.1,0.0,0,False
AC073628.1,0.0,0,False
AC012494.1,0.0,0,False
AC092660.1,0.0,0,False
REG3G,0.0,0,False
REG1B,0.0,0,False
REG1A,0.0,0,False
REG3A,0.0,0,False
CTNNA2,0.0,0,False
AC010975.1,0.0,0,False
AC016716.2,0.0,0,False
LRRTM1,0.0,0,False
AC008067.2,0.0,0,False
AC084193.1,0.0,0,False
AC012075.2,0.0,0,False
AC079896.1,0.0,0,False
AC010105.1,0.0,0,False
AC010744.1,0.0,0,False
AC106874.1,0.0,0,False
SUCLG1,566.0,465,False
DNAH6,6.0,6,False
TRABD2A,337.0,257,False
AC022210.1,0.0,0,False
TMSB10,37306.0,2681,False
KCMF1,87.0,82,False
RP11-60H5.1,0.0,0,False
TCF7L1,0.0,0,False
TGOLN2,534.0,432,False
RETSAT,32.0,32,False
ELMOD3,86.0,84,False
RP11-717A5.2,0.0,0,False
CAPG,940.0,620,False
SH2D6,0.0,0,False
MAT2A,195.0,171,False
GGCX,85.0,83,False
VAMP8,2412.0,1362,False
VAMP5,914.0,603,False
RNF181,777.0,585,False
TMEM150A,52.0,50,False
USP39,115.0,110,False
C2orf68,101.0,98,False
SFTPB,0.0,0,False
GNLY,4250.0,484,False
ATOH8,2.0,2,False
AC105053.3,0.0,0,False
ST3GAL5,140.0,128,False
AC105053.4,2.0,2,False
RP11-548P2.2,2.0,2,False
POLR1A,27.0,27,False
PTCD3,107.0,104,False
IMMT,187.0,178,False
RP11-301O19.1,21.0,18,False
MRPL35,97.0,93,False
REEP1,1.0,1,False
KDM3A,47.0,46,False
CHMP3,538.0,464,False
RNF103-CHMP3,0.0,0,False
AC015971.2,3.0,3,False
RNF103,21.0,21,False
RMND5A,97.0,80,False
CD8A,499.0,321,False
CD8B,716.0,340,False
AC111200.1,0.0,0,False
RGPD1,0.0,0,False
PLGLB1,3.0,3,False
LINC00152,327.0,261,False
RP11-1399P15.1,79.0,64,False
PLGLB2,2.0,2,False
RGPD2,4.0,4,False
KRCC1,265.0,247,False
SMYD1,0.0,0,False
FABP1,0.0,0,False
THNSL2,6.0,6,False
TEX37,0.0,0,False
AC104134.2,0.0,0,False
EIF2AK3,18.0,18,False
AC062029.1,20.0,20,False
RPIA,341.0,299,False
CH17-132F21.1,1.0,1,False
RP11-685N3.1,0.0,0,False
RP11-575H3.1,0.0,0,False
TEKT4,2.0,2,False
AC103563.8,7.0,7,False
MAL,529.0,355,False
AC103563.9,0.0,0,False
MRPS5,315.0,288,False
ZNF514,37.0,36,False
ZNF2,11.0,11,False
AC092835.2,1.0,1,False
PROM2,0.0,0,False
KCNIP3,0.0,0,False
FAHD2A,67.0,65,False
RP11-440D17.3,2.0,2,False
RP11-440D17.4,1.0,1,False
TRIM43,0.0,0,False
AC008268.1,0.0,0,False
LINC00342,14.0,14,False
ANKRD36C,100.0,78,False
GPAT2,21.0,21,False
ADRA2B,0.0,0,False
ASTL,0.0,0,False
DUSP2,1100.0,697,False
AC012307.2,0.0,0,False
STARD7,277.0,251,False
TMEM127,105.0,100,False
CIAO1,152.0,144,False
SNRNP200,270.0,248,False
AC021188.4,7.0,7,False
ITPRIPL1,10.0,10,False
NCAPH,4.0,4,False
RP11-363D14.1,1.0,1,False
ARID5A,350.0,311,False
KANSL3,45.0,45,False
LMAN2L,34.0,34,False
CNNM4,5.0,5,False
RP11-353K11.1,0.0,0,False
CNNM3,19.0,19,False
ANKRD23,4.0,4,False
ANKRD39,135.0,133,False
SEMA4C,13.0,13,False
FAM178B,4.0,4,False
FAHD2B,29.0,29,False
ANKRD36,77.0,75,False
AC159540.3,0.0,0,False
AC159540.1,8.0,8,False
AC159540.2,0.0,0,False
COX5B,2312.0,1351,False
ACTR1B,276.0,219,False
LINC01125,2.0,2,False
ZAP70,468.0,383,False
TMEM131,46.0,42,False
VWA3B,0.0,0,False
AC092675.3,0.0,0,False
CNGA3,0.0,0,False
INPP4A,165.0,157,False
COA5,196.0,180,False
UNC50,213.0,203,False
MGAT4A,384.0,342,False
AC109826.1,22.0,20,False
KIAA1211L,3.0,3,False
TSGA10,46.0,44,False
C2orf15,1.0,1,False
C2ORF15,14.0,14,False
LIPT1,67.0,66,False
MRPL30,3.0,3,False
MITD1,255.0,231,False
MRPL30-1,2.0,2,False
LYG2,2.0,2,False
LYG1,3.0,3,False
TXNDC9,224.0,205,False
EIF5B,487.0,394,False
REV1,107.0,103,False
RP11-527J8.1,0.0,0,False
AFF3,71.0,68,False
AC092667.2,5.0,5,False
LINC01104,0.0,0,False
LONRF2,0.0,0,False
AC012493.2,0.0,0,False
CHST10,8.0,8,False
NMS,0.0,0,False
PDCL3,363.0,333,False
AC068538.4,0.0,0,False
AC092168.3,0.0,0,False
AC092168.4,0.0,0,False
NPAS2,3.0,3,False
AC016738.3,0.0,0,False
AC016738.4,0.0,0,False
RPL31,20014.0,2622,False
TBC1D8,33.0,29,False
RP11-299H21.1,1.0,1,False
CNOT11,75.0,74,False
RNF149,470.0,384,False
CREG2,0.0,0,False
RFX8,0.0,0,False
AC092570.2,0.0,0,False
MAP4K4,120.0,116,False
FLJ20373,0.0,0,False
IL1R2,6.0,5,False
IL1R1,2.0,2,False
AC007271.3,0.0,0,False
IL1RL2,4.0,4,False
IL1RL1,1.0,1,False
IL18R1,38.0,38,False
IL18RAP,46.0,38,False
SLC9A4,0.0,0,False
SLC9A2,0.0,0,False
MFSD9,18.0,18,False
TMEM182,15.0,15,False
AC007251.2,0.0,0,False
AC108051.1,0.0,0,False
AC108051.2,0.0,0,False
AC108051.3,0.0,0,False
AC073987.1,0.0,0,False
AC013727.1,0.0,0,False
AC013727.2,0.0,0,False
RP11-76I14.1,0.0,0,False
AC096554.1,0.0,0,False
AC068535.2,0.0,0,False
AC068535.3,0.0,0,False
LINC01102,0.0,0,False
LINC01103,0.0,0,False
AC013402.4,0.0,0,False
AC013402.3,0.0,0,False
AC013402.5,0.0,0,False
AC068057.1,0.0,0,False
LINC01114,0.0,0,False
LINC01158,0.0,0,False
POU3F3,0.0,0,False
AC018730.4,0.0,0,False
LINC01159,0.0,0,False
AC010884.1,0.0,0,False
MRPS9,181.0,174,False
AC104655.2,0.0,0,False
AC104655.3,3.0,3,False
GPR45,0.0,0,False
RP11-332H14.1,0.0,0,False
AC012360.1,0.0,0,False
TGFBRAP1,39.0,25,False
AC012360.2,0.0,0,False
AC012360.4,6.0,6,False
RP11-332H14.2,31.0,30,False
C2orf49,86.0,82,False
FHL2,2.0,2,False
AC012360.6,0.0,0,False
NCK2,141.0,130,False
AC009505.2,2.0,2,False
AC009505.4,0.0,0,False
C2orf40,18.0,17,False
UXS1,267.0,214,False
AC018878.3,0.0,0,False
RGPD3,0.0,0,False
AC108868.1,0.0,0,False
AC108868.5,0.0,0,False
AC108868.6,0.0,0,False
ST6GAL2,0.0,0,False
AC016994.2,0.0,0,False
AC006227.1,0.0,0,False
AC096669.1,0.0,0,False
AC096669.2,0.0,0,False
AC096669.3,0.0,0,False
GACAT1,0.0,0,False
RGPD4-AS1,0.0,0,False
RGPD4,0.0,0,False
SLC5A7,0.0,0,False
AC023672.2,0.0,0,False
AC019100.3,0.0,0,False
SULT1C3,0.0,0,False
SULT1C2,2.0,2,False
SULT1C4,0.0,0,False
GCC2,330.0,311,False
AC012487.2,2.0,2,False
LIMS1,553.0,420,False
AC010095.5,0.0,0,False
RANBP2,81.0,80,False
CCDC138,14.0,14,False
EDAR,0.0,0,False
SH3RF3-AS1,1.0,1,False
SH3RF3,1.0,1,False
SEPT10,10.0,10,False
SOWAHC,0.0,0,False
RGPD5,0.0,0,False
LIMS3,0.0,0,False
LINC01123,0.0,0,False
MALL,0.0,0,False
NPHP1,3.0,3,False
LINC00116,255.0,240,False
RP11-1223D19.1,1.0,1,False
LINC01106,0.0,0,False
RP13-1039J1.2,0.0,0,False
LIMS3-1,1.0,1,False
RP13-1039J1.3,0.0,0,False
LIMS3L,0.0,0,False
RGPD6,0.0,0,False
AC123886.2,0.0,0,False
BUB1,1.0,1,False
AC114776.3,0.0,0,False
ACOXL,0.0,0,False
AC096670.3,0.0,0,False
BCL2L11,60.0,57,False
AC108463.1,0.0,0,False
MIR4435-1HG,210.0,172,False
RP11-181E10.3,0.0,0,False
AC068491.2,0.0,0,False
RP11-803D5.4,3.0,3,False
AC017002.1,3.0,3,False
AC017002.2,1.0,1,False
AC017002.4,0.0,0,False
ANAPC1,46.0,45,False
MERTK,7.0,7,False
TMEM87B,88.0,44,False
FBLN7,41.0,40,False
ZC3H8,106.0,101,False
ZC3H6,114.0,111,False
RGPD8,1.0,1,False
TTL,34.0,33,False
POLR1B,41.0,38,False
CHCHD5,464.0,395,False
AC012442.6,0.0,0,False
AC079922.3,31.0,31,False
SLC20A1,182.0,163,False
NT5DC4,1.0,1,False
CKAP2L,6.0,5,False
IL1A,0.0,0,False
IL1B,405.0,211,False
IL37,1.0,1,False
IL36G,0.0,0,False
IL36A,0.0,0,False
IL36B,0.0,0,False
IL36RN,0.0,0,False
IL1F10,0.0,0,False
IL1RN,59.0,55,False
PSD4,125.0,124,False
AC016683.5,3.0,3,False
PAX8,14.0,14,False
RP11-65I12.1,36.0,36,False
AC016745.3,0.0,0,False
RP11-480C16.1,0.0,0,False
CBWD2,135.0,132,False
AC016745.1,0.0,0,False
FOXD4L1,0.0,0,False
RP11-395L14.3,0.0,0,False
RP11-395L14.4,0.0,0,False
FAM138B,0.0,0,False
RABL2A,40.0,39,False
AC017074.1,0.0,0,False
AC017074.2,0.0,0,False
SLC35F5,34.0,34,False
AC024704.2,0.0,0,False
AC104653.1,2.0,2,False
RP11-141B14.1,39.0,5,False
ACTR3,1653.0,1108,False
AC010982.1,1.0,1,False
AC110769.3,1.0,1,False
AC010982.2,0.0,0,False
DPP10,0.0,0,False
DPP10-AS3,0.0,0,False
DPP10-AS2,0.0,0,False
DPP10-AS1,0.0,0,False
AC009312.1,0.0,0,False
DDX18,571.0,469,False
AC009404.2,5.0,5,False
CCDC93,54.0,53,False
AC009303.1,1.0,1,False
RP11-98C1.1,0.0,0,False
RP11-98C1.2,0.0,0,False
INSIG2,104.0,101,False
AC093901.1,3.0,2,False
RP11-19E11.1,0.0,0,False
EN1,0.0,0,False
MARCO,123.0,103,False
RP11-77A13.1,0.0,0,False
C1QL2,0.0,0,False
STEAP3,6.0,6,False
STEAP3-AS1,0.0,0,False
C2orf76,63.0,40,False
DBI,1341.0,956,False
TMEM37,0.0,0,False
SCTR,0.0,0,False
AC013275.2,0.0,0,False
PCDP1,0.0,0,False
TMEM177,31.0,20,False
PTPN4,256.0,216,False
EPB41L5,8.0,8,False
AC012363.4,0.0,0,False
TMEM185B,40.0,39,False
RALB,260.0,232,False
AC012363.13,0.0,0,False
INHBB,0.0,0,False
LINC01101,0.0,0,False
AC073257.2,0.0,0,False
AC073257.1,0.0,0,False
AC018866.1,0.0,0,False
GLI2,0.0,0,False
RP11-297J22.1,0.0,0,False
AC067960.1,0.0,0,False
AC079988.3,0.0,0,False
TFCP2L1,0.0,0,False
CLASP1,39.0,39,False
RP11-204L24.2,1.0,1,False
NIFK-AS1,106.0,105,False
NIFK,298.0,250,False
TSN,250.0,238,False
AC018737.3,0.0,0,False
AC062020.2,0.0,0,False
AC062020.1,0.0,0,False
AC073409.1,0.0,0,False
AC079154.1,0.0,0,False
CNTNAP5,0.0,0,False
AC097499.1,0.0,0,False
AC114813.1,0.0,0,False
AC023347.1,0.0,0,False
GYPC,1074.0,784,False
AC114783.1,0.0,0,False
RP11-521O16.1,1.0,1,False
RP11-521O16.2,0.0,0,False
BIN1,882.0,667,False
CYP27C1,0.0,0,False
ERCC3,77.0,74,False
MAP3K2,68.0,67,False
AC068282.3,0.0,0,False
PROC,3.0,3,False
IWS1,118.0,109,False
AC010976.2,1.0,1,False
MYO7B,20.0,20,False
RP11-286H15.1,1.0,1,False
LIMS2,41.0,37,False
GPR17,0.0,0,False
WDR33,345.0,311,False
SFT2D3,41.0,41,False
RP5-935K16.1,8.0,8,False
POLR2D,90.0,86,False
AMMECR1L,18.0,17,False
RP11-395A13.2,41.0,39,False
SAP130,35.0,35,False
UGGT1,38.0,36,False
HS6ST1,20.0,19,False
AC012451.1,0.0,0,False
AC068483.1,0.0,0,False
AC079586.1,0.0,0,False
AC079776.1,0.0,0,False
AC079776.3,0.0,0,False
RAB6C,1.0,1,False
POTEF,0.0,0,False
AC018804.3,0.0,0,False
CCDC74B,0.0,0,False
SMPD4,25.0,25,False
MZT2B,1449.0,1016,False
TUBA3E,0.0,0,False
CCDC115,557.0,434,False
IMP4,369.0,315,False
PTPN18,472.0,381,False
POTEI,0.0,0,False
AC013269.3,0.0,0,False
CFC1B,0.0,0,False
AC013269.4,0.0,0,False
AC013269.5,0.0,0,False
AC140481.2,2.0,2,False
AC140481.4,0.0,0,False
CFC1,0.0,0,False
POTEJ,0.0,0,False
GPR148,0.0,0,False
AC140481.8,0.0,0,False
AMER3,0.0,0,False
AC133785.1,0.0,0,False
ARHGEF4,4.0,4,False
FAM168B,54.0,54,False
PLEKHB2,179.0,159,False
POTEE,0.0,0,False
CYP4F31P,0.0,0,False
LINC01120,0.0,0,False
RP11-109E12.1,0.0,0,False
MZT2A,928.0,705,False
TUBA3D,0.0,0,False
CCDC74A,0.0,0,False
LINC01087,0.0,0,False
C2orf27A,3.0,3,False
C2orf27B,0.0,0,False
AC103564.7,0.0,0,False
AJ239322.3,0.0,0,False
AJ239322.1,0.0,0,False
RP1-156L9.1,0.0,0,False
ANKRD30BL,0.0,0,False
AC097532.2,0.0,0,False
RP11-725P16.2,0.0,0,False
GPR39,0.0,0,False
LYPD1,0.0,0,False
AC010974.3,0.0,0,False
NCKAP5,0.0,0,False
AC016909.1,0.0,0,False
AC011755.1,0.0,0,False
AC010890.1,0.0,0,False
AC011243.1,0.0,0,False
MGAT5,46.0,44,False
TMEM163,7.0,7,False
CCNT2-AS1,3.0,3,False
ACMSD,0.0,0,False
CCNT2,54.0,54,False
MAP3K19,0.0,0,False
RAB3GAP1,92.0,90,False
ZRANB3,37.0,16,False
R3HDM1,114.0,74,False
UBXN4,754.0,530,False
LCT,0.0,0,False
AC011893.3,3.0,3,False
MCM6,34.0,31,False
DARS,386.0,339,False
AC093391.2,7.0,7,False
AC068492.1,0.0,0,False
CXCR4,4140.0,1616,False
THSD7B,0.0,0,False
AC020601.1,0.0,0,False
HNMT,139.0,125,False
AC069394.1,0.0,0,False
AC097721.2,0.0,0,False
AC114763.1,0.0,0,False
SPOPL,20.0,20,False
RP11-231E19.1,1.0,1,False
AC092620.3,2.0,2,False
NXPH2,0.0,0,False
AC062021.1,0.0,0,False
AC016710.1,0.0,0,False
AC078851.1,0.0,0,False
AC073928.2,0.0,0,False
LRP1B,0.0,0,False
KYNU,162.0,134,False
ARHGAP15,979.0,744,False
RP11-190J23.1,0.0,0,False
AC096558.1,2.0,2,False
RP11-570L15.2,0.0,0,False
RP11-570L15.1,0.0,0,False
AC092652.1,0.0,0,False
RP11-434H14.1,0.0,0,False
CTD-2252P21.1,0.0,0,False
AC079584.2,0.0,0,False
AC016910.1,0.0,0,False
GTDC1,44.0,43,False
ZEB2,236.0,220,False
ZEB2-AS1,26.0,26,False
AC010090.1,0.0,0,False
TEX41,0.0,0,False
AC023128.1,0.0,0,False
RP11-514A9.1,0.0,0,False
AC064865.1,0.0,0,False
AC092484.1,0.0,0,False
AC079163.1,0.0,0,False
AC062031.1,0.0,0,False
AC103881.1,0.0,0,False
AC062032.1,0.0,0,False
ACVR2A,9.0,9,False
AC009480.3,0.0,0,False
ORC4,149.0,143,False
MBD5,40.0,40,False
EPC2,54.0,53,False
AC105402.4,0.0,0,False
KIF5C,9.0,9,False
LYPD6B,1.0,1,False
LYPD6,0.0,0,False
MMADHC,477.0,357,False
AC144449.1,1.0,1,False
AC007364.1,0.0,0,False
AC016682.1,0.0,0,False
AC113610.1,0.0,0,False
RND3,0.0,0,False
AC104777.2,0.0,0,False
AC104777.3,0.0,0,False
AC104777.1,0.0,0,False
AC104777.4,0.0,0,False
AC023469.2,0.0,0,False
AC023469.1,0.0,0,False
AC018731.3,0.0,0,False
RBM43,54.0,53,False
NMI,536.0,470,False
TNFAIP6,2.0,2,False
RIF1,71.0,68,False
NEB,3.0,3,False
ARL5A,643.0,546,False
CACNB4,1.0,1,False
AC079790.2,0.0,0,False
STAM2,21.0,21,False
FMNL2,12.0,12,False
PRPF40A,388.0,350,False
ARL6IP6,253.0,232,False
AC011901.2,0.0,0,False
AC079150.3,0.0,0,False
RPRM,0.0,0,False
GALNT13,0.0,0,False
AC009227.2,0.0,0,False
AC009227.3,0.0,0,False
AC061961.2,0.0,0,False
KCNJ3,0.0,0,False
AC092625.1,0.0,0,False
AC093375.1,0.0,0,False
NR4A2,704.0,540,False
GPD2,19.0,19,False
AC011308.1,0.0,0,False
GALNT5,0.0,0,False
ERMN,4.0,4,False
CYTIP,1409.0,915,False
ACVR1C,12.0,12,False
AC019186.1,0.0,0,False
ACVR1,30.0,30,False
UPP2,0.0,0,False
RP11-546J1.1,2.0,2,False
RP11-1152H14.1,2.0,2,False
CCDC148-AS1,0.0,0,False
CCDC148,0.0,0,False
PKP4,14.0,14,False
AC005042.4,0.0,0,False
AC005042.5,0.0,0,False
DAPL1,0.0,0,False
TANC1,2.0,2,False
WDSUB1,75.0,74,False
BAZ2B,94.0,88,False
AC008277.1,0.0,0,False
AC009506.1,14.0,13,False
AC009961.3,7.0,7,False
MARCH7,306.0,275,False
CD302,210.0,173,False
LY75,33.0,32,False
LY75-CD302,0.0,0,False
PLA2R1,0.0,0,False
ITGB6,2.0,2,False
RBMS1,403.0,352,False
AC009313.1,0.0,0,False
TANK,374.0,312,False
AC009299.2,1.0,1,False
AC009299.3,9.0,9,False
PSMD14,385.0,277,False
TBR1,0.0,0,False
AC009487.4,0.0,0,False
SLC4A10,37.0,32,False
DPP4,89.0,82,False
AC008063.2,0.0,0,False
AC008063.3,0.0,0,False
GCG,0.0,0,False
AC007750.5,0.0,0,False
FAP,0.0,0,False
IFIH1,102.0,97,False
GCA,506.0,350,False
KCNH7,0.0,0,False
AC007740.1,0.0,0,False
FIGN,0.0,0,False
AC092684.1,0.0,0,False
GRB14,0.0,0,False
COBLL1,28.0,27,False
AC019181.2,0.0,0,False
SLC38A11,6.0,6,False
AC013463.2,0.0,0,False
SCN3A,2.0,2,False
SCN2A,0.0,0,False
CSRNP3,0.0,0,False
GALNT3,19.0,19,False
AC009495.2,2.0,2,False
AC009495.4,0.0,0,False
AC009495.3,0.0,0,False
TTC21B,25.0,24,False
AC010127.3,0.0,0,False
SCN1A,0.0,0,False
SCN9A,3.0,2,False
SCN7A,0.0,0,False
XIRP2,0.0,0,False
XIRP2-AS1,0.0,0,False
AC074363.1,0.0,0,False
AC016723.4,0.0,0,False
B3GALT1,0.0,0,False
STK39,32.0,31,False
CERS6,42.0,40,False
CERS6-AS1,1.0,1,False
NOSTRIN,0.0,0,False
SPC25,4.0,2,False
G6PC2,0.0,0,False
ABCB11,0.0,0,False
DHRS9,15.0,12,False
AC007556.3,0.0,0,False
LRP2,0.0,0,False
BBS5,2.0,2,False
RP11-724O16.1,0.0,0,False
KLHL41,0.0,0,False
FASTKD1,31.0,27,False
PPIG,612.0,457,False
CCDC173,1.0,1,False
PHOSPHO2,12.0,12,False
KLHL23,4.0,4,False
SSB,782.0,625,False
METTL5,355.0,323,False
UBR3,50.0,49,False
MYO3B,2.0,2,False
AC012594.1,0.0,0,False
AC007277.3,0.0,0,False
LINC01124,0.0,0,False
SP5,0.0,0,False
AC007405.4,0.0,0,False
AC007405.6,0.0,0,False
ERICH2,0.0,0,False
GAD1,0.0,0,False
AC007405.8,0.0,0,False
GORASP2,222.0,213,False
TLK1,63.0,62,False
METTL8,72.0,56,False
DCAF17,31.0,31,False
CYBRD1,21.0,21,False
DYNC1I2,116.0,113,False
AC068039.1,0.0,0,False
AC068039.4,1.0,1,False
SLC25A12,68.0,37,False
HAT1,147.0,138,False
METAP1D,38.0,38,False
DLX1,0.0,0,False
DLX2,0.0,0,False
AC104801.1,0.0,0,False
AC104088.1,0.0,0,False
ITGA6,53.0,51,False
AC078883.4,0.0,0,False
AC078883.3,19.0,18,False
AC093818.1,18.0,18,False
PDK1,66.0,65,False
RAPGEF4-AS1,0.0,0,False
RAPGEF4,0.0,0,False
MLTK,53.0,42,False
MLK7-AS1,1.0,1,False
CDCA7,17.0,17,False
RP11-796E10.1,0.0,0,False
AC106900.6,0.0,0,False
SP3,139.0,133,False
RP11-394I13.2,0.0,0,False
RP11-394I13.3,1.0,1,False
RP11-394I13.1,0.0,0,False
OLA1,461.0,370,False
AC018470.4,0.0,0,False
SP9,0.0,0,False
AC018470.1,0.0,0,False
CIR1,413.0,302,False
SCRN3,31.0,31,False
GPR155,129.0,118,False
AC010894.3,2.0,2,False
AC018890.6,1.0,1,False
WIPF1,672.0,556,False
AC010894.5,4.0,4,False
CHRNA1,3.0,3,False
AC018890.4,0.0,0,False
CHN1,7.0,7,False
ATF2,83.0,78,False
AC096649.2,1.0,1,False
ATP5G3,1806.0,1158,False
AC096649.3,0.0,0,False
AC016751.3,0.0,0,False
AC016751.2,0.0,0,False
KIAA1715,68.0,62,False
EVX2,0.0,0,False
HOXD13,0.0,0,False
HOXD12,0.0,0,False
HOXD11,0.0,0,False
HOXD10,0.0,0,False
HOXD-AS2,0.0,0,False
HOXD9,0.0,0,False
HOXD8,0.0,0,False
HOXD3,0.0,0,False
HOXD4,0.0,0,False
RP11-387A1.5,0.0,0,False
HOXD-AS1,0.0,0,False
AC009336.24,0.0,0,False
HOXD1,0.0,0,False
MTX2,130.0,122,False
AC017048.1,0.0,0,False
AC017048.2,0.0,0,False
RP11-324L17.1,0.0,0,False
LINC01116,0.0,0,False
LINC01117,0.0,0,False
AC092162.1,0.0,0,False
AC073636.1,0.0,0,False
AC079305.11,0.0,0,False
AC079305.8,0.0,0,False
HNRNPA3,1183.0,846,False
NFE2L2,240.0,185,False
AC079305.10,26.0,23,False
RP11-337N6.2,0.0,0,False
RP11-337N6.1,1.0,1,False
AGPS,61.0,59,False
TTC30B,3.0,3,False
AC073834.3,1.0,1,False
TTC30A,6.0,6,False
PDE11A,0.0,0,False
AC012499.1,1.0,1,False
RBM45,35.0,35,False
OSBPL6,2.0,2,False
RP11-65L3.1,0.0,0,False
AC009948.5,15.0,14,False
PRKRA,240.0,223,False
DFNB59,2.0,2,False
FKBP7,8.0,8,False
PLEKHA3,169.0,132,False
TTN-AS1,59.0,30,False
TTN,19.0,19,False
RP11-65L3.4,2.0,2,False
RP11-65L3.2,0.0,0,False
RP11-171I2.5,1.0,1,False
RP11-171I2.2,1.0,1,False
RP11-171I2.4,1.0,1,False
RP11-171I2.3,0.0,0,False
RP11-171I2.1,0.0,0,False
RP11-88L24.4,0.0,0,False
CCDC141,10.0,10,False
SESTD1,61.0,60,False
AC093911.1,0.0,0,False
ZNF385B,0.0,0,False
CWC22,85.0,84,False
AC009478.1,0.0,0,False
UBE2E3,369.0,329,False
AC104076.3,0.0,0,False
AC068196.1,0.0,0,False
AC104820.2,23.0,23,False
AC020595.1,0.0,0,False
ITGA4,323.0,290,False
CERKL,3.0,3,False
NEUROD1,0.0,0,False
AC013733.3,0.0,0,False
AC013733.4,0.0,0,False
RP11-366L5.1,1.0,1,False
SSFA2,41.0,41,False
PPP1R1C,0.0,0,False
PDE1A,0.0,0,False
DNAJC10,132.0,93,False
FRZB,0.0,0,False
NCKAP1,4.0,3,False
DUSP19,3.0,3,False
AC064871.3,0.0,0,False
NUP35,32.0,31,False
RP11-438L19.1,4.0,4,False
AC093639.1,0.0,0,False
ZNF804A,6.0,6,False
AC007966.1,0.0,0,False
FSIP2,0.0,0,False
AC008174.3,3.0,3,False
AC097500.2,23.0,23,False
RP11-410E4.1,1.0,1,False
ZC3H15,689.0,499,False
AC018867.1,0.0,0,False
AC018867.2,0.0,0,False
ITGAV,14.0,14,False
AC017101.10,0.0,0,False
FAM171B,1.0,1,False
ZSWIM2,0.0,0,False
AC007319.1,0.0,0,False
CALCRL,4.0,4,False
TFPI,1.0,1,False
LINC01090,0.0,0,False
GULP1,0.0,0,False
DIRC1,0.0,0,False
COL3A1,0.0,0,False
COL5A2,0.0,0,False
AC133106.2,0.0,0,False
WDR75,41.0,41,False
SLC40A1,123.0,101,False
ASNSD1,211.0,197,False
ANKAR,34.0,22,False
OSGEPL1,29.0,28,False
OSGEPL1-AS1,4.0,4,False
RP11-455J20.3,1.0,1,False
ORMDL1,595.0,508,False
AC013468.1,0.0,0,False
PMS1,52.0,51,False
C2orf88,63.0,10,False
MSTN,0.0,0,False
HIBCH,111.0,106,False
INPP1,64.0,63,False
MFSD6,42.0,42,False
RP11-647K16.1,4.0,4,False
TMEM194B,23.0,22,False
AC093388.3,9.0,9,False
NAB1,40.0,40,False
AC006460.2,1.0,1,False
AC005540.3,1.0,1,False
GLS,95.0,91,False
STAT1,443.0,370,False
AC067945.2,0.0,0,False
STAT4,204.0,191,False
AC092614.2,0.0,0,False
MYO1B,3.0,3,False
NABP1,150.0,115,False
AC098872.3,0.0,0,False
SDPR,184.0,43,False
AC098617.1,0.0,0,False
TMEFF2,0.0,0,False
AC013401.1,0.0,0,False
AC013401.2,0.0,0,False
PCGEM1,0.0,0,False
RP11-764E7.1,0.0,0,False
AC018799.1,0.0,0,False
AC006196.1,0.0,0,False
AC010983.1,0.0,0,False
AC064834.1,0.0,0,False
RP11-762E8.1,2.0,2,False
AC064834.2,0.0,0,False
AC064834.3,0.0,0,False
SLC39A10,65.0,64,False
DNAH7,0.0,0,False
STK17B,629.0,529,False
RP11-347P5.1,408.0,352,False
HECW2,0.0,0,False
AC020571.3,18.0,18,False
CCDC150,1.0,1,False
GTF3C3,34.0,34,False
C2orf66,0.0,0,False
PGAP1,27.0,27,False
ANKRD44,413.0,337,False
AC013264.2,146.0,121,False
AC010746.3,2.0,1,False
SF3B1,469.0,384,False
COQ10B,221.0,210,False
HSPD1,601.0,471,False
HSPE1,715.0,570,False
HSPE1-MOB4,0.0,0,False
MOB4,245.0,233,False
RFTN2,0.0,0,False
AC011997.1,0.0,0,False
MARS2,9.0,8,False
BOLL,0.0,0,False
PLCL1,9.0,8,False
AC109589.1,0.0,0,False
AC005235.1,0.0,0,False
AC019330.1,0.0,0,False
AC018717.1,0.0,0,False
SATB2,0.0,0,False
RP11-486F17.1,0.0,0,False
SATB2-AS1,0.0,0,False
AC093590.1,0.0,0,False
FTCDNL1,32.0,30,False
C2orf69,80.0,79,False
TYW5,47.0,39,False
C2orf47,74.0,74,False
SPATS2L,91.0,78,False
KCTD18,78.0,74,False
SGOL2,17.0,16,False
AOX1,0.0,0,False
AC007163.3,0.0,0,False
AC007163.6,0.0,0,False
BZW1,502.0,442,False
RP11-469M7.1,5.0,5,False
CLK1,327.0,298,False
PPIL3,88.0,83,False
NIF3L1,74.0,72,False
ORC2,87.0,48,False
AC005037.3,1.0,1,False
FAM126B,91.0,89,False
NDUFB3,447.0,380,False
RP11-13J8.1,0.0,0,False
CFLAR,628.0,533,False
CFLAR-AS1,0.0,0,False
AC007283.5,0.0,0,False
CASP10,77.0,76,False
CASP8,282.0,260,False
ALS2CR12,4.0,4,False
TRAK2,55.0,54,False
STRADB,99.0,93,False
ALS2CR11,0.0,0,False
TMEM237,15.0,15,False
MPP4,1.0,1,False
ALS2,15.0,15,False
CDK15,0.0,0,False
RP11-107N15.1,0.0,0,False
FZD7,0.0,0,False
AC079354.1,3.0,2,False
AC079354.3,0.0,0,False
AC079354.5,0.0,0,False
SUMO1,917.0,749,False
AC079354.2,1.0,1,False
NOP58,385.0,270,False
RP11-686O6.1,1.0,1,False
RP11-686O6.2,18.0,18,False
BMPR2,53.0,37,False
FAM117B,48.0,47,False
ICA1L,43.0,43,False
WDR12,50.0,48,False
CARF,37.0,36,False
NBEAL1,3507.0,1832,False
CYP20A1,135.0,131,False
ABI2,75.0,69,False
RP11-363J17.1,0.0,0,False
RAPH1,3.0,3,False
CD28,185.0,167,False
CTLA4,12.0,12,False
ICOS,102.0,91,False
AC009965.2,0.0,0,False
AC009498.1,0.0,0,False
AC016903.1,0.0,0,False
AC016903.2,0.0,0,False
PARD3B,1.0,1,False
NRP2,4.0,4,False
AC007362.3,0.0,0,False
AC007679.3,0.0,0,False
INO80D,45.0,43,False
AC007383.3,11.0,11,False
NDUFS1,104.0,84,False
AC007383.4,0.0,0,False
EEF1B2,9156.0,2384,False
GPR1,0.0,0,False
ZDBF2,11.0,11,False
AC017081.1,0.0,0,False
ADAM23,4.0,4,False
AC010731.2,0.0,0,False
AC010731.3,0.0,0,False
AC010731.4,0.0,0,False
DYTN,1.0,1,False
MDH1B,1.0,1,False
FASTKD2,71.0,68,False
RP11-95H11.1,0.0,0,False
AC008269.2,0.0,0,False
CPO,0.0,0,False
KLF7,78.0,75,False
AC007879.1,0.0,0,False
AC007879.2,1.0,1,False
AC007879.4,0.0,0,False
AC007879.3,0.0,0,False
AC007879.7,4.0,4,False
AC007879.5,1.0,1,False
AC007879.6,0.0,0,False
CREB1,155.0,147,False
METTL21A,233.0,194,False
AC079767.4,54.0,46,False
CCNYL1,15.0,15,False
RP11-801F7.1,0.0,0,False
FZD5,2.0,2,False
AC096772.6,7.0,7,False
PLEKHM3,4.0,4,False
CRYGD,2.0,2,False
CRYGC,0.0,0,False
CRYGB,0.0,0,False
CRYGA,0.0,0,False
C2orf80,0.0,0,False
IDH1,78.0,57,False
IDH1-AS1,2.0,2,False
PIKFYVE,60.0,60,False
PTH2R,0.0,0,False
MAP2,2.0,2,False
UNC80,0.0,0,False
RPE,67.0,67,False
KANSL1L,7.0,7,False
RP11-260M2.1,3.0,3,False
AC007038.7,0.0,0,False
AC006994.2,5.0,5,False
ACADL,0.0,0,False
MYL1,0.0,0,False
AC007970.1,0.0,0,False
LANCL1,51.0,51,False
CPS1,1.0,1,False
ERBB4,0.0,0,False
AC093381.2,0.0,0,False
AC108066.1,0.0,0,False
IKZF2,18.0,17,False
RP11-105N14.1,4.0,4,False
RP11-105N14.3,0.0,0,False
RP11-105N14.2,0.0,0,False
AC079610.2,0.0,0,False
SPAG16,60.0,57,False
AC107218.3,0.0,0,False
VWC2L,0.0,0,False
BARD1,22.0,21,False
AC072062.1,0.0,0,False
ABCA12,0.0,0,False
AC072062.3,0.0,0,False
AC073284.4,0.0,0,False
ATIC,260.0,247,False
FN1,0.0,0,False
AC012462.1,0.0,0,False
AC012462.2,0.0,0,False
AC012462.3,0.0,0,False
AC012668.1,0.0,0,False
AC012668.2,0.0,0,False
AC012668.3,0.0,0,False
LINC00607,1.0,1,False
AC093850.2,0.0,0,False
AC122136.2,0.0,0,False
AC093382.1,0.0,0,False
MREG,1.0,1,False
PECR,59.0,58,False
TMEM169,4.0,4,False
XRCC5,866.0,648,False
RP11-566E18.3,7.0,7,False
MARCH4,0.0,0,False
AC012513.6,0.0,0,False
AC069155.1,0.0,0,False
AC098820.2,0.0,0,False
SMARCAL1,52.0,51,False
AC098820.4,0.0,0,False
RPL37A,13555.0,2571,False
AC073321.3,0.0,0,False
AC073321.4,0.0,0,False
IGFBP2,0.0,0,False
IGFBP5,0.0,0,False
AC007563.5,0.0,0,False
AC007563.3,0.0,0,False
AC007557.4,0.0,0,False
TNP1,0.0,0,False
AC007557.2,0.0,0,False
AC007557.3,0.0,0,False
AC007563.1,0.0,0,False
AC007557.1,0.0,0,False
RP11-574O16.1,0.0,0,False
AC009492.1,0.0,0,False
DIRC3,2.0,2,False
TNS1,9.0,7,False
AC010136.2,0.0,0,False
RUFY4,1.0,1,False
CXCR2,7.0,7,False
CXCR1,8.0,7,False
ARPC2,6501.0,2151,False
GPBAR1,242.0,174,False
AAMP,362.0,314,False
PNKD,430.0,380,False
TMBIM1,295.0,258,False
AC021016.8,0.0,0,False
C2orf62,4.0,4,False
SLC11A1,305.0,241,False
CTDSP1,346.0,316,False
RP11-378A13.2,12.0,11,False
VIL1,6.0,4,False
USP37,29.0,29,False
RQCD1,76.0,74,False
PLCD4,0.0,0,False
RP11-548H3.1,2.0,2,False
ZNF142,18.0,18,False
BCS1L,55.0,51,False
RNF25,86.0,56,False
STK36,10.0,9,False
TTLL4,22.0,22,False
CYP27A1,37.0,35,False
RP11-459I19.1,0.0,0,False
PRKAG3,0.0,0,False
WNT6,0.0,0,False
WNT10A,36.0,33,False
AC073128.10,0.0,0,False
AC097468.7,0.0,0,False
CDK5R2,0.0,0,False
LINC00608,0.0,0,False
FEV,0.0,0,False
CRYBA2,0.0,0,False
AC097468.4,0.0,0,False
CCDC108,0.0,0,False
IHH,0.0,0,False
RP11-33O4.1,3.0,3,False
NHEJ1,35.0,35,False
SLC23A3,3.0,3,False
CNPPD1,216.0,207,False
FAM134A,219.0,208,False
ZFAND2B,304.0,281,False
ABCB6,1.0,1,False
ATG9A,45.0,45,False
ANKZF1,147.0,135,False
GLB1L,8.0,8,False
STK16,208.0,196,False
TUBA4A,941.0,676,False
DNAJB2,174.0,171,False
PTPRN,4.0,2,False
AC114803.3,0.0,0,False
RESP18,0.0,0,False
DNPEP,258.0,250,False
AC053503.4,1.0,1,False
DES,1.0,1,False
AC053503.6,0.0,0,False
SPEG,3.0,3,False
AC053503.11,0.0,0,False
RP11-316O14.1,1.0,1,False
GMPPA,153.0,97,False
ASIC4,2.0,2,False
CHPF,12.0,11,False
TMEM198,0.0,0,False
RP11-256I23.1,0.0,0,False
OBSL1,1.0,1,False
RP11-256I23.2,0.0,0,False
INHA,0.0,0,False
STK11IP,53.0,41,False
AC009955.8,0.0,0,False
SLC4A3,0.0,0,False
RP11-256I23.3,0.0,0,False
AC009502.4,0.0,0,False
AC008281.1,0.0,0,False
AC114765.1,0.0,0,False
AC114765.2,0.0,0,False
AC067956.1,0.0,0,False
AC093843.1,0.0,0,False
EPHA4,9.0,9,False
CTD-2308L22.1,1.0,1,False
AC068489.1,0.0,0,False
PAX3,0.0,0,False
CCDC140,0.0,0,False
RP11-384O8.1,0.0,0,False
SGPP2,3.0,3,False
RP11-16P6.1,2.0,2,False
FARSB,107.0,106,False
MOGAT1,1.0,1,False
ACSL3,82.0,77,False
AC097461.4,1.0,1,False
KCNE4,0.0,0,False
AC013448.1,0.0,0,False
AC013448.2,0.0,0,False
SCG2,0.0,0,False
AP1S3,21.0,21,False
WDFY1,42.0,42,False
MRPL44,223.0,212,False
AC073641.2,1.0,1,False
SERPINE2,23.0,18,False
FAM124B,2.0,2,False
CUL3,102.0,98,False
DOCK10,185.0,162,False
AC067961.1,0.0,0,False
NYAP2,0.0,0,False
RP11-314B1.2,0.0,0,False
AC068138.1,1.0,1,False
IRS1,9.0,8,False
RP11-395N3.2,0.0,0,False
RHBDD1,33.0,32,False
COL4A4,3.0,3,False
COL4A3,4.0,4,False
AC097662.2,1.0,1,False
MFF,461.0,350,False
TM4SF20,0.0,0,False
AGFG1,57.0,56,False
C2orf83,0.0,0,False
SLC19A3,0.0,0,False
CCL20,10.0,9,False
DAW1,1.0,1,False
SPHKAP,0.0,0,False
AC009410.1,0.0,0,False
AC074019.1,0.0,0,False
PID1,93.0,79,False
DNER,1.0,1,False
TRIP12,119.0,64,False
FBXO36,4.0,4,False
SLC16A14,0.0,0,False
AC009950.2,4.0,4,False
SP110,990.0,759,False
SP140,252.0,190,False
SP140L,219.0,208,False
SP100,913.0,727,False
AC010149.4,0.0,0,False
AC098823.3,0.0,0,False
CAB39,83.0,82,False
ITM2C,240.0,167,False
AC012507.3,0.0,0,False
GPR55,5.0,5,False
AC012507.4,0.0,0,False
SPATA3-AS1,0.0,0,False
SPATA3,0.0,0,False
C2orf72,0.0,0,False
PSMD1,149.0,141,False
HTR2B,1.0,1,False
ARMC9,2.0,2,False
B3GNT7,2.0,2,False
AC017104.2,1.0,1,False
NCL,827.0,645,False
NMUR1,24.0,24,False
C2orf57,0.0,0,False
MGC4771,0.0,0,False
PTMA,23038.0,2671,False
PDE6D,148.0,140,False
COPS7B,109.0,108,False
NPPC,1.0,1,False
DIS3L2,94.0,91,False
AC105461.1,0.0,0,False
ALPP,0.0,0,False
AC068134.8,0.0,0,False
ALPPL2,0.0,0,False
AC068134.6,0.0,0,False
ALPI,0.0,0,False
ECEL1,0.0,0,False
PRSS56,0.0,0,False
CHRND,0.0,0,False
CHRNG,0.0,0,False
TIGD1,26.0,26,False
EIF4E2,562.0,421,False
AC073254.1,1.0,1,False
EFHD1,5.0,5,False
GIGYF2,66.0,64,False
KCNJ13,1.0,1,False
C2orf82,1.0,1,False
NGEF,0.0,0,False
AC106876.2,0.0,0,False
NEU2,0.0,0,False
INPP5D,247.0,233,False
ATG16L1,51.0,43,False
SAG,2.0,2,False
RP11-400N9.1,1.0,1,False
DGKD,79.0,77,False
USP40,27.0,27,False
UGT1A8,0.0,0,False
UGT1A10,0.0,0,False
UGT1A9,0.0,0,False
UGT1A7,0.0,0,False
UGT1A6,0.0,0,False
AC114812.8,0.0,0,False
UGT1A5,0.0,0,False
UGT1A4,0.0,0,False
UGT1A3,0.0,0,False
UGT1A1,0.0,0,False
MROH2A,0.0,0,False
HJURP,2.0,2,False
TRPM8,0.0,0,False
AC005538.5,0.0,0,False
SPP2,0.0,0,False
AC006037.2,0.0,0,False
RP11-309M7.1,0.0,0,False
AC097713.3,0.0,0,False
AC097713.4,9.0,9,False
ARL4C,712.0,541,False
SH3BP4,1.0,1,False
AC114814.4,0.0,0,False
AC114814.3,0.0,0,False
AGAP1,3.0,3,False
AC064874.1,0.0,0,False
GBX2,0.0,0,False
AC079135.1,0.0,0,False
ASB18,0.0,0,False
IQCA1,2.0,2,False
RP11-785G17.1,0.0,0,False
AC019068.2,0.0,0,False
ACKR3,0.0,0,False
AC011286.1,0.0,0,False
AC105760.3,0.0,0,False
AC105760.2,2.0,2,False
COPS8,302.0,236,False
AC107079.1,0.0,0,False
AC112715.2,0.0,0,False
COL6A3,1.0,1,False
AC112721.1,0.0,0,False
AC112721.2,1.0,1,False
MLPH,0.0,0,False
PRLH,0.0,0,False
RAB17,0.0,0,False
AC104667.3,0.0,0,False
AC096574.5,0.0,0,False
LRRFIP1,1443.0,959,False
RBM44,1.0,1,False
RAMP1,54.0,43,False
UBE2F,427.0,357,False
UBE2F-SCLY,1.0,1,False
SCLY,20.0,19,False
ESPNL,0.0,0,False
KLHL30,0.0,0,False
FAM132B,2.0,2,False
ILKAP,214.0,199,False
AC016757.3,6.0,6,False
HES6,24.0,24,False
PER2,10.0,10,False
AC012485.1,0.0,0,False
AC012485.2,0.0,0,False
TRAF3IP1,8.0,8,False
ASB1,101.0,97,False
AC016999.2,0.0,0,False
LINC01107,0.0,0,False
AC113618.1,0.0,0,False
AC144525.1,0.0,0,False
TWIST2,0.0,0,False
AC114788.2,0.0,0,False
RP11-648F7.1,0.0,0,False
HDAC4,37.0,37,False
AC017028.1,0.0,0,False
AC062017.1,21.0,20,False
AC079612.1,0.0,0,False
AC079612.2,0.0,0,False
RP11-315F22.1,0.0,0,False
AC093802.1,0.0,0,False
NDUFA10,486.0,396,False
OR6B2,0.0,0,False
PRR21,0.0,0,False
OR6B3,0.0,0,False
AC013469.1,0.0,0,False
MYEOV2,750.0,620,False
OTOS,0.0,0,False
AC124861.1,0.0,0,False
GPC1,0.0,0,False
AC110619.2,0.0,0,False
ANKMY1,56.0,56,False
DUSP28,91.0,86,False
RNPEPL1,394.0,342,False
CAPN10-AS1,19.0,19,False
CAPN10,50.0,47,False
GPR35,44.0,33,False
AQP12B,0.0,0,False
AC011298.1,0.0,0,False
AC011298.2,0.0,0,False
AQP12A,0.0,0,False
KIF1A,0.0,0,False
AGXT,0.0,0,False
C2orf54,0.0,0,False
AC104809.3,4.0,4,False
AC104809.2,0.0,0,False
SNED1,18.0,18,False
AC093585.6,0.0,0,False
AC005237.4,0.0,0,False
MTERFD2,330.0,250,False
PASK,261.0,173,False
PPP1R7,563.0,505,False
ANO7,0.0,0,False
HDLBP,165.0,147,False
AC104841.2,0.0,0,False
SEPT2,312.0,280,False
AC005104.3,0.0,0,False
FARP2,22.0,22,False
STK25,153.0,145,False
BOK-AS1,0.0,0,False
BOK,3.0,3,False
RP11-367H1.1,0.0,0,False
THAP4,92.0,89,False
ATG4B,173.0,169,False
DTYMK,209.0,177,False
AC133528.2,1.0,1,False
ING5,112.0,70,False
AC114730.11,0.0,0,False
D2HGDH,45.0,45,False
AC114730.8,0.0,0,False
AC114730.7,0.0,0,False
GAL3ST2,0.0,0,False
AC114730.5,0.0,0,False
AC114730.3,2.0,1,False
NEU4,1.0,1,False
AC114730.2,0.0,0,False
PDCD1,27.0,25,False
CXXC11,2.0,2,False
AC131097.3,6.0,6,False
AC131097.4,0.0,0,False
AC093642.3,3.0,3,False
AC093642.4,0.0,0,False
AC093642.6,0.0,0,False
RP11-341N2.1,0.0,0,False
AY269186.1,0.0,0,False
AY269186.2,0.0,0,False
CHL1,0.0,0,False
CHL1-AS1,0.0,0,False
AC090044.1,0.0,0,False
AC090044.2,0.0,0,False
AC087430.1,0.0,0,False
CNTN6,0.0,0,False
RP11-204C23.1,0.0,0,False
CNTN4,0.0,0,False
CNTN4-AS2,0.0,0,False
CNTN4-AS1,0.0,0,False
IL5RA,2.0,1,False
TRNT1,80.0,78,False
CRBN,639.0,528,False
RP11-97C16.1,5.0,5,False
AC026188.1,0.0,0,False
SUMF1,71.0,67,False
LRRN1,1.0,1,False
SETMAR,22.0,22,False
ITPR1-AS1,0.0,0,False
ITPR1,55.0,53,False
EGOT,2.0,2,False
AC018816.3,23.0,22,False
BHLHE40-AS1,3.0,3,False
BHLHE40,166.0,151,False
ARL8B,103.0,97,False
AC026202.3,2.0,2,False
AC026202.1,4.0,4,False
EDEM1,77.0,76,False
AC026202.5,0.0,0,False
AC027119.1,0.0,0,False
AC026167.1,0.0,0,False
AC069277.2,0.0,0,False
GRM7-AS3,0.0,0,False
GRM7,0.0,0,False
GRM7-AS2,0.0,0,False
GRM7-AS1,0.0,0,False
RP11-157E16.1,0.0,0,False
LMCD1-AS1,0.0,0,False
AC018832.1,0.0,0,False
AC023481.1,0.0,0,False
LMCD1,1.0,1,False
LINC00312,0.0,0,False
AC034187.2,0.0,0,False
SSUH2,0.0,0,False
CAV3,0.0,0,False
OXTR,1.0,1,False
RAD18,22.0,22,False
SRGAP3,13.0,12,False
SRGAP3-AS1,0.0,0,False
SRGAP3-AS2,0.0,0,False
SRGAP3-AS3,0.0,0,False
SRGAP3-AS4,0.0,0,False
RP11-380O24.1,1.0,1,False
SETD5-AS1,253.0,233,False
THUMPD3,148.0,105,False
SETD5,164.0,148,False
RP11-58B17.2,5.0,5,False
LHFPL4,0.0,0,False
MTMR14,316.0,292,False
CPNE9,0.0,0,False
BRPF1,30.0,29,False
OGG1,103.0,100,False
CAMK1,209.0,160,False
TADA3,354.0,328,False
ARPC4,1136.0,847,False
ARPC4-TTLL3,0.0,0,False
TTLL3,42.0,41,False
RP11-266J6.2,4.0,4,False
RPUSD3,203.0,164,False
CIDEC,0.0,0,False
JAGN1,397.0,351,False
IL17RE,6.0,6,False
IL17RC,16.0,15,False
CRELD1,73.0,72,False
PRRT3,36.0,34,False
PRRT3-AS1,0.0,0,False
RP11-1020A11.2,0.0,0,False
EMC3,383.0,336,False
AC022007.5,0.0,0,False
FANCD2,20.0,19,False
FANCD2OS,0.0,0,False
BRK1,2628.0,1478,False
VHL,93.0,92,False
IRAK2,22.0,22,False
TATDN2,42.0,42,False
RP11-438J1.1,0.0,0,False
LINC00852,4.0,4,False
GHRL,16.0,15,False
GHRLOS,1.0,1,False
SEC13,304.0,278,False
ATP2B2,0.0,0,False
LINC00606,0.0,0,False
AC018495.3,0.0,0,False
SLC6A11,1.0,1,False
SLC6A1,0.0,0,False
SLC6A1-AS1,0.0,0,False
HRH1,0.0,0,False
ATG7,55.0,46,False
VGLL4,85.0,82,False
RP11-169K17.4,0.0,0,False
RP11-169K17.3,0.0,0,False
TAMM41,97.0,93,False
TIMP4,0.0,0,False
PPARG,2.0,2,False
TSEN2,32.0,32,False
C3orf83,0.0,0,False
MKRN2,123.0,119,False
RAF1,212.0,198,False
TMEM40,48.0,14,False
CAND2,8.0,8,False
RP11-767C1.2,0.0,0,False
RPL32,51592.0,2688,False
RP11-767C1.1,0.0,0,False
IQSEC1,161.0,157,False
NUP210,221.0,196,False
HDAC11-AS1,0.0,0,False
HDAC11,7.0,7,False
FBLN2,9.0,9,False
LINC00620,0.0,0,False
WNT7A,30.0,30,False
TPRXL,0.0,0,False
CHCHD4,65.0,64,False
TMEM43,146.0,138,False
RP11-434D12.1,1.0,1,False
AC093495.4,11.0,11,False
XPC,165.0,162,False
LSM3,419.0,373,False
RP11-536I6.2,0.0,0,False
RP11-536I6.1,0.0,0,False
SLC6A6,106.0,80,False
AC090952.5,0.0,0,False
CCDC174,174.0,156,False
C3orf20,0.0,0,False
AC090957.2,0.0,0,False
RP11-95M5.1,0.0,0,False
FGD5,0.0,0,False
FGD5-AS1,133.0,128,False
NR2C2,10.0,9,False
MRPS25,194.0,184,False
ZFYVE20,28.0,28,False
CAPN7,84.0,82,False
SH3BP5-AS1,31.0,31,False
SH3BP5,378.0,312,False
METTL6,28.0,28,False
EAF1,28.0,28,False
EAF1-AS1,11.0,11,False
COLQ,16.0,16,False
HACL1,114.0,111,False
BTD,62.0,60,False
ANKRD28,55.0,53,False
GALNT15,0.0,0,False
DPH3,172.0,169,False
OXNAD1,359.0,317,False
RFTN1,102.0,97,False
RP11-415F23.2,7.0,7,False
RP11-415F23.3,1.0,1,False
RP11-415F23.4,12.0,12,False
RP11-194G10.3,0.0,0,False
LINC00690,0.0,0,False
DAZL,0.0,0,False
AC091493.2,0.0,0,False
PLCL2,69.0,65,False
PLCL2-AS1,0.0,0,False
TBC1D5,91.0,89,False
AC132807.1,0.0,0,False
SATB1,273.0,229,False
KCNH8,7.0,7,False
EFHB,0.0,0,False
RAB5A,203.0,193,False
PP2D1,0.0,0,False
KAT2B,46.0,45,False
SGOL1,11.0,8,False
SGOL1-AS1,0.0,0,False
AC107622.1,1.0,1,False
RP11-669C19.1,0.0,0,False
RP11-180N14.1,0.0,0,False
ZNF385D,0.0,0,False
ZNF385D-AS1,0.0,0,False
ZNF385D-AS2,0.0,0,False
UBE2E2-AS1,2.0,2,False
UBE2E2,122.0,111,False
UBE2E1-AS1,0.0,0,False
UBE2E1,378.0,320,False
NKIRAS1,21.0,21,False
RPL15,34935.0,2683,False
NR1D2,54.0,52,False
LINC00691,0.0,0,False
THRB,2.0,2,False
RP11-317L10.1,0.0,0,False
AC133680.1,0.0,0,False
RARB,0.0,0,False
TOP2B,157.0,104,False
NGLY1,207.0,190,False
OXSM,41.0,39,False
LINC00692,0.0,0,False
AC099754.1,0.0,0,False
LRRC3B,0.0,0,False
AC114877.3,0.0,0,False
NEK10,0.0,0,False
SLC4A7,75.0,64,False
RP11-222K16.1,0.0,0,False
RP11-222K16.2,57.0,51,False
EOMES,72.0,67,False
AC098973.2,0.0,0,False
AC098973.1,0.0,0,False
AC092415.1,0.0,0,False
CMC1,296.0,256,False
AZI2,153.0,142,False
ZCWPW2,2.0,2,False
LINC00693,0.0,0,False
RBMS3-AS3,0.0,0,False
RBMS3,0.0,0,False
RBMS3-AS2,0.0,0,False
RBMS3-AS1,0.0,0,False
AC116035.1,0.0,0,False
AC116035.2,0.0,0,False
TGFBR2,227.0,194,False
GADL1,0.0,0,False
STT3B,401.0,364,False
OSBPL10,32.0,31,False
OSBPL10-AS1,1.0,1,False
ZNF860,10.0,10,False
GPD1L,40.0,40,False
CMTM8,120.0,115,False
CMTM7,712.0,542,False
CMTM6,569.0,460,False
DYNC1LI1,148.0,142,False
CNOT10,128.0,121,False
CNOT10-AS1,0.0,0,False
TRIM71,1.0,1,False
CCR4,16.0,16,False
GLB1,154.0,126,False
TMPPE,1.0,1,False
CRTAP,264.0,206,False
RP11-627J17.1,0.0,0,False
SUSD5,0.0,0,False
FBXL2,0.0,0,False
UBP1,32.0,32,False
CLASP2,85.0,79,False
RP11-10C24.2,0.0,0,False
RP11-10C24.3,2.0,2,False
RP11-10C24.1,3.0,3,False
PDCD6IP,302.0,283,False
AC018359.1,0.0,0,False
AC123023.1,1.0,1,False
AC018359.3,0.0,0,False
ARPP21,0.0,0,False
ARPP21-AS1,0.0,0,False
STAC,0.0,0,False
DCLK3,0.0,0,False
TRANK1,84.0,83,False
RP11-129K12.1,1.0,1,False
RP11-129K12.4,0.0,0,False
RP11-129K12.3,0.0,0,False
EPM2AIP1,192.0,179,False
MLH1,82.0,80,False
LRRFIP2,150.0,145,False
RP11-285J16.1,1.0,1,False
RP11-259K5.1,0.0,0,False
RP11-259K5.2,6.0,6,False
GOLGA4,137.0,134,False
C3orf35,1.0,1,False
ITGA9,0.0,0,False
CTDSPL,26.0,26,False
VILL,46.0,46,False
PLCD1,37.0,36,False
DLEC1,8.0,8,False
ACAA1,457.0,375,False
MYD88,403.0,352,False
OXSR1,62.0,61,False
SLC22A13,0.0,0,False
SLC22A14,0.0,0,False
XYLB,4.0,4,False
ACVR2B-AS1,0.0,0,False
ACVR2B,3.0,3,False
EXOG,121.0,116,False
SCN5A,0.0,0,False
SCN10A,0.0,0,False
RP11-134J21.1,0.0,0,False
SCN11A,0.0,0,False
WDR48,64.0,63,False
GORASP1,38.0,38,False
TTC21A,36.0,36,False
CSRNP1,335.0,279,False
XIRP1,0.0,0,False
CX3CR1,257.0,207,False
CCR8,1.0,1,False
SLC25A38,230.0,207,False
RPSA,20361.0,2573,False
MOBP,0.0,0,False
MYRIP,0.0,0,False
EIF1B,652.0,513,False
ENTPD3-AS1,95.0,51,False
ENTPD3,0.0,0,False
RPL14,26676.0,2662,False
RP11-391M1.4,7.0,7,False
ZNF619,9.0,9,False
ZNF620,6.0,6,False
ZNF621,20.0,20,False
RP11-528N21.1,0.0,0,False
RP11-761N21.1,0.0,0,False
RP11-520A21.1,1.0,1,False
RP11-372H2.1,0.0,0,False
CTNNB1,240.0,188,False
ULK4,30.0,30,False
TRAK1,49.0,46,False
CCK,0.0,0,False
LYZL4,0.0,0,False
VIPR1,81.0,45,False
VIPR1-AS1,2.0,2,False
SEC22C,133.0,131,False
SS18L2,341.0,311,False
NKTR,420.0,358,False
RP4-613B23.1,0.0,0,False
ZBTB47,13.0,12,False
KLHL40,0.0,0,False
CCDC13,5.0,5,False
HHATL,0.0,0,False
HHATL-AS1,0.0,0,False
CCDC13-AS1,0.0,0,False
HIGD1A,146.0,137,False
RP11-70C1.1,13.0,12,False
ACKR2,1.0,1,False
RP11-70C1.3,0.0,0,False
KRBOX1,0.0,0,False
KRBOX1-1,2.0,2,False
CYP8B1,0.0,0,False
ZNF662,0.0,0,False
KRBOX1-AS1,0.0,0,False
FAM198A,1.0,1,False
POMGNT2,12.0,12,False
RP11-136C24.2,0.0,0,False
SNRK,140.0,137,False
RP11-188P20.3,0.0,0,False
SNRK-AS1,0.0,0,False
ANO10,35.0,35,False
ABHD5,111.0,66,False
RP4-672N11.1,0.0,0,False
RP4-555D20.3,0.0,0,False
RP4-555D20.4,1.0,1,False
RP4-555D20.2,1.0,1,False
TOPAZ1,0.0,0,False
RP11-424N24.2,5.0,5,False
TCAIM,54.0,53,False
LINC00694,8.0,8,False
ZNF445,23.0,23,False
ZNF852,9.0,9,False
ZKSCAN7,4.0,4,False
RP11-944L7.4,0.0,0,False
RP11-944L7.5,0.0,0,False
ZNF660,0.0,0,False
ZNF197,33.0,33,False
ZNF197-AS1,0.0,0,False
ZNF35,6.0,6,False
RP11-348P10.2,1.0,1,False
ZNF502,8.0,7,False
ZNF501,14.0,14,False
KIAA1143,201.0,184,False
KIF15,1.0,1,False
TMEM42,128.0,123,False
TGM4,0.0,0,False
RP11-272D20.2,0.0,0,False
ZDHHC3,179.0,170,False
EXOSC7,210.0,190,False
CLEC3B,1.0,1,False
CDCP1,1.0,1,False
TMEM158,0.0,0,False
LARS2,15.0,15,False
LARS2-AS1,0.0,0,False
LIMD1,51.0,49,False
LIMD1-AS1,2.0,2,False
SACM1L,117.0,110,False
SLC6A20,1.0,1,False
LZTFL1,46.0,46,False
CCR9,3.0,3,False
FYCO1,22.0,21,False
CXCR6,33.0,30,False
XCR1,1.0,1,False
CCR3,2.0,2,False
CCR1,52.0,51,False
CCR2,55.0,52,False
RP11-24F11.2,0.0,0,False
CCR5,29.0,28,False
CCRL2,11.0,11,False
LTF,0.0,0,False
RTP3,0.0,0,False
LRRC2,1.0,1,False
LUZPP1,0.0,0,False
TDGF1,0.0,0,False
ALS2CL,13.0,13,False
TMIE,8.0,8,False
PRSS50,0.0,0,False
PRSS46,0.0,0,False
PRSS45,0.0,0,False
PRSS42,0.0,0,False
MYL3,0.0,0,False
PTH1R,0.0,0,False
AC109583.1,0.0,0,False
CCDC12,891.0,669,False
NBEAL2,116.0,113,False
SETD2,101.0,99,False
KIF9-AS1,3.0,3,False
KIF9,14.0,12,False
KLHL18,67.0,64,False
RP11-708J19.1,38.0,37,False
PTPN23,33.0,32,False
SCAP,71.0,68,False
ELP6,190.0,142,False
CSPG5,0.0,0,False
SMARCC1,137.0,132,False
DHX30,133.0,126,False
MAP4,123.0,119,False
CDC25A,3.0,3,False
CAMP,5.0,5,False
ZNF589,22.0,21,False
NME6,137.0,87,False
SPINK8,0.0,0,False
FBXW12,0.0,0,False
PLXNB1,1.0,1,False
CCDC51,37.0,37,False
TMA7,3351.0,1813,False
RP11-24C3.2,2.0,1,False
ATRIP,27.0,27,False
TREX1,430.0,328,False
SHISA5,759.0,616,False
PFKFB4,26.0,26,False
UCN2,0.0,0,False
COL7A1,0.0,0,False
UQCRC1,648.0,499,False
TMEM89,0.0,0,False
SLC26A6,26.0,26,False
CELSR3,3.0,3,False
RP11-148G20.1,0.0,0,False
NCKIPSD,12.0,12,False
RP11-572O6.1,0.0,0,False
IP6K2,254.0,239,False
PRKAR2A,131.0,125,False
PRKAR2A-AS1,4.0,4,False
SLC25A20,88.0,84,False
ARIH2OS,104.0,77,False
ARIH2,157.0,148,False
RP13-131K19.1,2.0,2,False
RP13-131K19.2,4.0,3,False
RP13-131K19.7,4.0,3,False
P4HTM,108.0,104,False
WDR6,128.0,123,False
DALRD3,164.0,156,False
NDUFAF3,716.0,594,False
IMPDH2,530.0,437,False
RP13-131K19.6,3.0,3,False
QRICH1,125.0,104,False
QARS,375.0,333,False
USP19,55.0,47,False
LAMB2,2.0,2,False
CCDC71,65.0,62,False
KLHDC8B,15.0,15,False
C3orf84,0.0,0,False
CCDC36,0.0,0,False
RP11-3B7.1,0.0,0,False
C3orf62,36.0,34,False
USP4,138.0,133,False
GPX1,3471.0,1136,False
RHOA,2939.0,1515,False
TCTA,104.0,84,False
AMT,12.0,12,False
NICN1-AS1,1.0,1,False
NICN1,38.0,37,False
DAG1,24.0,24,False
BSN-AS2,0.0,0,False
BSN,0.0,0,False
BSN-AS1,0.0,0,False
APEH,180.0,173,False
MST1,6.0,6,False
RNF123,34.0,34,False
AMIGO3,0.0,0,False
GMPPB,10.0,10,False
IP6K1,114.0,98,False
CDHR4,0.0,0,False
FAM212A,35.0,24,False
UBA7,141.0,135,False
TRAIP,3.0,3,False
CAMKV,0.0,0,False
MST1R,0.0,0,False
CTD-2330K9.2,0.0,0,False
CTD-2330K9.3,0.0,0,False
MON1A,28.0,28,False
RBM6,187.0,179,False
RBM5,250.0,176,False
RP11-493K19.3,2.0,2,False
SEMA3F,0.0,0,False
GNAT1,0.0,0,False
GNAI2,871.0,618,False
U73166.2,5.0,5,False
SEMA3B-AS1,0.0,0,False
LSMEM2,0.0,0,False
IFRD2,136.0,127,False
HYAL3,14.0,12,False
NAT6,62.0,60,False
HYAL1,2.0,2,False
HYAL2,29.0,29,False
TUSC2,234.0,220,False
RASSF1,279.0,242,False
ZMYND10-AS1,0.0,0,False
ZMYND10,7.0,7,False
NPRL2,215.0,146,False
CYB561D2,349.0,304,False
XXcos-LUCA11.5,0.0,0,False
TMEM115,84.0,83,False
CACNA2D2,7.0,7,False
XXcos-LUCA11.4,56.0,55,False
C3orf18,10.0,10,False
HEMK1,102.0,49,False
CISH,262.0,207,False
MAPKAPK3,376.0,319,False
RP11-804H8.6,11.0,11,False
DOCK3,6.0,6,False
MANF,456.0,346,False
RBM15B,83.0,82,False
VPRBP,38.0,38,False
RAD54L2,51.0,50,False
TEX264,515.0,448,False
GRM2,1.0,1,False
IQCF6,0.0,0,False
IQCF3,0.0,0,False
IQCF2,0.0,0,False
IQCF5-AS1,0.0,0,False
IQCF5,0.0,0,False
IQCF1,0.0,0,False
RRP9,100.0,99,False
PARP3,30.0,30,False
GPR62,0.0,0,False
PCBP4,36.0,34,False
RP11-155D18.14,0.0,0,False
ABHD14B,499.0,446,False
ABHD14A,279.0,242,False
ACY1,11.0,11,False
ABHD14A-ACY1,0.0,0,False
RPL29,24517.0,2657,False
DUSP7,35.0,35,False
LINC00696,0.0,0,False
POC1A,17.0,16,False
ALAS1,74.0,71,False
TLR9,3.0,3,False
TLR9-1,0.0,0,False
TWF2,610.0,493,False
RP5-1157M23.2,5.0,5,False
PPM1M,198.0,187,False
WDR82,233.0,215,False
GLYCTK,67.0,47,False
DNAH1,22.0,22,False
BAP1,71.0,70,False
PHF7,35.0,35,False
SEMA3G,2.0,2,False
TNNC1,1.0,1,False
NISCH,111.0,102,False
STAB1,32.0,31,False
NT5DC2,5.0,5,False
SMIM4,86.0,82,False
PBRM1,158.0,118,False
GNL3,245.0,222,False
GLT8D1,150.0,145,False
SPCS1,1512.0,1055,False
NEK4,25.0,25,False
ITIH1,1.0,1,False
ITIH3,0.0,0,False
ITIH4,4.0,4,False
RP5-966M1.6,2.0,2,False
ITIH4-AS1,0.0,0,False
MUSTN1,0.0,0,False
TMEM110-MUSTN1,2.0,2,False
TMEM110,17.0,17,False
SFMBT1,54.0,51,False
RP11-894J14.5,1.0,1,False
RFT1,72.0,67,False
PRKCD,172.0,146,False
TKT,1970.0,945,False
DCP1A,149.0,140,False
CACNA1D,0.0,0,False
RP11-884K10.6,0.0,0,False
CHDH,0.0,0,False
IL17RB,0.0,0,False
RP11-884K10.7,3.0,3,False
ACTR8,60.0,58,False
SELK,973.0,786,False
CACNA2D3,57.0,48,False
CACNA2D3-AS1,0.0,0,False
LRTM1,0.0,0,False
RP11-889D3.1,0.0,0,False
RP11-889D3.2,0.0,0,False
RP11-64C1.1,0.0,0,False
RP11-875H7.1,0.0,0,False
RP11-875H7.2,0.0,0,False
WNT5A,0.0,0,False
WNT5A-AS1,0.0,0,False
RP11-875H7.5,0.0,0,False
ERC2,0.0,0,False
RP11-58O15.1,0.0,0,False
CCDC66,160.0,119,False
FAM208A,55.0,54,False
ARHGEF3,189.0,172,False
ARHGEF3-AS1,0.0,0,False
SPATA12,0.0,0,False
RP11-157F20.3,0.0,0,False
IL17RD,0.0,0,False
HESX1,7.0,7,False
APPL1,165.0,156,False
ASB14,0.0,0,False
DNAH12,0.0,0,False
PDE12,67.0,62,False
ARF4,464.0,381,False
RP11-755B10.4,16.0,16,False
DENND6A,47.0,39,False
RP11-755B10.2,0.0,0,False
RP11-755B10.3,2.0,2,False
SLMAP,98.0,95,False
FLNB,45.0,42,False
FLNB-AS1,0.0,0,False
DNASE1L3,48.0,8,False
ABHD6,28.0,28,False
RPP14,80.0,76,False
RPP14-1,0.0,0,False
RP11-80H18.4,0.0,0,False
PXK,117.0,113,False
PDHB,488.0,397,False
RP11-802O23.3,5.0,5,False
RP11-359I18.5,3.0,3,False
KCTD6,68.0,66,False
ACOX2,7.0,6,False
FAM107A,0.0,0,False
RP11-475O23.2,0.0,0,False
RP11-475O23.3,0.0,0,False
FAM3D,6.0,5,False
C3orf67,0.0,0,False
RP11-147N17.1,0.0,0,False
CTD-2185K10.1,0.0,0,False
RP11-285B24.1,0.0,0,False
RP11-719N22.2,0.0,0,False
FHIT,274.0,219,False
NPCDR1,0.0,0,False
PTPRG,0.0,0,False
C3orf14,27.0,26,False
FEZF2,0.0,0,False
CADPS,0.0,0,False
LINC00698,0.0,0,False
SYNPR,0.0,0,False
SYNPR-AS1,0.0,0,False
SNTN,0.0,0,False
C3orf49,0.0,0,False
THOC7,613.0,434,False
THOC7-AS1,0.0,0,False
ATXN7,114.0,107,False
PSMD6-AS2,11.0,11,False
RP11-245J9.5,1.0,1,False
PSMD6,421.0,379,False
RP11-245J9.4,5.0,5,False
RP11-245J9.6,0.0,0,False
RP11-129B22.1,0.0,0,False
LINC00994,0.0,0,False
PRICKLE2,0.0,0,False
PRICKLE2-AS1,0.0,0,False
PRICKLE2-AS2,0.0,0,False
PRICKLE2-AS3,0.0,0,False
RP11-14D22.2,0.0,0,False
RP11-14D22.1,0.0,0,False
ADAMTS9,0.0,0,False
ADAMTS9-AS1,0.0,0,False
ADAMTS9-AS2,0.0,0,False
RP11-543A18.1,0.0,0,False
MAGI1,0.0,0,False
MAGI1-AS1,0.0,0,False
SLC25A26,185.0,178,False
LRIG1,40.0,39,False
KBTBD8,21.0,21,False
RP11-85I21.1,0.0,0,False
SUCLG2,426.0,352,False
RP11-81N13.1,2.0,2,False
FAM19A1,10.0,10,False
FAM19A4,0.0,0,False
EOGT,31.0,19,False
CTD-2013N24.2,0.0,0,False
TMF1,122.0,119,False
UBA3,254.0,235,False
ARL6IP5,1985.0,1222,False
LMOD3,12.0,12,False
FRMD4B,34.0,32,False
RP11-62G11.2,0.0,0,False
RP11-444P10.1,0.0,0,False
MITF,9.0,9,False
RP11-460N16.1,0.0,0,False
RP11-231I13.2,0.0,0,False
FOXP1,548.0,445,False
FOXP1-AS1,0.0,0,False
RP11-154H23.3,6.0,6,False
EIF4E3,80.0,78,False
GPR27,5.0,5,False
PROK2,8.0,8,False
LINC00877,110.0,99,False
RP11-398A8.4,0.0,0,False
LINC00870,0.0,0,False
RP11-433A10.3,0.0,0,False
RP11-433A10.2,0.0,0,False
RP11-447M4.1,0.0,0,False
RYBP,62.0,60,False
RP11-654C22.2,0.0,0,False
SHQ1,29.0,28,False
GXYLT2,0.0,0,False
PPP4R2,137.0,130,False
EBLN2,39.0,38,False
PDZRN3,0.0,0,False
PDZRN3-AS1,0.0,0,False
RP11-20B7.1,0.0,0,False
RP11-508O18.1,0.0,0,False
CNTN3,0.0,0,False
RP11-803B1.8,4.0,4,False
CTD-2026G6.3,0.0,0,False
FRG2C,0.0,0,False
LINC00960,0.0,0,False
ZNF717,8.0,8,False
ROBO2,0.0,0,False
RP11-354H21.1,0.0,0,False
RP11-354H21.2,0.0,0,False
RP11-314M24.1,0.0,0,False
ROBO1,1.0,1,False
RP11-47P18.1,0.0,0,False
RP11-47P18.2,0.0,0,False
RP11-6B4.1,0.0,0,False
RP11-520D19.1,0.0,0,False
RP11-520D19.2,0.0,0,False
GBE1,48.0,44,False
RP11-142L1.1,0.0,0,False
RP11-359D24.1,0.0,0,False
RP11-260O18.1,0.0,0,False
LINC00971,1.0,1,False
RP11-735B13.2,0.0,0,False
CADM2,0.0,0,False
CADM2-AS2,0.0,0,False
CADM2-AS1,0.0,0,False
RP11-789F5.1,0.0,0,False
RP11-331K15.1,0.0,0,False
VGLL3,0.0,0,False
CHMP2B,317.0,297,False
POU1F1,0.0,0,False
RP11-451B8.1,0.0,0,False
HTR1F,1.0,1,False
CGGBP1,381.0,357,False
RP11-159G9.5,6.0,6,False
ZNF654,16.0,16,False
C3orf38,152.0,131,False
EPHA3,0.0,0,False
PROS1,3.0,3,False
ARL13B,41.0,40,False
STX19,0.0,0,False
DHFRL1,16.0,15,False
NSUN3,33.0,33,False
LINC00879,0.0,0,False
MTRNR2L12,1.0,1,False
EPHA6,0.0,0,False
ARL6,11.0,9,False
CRYBG3,3.0,3,False
CRYBG3-1,8.0,8,False
MINA,120.0,101,False
OR5AC2,0.0,0,False
RP11-343D2.11,0.0,0,False
OR5H1,0.0,0,False
OR5H14,0.0,0,False
OR5H15,0.0,0,False
RP11-325B23.2,0.0,0,False
OR5H6,0.0,0,False
OR5H2,0.0,0,False
OR5K4,0.0,0,False
OR5K3,0.0,0,False
OR5K1,0.0,0,False
OR5K2,0.0,0,False
CLDND1,253.0,233,False
CPOX,45.0,43,False
RP11-227H4.5,0.0,0,False
GPR15,1.0,1,False
ST3GAL6-AS1,1.0,1,False
ST3GAL6,19.0,18,False
DCBLD2,5.0,5,False
CTD-2021J15.1,0.0,0,False
LINC00973,0.0,0,False
RP11-779P15.1,0.0,0,False
RP11-779P15.2,0.0,0,False
RP11-201E8.1,0.0,0,False
COL8A1,0.0,0,False
RP11-383I23.2,1.0,1,False
CMSS1,182.0,164,False
FILIP1L,0.0,0,False
TMEM30C,0.0,0,False
TBC1D23,70.0,55,False
NIT2,276.0,190,False
RP11-114I8.4,0.0,0,False
TOMM70A,53.0,53,False
LNP1,4.0,4,False
TMEM45A,0.0,0,False
GPR128,0.0,0,False
TFG,207.0,195,False
ABI3BP,0.0,0,False
IMPG2,2.0,2,False
SENP7,67.0,66,False
TRMT10C,182.0,168,False
PCNP,932.0,691,False
ZBTB11,52.0,49,False
ZBTB11-AS1,24.0,23,False
RPL24,12192.0,2564,False
CEP97,21.0,20,False
NXPE3,79.0,76,False
RP11-49I4.3,1.0,1,False
NFKBIZ,452.0,375,False
RP11-221J22.1,0.0,0,False
RP11-221J22.2,7.0,7,False
ZPLD1,0.0,0,False
RP11-280H21.1,0.0,0,False
ALCAM,15.0,15,False
CBLB,104.0,101,False
LINC00882,0.0,0,False
LINC00883,0.0,0,False
RP11-446H18.5,0.0,0,False
RP11-446H18.6,0.0,0,False
CCDC54,0.0,0,False
RP11-115H18.1,0.0,0,False
BBX,467.0,386,False
LINC00635,0.0,0,False
LINC00636,0.0,0,False
CD47,900.0,669,False
RP11-861A13.4,56.0,56,False
IFT57,280.0,221,False
HHLA2,2.0,2,False
MYH15,0.0,0,False
KIAA1524,12.0,12,False
DZIP3,46.0,45,False
RETNLB,0.0,0,False
TRAT1,582.0,458,False
GUCA1C,0.0,0,False
MORC1,0.0,0,False
MORC1-AS1,0.0,0,False
RP11-59E19.1,0.0,0,False
RP11-59E19.4,1.0,1,False
LINC00488,0.0,0,False
DPPA2,0.0,0,False
DPPA4,0.0,0,False
RP11-702L6.4,0.0,0,False
RP11-457K10.1,0.0,0,False
RP11-119D18.1,0.0,0,False
RP11-553A10.1,1.0,1,False
PVRL3-AS1,0.0,0,False
PVRL3,6.0,5,False
CD96,383.0,320,False
RP11-615J4.3,0.0,0,False
ZBED2,1.0,1,False
PLCXD2,1.0,1,False
PLCXD2-AS1,0.0,0,False
PHLDB2,4.0,4,False
ABHD10,78.0,74,False
TAGLN3,0.0,0,False
TMPRSS7,0.0,0,False
C3orf52,3.0,3,False
GCSAM,107.0,97,False
RP11-757F18.5,0.0,0,False
SLC9C1,0.0,0,False
RP11-90K6.1,1.0,1,False
CD200,47.0,45,False
RP11-231E6.1,0.0,0,False
BTLA,64.0,62,False
ATG3,759.0,571,False
SLC35A5,56.0,54,False
RP11-572C15.6,0.0,0,False
CCDC80,0.0,0,False
RP11-572C15.5,1.0,1,False
CD200R1L,0.0,0,False
CD200R1,54.0,52,False
RP11-484K9.4,3.0,3,False
GTPBP8,113.0,110,False
C3orf17,104.0,98,False
RP11-572M11.4,0.0,0,False
RP11-572M11.1,0.0,0,False
RP11-572M11.3,0.0,0,False
BOC,0.0,0,False
WDR52,2.0,2,False
WDR52-AS1,0.0,0,False
SPICE1,33.0,33,False
SIDT1,72.0,70,False
SIDT1-AS1,108.0,106,False
KIAA2018,38.0,37,False
NAA50,169.0,154,False
RP11-271C24.2,0.0,0,False
ATP6V1A,62.0,54,False
GRAMD1C,4.0,4,False
RP11-255E6.6,2.0,2,False
ZDHHC23,6.0,6,False
KIAA1407,38.0,36,False
QTRTD1,39.0,38,False
DRD3,0.0,0,False
RP11-553L6.2,17.0,17,False
ZNF80,8.0,8,False
TIGIT,299.0,189,False
RP11-553L6.5,21.0,20,False
ZBTB20,132.0,123,False
ZBTB20-AS1,5.0,5,False
RP11-197K3.1,0.0,0,False
ZBTB20-AS2,2.0,2,False
ZBTB20-AS3,0.0,0,False
ZBTB20-AS4,0.0,0,False
RP11-190P13.2,0.0,0,False
GAP43,0.0,0,False
LSAMP,0.0,0,False
LSAMP-AS1,0.0,0,False
LINC00903,0.0,0,False
TUSC7,0.0,0,False
LINC00901,0.0,0,False
RP11-384F7.2,0.0,0,False
RP11-768G7.2,0.0,0,False
RP11-768G7.3,0.0,0,False
RP11-384F7.1,0.0,0,False
IGSF11,1.0,1,False
IGSF11-AS1,0.0,0,False
C3orf30,0.0,0,False
RP11-484M3.5,0.0,0,False
UPK1B,0.0,0,False
B4GALT4,92.0,76,False
B4GALT4-AS1,0.0,0,False
ARHGAP31,25.0,25,False
ARHGAP31-AS1,2.0,2,False
TMEM39A,45.0,44,False
POGLUT1,59.0,57,False
RP11-190C22.8,7.0,7,False
TIMMDC1,311.0,254,False
CD80,2.0,2,False
RP11-190C22.9,5.0,5,False
ADPRH,27.0,27,False
PLA1A,0.0,0,False
POPDC2,9.0,9,False
COX17,647.0,517,False
MAATS1,0.0,0,False
RP11-169N13.4,0.0,0,False
NR1I2,0.0,0,False
GSK3B,95.0,94,False
RP11-18H7.1,2.0,2,False
GPR156,0.0,0,False
LRRC58,86.0,84,False
RP11-174O3.3,0.0,0,False
FSTL1,7.0,7,False
NDUFB4,888.0,706,False
HGD,10.0,7,False
RABL3,37.0,36,False
GTF2E1,41.0,41,False
RP11-500K19.1,0.0,0,False
STXBP5L,0.0,0,False
POLQ,1.0,1,False
ARGFX,0.0,0,False
FBXO40,1.0,1,False
HCLS1,1448.0,1033,False
GOLGB1,76.0,57,False
IQCB1,73.0,72,False
EAF2,321.0,253,False
SLC15A2,5.0,5,False
ILDR1,2.0,2,False
CD86,175.0,152,False
CASR,0.0,0,False
CSTA,142.0,120,False
CCDC58,29.0,29,False
FAM162A,418.0,370,False
WDR5B,22.0,22,False
RP11-299J3.8,20.0,20,False
KPNA1,142.0,111,False
PARP9,209.0,199,False
DTX3L,104.0,102,False
PARP15,87.0,85,False
PARP14,235.0,213,False
HSPBAP1,89.0,86,False
DIRC2,26.0,25,False
RP11-67L2.2,10.0,10,False
SEMA5B,1.0,1,False
PDIA5,18.0,17,False
SEC22A,34.0,34,False
RP11-797D24.3,0.0,0,False
ADCY5,0.0,0,False
RP11-797D24.4,0.0,0,False
PTPLB,69.0,66,False
MYLK-AS1,11.0,11,False
MYLK,8.0,5,False
MYLK-AS2,0.0,0,False
RP11-9N20.3,0.0,0,False
CCDC14,74.0,73,False
ROPN1,0.0,0,False
KALRN,7.0,7,False
UMPS,79.0,78,False
RP11-71H17.9,1.0,1,False
ITGB5,7.0,2,False
ITGB5-AS1,0.0,0,False
MUC13,0.0,0,False
HEG1,51.0,50,False
SLC12A8,2.0,2,False
ZNF148,150.0,136,False
SNX4,122.0,113,False
OSBPL11,52.0,50,False
RP11-379B18.6,0.0,0,False
RP11-379B18.5,2.0,2,False
RP11-666A20.4,3.0,3,False
ALG1L,8.0,8,False
ROPN1B,0.0,0,False
SLC41A3,86.0,84,False
RP11-158I23.1,0.0,0,False
RP11-124N2.1,0.0,0,False
ALDH1L1,0.0,0,False
ALDH1L1-AS1,0.0,0,False
ALDH1L1-AS2,0.0,0,False
RP11-71E19.1,0.0,0,False
RP11-71E19.2,0.0,0,False
KLF15,0.0,0,False
RP11-71E19.5,0.0,0,False
CCDC37,0.0,0,False
ZXDC,43.0,43,False
UROC1,0.0,0,False
CHST13,22.0,22,False
C3orf22,0.0,0,False
TXNRD3,6.0,5,False
TXNRD3NB,0.0,0,False
CHCHD6,34.0,34,False
PLXNA1,5.0,5,False
C3orf56,0.0,0,False
RP11-88I21.2,0.0,0,False
RP11-59J16.1,0.0,0,False
RP11-59J16.2,0.0,0,False
TPRA1,74.0,71,False
MCM2,24.0,20,False
PODXL2,23.0,21,False
ABTB1,300.0,264,False
MGLL,57.0,52,False
KBTBD12,0.0,0,False
SEC61A1,202.0,189,False
RUVBL1,227.0,210,False
RUVBL1-AS1,0.0,0,False
EEFSEC,97.0,94,False
DNAJB8,0.0,0,False
DNAJB8-AS1,0.0,0,False
GATA2,9.0,4,False
RP11-475N22.4,1.0,1,False
C3orf27,0.0,0,False
RPN1,354.0,316,False
RAB7A,1139.0,840,False
RP11-723O4.9,0.0,0,False
RP11-723O4.2,0.0,0,False
ACAD9,49.0,49,False
KIAA1257,2.0,2,False
RP11-723O4.6,0.0,0,False
EFCC1,1.0,1,False
GP9,62.0,16,False
RAB43,2.0,2,False
ISY1-RAB43,0.0,0,False
RP11-434H6.6,4.0,4,False
ISY1,261.0,214,False
RP11-434H6.7,0.0,0,False
CNBP,3596.0,1843,False
COPG1,127.0,121,False
HMCES,178.0,157,False
H1FX,577.0,451,False
H1FX-AS1,4.0,4,False
EFCAB12,0.0,0,False
MBD4,287.0,247,False
IFT122,8.0,8,False
RHO,0.0,0,False
H1FOO,0.0,0,False
PLXND1,46.0,46,False
TMCC1,22.0,22,False
TMCC1-AS1,4.0,3,False
RP11-93K22.6,0.0,0,False
TRH,0.0,0,False
RP11-93K22.13,0.0,0,False
RP11-77P16.4,0.0,0,False
COL6A5,0.0,0,False
COL6A6,0.0,0,False
PIK3R4,31.0,30,False
ATP2C1,53.0,52,False
RP11-39E3.3,0.0,0,False
ASTE1,53.0,51,False
NEK11,10.0,9,False
RP11-265F19.1,0.0,0,False
NUDT16,247.0,208,False
MRPL3,351.0,309,False
RP11-517B11.4,0.0,0,False
CPNE4,0.0,0,False
ACPP,13.0,12,False
DNAJC13,51.0,50,False
ACAD11,3.0,3,False
NPHP3,84.0,55,False
ACKR4,0.0,0,False
UBA5,152.0,110,False
NPHP3-AS1,1.0,1,False
RP11-469L4.1,0.0,0,False
TMEM108,0.0,0,False
RP11-402L6.1,0.0,0,False
BFSP2,5.0,5,False
BFSP2-AS1,1.0,1,False
RP11-91K8.5,0.0,0,False
CDV3,327.0,273,False
TOPBP1,31.0,28,False
TF,0.0,0,False
SRPRB,127.0,119,False
RAB6B,5.0,5,False
C3orf36,0.0,0,False
SLCO2A1,1.0,1,False
RP11-202A13.1,0.0,0,False
RYK,34.0,32,False
RP11-200A1.1,0.0,0,False
RP11-375I20.6,0.0,0,False
AMOTL2,0.0,0,False
ANAPC13,353.0,272,False
CEP63,122.0,115,False
EPHB1,2.0,2,False
KY,0.0,0,False
PPP2R3A,4.0,4,False
RP11-305O4.3,1.0,1,False
MSL2,89.0,86,False
PCCB,66.0,65,False
STAG1,85.0,80,False
RP11-102M11.2,2.0,2,False
SLC35G2,7.0,7,False
RP11-731C17.2,3.0,3,False
RP11-85F14.5,37.0,34,False
NCK1,272.0,255,False
IL20RB,2.0,2,False
IL20RB-AS1,0.0,0,False
SOX14,0.0,0,False
RP11-2A4.3,0.0,0,False
RP11-2A4.4,0.0,0,False
CLDN18,0.0,0,False
RP11-461M2.2,0.0,0,False
DZIP1L,0.0,0,False
A4GNT,0.0,0,False
DBR1,55.0,54,False
ARMC8,137.0,133,False
NME9,0.0,0,False
MRAS,24.0,23,False
ESYT3,1.0,1,False
CEP70,24.0,24,False
FAIM,59.0,58,False
PIK3CB,36.0,35,False
RP11-548O1.3,0.0,0,False
FOXL2,0.0,0,False
C3orf72,0.0,0,False
PRR23A,0.0,0,False
MRPS22,190.0,184,False
PRR23B,0.0,0,False
PRR23C,0.0,0,False
BPESC1,0.0,0,False
RP11-219D15.3,0.0,0,False
COPB2,166.0,158,False
RP11-319G6.1,11.0,11,False
RBP2,0.0,0,False
RP11-319G6.3,0.0,0,False
RBP1,0.0,0,False
NMNAT3,22.0,16,False
RP11-442N1.2,0.0,0,False
RP11-442N1.1,0.0,0,False
RP11-166D18.1,0.0,0,False
CLSTN2,0.0,0,False
RP11-68L1.2,0.0,0,False
RP11-68L1.1,0.0,0,False
CLSTN2-AS1,0.0,0,False
TRIM42,0.0,0,False
RP11-691G17.1,0.0,0,False
SLC25A36,104.0,101,False
SPSB4,0.0,0,False
RP11-231L11.1,0.0,0,False
ACPL2,24.0,24,False
RP11-438D8.2,0.0,0,False
ZBTB38,79.0,75,False
RASA2,116.0,111,False
RP11-340E6.1,0.0,0,False
RNF7,872.0,673,False
GRK7,0.0,0,False
ATP1B3,631.0,445,False
ATP1B3-AS1,1.0,1,False
RP11-271K21.11,4.0,4,False
TFDP2,123.0,112,False
RP11-485G4.2,26.0,26,False
GK5,12.0,11,False
XRN1,84.0,83,False
ATR,34.0,34,False
PLS1,1.0,1,False
PLS1-AS1,0.0,0,False
TRPC1,2.0,2,False
PCOLCE2,0.0,0,False
RP11-372E1.4,0.0,0,False
PAQR9,0.0,0,False
RP11-372E1.6,0.0,0,False
U2SURP,296.0,231,False
RP11-91G21.1,5.0,5,False
RP11-80H8.3,0.0,0,False
CHST2,105.0,91,False
RP11-80H8.4,4.0,4,False
SLC9A9,53.0,53,False
SLC9A9-AS1,0.0,0,False
SLC9A9-AS2,0.0,0,False
C3orf58,36.0,36,False
RP11-88H10.2,0.0,0,False
RP11-88H10.3,0.0,0,False
RP11-274H2.2,0.0,0,False
AC107021.1,0.0,0,False
RP11-274H2.3,0.0,0,False
PLOD2,1.0,1,False
PLSCR4,0.0,0,False
PLSCR2,1.0,1,False
PLSCR1,484.0,377,False
PLSCR5,0.0,0,False
PLSCR5-AS1,0.0,0,False
RP11-649A16.1,0.0,0,False
RP11-232M24.1,0.0,0,False
ZIC4,0.0,0,False
ZIC4-AS1,0.0,0,False
ZIC1,0.0,0,False
RP11-78O22.1,0.0,0,False
RP11-71N10.1,0.0,0,False
RP11-639B1.1,0.0,0,False
RP11-501O2.1,0.0,0,False
RP11-501O2.3,0.0,0,False
RP11-501O2.4,0.0,0,False
RP11-501O2.5,0.0,0,False
AGTR1,0.0,0,False
CPB1,0.0,0,False
RP11-680B3.2,0.0,0,False
CPA3,0.0,0,False
GYG1,389.0,310,False
HLTF,45.0,43,False
HLTF-AS1,0.0,0,False
HPS3,72.0,71,False
CP,0.0,0,False
RP11-206M11.7,0.0,0,False
TM4SF18,0.0,0,False
TM4SF1,2.0,2,False
TM4SF1-AS1,0.0,0,False
RP11-278L15.2,0.0,0,False
TM4SF4,0.0,0,False
WWTR1,0.0,0,False
WWTR1-AS1,0.0,0,False
COMMD2,200.0,185,False
ANKUB1,0.0,0,False
RNF13,321.0,293,False
PFN2,32.0,32,False
AC117395.1,1.0,1,False
RP11-651P23.5,1.0,1,False
RP11-167H9.4,0.0,0,False
snoU13,0.0,0,False
RP11-167H9.5,0.0,0,False
RP11-167H9.6,0.0,0,False
RP11-483E7.1,0.0,0,False
TSC22D2,55.0,52,False
SERP1,2847.0,1486,False
EIF2A,516.0,447,False
SELT,1015.0,809,False
FAM194A,0.0,0,False
RP11-103G8.2,38.0,35,False
SIAH2,397.0,326,False
SIAH2-AS1,1.0,1,False
CLRN1-AS1,0.0,0,False
FAM188B2,0.0,0,False
RP11-166N6.3,0.0,0,False
RP11-166N6.2,0.0,0,False
RP11-373I8.1,1.0,1,False
CLRN1,0.0,0,False
MED12L,1.0,1,False
GPR171,185.0,135,False
P2RY14,17.0,17,False
GPR87,0.0,0,False
P2RY13,57.0,47,False
P2RY12,3.0,3,False
IGSF10,1.0,1,False
RP11-454C18.1,0.0,0,False
AADACL2,0.0,0,False
RP11-454C18.2,0.0,0,False
RP11-64D22.5,0.0,0,False
AADAC,0.0,0,False
SUCNR1,0.0,0,False
RP11-246A10.1,0.0,0,False
MBNL1,704.0,588,False
MBNL1-AS1,31.0,29,False
TMEM14E,1.0,1,False
RP11-362A9.3,0.0,0,False
RP11-788A4.1,0.0,0,False
P2RY1,3.0,3,False
RP11-38P22.2,0.0,0,False
RP11-529G21.2,1.0,1,False
RAP2B,117.0,108,False
RP11-292E2.1,0.0,0,False
RP11-292E2.2,0.0,0,False
RP11-292E2.4,0.0,0,False
C3orf79,0.0,0,False
RP11-217E22.5,0.0,0,False
ARHGEF26,1.0,1,False
DHX36,246.0,210,False
GPR149,0.0,0,False
RP11-656A15.1,0.0,0,False
RP11-439C8.1,0.0,0,False
RP11-439C8.2,0.0,0,False
MME,1.0,1,False
MME-AS1,0.0,0,False
RP11-451G4.1,0.0,0,False
RP11-451G4.2,0.0,0,False
RP11-451G4.3,0.0,0,False
PLCH1,0.0,0,False
PLCH1-AS1,0.0,0,False
PLCH1-AS2,0.0,0,False
AC104472.1,0.0,0,False
C3orf33,29.0,28,False
SLC33A1,74.0,71,False
GMPS,216.0,200,False
KCNAB1,3.0,2,False
KCNAB1-AS2,0.0,0,False
KCNAB1-AS1,0.0,0,False
RP11-305K5.1,3.0,3,False
SSR3,655.0,490,False
TIPARP-AS1,26.0,26,False
TIPARP,85.0,79,False
LINC00886,49.0,7,False
LEKR1,8.0,8,False
LINC00880,5.0,5,False
RP11-6F2.5,3.0,3,False
LINC00881,0.0,0,False
CCNL1,924.0,711,False
RP11-555M1.3,0.0,0,False
VEPH1,0.0,0,False
PTX3,16.0,11,False
C3orf55,0.0,0,False
RP11-290K4.1,0.0,0,False
RP11-290K4.2,0.0,0,False
SHOX2,0.0,0,False
RSRC1,136.0,125,False
RP11-538P18.2,18.0,18,False
MLF1,16.0,16,False
GFM1,100.0,97,False
LXN,61.0,56,False
RP11-379F4.7,0.0,0,False
RP11-379F4.6,0.0,0,False
RARRES1,0.0,0,False
MFSD1,197.0,163,False
RP11-379F4.4,2.0,1,False
RP11-379F4.9,4.0,4,False
IQCJ-SCHIP1,0.0,0,False
IQCJ,0.0,0,False
IQCJ-SCHIP1-AS1,0.0,0,False
SCHIP1,0.0,0,False
IL12A-AS1,0.0,0,False
IL12A,3.0,3,False
LINC01100,0.0,0,False
C3orf80,0.0,0,False
RP11-431I8.1,0.0,0,False
RP11-432B6.3,0.0,0,False
IFT80,24.0,24,False
SMC4,179.0,144,False
TRIM59,7.0,7,False
KPNA4,101.0,99,False
ARL14,0.0,0,False
RP11-16N11.2,4.0,4,False
PPM1L,21.0,21,False
B3GALNT1,3.0,3,False
NMD3,148.0,143,False
SPTSSB,22.0,15,False
RP11-3P17.4,0.0,0,False
RP11-3P17.5,0.0,0,False
OTOL1,0.0,0,False
RP11-774I5.1,0.0,0,False
RP11-10O22.1,0.0,0,False
CT64,0.0,0,False
RP11-418B12.1,0.0,0,False
RP11-71H9.2,0.0,0,False
RP11-71H9.1,0.0,0,False
SI,0.0,0,False
RP11-747D18.1,0.0,0,False
SLITRK3,0.0,0,False
RP11-85M11.2,0.0,0,False
BCHE,0.0,0,False
RP11-450H5.1,0.0,0,False
RP11-12K11.2,0.0,0,False
ZBBX,0.0,0,False
RP11-576M8.2,0.0,0,False
SERPINI2,0.0,0,False
WDR49,2.0,2,False
PDCD10,296.0,274,False
SERPINI1,32.0,32,False
RP11-298O21.6,0.0,0,False
RP11-298O21.7,0.0,0,False
RP11-298O21.3,0.0,0,False
RP11-298O21.2,0.0,0,False
RP11-298O21.5,0.0,0,False
GOLIM4,10.0,10,False
RP11-637O11.2,0.0,0,False
RP11-368I23.2,0.0,0,False
RP11-368I23.3,0.0,0,False
RP11-368I23.4,0.0,0,False
RP11-152C17.1,0.0,0,False
MECOM,0.0,0,False
RP11-641D5.2,0.0,0,False
TERC,2.0,2,False
ACTRT3,2.0,2,False
RP11-816J6.3,1.0,1,False
MYNN,68.0,62,False
RP11-362K14.5,2.0,2,False
LRRC34,6.0,6,False
RP11-362K14.7,3.0,2,False
RP11-362K14.6,3.0,3,False
LRRIQ4,0.0,0,False
LRRC31,0.0,0,False
SAMD7,0.0,0,False
RP11-379K17.4,3.0,3,False
SEC62,723.0,591,False
SEC62-AS1,0.0,0,False
GPR160,36.0,34,False
PHC3,177.0,168,False
RP11-379K17.12,4.0,4,False
PRKCI,25.0,23,False
RP11-543D10.2,1.0,1,False
SKIL,60.0,59,False
RP11-469J4.3,0.0,0,False
CLDN11,0.0,0,False
SLC7A14,0.0,0,False
RP11-373E16.4,0.0,0,False
RPL22L1,694.0,537,False
EIF5A2,37.0,37,False
SLC2A2,0.0,0,False
TNIK,99.0,95,False
RP11-185E8.1,2.0,2,False
PLD1,4.0,4,False
PP13439,5.0,5,False
TMEM212,0.0,0,False
TMEM212-AS1,0.0,0,False
FNDC3B,52.0,49,False
AC092964.2,1.0,1,False
AC092964.1,0.0,0,False
GHSR,1.0,1,False
TNFSF10,982.0,577,False
RP11-408H1.3,1.0,1,False
NCEH1,13.0,13,False
AC007919.2,0.0,0,False
ECT2,4.0,4,False
SPATA16,0.0,0,False
RP11-324C10.1,0.0,0,False
NLGN1,0.0,0,False
NLGN1-AS1,0.0,0,False
NAALADL2,0.0,0,False
NAALADL2-AS2,0.0,0,False
NAALADL2-AS1,0.0,0,False
RP11-523G9.3,0.0,0,False
RP11-809F4.3,0.0,0,False
RP11-71G7.1,0.0,0,False
RP11-644C3.1,0.0,0,False
RP11-255G21.1,1.0,1,False
TBL1XR1,121.0,117,False
TBL1XR1-AS1,0.0,0,False
LINC00501,0.0,0,False
RP11-706D8.3,0.0,0,False
LINC00578,0.0,0,False
RP11-114M1.2,0.0,0,False
RP11-114M1.1,0.0,0,False
RP11-91K9.1,0.0,0,False
RP11-2L8.1,0.0,0,False
RP11-2L8.2,0.0,0,False
RP11-33A14.1,0.0,0,False
KCNMB2,0.0,0,False
RP11-385J1.2,0.0,0,False
ZMAT3,78.0,70,False
RP11-360P21.2,0.0,0,False
PIK3CA,34.0,34,False
RP11-245C23.3,0.0,0,False
KCNMB3,13.0,12,False
ZNF639,93.0,91,False
RP11-255C15.4,0.0,0,False
RP11-255C15.3,1.0,1,False
MFN1,34.0,34,False
RP11-145M9.4,13.0,12,False
AC007620.3,1.0,1,False
GNB4,33.0,32,False
RP11-145M9.5,1.0,1,False
ACTL6A,162.0,116,False
RP11-15L13.4,0.0,0,False
RP11-145M9.6,1.0,1,False
MRPL47,277.0,224,False
NDUFB5,769.0,573,False
USP13,15.0,15,False
PEX5L,0.0,0,False
RP11-494H4.3,0.0,0,False
PEX5L-AS1,0.0,0,False
PEX5L-AS2,0.0,0,False
RP11-420J11.2,0.0,0,False
RP11-496B10.3,0.0,0,False
TTC14,273.0,213,False
CCDC39,2.0,2,False
CCDC39-AS1,0.0,0,False
FXR1,317.0,289,False
DNAJC19,466.0,403,False
RP11-275H4.1,0.0,0,False
RP11-4B14.3,0.0,0,False
SOX2,0.0,0,False
RP11-416O18.1,0.0,0,False
RP11-416O18.2,0.0,0,False
RP11-338L18.1,0.0,0,False
RP11-139K4.1,0.0,0,False
RP11-139K4.2,0.0,0,False
RP11-646E18.2,0.0,0,False
RP11-646E18.4,0.0,0,False
RP11-225N10.1,1.0,1,False
ATP11B,91.0,88,False
RP11-531F16.4,0.0,0,False
DCUN1D1,70.0,68,False
MCCC1,59.0,59,False
MCCC1-AS1,1.0,1,False
LAMP3,36.0,13,False
MCF2L2,6.0,6,False
B3GNT5,8.0,8,False
KLHL6,71.0,57,False
KLHL6-AS1,0.0,0,False
KLHL24,149.0,114,False
YEATS2,37.0,34,False
YEATS2-AS1,1.0,1,False
MAP6D1,9.0,9,False
PARL,427.0,349,False
ABCC5,38.0,37,False
ABCC5-AS1,0.0,0,False
HTR3D,0.0,0,False
HTR3C,0.0,0,False
HTR3E-AS1,0.0,0,False
HTR3E,0.0,0,False
RP11-778D9.13,1.0,1,False
RP11-778D9.12,0.0,0,False
EIF2B5,144.0,138,False
DVL3,13.0,12,False
AP2M1,1080.0,836,False
ABCF3,82.0,80,False
VWA5B2,0.0,0,False
ALG3,222.0,211,False
ECE2,39.0,37,False
CAMK2N2,0.0,0,False
PSMD2,283.0,267,False
EIF4G1,100.0,93,False
FAM131A,12.0,12,False
CLCN2,0.0,0,False
POLR2H,267.0,241,False
THPO,0.0,0,False
CHRD,0.0,0,False
RP11-433C9.2,0.0,0,False
EIF2B5-AS1,0.0,0,False
EPHB3,3.0,3,False
MAGEF1,171.0,161,False
RP11-329B9.4,0.0,0,False
RP11-329B9.3,0.0,0,False
RP11-329B9.5,0.0,0,False
RP11-329B9.1,0.0,0,False
VPS8,70.0,68,False
C3orf70,0.0,0,False
EHHADH-AS1,0.0,0,False
EHHADH,3.0,3,False
MAP3K13,110.0,103,False
TMEM41A,89.0,84,False
LIPH,0.0,0,False
SENP2,48.0,40,False
IGF2BP2,9.0,9,False
C3orf65,0.0,0,False
TRA2B,980.0,750,False
ETV5,16.0,16,False
ETV5-AS1,0.0,0,False
DGKG,5.0,5,False
RP11-78H24.1,0.0,0,False
RP11-48F14.1,0.0,0,False
RP11-48F14.2,0.0,0,False
CRYGS,3.0,3,False
TBCCD1,55.0,55,False
DNAJB11,310.0,264,False
AHSG,0.0,0,False
FETUB,0.0,0,False
RP11-134F2.2,0.0,0,False
HRG,0.0,0,False
RP11-573D15.8,0.0,0,False
KNG1,0.0,0,False
RP11-573D15.9,11.0,11,False
EIF4A2,3404.0,1723,False
RFC4,87.0,81,False
RP11-573D15.3,0.0,0,False
RP11-573D15.2,1.0,1,False
ADIPOQ,0.0,0,False
ADIPOQ-AS1,0.0,0,False
ST6GAL1,198.0,184,False
RPL39L,68.0,50,False
RP11-208N14.4,0.0,0,False
RTP1,0.0,0,False
MASP1,0.0,0,False
RTP4,147.0,135,False
RP11-567G11.1,0.0,0,False
SST,0.0,0,False
RTP2,0.0,0,False
RP11-211G3.3,0.0,0,False
BCL6,81.0,77,False
RP11-211G3.2,22.0,3,False
RP11-30O15.1,0.0,0,False
RP11-44H4.1,0.0,0,False
RP11-132N15.3,0.0,0,False
RP11-132N15.1,0.0,0,False
RP11-132N15.2,0.0,0,False
RP11-430L16.1,0.0,0,False
LPP-AS2,9.0,9,False
LPP,110.0,104,False
AC022498.1,6.0,6,False
LPP-AS1,1.0,1,False
TPRG1-AS1,10.0,10,False
TPRG1,22.0,21,False
TPRG1-AS2,0.0,0,False
TP63,1.0,1,False
LEPREL1,0.0,0,False
LEPREL1-AS1,1.0,1,False
CLDN1,0.0,0,False
CLDN16,0.0,0,False
TMEM207,0.0,0,False
IL1RAP,26.0,16,False
RP11-268E23.2,0.0,0,False
RP11-95L3.2,0.0,0,False
GMNC,0.0,0,False
OSTN,0.0,0,False
OSTN-AS1,2.0,1,False
UTS2B,1.0,1,False
CCDC50,183.0,151,False
PYDC2,0.0,0,False
RP11-197K6.1,0.0,0,False
RP11-655G22.1,0.0,0,False
FGF12,0.0,0,False
FGF12-AS1,0.0,0,False
FGF12-AS2,0.0,0,False
FGF12-AS3,0.0,0,False
MB21D2,8.0,8,False
RP11-143P4.2,0.0,0,False
HRASLS,3.0,3,False
ATP13A5,0.0,0,False
ATP13A5-AS1,0.0,0,False
ATP13A4,3.0,3,False
ATP13A4-AS1,0.0,0,False
OPA1,63.0,62,False
OPA1-AS1,0.0,0,False
RP11-528A4.2,0.0,0,False
RP11-699L21.1,1.0,1,False
RP11-699L21.2,0.0,0,False
RP11-135A1.3,1.0,1,False
RP11-135A1.2,0.0,0,False
HES1,62.0,48,False
RP11-513G11.4,0.0,0,False
RP11-513G11.3,0.0,0,False
RP11-513G11.2,0.0,0,False
LINC00887,0.0,0,False
CPN2,0.0,0,False
LRRC15,0.0,0,False
GP5,4.0,4,False
ATP13A3,24.0,24,False
LINC00884,4.0,3,False
TMEM44-AS1,25.0,25,False
TMEM44,2.0,2,False
AC046143.3,0.0,0,False
RP11-534C12.1,0.0,0,False
LSG1,71.0,70,False
FAM43A,61.0,53,False
AC106706.1,0.0,0,False
AC090505.6,0.0,0,False
AC090505.4,0.0,0,False
AC090505.1,0.0,0,False
XXYLT1,37.0,37,False
XXYLT1-AS1,0.0,0,False
XXYLT1-AS2,1.0,1,False
ACAP2,288.0,258,False
PPP1R2,958.0,754,False
AC091633.3,0.0,0,False
APOD,0.0,0,False
RP11-141C7.4,0.0,0,False
AC069513.4,6.0,6,False
LINC00969,138.0,129,False
MUC20,5.0,5,False
MUC4,0.0,0,False
AC124944.5,0.0,0,False
TNK2,87.0,82,False
TNK2-AS1,5.0,5,False
AC124944.3,3.0,3,False
RP11-352G9.1,0.0,0,False
RP11-480A16.1,1.0,1,False
TFRC,89.0,86,False
LINC00885,2.0,2,False
ZDHHC19,2.0,2,False
SLC51A,9.0,9,False
PCYT1A,97.0,81,False
RP11-447L10.1,0.0,0,False
AC069257.8,0.0,0,False
TCTEX1D2,81.0,77,False
TM4SF19,1.0,1,False
TM4SF19-AS1,2.0,2,False
TM4SF19-1,2.0,2,False
UBXN7,65.0,59,False
UBXN7-AS1,11.0,11,False
RNF168,126.0,87,False
CTD-2002J20.1,0.0,0,False
SMCO1,0.0,0,False
WDR53,36.0,36,False
FBXO45,6.0,6,False
LINC01063,4.0,4,False
NRROS,195.0,165,False
PIGX,195.0,145,False
CEP19,43.0,42,False
PAK2,326.0,300,False
SENP5,44.0,44,False
NCBP2,378.0,335,False
NCBP2-AS1,0.0,0,False
NCBP2-AS2,374.0,330,False
PIGZ,7.0,6,False
MFI2,0.0,0,False
MFI2-AS1,1.0,1,False
DLG1,95.0,93,False
DLG1-AS1,0.0,0,False
AC128709.3,0.0,0,False
AC128709.4,0.0,0,False
AC128709.2,0.0,0,False
RP13-616I3.1,2.0,2,False
BDH1,50.0,49,False
RP11-496H1.2,0.0,0,False
AC024560.2,0.0,0,False
KIAA0226,102.0,98,False
FYTTD1,184.0,180,False
RP11-803P9.1,0.0,0,False
LRCH3,68.0,65,False
AC055764.1,0.0,0,False
IQCG,25.0,25,False
RPL35A,21046.0,2653,False
LMLN,2.0,2,False
LMLN-AS1,0.0,0,False
FAM157A,2.0,2,False
ZNF595,58.0,58,False
ZNF718,18.0,18,False
ZNF732,0.0,0,False
ZNF141,27.0,27,False
RP11-2H3.6,0.0,0,False
ZNF721,121.0,112,False
PIGG,66.0,63,False
RP11-1263C18.1,0.0,0,False
PDE6B,80.0,43,False
RP11-1191J2.2,0.0,0,False
RP11-1191J2.5,12.0,11,False
ATP5I,1007.0,779,False
MYL5,54.0,53,False
MFSD7,22.0,21,False
PCGF3,52.0,51,False
RP11-1191J2.4,0.0,0,False
RP11-440L14.4,2.0,2,False
RP11-440L14.1,8.0,8,False
AC139887.4,1.0,1,False
CPLX1,9.0,7,False
RP11-440L14.3,0.0,0,False
GAK,141.0,132,False
TMEM175,95.0,92,False
DGKQ,16.0,16,False
SLC26A1,4.0,4,False
IDUA,47.0,18,False
FGFRL1,17.0,16,False
RP11-460I19.2,0.0,0,False
RNF212,8.0,8,False
RP11-20I20.2,0.0,0,False
AC092535.3,0.0,0,False
SPON2,436.0,216,False
RP11-20I20.4,1.0,1,False
CTBP1,153.0,147,False
CTBP1-AS2,34.0,33,False
MAEA,268.0,204,False
UVSSA,19.0,19,False
CRIPAK,13.0,12,False
NKX1-1,0.0,0,False
RP13-1016M1.2,0.0,0,False
RP11-1398P2.1,109.0,105,False
FAM53A,7.0,7,False
SLBP,392.0,300,False
RP11-572O17.1,14.0,14,False
TMEM129,97.0,95,False
TACC3,157.0,150,False
FGFR3,0.0,0,False
LETM1,46.0,45,False
WHSC1,32.0,30,False
NELFA,105.0,104,False
C4orf48,526.0,433,False
NAT8L,0.0,0,False
POLN,5.0,5,False
RP11-317B7.3,0.0,0,False
HAUS3,93.0,90,False
MXD4,99.0,94,False
ZFYVE28,73.0,64,False
RP11-478C1.7,1.0,1,False
RP11-503N18.1,0.0,0,False
RP11-503N18.3,0.0,0,False
RNF4,149.0,144,False
FAM193A,32.0,31,False
TNIP2,205.0,197,False
SH3BP2,195.0,188,False
ADD1,335.0,252,False
MFSD10,318.0,248,False
NOP14-AS1,34.0,34,False
NOP14,37.0,37,False
GRK4,8.0,8,False
HTT-AS,0.0,0,False
HTT,66.0,63,False
MSANTD1,1.0,1,False
RGS12,24.0,22,False
HGFAC,0.0,0,False
DOK7,9.0,9,False
LRPAP1,552.0,484,False
AL590235.1,0.0,0,False
RP11-529E10.7,0.0,0,False
LINC00955,0.0,0,False
RP3-368B9.2,0.0,0,False
RP3-513G18.2,0.0,0,False
AC141928.1,0.0,0,False
ADRA2C,0.0,0,False
OTOP1,0.0,0,False
TMEM128,154.0,146,False
LYAR,857.0,499,False
ZBTB49,22.0,22,False
RP11-265O12.1,0.0,0,False
NSG1,164.0,148,False
STX18,185.0,128,False
STX18-AS1,8.0,8,False
RP11-326I19.3,0.0,0,False
MSX1,0.0,0,False
CYTL1,20.0,15,False
STK32B,2.0,2,False
C4orf6,0.0,0,False
EVC2,1.0,1,False
EVC,3.0,3,False
CRMP1,0.0,0,False
C4orf50,0.0,0,False
JAKMIP1,43.0,34,False
RP11-586D19.1,2.0,2,False
RP11-586D19.2,0.0,0,False
RP11-1406H17.1,1.0,1,False
WFS1,6.0,6,False
PPP2R2C,0.0,0,False
MAN2B2,68.0,68,False
MRFAP1,793.0,656,False
RP11-539L10.3,22.0,21,False
AC093323.3,115.0,100,False
RP11-539L10.2,37.0,36,False
AC093323.1,0.0,0,False
S100P,9.0,9,False
MRFAP1L1,199.0,186,False
BLOC1S4,497.0,458,False
KIAA0232,40.0,38,False
TBC1D14,93.0,93,False
RP11-367J11.2,7.0,7,False
CCDC96,6.0,6,False
TADA2B,36.0,34,False
GRPEL1,315.0,244,False
RP11-367J11.3,8.0,8,False
SORCS2,0.0,0,False
PSAPL1,0.0,0,False
AFAP1-AS1,1.0,1,False
AFAP1,12.0,12,False
AC097381.1,0.0,0,False
ABLIM2,4.0,4,False
RP11-338K13.1,0.0,0,False
RP11-1258F18.1,0.0,0,False
SH3TC1,52.0,51,False
HTRA3,0.0,0,False
RP11-774O3.2,0.0,0,False
RP11-774O3.1,0.0,0,False
RP11-774O3.3,3.0,3,False
ACOX3,25.0,24,False
TRMT44,13.0,13,False
RP11-689P11.3,0.0,0,False
RP11-689P11.2,0.0,0,False
GPR78,0.0,0,False
CPZ,0.0,0,False
RP11-1338A24.1,0.0,0,False
HMX1,0.0,0,False
FAM90A26,0.0,0,False
USP17L13,0.0,0,False
USP17L10,0.0,0,False
USP17L11,0.0,0,False
USP17L12,0.0,0,False
USP17L15,0.0,0,False
USP17L17,0.0,0,False
USP17L18,0.0,0,False
USP17L19,0.0,0,False
USP17L20,0.0,0,False
USP17L21,0.0,0,False
USP17L22,0.0,0,False
USP17L23,0.0,0,False
USP17L24,0.0,0,False
USP17L25,0.0,0,False
USP17L26,0.0,0,False
USP17L5,0.0,0,False
USP17L27,0.0,0,False
USP17L28,0.0,0,False
USP17L29,0.0,0,False
USP17L30,0.0,0,False
RP11-1396O13.13,0.0,0,False
DEFB131,0.0,0,False
SLC2A9,12.0,11,False
DRD5,0.0,0,False
RP13-560N11.1,0.0,0,False
RP11-448G15.1,0.0,0,False
WDR1,967.0,703,False
ZNF518B,27.0,27,False
CLNK,1.0,1,False
RP11-61G19.1,0.0,0,False
HS3ST1,10.0,10,False
RP11-281P23.1,0.0,0,False
RP11-281P23.2,0.0,0,False
RP11-74M11.2,0.0,0,False
RP11-1J7.1,0.0,0,False
RP11-168E17.1,0.0,0,False
RP11-22A3.2,0.0,0,False
RP11-22A3.1,0.0,0,False
RAB28,98.0,97,False
NKX3-2,0.0,0,False
LINC01096,0.0,0,False
BOD1L1,75.0,72,False
RP11-341G5.1,0.0,0,False
AC007126.1,0.0,0,False
LINC01085,0.0,0,False
RP11-669M16.2,0.0,0,False
RP11-669M16.1,1.0,1,False
AC006296.1,0.0,0,False
AC006296.2,0.0,0,False
LINC00504,0.0,0,False
CPEB2-AS1,1.0,1,False
CPEB2,23.0,22,False
RP11-665G4.1,0.0,0,False
C1QTNF7,0.0,0,False
RP11-484O2.1,0.0,0,False
CC2D2A,2.0,2,False
RP11-799M12.2,1.0,1,False
FBXL5,280.0,256,False
FAM200B,299.0,268,False
BST1,245.0,199,False
CD38,106.0,89,False
FGFBP1,0.0,0,False
FGFBP2,1058.0,296,False
PROM1,0.0,0,False
TAPT1,19.0,19,False
RP11-452J21.2,0.0,0,False
TAPT1-AS1,20.0,19,False
RP11-446J8.1,0.0,0,False
LDB2,0.0,0,False
RP11-141E13.1,0.0,0,False
RP11-576E20.1,0.0,0,False
QDPR,234.0,213,False
CLRN2,0.0,0,False
LAP3,521.0,416,False
AC006160.5,2.0,2,False
MED28,567.0,458,False
FAM184B,1.0,1,False
DCAF16,48.0,48,False
NCAPG,4.0,2,False
LCORL,33.0,30,False
RP11-608B3.1,0.0,0,False
RP11-3J1.1,0.0,0,False
RP11-608O21.1,0.0,0,False
RP11-94H6.1,0.0,0,False
SLIT2,0.0,0,False
PACRGL,14.0,11,False
KCNIP4,0.0,0,False
RP11-362J17.1,0.0,0,False
RP11-120A1.1,0.0,0,False
RP11-556G22.3,0.0,0,False
RP11-556G22.2,0.0,0,False
RP11-17E2.2,0.0,0,False
GPR125,3.0,3,False
RP11-412P11.1,0.0,0,False
RP11-552M14.1,0.0,0,False
RP11-453O5.1,0.0,0,False
RP11-380P13.1,0.0,0,False
RP11-380P13.2,0.0,0,False
PPARGC1A,0.0,0,False
RP13-497K6.1,0.0,0,False
DHX15,184.0,136,False
RP11-496D24.2,0.0,0,False
SOD3,0.0,0,False
CCDC149,6.0,6,False
LGI2,0.0,0,False
SEPSECS,28.0,27,False
PI4K2B,88.0,86,False
RP11-660M5.1,0.0,0,False
ZCCHC4,28.0,27,False
ANAPC4,96.0,83,False
RP11-302F12.3,0.0,0,False
SLC34A2,0.0,0,False
SEL1L3,104.0,95,False
RP11-302F12.10,1.0,1,False
SMIM20,300.0,282,False
RP13-494C23.1,0.0,0,False
RBPJ,285.0,234,False
CCKAR,0.0,0,False
TBC1D19,48.0,45,False
STIM2,93.0,90,False
RP11-293A21.1,3.0,3,False
RP11-415C15.1,0.0,0,False
AC024132.1,0.0,0,False
RP11-415C15.2,0.0,0,False
RP11-415C15.3,0.0,0,False
AC007106.1,0.0,0,False
RP11-180C1.1,0.0,0,False
RP11-123O22.1,0.0,0,False
RP11-292B1.2,0.0,0,False
RP11-769N22.1,0.0,0,False
RP11-472K22.1,0.0,0,False
RP11-472K22.2,0.0,0,False
PCDH7,0.0,0,False
RP11-619J20.1,0.0,0,False
RP11-617I14.1,0.0,0,False
RP11-315A17.1,0.0,0,False
RP11-665I14.1,0.0,0,False
RP11-734I18.1,0.0,0,False
RP11-240A16.1,0.0,0,False
RP11-802H3.2,0.0,0,False
RP11-79E3.3,0.0,0,False
RP11-79E3.2,0.0,0,False
RP11-548L20.1,0.0,0,False
RP11-725M22.1,0.0,0,False
ARAP2,85.0,79,False
RP11-431M7.3,1.0,1,False
DTHD1,12.0,12,False
RP11-431M7.2,0.0,0,False
RP11-722M1.1,0.0,0,False
RP11-103J17.2,0.0,0,False
RP11-103J17.1,0.0,0,False
KIAA1239,0.0,0,False
C4orf19,0.0,0,False
RP11-36B15.1,3.0,3,False
RELL1,14.0,13,False
PGM2,93.0,77,False
TBC1D1,196.0,186,False
PTTG2,1.0,1,False
RP11-600L4.1,0.0,0,False
RP11-83C7.1,0.0,0,False
RP11-83C7.2,0.0,0,False
RP11-213G21.1,1.0,1,False
RP11-213G21.2,0.0,0,False
RP11-617D20.1,11.0,11,False
RP11-617D20.2,0.0,0,False
AC021860.1,10.0,10,False
KLF3,318.0,287,False
TLR10,64.0,60,False
TLR1,54.0,53,False
TLR6,13.0,13,False
FAM114A1,9.0,9,False
TMEM156,93.0,86,False
KLHL5,53.0,53,False
RP11-360F5.1,0.0,0,False
RP11-360F5.3,1.0,1,False
WDR19,12.0,11,False
RFC1,191.0,144,False
KLB,3.0,3,False
RPL9,25543.0,2634,False
LIAS,106.0,104,False
UGDH,52.0,50,False
UGDH-AS1,1.0,1,False
SMIM14,352.0,275,False
RP11-539G18.2,1.0,1,False
UBE2K,244.0,189,False
PDS5A,138.0,135,False
N4BP2,30.0,30,False
RHOH,894.0,672,False
RP11-395I6.2,0.0,0,False
AC195454.1,4.0,3,False
CHRNA9,0.0,0,False
RBM47,40.0,39,False
RP11-588L15.2,0.0,0,False
NSUN7,3.0,3,False
APBB2,5.0,5,False
RP11-632F7.3,0.0,0,False
UCHL1-AS1,0.0,0,False
UCHL1,7.0,3,False
LIMCH1,0.0,0,False
RP11-227F19.5,0.0,0,False
PHOX2B,0.0,0,False
RP11-227F19.1,0.0,0,False
RP11-227F19.2,0.0,0,False
LINC00682,0.0,0,False
RP11-457P14.5,0.0,0,False
TMEM33,83.0,82,False
DCAF4L1,2.0,2,False
RP11-814H16.2,0.0,0,False
SLC30A9,65.0,64,False
BEND4,4.0,4,False
RP11-63A11.1,0.0,0,False
SHISA3,0.0,0,False
ATP8A1,38.0,38,False
RP11-109E24.2,1.0,1,False
RP11-109E24.1,0.0,0,False
GRXCR1,0.0,0,False
RP11-395F4.1,0.0,0,False
RP11-324J13.2,0.0,0,False
RP11-663P9.1,0.0,0,False
RP11-328N19.1,0.0,0,False
KCTD8,0.0,0,False
YIPF7,1.0,1,False
GUF1,32.0,31,False
GNPDA2,76.0,68,False
RP11-700J17.1,0.0,0,False
RP11-700J17.2,1.0,1,False
RP11-362I1.1,0.0,0,False
GABRG1,0.0,0,False
GABRA2,0.0,0,False
RP11-436F23.1,0.0,0,False
COX7B2,0.0,0,False
GABRA4,0.0,0,False
GABRB1,0.0,0,False
COMMD8,394.0,326,False
ATP10D,45.0,32,False
AC092597.3,0.0,0,False
CORIN,0.0,0,False
RP11-121C2.2,1.0,1,False
NFXL1,20.0,20,False
NIPAL1,3.0,3,False
CNGA1,0.0,0,False
TXK,245.0,210,False
TEC,9.0,9,False
SLAIN2,82.0,80,False
SLC10A4,0.0,0,False
ZAR1,0.0,0,False
FRYL,89.0,84,False
OCIAD1,655.0,523,False
OCIAD1-AS1,0.0,0,False
OCIAD2,763.0,608,False
CWH43,0.0,0,False
DCUN1D4,24.0,24,False
RP11-365H22.2,0.0,0,False
LRRC66,1.0,1,False
SGCB,19.0,19,False
RP11-535C7.1,0.0,0,False
SPATA18,0.0,0,False
USP46,20.0,20,False
USP46-AS1,6.0,6,False
RP11-177B4.2,0.0,0,False
ERVMER34-1,0.0,0,False
RP11-752D24.3,0.0,0,False
RASL11B,0.0,0,False
SCFD2,34.0,31,False
RP11-752D24.2,1.0,1,False
FIP1L1,239.0,223,False
LNX1,10.0,10,False
LNX1-AS1,0.0,0,False
RP11-571I18.4,0.0,0,False
CHIC2,230.0,195,False
AC110792.1,0.0,0,False
GSX2,0.0,0,False
PDGFRA,2.0,1,False
RP11-231C18.1,0.0,0,False
RP11-231C18.2,0.0,0,False
RP11-545H22.1,0.0,0,False
AC006552.1,0.0,0,False
KIT,2.0,2,False
RP11-273B19.2,0.0,0,False
RP11-273B19.1,0.0,0,False
RP11-463H12.2,0.0,0,False
RP11-530I17.1,0.0,0,False
KDR,0.0,0,False
SRD5A3,156.0,146,False
RP11-177J6.1,1.0,1,False
TMEM165,530.0,402,False
CLOCK,20.0,20,False
RP11-528I4.2,1.0,1,False
PDCL2,0.0,0,False
NMU,1.0,1,False
RP11-345F18.1,0.0,0,False
EXOC1,86.0,83,False
CEP135,77.0,77,False
KIAA1211,1.0,1,False
AASDH,66.0,63,False
RP11-646I6.5,2.0,2,False
PPAT,30.0,30,False
RP11-646I6.6,0.0,0,False
AC068620.1,1.0,1,False
PAICS,108.0,79,False
RP11-393M11.2,0.0,0,False
SRP72,541.0,443,False
ARL9,0.0,0,False
THEGL,0.0,0,False
HOPX,766.0,403,False
SPINK2,25.0,24,False
REST,208.0,194,False
RP11-738E22.3,0.0,0,False
NOA1,185.0,176,False
POLR2B,124.0,119,False
IGFBP7,405.0,228,False
IGFBP7-AS1,0.0,0,False
RP11-300M6.1,0.0,0,False
RP11-319E12.1,0.0,0,False
RP11-319E12.2,0.0,0,False
RP11-685F15.1,0.0,0,False
RP11-4O3.1,0.0,0,False
RP11-4O3.2,0.0,0,False
RP11-577G20.1,0.0,0,False
RP11-577G20.2,0.0,0,False
RP11-506N2.1,0.0,0,False
RP11-340A13.2,0.0,0,False
RP11-340A13.3,0.0,0,False
RP11-622J8.1,0.0,0,False
RP11-725D20.1,0.0,0,False
RP11-525J21.1,0.0,0,False
RP11-593F5.2,0.0,0,False
RP11-16N2.1,1.0,1,False
LPHN3,0.0,0,False
RP11-798L4.1,2.0,2,False
RP11-84A1.3,0.0,0,False
RP11-257A22.1,0.0,0,False
RP11-12K22.1,0.0,0,False
TECRL,0.0,0,False
RP11-707A18.1,0.0,0,False
EPHA5,0.0,0,False
RP11-807H7.1,0.0,0,False
RP11-807H7.2,0.0,0,False
RP11-51P8.1,0.0,0,False
RP11-25H12.1,0.0,0,False
RP11-19C24.1,0.0,0,False
RP11-584P21.2,0.0,0,False
CENPC,95.0,92,False
STAP1,46.0,42,False
UBA6,110.0,108,False
UBA6-AS1,35.0,35,False
GNRHR,0.0,0,False
TMPRSS11D,0.0,0,False
TMPRSS11A,0.0,0,False
TMPRSS11F,0.0,0,False
TMPRSS11BNL,0.0,0,False
TMPRSS11B,0.0,0,False
YTHDC1,213.0,170,False
TMPRSS11E,5.0,4,False
UGT2B17,8.0,5,False
UGT2B15,1.0,1,False
UGT2B10,0.0,0,False
RP11-468N14.13,0.0,0,False
UGT2A3,0.0,0,False
UGT2B7,0.0,0,False
RP11-704M14.1,0.0,0,False
UGT2B11,0.0,0,False
UGT2B28,0.0,0,False
UGT2B4,0.0,0,False
UGT2A1,0.0,0,False
UGT2A2,0.0,0,False
UGT2A1-1,0.0,0,False
SULT1B1,10.0,10,False
SULT1E1,0.0,0,False
CSN1S1,0.0,0,False
CSN2,0.0,0,False
STATH,0.0,0,False
HTN3,0.0,0,False
HTN1,0.0,0,False
C4orf40,0.0,0,False
ODAM,0.0,0,False
FDCSP,0.0,0,False
CSN3,0.0,0,False
CABS1,0.0,0,False
SMR3A,0.0,0,False
SMR3B,0.0,0,False
PROL1,0.0,0,False
MUC7,0.0,0,False
AMTN,0.0,0,False
AMBN,0.0,0,False
ENAM,0.0,0,False
IGJ,453.0,72,False
UTP3,131.0,127,False
RP11-46J23.1,3.0,3,False
RUFY3,34.0,33,False
GRSF1,381.0,340,False
MOB1B,20.0,20,False
DCK,605.0,513,False
SLC4A4,3.0,3,False
GC,0.0,0,False
RP11-545L5.1,0.0,0,False
NPFFR2,0.0,0,False
ADAMTS3,0.0,0,False
RP11-373J21.1,0.0,0,False
RP11-352E8.2,0.0,0,False
COX18,37.0,36,False
ANKRD17,92.0,90,False
RP11-692D12.1,4.0,4,False
ALB,0.0,0,False
AFP,0.0,0,False
AFM,0.0,0,False
RP11-622A1.2,0.0,0,False
RASSF6,4.0,4,False
AC112518.3,0.0,0,False
IL8,510.0,204,False
CXCL6,0.0,0,False
PF4V1,1.0,1,False
CXCL1,1.0,1,False
PF4,299.0,43,False
PPBP,662.0,79,False
CXCL5,0.0,0,False
CXCL3,20.0,8,False
CXCL2,77.0,47,False
MTHFD2L,55.0,53,False
AC093677.1,0.0,0,False
EPGN,0.0,0,False
EREG,61.0,44,False
RP11-727M10.1,0.0,0,False
AREG,23.0,22,False
AC142293.3,0.0,0,False
RP11-727M10.2,0.0,0,False
AREGB,0.0,0,False
BTC,0.0,0,False
PARM1,4.0,4,False
RP11-44F21.3,0.0,0,False
RP11-44F21.2,0.0,0,False
RP11-44F21.5,0.0,0,False
RP11-542G1.1,0.0,0,False
RP11-542G1.2,0.0,0,False
RP11-542G1.3,0.0,0,False
RP11-567N4.2,0.0,0,False
RP11-567N4.3,0.0,0,False
RCHY1,149.0,116,False
THAP6,42.0,41,False
C4orf26,1.0,1,False
CDKL2,0.0,0,False
G3BP2,500.0,429,False
USO1,121.0,111,False
RP11-556N4.1,0.0,0,False
PPEF2,0.0,0,False
NAAA,674.0,483,False
SDAD1,200.0,165,False
AC110615.1,0.0,0,False
RP11-630D6.5,1.0,1,False
CXCL9,3.0,3,False
ART3,1.0,1,False
CXCL10,49.0,12,False
CXCL11,3.0,1,False
NUP54,185.0,122,False
SCARB2,72.0,66,False
FAM47E,3.0,3,False
FAM47E-STBD1,0.0,0,False
FAM47E-STBD1-1,4.0,4,False
CCDC158,0.0,0,False
SHROOM3,0.0,0,False
RP11-359D14.2,0.0,0,False
RP11-359D14.3,0.0,0,False
SOWAHB,0.0,0,False
SEPT11,120.0,85,False
CCNI,3273.0,1688,False
CCNG2,131.0,121,False
RP11-625I7.1,0.0,0,False
CXCL13,0.0,0,False
CNOT6L,135.0,131,False
MRPL1,166.0,133,False
FRAS1,0.0,0,False
ANXA3,0.0,0,False
LINC01094,3.0,3,False
RP11-109G23.3,34.0,34,False
BMP2K,24.0,23,False
PAQR3,16.0,16,False
LINC01088,0.0,0,False
NAA11,0.0,0,False
GK2,0.0,0,False
LINC00989,1.0,1,False
RP11-234K19.1,0.0,0,False
RP11-452C8.1,0.0,0,False
PCAT4,0.0,0,False
ANTXR2,118.0,85,False
RP11-377G16.2,0.0,0,False
PRDM8,9.0,9,False
FGF5,0.0,0,False
C4orf22,0.0,0,False
BMP3,0.0,0,False
PRKG2,1.0,1,False
RP11-100N20.1,0.0,0,False
RASGEF1B,81.0,77,False
RP11-689K5.3,1.0,1,False
RP11-127B20.2,2.0,2,False
HNRNPD,350.0,298,False
RP11-127B20.3,41.0,41,False
HNRNPDL,2893.0,1619,False
ENOPH1,237.0,227,False
TMEM150C,0.0,0,False
LINC00575,0.0,0,False
SCD5,7.0,7,False
SEC31A,204.0,174,False
THAP9-AS1,183.0,175,False
THAP9,8.0,8,False
LIN54,13.0,12,False
COPS4,252.0,225,False
PLAC8,2454.0,1221,False
RP11-576N17.5,0.0,0,False
COQ2,112.0,100,False
HPSE,39.0,39,False
HELQ,116.0,87,False
MRPS18C,370.0,312,False
FAM175A,154.0,144,False
AGPAT9,37.0,35,False
RP11-767N15.1,0.0,0,False
RP11-42A4.1,0.0,0,False
NKX6-1,0.0,0,False
CDS1,2.0,2,False
WDFY3,8.0,8,False
WDFY3-AS1,0.0,0,False
ARHGAP24,147.0,86,False
RP13-514E23.2,1.0,1,False
MAPK10,1.0,1,False
RP11-778J15.1,0.0,0,False
PTPN13,5.0,5,False
SLC10A6,0.0,0,False
C4orf36,9.0,9,False
AFF1,59.0,59,False
KLHL8,59.0,58,False
RP11-529H2.1,0.0,0,False
HSD17B13,1.0,1,False
HSD17B11,1004.0,723,False
NUDT9,93.0,83,False
RP11-710E1.2,0.0,0,False
SPARCL1,0.0,0,False
RP11-742B18.1,0.0,0,False
DSPP,0.0,0,False
DMP1,0.0,0,False
IBSP,0.0,0,False
MEPE,0.0,0,False
SPP1,0.0,0,False
PKD2,7.0,7,False
ABCG2,4.0,4,False
PPM1K,375.0,330,False
RP11-10L7.1,1.0,1,False
HERC6,96.0,92,False
HERC5,101.0,90,False
PYURF,963.0,767,False
HERC3,92.0,90,False
PIGY,0.0,0,False
NAP1L5,33.0,32,False
FAM13A-AS1,10.0,10,False
FAM13A,22.0,19,False
RP11-84C13.1,0.0,0,False
TIGD2,6.0,6,False
RP11-84C13.2,1.0,1,False
GPRIN3,57.0,57,False
RP11-115D19.1,0.0,0,False
SNCA,63.0,58,False
RP11-67M1.1,0.0,0,False
MMRN1,4.0,3,False
CCSER1,7.0,7,False
AC004054.1,0.0,0,False
RP11-763F8.1,0.0,0,False
RP11-354O24.1,0.0,0,False
RP11-562F9.2,0.0,0,False
RP11-9B6.1,0.0,0,False
GRID2,0.0,0,False
RP11-428L21.1,0.0,0,False
RP11-703C10.1,0.0,0,False
ATOH1,0.0,0,False
RP11-363G15.2,0.0,0,False
SMARCAD1,29.0,29,False
HPGDS,1.0,1,False
PDLIM5,128.0,122,False
RP11-554D13.1,0.0,0,False
RP11-168E14.1,0.0,0,False
BMPR1B,0.0,0,False
UNC5C,0.0,0,False
RP11-710C12.1,2.0,2,False
PDHA2,0.0,0,False
RP11-145G20.1,0.0,0,False
RP11-431J17.1,0.0,0,False
STPG2,0.0,0,False
STPG2-AS1,0.0,0,False
RP11-323J4.1,0.0,0,False
RAP1GDS1,118.0,111,False
TSPAN5,68.0,60,False
RP11-724M22.1,0.0,0,False
RP11-1299A16.3,3.0,3,False
EIF4E,234.0,195,False
RP11-571L19.7,0.0,0,False
METAP1,125.0,114,False
RP11-571L19.8,1.0,1,False
ADH5,531.0,423,False
RP11-696N14.1,2.0,2,False
ADH4,0.0,0,False
ADH6,0.0,0,False
ADH1A,0.0,0,False
ADH1B,0.0,0,False
ADH7,0.0,0,False
C4orf17,0.0,0,False
TRMT10A,14.0,13,False
MTTP,0.0,0,False
RP11-766F14.1,0.0,0,False
RP11-766F14.2,0.0,0,False
DAPP1,186.0,167,False
LAMTOR3,98.0,94,False
DNAJB14,149.0,122,False
H2AFZ,1852.0,1114,False
RP11-15B17.1,0.0,0,False
DDIT4L,0.0,0,False
RP11-588P8.1,0.0,0,False
EMCN,0.0,0,False
PPP3CA,65.0,63,False
AP001816.1,29.0,28,False
BANK1,358.0,255,False
RP11-498M5.2,0.0,0,False
SLC39A8,106.0,100,False
RP11-499E18.1,2.0,2,False
AF213884.2,13.0,11,False
NFKB1,169.0,160,False
MANBA,99.0,80,False
UBE2D3,2760.0,1526,False
RP11-10L12.4,12.0,11,False
CISD2,241.0,211,False
SLC9B1,11.0,11,False
SLC9B2,28.0,28,False
BDH2,86.0,82,False
CENPE,9.0,8,False
RP11-328K4.1,0.0,0,False
RP11-297P16.3,0.0,0,False
RP11-297P16.4,0.0,0,False
TACR3,0.0,0,False
RP11-703G6.1,0.0,0,False
RP11-729M20.1,0.0,0,False
CXXC4,0.0,0,False
AC004053.1,0.0,0,False
AC004063.1,0.0,0,False
RP11-556I14.2,0.0,0,False
RP11-556I14.1,0.0,0,False
AC004069.2,5.0,5,False
TET2,69.0,65,False
TET2-AS1,0.0,0,False
PPA2,309.0,240,False
AC004066.3,0.0,0,False
ARHGEF38,1.0,1,False
INTS12,216.0,99,False
GSTCD,7.0,7,False
RP11-45L9.1,0.0,0,False
NPNT,0.0,0,False
RP11-710F7.2,0.0,0,False
RP11-710F7.3,0.0,0,False
TBCK,69.0,38,False
AIMP1,306.0,274,False
GIMD1,0.0,0,False
RP13-612N21.1,0.0,0,False
DKK2,0.0,0,False
RP11-713M6.2,0.0,0,False
PAPSS1,124.0,120,False
SGMS2,4.0,4,False
RP11-286E11.1,3.0,3,False
CYP2U1,16.0,16,False
RP11-286E11.2,0.0,0,False
HADH,110.0,104,False
LEF1,568.0,438,False
RPL34-AS1,3.0,3,False
RPL34,20745.0,2454,False
OSTC,639.0,506,False
ETNPPL,0.0,0,False
COL25A1,0.0,0,False
AC004051.2,0.0,0,False
SEC24B-AS1,12.0,12,False
SEC24B,94.0,91,False
CCDC109B,1211.0,872,False
CASP6,117.0,113,False
AC004067.5,0.0,0,False
PLA2G12A,156.0,120,False
CFI,0.0,0,False
RP11-602N24.3,1.0,1,False
GAR1,137.0,131,False
RRH,0.0,0,False
LRIT3,0.0,0,False
EGF,1.0,1,False
ELOVL6,9.0,9,False
ENPEP,0.0,0,False
RP11-380D23.1,0.0,0,False
RP11-380D23.2,0.0,0,False
PITX2,0.0,0,False
RP11-777N19.1,0.0,0,False
RP11-255I10.2,0.0,0,False
RP11-269F21.1,0.0,0,False
RP11-269F21.2,0.0,0,False
RP11-269F21.3,0.0,0,False
C4orf32,87.0,84,False
RP11-73K9.2,9.0,9,False
AP1AR,20.0,20,False
RP11-73K9.3,1.0,1,False
TIFA,131.0,127,False
ALPK1,18.0,17,False
NEUROG2,0.0,0,False
RP11-402J6.1,0.0,0,False
C4orf21,2.0,2,False
LARP7,284.0,253,False
MIR302B,1.0,1,False
RP11-148B6.2,0.0,0,False
ANK2,0.0,0,False
RP11-119H12.6,0.0,0,False
RP11-650J17.1,0.0,0,False
RP11-650J17.2,0.0,0,False
CAMK2D,85.0,83,False
ARSJ,1.0,1,False
RP11-26P13.2,0.0,0,False
UGT8,8.0,8,False
NDST4,0.0,0,False
RP11-659O3.1,0.0,0,False
MTRNR2L13,0.0,0,False
RP11-55L3.1,0.0,0,False
TRAM1L1,0.0,0,False
AC107399.2,0.0,0,False
AC113617.1,0.0,0,False
AC092661.1,0.0,0,False
AC108056.1,0.0,0,False
NDST3,0.0,0,False
SNHG8,902.0,678,False
PRSS12,1.0,1,False
RP11-384K6.6,2.0,2,False
METTL14,43.0,42,False
SEC24D,32.0,30,False
SYNPO2,0.0,0,False
RP11-21I10.2,2.0,2,False
MYOZ2,0.0,0,False
RP11-455G16.1,0.0,0,False
USP53,34.0,34,False
C4orf3,1377.0,997,False
FABP2,0.0,0,False
RP11-33B1.4,0.0,0,False
RP11-33B1.3,0.0,0,False
PDE5A,3.0,3,False
RP11-236P13.1,0.0,0,False
RP11-700N1.1,0.0,0,False
RP11-96A1.5,0.0,0,False
MAD2L1,61.0,54,False
RP11-679C8.2,0.0,0,False
RP11-501E14.1,0.0,0,False
PRDM5,1.0,1,False
NDNF,0.0,0,False
RP11-647P12.1,0.0,0,False
TNIP3,5.0,5,False
QRFPR,0.0,0,False
ANXA5,1470.0,823,False
TMEM155,1.0,1,False
AC079341.1,1.0,1,False
EXOSC9,122.0,114,False
CCNA2,26.0,12,False
BBS7,38.0,36,False
RP11-63B13.1,0.0,0,False
TRPC3,0.0,0,False
KIAA1109,41.0,41,False
ADAD1,0.0,0,False
IL2,1.0,1,False
IL21,0.0,0,False
IL21-AS1,1.0,1,False
BBS12,7.0,7,False
FGF2,0.0,0,False
RP11-170N16.3,0.0,0,False
NUDT6,16.0,15,False
SPATA5,30.0,30,False
SPRY1,23.0,19,False
RP11-381N20.2,0.0,0,False
RP11-381N20.1,0.0,0,False
LINC01091,0.0,0,False
AC096732.2,0.0,0,False
CTD-2325B11.1,0.0,0,False
RP11-93I21.3,0.0,0,False
ANKRD50,4.0,4,False
FAT4,2.0,2,False
RP11-399F2.2,0.0,0,False
RP11-318I4.1,0.0,0,False
RP11-810P8.1,0.0,0,False
RP11-125O18.1,0.0,0,False
INTU,4.0,4,False
SLC25A31,0.0,0,False
HSPA4L,1.0,1,False
RP11-50D9.3,0.0,0,False
PLK4,9.0,8,False
MFSD8,60.0,58,False
C4orf29,40.0,40,False
LARP1B,61.0,58,False
PGRMC2,143.0,120,False
RP11-420A23.1,3.0,2,False
RP11-130C6.1,0.0,0,False
RP11-184M15.1,0.0,0,False
RP11-184M15.2,0.0,0,False
JADE1,124.0,118,False
SCLT1,109.0,106,False
C4orf33,88.0,53,False
RP11-419L4.1,0.0,0,False
RP11-519M16.1,0.0,0,False
RP11-422J15.1,0.0,0,False
RP11-521E5.1,0.0,0,False
RP11-401I19.1,0.0,0,False
RP11-314N14.1,0.0,0,False
RP11-614F17.2,0.0,0,False
RP11-745L13.2,0.0,0,False
RP11-789C2.1,0.0,0,False
RP11-1E22.1,1.0,1,False
RP11-62N21.1,0.0,0,False
RP11-149A7.2,0.0,0,False
RP11-404I7.2,0.0,0,False
RP11-404I7.1,0.0,0,False
RP11-9G1.3,0.0,0,False
PCDH10,0.0,0,False
RP11-427M20.1,0.0,0,False
PABPC4L,0.0,0,False
RP11-400D2.2,0.0,0,False
RP11-400D2.3,0.0,0,False
CTD-2012I17.1,0.0,0,False
RP11-192C21.2,0.0,0,False
RP11-553P9.2,0.0,0,False
RP11-553P9.3,0.0,0,False
RP11-780O17.1,0.0,0,False
LINC00613,0.0,0,False
RP11-775H9.3,0.0,0,False
RP11-775H9.2,0.0,0,False
RP11-775H9.1,0.0,0,False
RP11-138I17.1,0.0,0,False
RP11-785F11.1,0.0,0,False
PCDH18,0.0,0,False
RP11-714L20.1,0.0,0,False
RP13-884E18.2,0.0,0,False
RP13-884E18.4,0.0,0,False
RP11-793B23.1,0.0,0,False
LINC00616,0.0,0,False
SLC7A11,0.0,0,False
RP11-733C7.1,0.0,0,False
LINC00498,0.0,0,False
LINC00499,0.0,0,False
LINC00500,0.0,0,False
RP11-173E2.2,0.0,0,False
RP11-98O2.1,0.0,0,False
RP11-371F15.3,0.0,0,False
RP11-577B7.1,0.0,0,False
CCRN4L,2.0,2,False
ELF2,156.0,148,False
MGARP,2.0,2,False
NDUFC1,401.0,352,False
NAA15,148.0,142,False
RP11-83A24.2,117.0,110,False
RAB33B,54.0,53,False
SETD7,30.0,30,False
RP11-342I1.2,4.0,4,False
RP11-308D13.3,0.0,0,False
MGST2,113.0,93,False
MAML3,28.0,28,False
RP11-392B6.1,0.0,0,False
SCOC,230.0,215,False
RP11-425I13.3,12.0,12,False
CLGN,0.0,0,False
RP11-542P2.1,0.0,0,False
ELMOD2,32.0,31,False
UCP1,0.0,0,False
TBC1D9,23.0,23,False
RP11-102N12.2,0.0,0,False
RP11-102N12.3,28.0,27,False
RNF150,0.0,0,False
ZNF330,189.0,154,False
RP11-586L23.1,0.0,0,False
RP11-362F19.1,92.0,79,False
RP11-362F19.3,3.0,3,False
RP11-208N20.1,0.0,0,False
IL15,79.0,73,False
INPP4B,191.0,178,False
RP11-223C24.2,0.0,0,False
RP11-223C24.1,19.0,17,False
RP11-284M14.1,2.0,2,False
USP38,112.0,60,False
RP11-364L4.3,0.0,0,False
GAB1,7.0,7,False
SMARCA5,174.0,172,False
SMARCA5-AS1,7.0,7,False
FREM3,0.0,0,False
RP13-578N3.3,1.0,1,False
GYPE,1.0,1,False
RP11-673E1.1,0.0,0,False
RP11-673E1.4,0.0,0,False
GYPB,0.0,0,False
GYPA,0.0,0,False
RP11-361D14.2,0.0,0,False
HHIP-AS1,1.0,1,False
HHIP,0.0,0,False
RP13-539F13.3,0.0,0,False
ANAPC10,110.0,107,False
ABCE1,165.0,155,False
OTUD4,47.0,47,False
RP11-142A22.4,0.0,0,False
SMAD1,10.0,10,False
SMAD1-AS2,0.0,0,False
SMAD1-AS1,1.0,1,False
RP11-557J10.5,0.0,0,False
MMAA,28.0,28,False
RP11-557J10.4,0.0,0,False
C4orf51,0.0,0,False
ZNF827,13.0,13,False
RP11-181K12.2,0.0,0,False
RP11-203B7.2,1.0,1,False
RP11-203B7.1,0.0,0,False
LINC01095,0.0,0,False
LSM6,587.0,446,False
RP11-6L6.2,0.0,0,False
RP11-6L6.7,0.0,0,False
SLC10A7,29.0,27,False
POU4F2,0.0,0,False
TTC29,0.0,0,False
RP11-292D4.2,0.0,0,False
RP11-292D4.1,0.0,0,False
RP11-292D4.3,0.0,0,False
EDNRA,0.0,0,False
RP11-752L20.5,0.0,0,False
RP11-425A23.1,0.0,0,False
TMEM184C,28.0,28,False
PRMT10,274.0,241,False
ARHGAP10,36.0,35,False
NR3C2,15.0,15,False
RP11-76G10.1,0.0,0,False
RP11-503L19.1,0.0,0,False
RP11-563M4.1,0.0,0,False
RP11-342A1.1,0.0,0,False
RP11-24I21.1,0.0,0,False
RP11-526A4.1,0.0,0,False
RP11-707F2.1,0.0,0,False
RP11-423J7.1,0.0,0,False
DCLK2,2.0,2,False
LRBA,165.0,147,False
RP11-1336O20.2,0.0,0,False
MAB21L2,0.0,0,False
RPS3A,34451.0,2645,False
SH3D19,51.0,51,False
RP11-372K14.2,15.0,15,False
PRSS48,0.0,0,False
RP11-731D1.4,0.0,0,False
RP11-610P16.1,0.0,0,False
FAM160A1,1.0,1,False
RP11-164P12.4,0.0,0,False
PET112,30.0,30,False
RP11-164P12.3,0.0,0,False
RP11-424M21.1,0.0,0,False
RP11-503L23.1,0.0,0,False
RP11-73G16.3,0.0,0,False
RP11-73G16.2,0.0,0,False
RP11-18H21.1,135.0,112,False
RP11-18H21.2,0.0,0,False
RP11-18H21.3,0.0,0,False
RP11-461L13.4,0.0,0,False
RP11-461L13.5,0.0,0,False
RP11-461L13.3,0.0,0,False
FBXW7,56.0,54,False
RP11-461L13.2,0.0,0,False
MIR4453,8.0,8,False
TMEM154,204.0,191,False
RP11-768B22.2,0.0,0,False
TIGD4,0.0,0,False
ARFIP1,65.0,65,False
FHDC1,0.0,0,False
RP11-285C1.2,0.0,0,False
TRIM2,7.0,7,False
MND1,2.0,1,False
KIAA0922,116.0,111,False
TLR2,55.0,52,False
RNF175,5.0,5,False
RP11-153M7.5,0.0,0,False
SFRP2,0.0,0,False
DCHS2,0.0,0,False
PLRG1,233.0,189,False
FGB,0.0,0,False
FGA,0.0,0,False
FGG,0.0,0,False
LRAT,1.0,1,False
RP11-21G20.3,0.0,0,False
RBM46,0.0,0,False
RP11-92A5.2,0.0,0,False
NPY2R,0.0,0,False
AC097467.2,0.0,0,False
RP11-27G13.1,0.0,0,False
MAP9,34.0,34,False
RP13-487K5.1,0.0,0,False
GUCY1A3,8.0,8,False
GUCY1B3,16.0,14,False
ASIC5,0.0,0,False
TDO2,0.0,0,False
CTSO,97.0,96,False
RP11-171N4.1,0.0,0,False
RP11-171N4.2,0.0,0,False
RP11-171N4.3,0.0,0,False
RP11-171N4.4,0.0,0,False
PDGFC,10.0,10,False
RP11-154F14.2,0.0,0,False
GLRB,0.0,0,False
GRIA2,0.0,0,False
RP11-364P22.1,0.0,0,False
RP11-364P22.2,0.0,0,False
FAM198B,15.0,14,False
RP11-597D13.9,6.0,6,False
RP11-597D13.8,0.0,0,False
TMEM144,3.0,3,False
RXFP1,0.0,0,False
RP11-781M16.2,0.0,0,False
C4orf46,28.0,28,False
ETFDH,55.0,54,False
PPID,216.0,198,False
FNIP2,49.0,46,False
C4orf45,0.0,0,False
RAPGEF2,16.0,16,False
RP11-138A23.2,0.0,0,False
RP11-6C14.1,0.0,0,False
RP11-502M1.2,0.0,0,False
RP11-234O6.2,0.0,0,False
FSTL5,0.0,0,False
RP11-497K21.1,0.0,0,False
AC005150.1,0.0,0,False
RP11-563E2.2,0.0,0,False
NAF1,61.0,57,False
NPY1R,0.0,0,False
NPY5R,0.0,0,False
TKTL2,0.0,0,False
TMA16,188.0,177,False
MARCH1,232.0,205,False
RP11-218F10.3,0.0,0,False
RP11-294O2.2,0.0,0,False
TRIM61,3.0,3,False
FAM218A,5.0,5,False
RP11-366M4.13,0.0,0,False
TRIM60,3.0,3,False
RP11-219C20.3,1.0,1,False
TMEM192,117.0,109,False
KLHL2,35.0,35,False
MSMO1,85.0,83,False
CPE,0.0,0,False
RP11-340B18.1,0.0,0,False
TLL1,0.0,0,False
RP11-217C7.1,0.0,0,False
SPOCK3,2.0,2,False
RP11-436A7.1,0.0,0,False
RP11-310I9.1,0.0,0,False
ANXA10,1.0,1,False
DDX60,79.0,76,False
DDX60L,94.0,90,False
PALLD,11.0,11,False
RP11-610J23.1,0.0,0,False
RP11-635L1.3,0.0,0,False
CBR4,73.0,70,False
RP11-483A20.3,0.0,0,False
SH3RF1,13.0,13,False
RP11-327O17.2,0.0,0,False
NEK1,39.0,37,False
CLCN3,64.0,59,False
C4orf27,147.0,141,False
RP11-205M3.3,0.0,0,False
RP11-6E9.5,0.0,0,False
RP11-6E9.4,0.0,0,False
MFAP3L,2.0,2,False
AADAT,0.0,0,False
RP11-789C1.1,0.0,0,False
RP11-789C1.2,0.0,0,False
RP11-322J23.1,0.0,0,False
RP11-344G13.1,0.0,0,False
RP11-717H13.1,0.0,0,False
RP11-97E7.1,0.0,0,False
RP11-97E7.2,0.0,0,False
GALNTL6,0.0,0,False
RP11-10K16.1,8.0,4,False
GALNT7,19.0,19,False
RP11-798M19.3,0.0,0,False
HMGB2,1455.0,865,False
RP11-798M19.6,21.0,20,False
SAP30,20.0,20,False
SCRG1,4.0,4,False
RP11-489G11.3,0.0,0,False
HAND2,0.0,0,False
HAND2-AS1,1.0,1,False
RP11-475B2.1,0.0,0,False
RP11-161D15.2,0.0,0,False
RP11-161D15.1,0.0,0,False
RP11-161D15.3,0.0,0,False
RP11-148L24.1,0.0,0,False
RP11-248N22.1,0.0,0,False
RP11-248N22.2,0.0,0,False
FBXO8,80.0,79,False
CEP44,30.0,30,False
RP11-51M24.1,0.0,0,False
HPGD,58.0,55,False
RP11-440I14.2,1.0,1,False
RP11-440I14.3,1.0,1,False
GLRA3,0.0,0,False
ADAM29,1.0,1,False
RP13-577H12.2,0.0,0,False
RP11-287F9.2,0.0,0,False
RP11-598D14.1,0.0,0,False
GPM6A,3.0,3,False
RP11-806K15.1,0.0,0,False
WDR17,0.0,0,False
SPATA4,0.0,0,False
ASB5,0.0,0,False
RP11-87F15.2,2.0,2,False
SPCS3,328.0,286,False
RP11-313E19.2,0.0,0,False
VEGFC,0.0,0,False
RP11-624A4.1,0.0,0,False
RP11-765K14.1,0.0,0,False
RP11-487E13.1,0.0,0,False
NEIL3,2.0,2,False
RP11-376O6.2,0.0,0,False
AGA,181.0,154,False
RP11-130F10.1,1.0,1,False
RP11-140M13.1,0.0,0,False
LINC01098,0.0,0,False
LINC01099,0.0,0,False
RP11-404J23.1,0.0,0,False
RP11-460H9.1,0.0,0,False
LINC00290,0.0,0,False
RP11-665C14.2,0.0,0,False
RP11-540E16.2,0.0,0,False
AC108142.1,0.0,0,False
TENM3,0.0,0,False
RP11-18D7.3,0.0,0,False
RP11-18D7.2,0.0,0,False
RP11-188P17.2,0.0,0,False
DCTD,224.0,206,False
RP11-335L23.4,0.0,0,False
RP11-335L23.5,0.0,0,False
WWC2-AS2,1.0,1,False
WWC2,5.0,5,False
WWC2-AS1,0.0,0,False
CLDN22,0.0,0,False
CLDN24,0.0,0,False
CDKN2AIP,125.0,124,False
RP11-367N14.2,1.0,1,False
ING2,152.0,134,False
RP11-367N14.3,0.0,0,False
RWDD4,190.0,158,False
TRAPPC11,37.0,37,False
STOX2,0.0,0,False
ENPP6,0.0,0,False
RP11-290F5.2,0.0,0,False
RP11-290F5.1,3.0,2,False
IRF2,320.0,280,False
RP11-326I11.3,50.0,50,False
RP11-326I11.4,0.0,0,False
RP11-242J7.1,0.0,0,False
CASP3,80.0,75,False
PRIMPOL,58.0,56,False
CENPU,9.0,7,False
ACSL1,43.0,39,False
RP11-701P16.2,5.0,5,False
RP11-701P16.5,16.0,8,False
LINC01093,0.0,0,False
RP11-386B13.4,0.0,0,False
HELT,0.0,0,False
RP11-386B13.3,0.0,0,False
SLC25A4,76.0,71,False
KIAA1430,147.0,120,False
SNX25,17.0,17,False
LRP2BP,41.0,40,False
RP11-714G18.1,0.0,0,False
ANKRD37,46.0,45,False
UFSP2,137.0,129,False
C4orf47,3.0,3,False
CCDC110,1.0,1,False
RP11-279O9.4,3.0,3,False
PDLIM3,0.0,0,False
SORBS2,1.0,1,False
RP11-301L8.2,0.0,0,False
RP11-626E13.1,0.0,0,False
RP11-45I20.1,0.0,0,False
TLR3,3.0,3,False
FAM149A,0.0,0,False
AC110771.1,3.0,3,False
CYP4V2,79.0,78,False
KLKB1,0.0,0,False
F11,1.0,1,False
F11-AS1,0.0,0,False
RP11-215A19.2,0.0,0,False
MTNR1A,0.0,0,False
FAT1,0.0,0,False
RP11-11N5.1,0.0,0,False
RP11-11N5.3,0.0,0,False
RP11-217E13.1,0.0,0,False
RP11-696F12.1,0.0,0,False
RP11-308K2.1,0.0,0,False
RP11-138B4.1,1.0,1,False
RP11-91J3.2,0.0,0,False
RP11-91J3.3,0.0,0,False
RP11-237D3.1,0.0,0,False
RP11-565A3.2,0.0,0,False
RP11-565A3.1,0.0,0,False
ZFP42,0.0,0,False
TRIML2,0.0,0,False
TRIML1,0.0,0,False
RP11-366H4.3,0.0,0,False
RP11-366H4.1,0.0,0,False
LINC01060,0.0,0,False
RP11-756P10.4,0.0,0,False
RP11-756P10.5,0.0,0,False
RP11-756P10.2,0.0,0,False
RP11-818C3.1,0.0,0,False
RP11-706F1.1,0.0,0,False
RP11-706F1.2,0.0,0,False
RP11-462G22.1,0.0,0,False
RP11-462G22.2,0.0,0,False
AF146191.4,2.0,2,False
RP11-463J17.1,0.0,0,False
FRG1,370.0,333,False
FRG2,0.0,0,False
DUX4L7,0.0,0,False
DUX4L6,0.0,0,False
DUX4L5,0.0,0,False
DUX4L4,0.0,0,False
DUX4,0.0,0,False
DUX4L3,0.0,0,False
DUX4L2,0.0,0,False
CTD-2231H16.1,0.0,0,False
PLEKHG4B,0.0,0,False
LRRC14B,0.0,0,False
CCDC127,61.0,61,False
SDHA,377.0,322,False
CTD-2083E4.6,4.0,4,False
PDCD6,989.0,781,False
AHRR,1.0,1,False
C5orf55,25.0,25,False
EXOC3,92.0,80,False
CTD-2228K2.5,90.0,84,False
SLC9A3,0.0,0,False
RP11-310P5.2,0.0,0,False
RP11-310P5.1,1.0,1,False
CEP72,17.0,16,False
TPPP,0.0,0,False
AC026740.1,1.0,1,False
CTD-2589H19.6,1.0,1,False
ZDHHC11,0.0,0,False
ZDHHC11B,1.0,1,False
BRD9,206.0,178,False
TRIP13,5.0,4,False
RP11-661C8.2,0.0,0,False
RP11-661C8.3,0.0,0,False
RP11-43F13.3,0.0,0,False
RP11-43F13.4,0.0,0,False
NKD2,0.0,0,False
SLC12A7,84.0,82,False
CTD-3080P12.3,0.0,0,False
SLC6A19,0.0,0,False
SLC6A18,0.0,0,False
TERT,0.0,0,False
CLPTM1L,54.0,54,False
RP11-325I22.2,0.0,0,False
SLC6A3,0.0,0,False
LPCAT1,149.0,146,False
CTD-2245E15.3,0.0,0,False
CTD-2012J19.3,8.0,3,False
CTD-2587M23.1,0.0,0,False
MRPL36,255.0,235,False
NDUFS6,795.0,619,False
CTD-2194D22.1,0.0,0,False
CTD-2194D22.2,0.0,0,False
IRX4,0.0,0,False
CTD-2194D22.3,0.0,0,False
CTD-2194D22.4,0.0,0,False
RP11-259O2.1,0.0,0,False
RP11-259O2.2,0.0,0,False
RP11-259O2.3,0.0,0,False
RP11-129I19.2,0.0,0,False
IRX2,0.0,0,False
C5orf38,0.0,0,False
RP11-468D11.1,0.0,0,False
RP11-35O7.1,0.0,0,False
CTD-2029E14.1,0.0,0,False
LINC01019,0.0,0,False
RP11-121L11.3,0.0,0,False
RP11-121L11.2,0.0,0,False
IRX1,0.0,0,False
CTD-2012M11.3,0.0,0,False
CTD-2287N17.1,0.0,0,False
CTD-2383I20.1,0.0,0,False
CTD-2008N3.1,0.0,0,False
RP11-445O3.3,0.0,0,False
RP11-445O3.2,0.0,0,False
RP11-445O3.1,0.0,0,False
CTD-2318H23.1,0.0,0,False
CTD-2161F6.3,0.0,0,False
CTD-2161F6.2,0.0,0,False
CTD-2161F6.1,0.0,0,False
CTD-2046I8.1,0.0,0,False
CTD-2247C11.2,0.0,0,False
CTD-2247C11.1,0.0,0,False
LINC01020,0.0,0,False
CTD-2247C11.4,0.0,0,False
CTD-2247C11.5,0.0,0,False
CTD-2297D10.2,0.0,0,False
ADAMTS16,0.0,0,False
CTD-2297D10.1,0.0,0,False
KIAA0947,67.0,64,False
CTC-471C19.1,0.0,0,False
CTC-471C19.2,0.0,0,False
CTD-2324F15.2,0.0,0,False
MED10,747.0,624,False
UBE2QL1,0.0,0,False
LINC01018,0.0,0,False
NSUN2,96.0,94,False
SRD5A1,66.0,64,False
CTD-2044J15.2,2.0,2,False
CTD-2044J15.1,0.0,0,False
PAPD7,13.0,13,False
RP11-332J15.3,0.0,0,False
RP11-332J15.4,0.0,0,False
RP11-332J15.1,0.0,0,False
RP11-332J15.2,0.0,0,False
RP11-122F24.1,0.0,0,False
RP11-404K5.4,0.0,0,False
CTD-2296D1.1,0.0,0,False
CTD-2296D1.2,0.0,0,False
CTD-2296D1.3,0.0,0,False
CTD-2296D1.4,0.0,0,False
CTD-2296D1.5,0.0,0,False
ADCY2,0.0,0,False
RP11-711G10.1,0.0,0,False
C5orf49,0.0,0,False
MTRR,77.0,71,False
FASTKD3,29.0,28,False
CTD-2072I24.1,0.0,0,False
RP11-480D4.1,0.0,0,False
RP11-480D4.2,0.0,0,False
RP11-480D4.6,5.0,5,False
MIR4458HG,46.0,43,False
RP11-417J1.1,0.0,0,False
RP11-315A16.1,0.0,0,False
RP11-143A12.3,0.0,0,False
CTD-2215L10.1,0.0,0,False
SEMA5A,3.0,3,False
CTD-2201E9.4,0.0,0,False
CTD-2201E9.1,0.0,0,False
SNHG18,2.0,2,False
TAS2R1,0.0,0,False
CTD-2143L24.1,0.0,0,False
RP11-447B18.1,0.0,0,False
CTD-2199O4.1,1.0,1,False
CTD-2199O4.3,0.0,0,False
CTD-2199O4.7,0.0,0,False
CTD-2199O4.6,0.0,0,False
FAM173B,15.0,15,False
CTD-2256P15.1,1.0,1,False
CCT5,652.0,500,False
CTD-2256P15.4,9.0,9,False
CTD-2256P15.5,0.0,0,False
CMBL,2.0,1,False
CTD-2256P15.2,12.0,12,False
MARCH6,162.0,148,False
ROPN1L-AS1,0.0,0,False
ROPN1L,12.0,11,False
RP11-1C1.7,1.0,1,False
RP11-1C1.6,0.0,0,False
RP11-1C1.4,0.0,0,False
RP11-1C1.5,0.0,0,False
ANKRD33B,0.0,0,False
ANKRD33B-AS1,0.0,0,False
RP11-215G15.5,4.0,4,False
DAP,176.0,167,False
CTD-2154B17.4,0.0,0,False
CTD-2154B17.1,0.0,0,False
CTNND2,0.0,0,False
RP11-308B16.2,0.0,0,False
CT49,0.0,0,False
RP11-419C19.2,0.0,0,False
CTC-305H11.1,0.0,0,False
DNAH5,0.0,0,False
CTB-51A17.1,0.0,0,False
TRIO,28.0,28,False
FAM105A,183.0,165,False
CTD-2165H16.4,6.0,6,False
FAM105B,57.0,55,False
ANKH,129.0,125,False
CTB-40H15.4,0.0,0,False
RP1-251I12.1,0.0,0,False
RP1-137K24.1,0.0,0,False
FBXL7,0.0,0,False
CTD-2350J17.1,0.0,0,False
MARCH11,0.0,0,False
RP11-19O2.1,0.0,0,False
RP11-19O2.2,0.0,0,False
RP1-167G20.1,0.0,0,False
RP1-167G20.2,0.0,0,False
ZNF622,258.0,236,False
FAM134B,112.0,106,False
RP11-260E18.1,1.0,1,False
CTC-461F20.1,0.0,0,False
MYO10,3.0,3,False
BASP1,79.0,67,False
CTD-2228A4.1,0.0,0,False
AC091878.1,0.0,0,False
CTD-2139B15.2,0.0,0,False
CTD-2139B15.5,0.0,0,False
CTD-2139B15.4,0.0,0,False
RP11-321E2.3,0.0,0,False
RP11-321E2.4,1.0,1,False
RP11-454P21.1,0.0,0,False
CTD-2023M8.1,3.0,3,False
RP11-124N3.3,0.0,0,False
RP11-124N3.2,0.0,0,False
CDH18,0.0,0,False
RP11-420O16.1,0.0,0,False
RP11-774D14.1,0.0,0,False
CTD-2333M24.1,0.0,0,False
RP11-374A4.1,0.0,0,False
RP11-360I2.1,0.0,0,False
RP11-804N13.1,0.0,0,False
CDH12,0.0,0,False
CTD-2234B20.1,0.0,0,False
PRDM9,0.0,0,False
C5orf17,2.0,2,False
CTD-2074D8.1,0.0,0,False
CDH10,0.0,0,False
RP11-116O11.1,0.0,0,False
RP11-730N24.1,0.0,0,False
RP11-730N24.2,0.0,0,False
RP11-549K20.1,0.0,0,False
RP11-184E9.1,0.0,0,False
RP11-192H6.2,0.0,0,False
RP11-184E9.2,0.0,0,False
CTD-2306M5.1,0.0,0,False
RP11-351N6.1,0.0,0,False
CTD-2533K21.4,0.0,0,False
CDH9,0.0,0,False
CTD-3007L5.1,0.0,0,False
LINC01021,0.0,0,False
CTD-2061E9.1,0.0,0,False
CTD-2134P3.1,0.0,0,False
CTD-2118P12.1,0.0,0,False
CTD-2010I22.2,0.0,0,False
RP11-152K4.2,0.0,0,False
CDH6,0.0,0,False
DROSHA,30.0,30,False
C5orf22,31.0,31,False
PDZD2,1.0,1,False
RP11-5N11.4,0.0,0,False
RP11-5N11.5,0.0,0,False
RP11-5N11.6,0.0,0,False
CTD-2152M20.2,1.0,1,False
GOLPH3,145.0,139,False
CTD-2186M15.3,29.0,29,False
MTMR12,24.0,24,False
ZFR,108.0,104,False
SUB1,1203.0,813,False
CTD-2004A9.1,0.0,0,False
NPR3,1.0,1,False
AC026703.1,0.0,0,False
CTD-2066L21.3,0.0,0,False
CTD-2218G20.2,0.0,0,False
CTD-2066L21.1,0.0,0,False
CTD-2066L21.2,0.0,0,False
RP11-113I22.1,0.0,0,False
CTD-2203K17.1,1.0,1,False
TARS,125.0,120,False
CTD-2233C11.2,0.0,0,False
ADAMTS12,0.0,0,False
RXFP3,0.0,0,False
SLC45A2,0.0,0,False
AMACR,7.0,7,False
RP11-1084J3.4,0.0,0,False
C1QTNF3,2.0,2,False
RP11-1250I15.3,1.0,1,False
CTD-2024P10.2,0.0,0,False
RAI14,1.0,1,False
CTD-2024P10.1,0.0,0,False
CTD-2517O10.6,7.0,6,False
TTC23L,0.0,0,False
RAD1,86.0,85,False
BRIX1,217.0,201,False
DNAJC21,96.0,90,False
AGXT2,0.0,0,False
PRLR,2.0,2,False
AC010368.2,0.0,0,False
SPEF2,41.0,39,False
CTD-2113L7.1,2.0,2,False
IL7R,2479.0,1085,False
CAPSL,1.0,1,False
RP11-79C6.3,0.0,0,False
UGT3A1,0.0,0,False
UGT3A2,0.0,0,False
LMBRD2,22.0,21,False
SKP2,76.0,75,False
NADK2,18.0,17,False
NADK2-AS1,0.0,0,False
RANBP3L,0.0,0,False
SLC1A3,2.0,2,False
CTD-2353F22.1,5.0,4,False
CTD-2653M23.3,0.0,0,False
NIPBL,173.0,164,False
C5orf42,8.0,8,False
NUP155,32.0,32,False
WDR70,99.0,94,False
GDNF,0.0,0,False
GDNF-AS1,0.0,0,False
CTD-2194L12.2,0.0,0,False
CTD-2194L12.3,0.0,0,False
CTD-2130F23.2,0.0,0,False
CTD-2130F23.1,0.0,0,False
CTD-2116N24.1,0.0,0,False
CTD-2207A17.1,0.0,0,False
EGFLAM,0.0,0,False
EGFLAM-AS4,0.0,0,False
EGFLAM-AS3,0.0,0,False
EGFLAM-AS2,0.0,0,False
EGFLAM-AS1,0.0,0,False
CTD-2263F21.1,0.0,0,False
LIFR,0.0,0,False
LIFR-AS1,0.0,0,False
CTD-2196P11.2,0.0,0,False
RP11-122C5.1,0.0,0,False
CTD-2127H9.1,0.0,0,False
RP11-122C5.3,0.0,0,False
OSMR,1.0,1,False
RICTOR,262.0,245,False
FYB,1620.0,990,False
AC008964.1,35.0,35,False
C9,0.0,0,False
DAB2,32.0,24,False
CTD-2078B5.2,0.0,0,False
LINC00603,0.0,0,False
LINC00604,0.0,0,False
PTGER4,312.0,272,False
TTC33,47.0,46,False
PRKAA1,138.0,134,False
RPL37,13482.0,2567,False
CARD6,10.0,10,False
C7,0.0,0,False
MROH2B,0.0,0,False
C6,0.0,0,False
PLCXD3,0.0,0,False
OXCT1,103.0,99,False
C5orf51,23.0,23,False
FBXO4,124.0,90,False
RP11-112L7.1,0.0,0,False
GHR,0.0,0,False
CCDC152,53.0,49,False
SEPP1,4.0,3,False
CTD-2325A15.5,1.0,1,False
CTD-2201E18.5,1.0,1,False
CTD-2035E11.3,239.0,204,False
CTD-2035E11.4,8.0,8,False
ANXA2R,583.0,483,False
AC025171.1,24.0,24,False
CTD-2035E11.5,9.0,9,False
ZNF131,202.0,181,False
NIM1K,0.0,0,False
CTD-2636A23.2,1.0,1,False
HMGCS1,58.0,55,False
CCL28,57.0,55,False
C5orf28,60.0,60,False
C5orf34,7.0,7,False
RP11-159F24.6,0.0,0,False
RP11-159F24.5,1.0,1,False
PAIP1,190.0,182,False
NNT-AS1,104.0,65,False
NNT,95.0,93,False
RP11-8L21.1,0.0,0,False
FGF10,0.0,0,False
FGF10-AS1,0.0,0,False
RP11-473L15.3,0.0,0,False
RP11-503D12.1,0.0,0,False
RP11-53O19.1,2.0,2,False
RP11-53O19.2,0.0,0,False
MRPS30,306.0,286,False
RP11-53O19.3,1.0,1,False
RP11-357F12.1,0.0,0,False
HCN1,0.0,0,False
CTD-2013M15.1,0.0,0,False
EMB,376.0,278,False
RP11-269M20.3,0.0,0,False
PARP8,177.0,167,False
RP11-317O24.1,0.0,0,False
RP11-317O24.2,0.0,0,False
CTD-2089N3.1,0.0,0,False
CTD-2089N3.2,0.0,0,False
CTD-2089N3.3,0.0,0,False
CTD-2314G24.2,0.0,0,False
ISL1,0.0,0,False
CTD-2335O3.3,0.0,0,False
CTD-2203A3.1,0.0,0,False
CTD-2288O8.1,0.0,0,False
ITGA1,6.0,6,False
PELO,61.0,60,False
CTD-2175A23.1,0.0,0,False
ITGA2,1.0,1,False
CTD-2366F13.2,0.0,0,False
MOCS2,167.0,94,False
CTD-2366F13.1,8.0,8,False
FST,0.0,0,False
NDUFS4,428.0,363,False
CTD-2081C10.1,0.0,0,False
CTD-2081C10.7,1.0,1,False
ARL15,19.0,19,False
LINC01033,0.0,0,False
HSPB3,0.0,0,False
SNX18,91.0,88,False
RP11-45H22.3,0.0,0,False
ESM1,1.0,1,False
GZMK,989.0,319,False
CTD-2313F11.2,0.0,0,False
CTD-2313F11.3,0.0,0,False
GZMA,1623.0,541,False
CDC20B,1.0,1,False
GPX8,1.0,1,False
MCIDAS,0.0,0,False
CCNO,0.0,0,False
RP11-506H20.1,0.0,0,False
DHX29,179.0,170,False
SKIV2L2,81.0,80,False
PPAP2A,40.0,39,False
SLC38A9,20.0,20,False
DDX4,0.0,0,False
IL31RA,0.0,0,False
AC008914.1,0.0,0,False
IL6ST,83.0,79,False
CTD-2031P19.5,0.0,0,False
CTD-2031P19.3,6.0,6,False
CTD-2227I18.1,4.0,4,False
ANKRD55,23.0,23,False
RP11-155L15.1,0.0,0,False
CTC-236F12.4,1.0,1,False
AC022431.2,0.0,0,False
AC008940.1,0.0,0,False
MAP3K1,123.0,121,False
AC008937.2,0.0,0,False
AC008937.3,0.0,0,False
SETD9,9.0,9,False
MIER3,11.0,11,False
CTD-2310F14.1,0.0,0,False
AC016644.1,0.0,0,False
GPBP1,440.0,383,False
CTD-2023N9.1,0.0,0,False
ACTBL2,0.0,0,False
CTD-2023N9.2,0.0,0,False
CTD-2023N9.3,0.0,0,False
RP11-772C9.1,0.0,0,False
RP11-478P10.1,0.0,0,False
CTD-2037L6.2,0.0,0,False
PLK2,25.0,24,False
GAPT,202.0,171,False
CTD-2117L12.1,0.0,0,False
RAB3C,2.0,2,False
RP11-479O16.1,0.0,0,False
CTD-2176I21.2,0.0,0,False
PDE4D,45.0,44,False
RP11-266N13.2,1.0,1,False
CTD-2254N19.1,0.0,0,False
FKSG52,0.0,0,False
PART1,1.0,1,False
DEPDC1B,7.0,5,False
ELOVL7,2.0,2,False
RP11-231G3.1,1.0,1,False
ERCC8,20.0,19,False
AC104113.3,0.0,0,False
NDUFAF2,147.0,135,False
AC008498.1,0.0,0,False
SMIM15,236.0,221,False
CTC-436P18.1,0.0,0,False
CTC-436P18.3,0.0,0,False
ZSWIM6,22.0,19,False
C5orf64,0.0,0,False
RP11-2O17.2,0.0,0,False
CTD-2170G1.2,0.0,0,False
CTD-2244C20.2,0.0,0,False
KIF2A,137.0,128,False
DIMT1,226.0,185,False
IPO11,23.0,23,False
CKS1B-1,0.0,0,False
LRRC70,0.0,0,False
HTR1A,0.0,0,False
RNF180,0.0,0,False
RGS7BP,0.0,0,False
FAM159B,0.0,0,False
SREK1IP1,275.0,256,False
CWC27,253.0,187,False
RP11-307L14.1,2.0,2,False
RP11-307L14.2,0.0,0,False
ADAMTS6,14.0,14,False
CTD-2116N20.1,1.0,1,False
CENPK,99.0,97,False
PPWD1,111.0,107,False
TRIM23,43.0,25,False
TRAPPC13,66.0,65,False
CTC-534A2.2,15.0,15,False
SGTB,72.0,71,False
NLN,17.0,15,False
CTD-2033C11.1,1.0,1,False
ERBB2IP,133.0,129,False
SREK1,228.0,193,False
AC025442.3,0.0,0,False
CTD-2016O11.1,0.0,0,False
RP11-305P14.1,0.0,0,False
RP11-5P22.3,0.0,0,False
MAST4,58.0,57,False
MAST4-AS1,2.0,2,False
CTD-2306M10.1,1.0,1,False
CD180,90.0,80,False
CTD-2187J20.1,0.0,0,False
RP11-434D9.1,0.0,0,False
RP11-83M16.5,0.0,0,False
RP11-83M16.6,0.0,0,False
RP11-434D9.2,0.0,0,False
RP11-404L6.2,0.0,0,False
PIK3R1,197.0,162,False
CTD-2582M21.1,0.0,0,False
CTC-537E7.3,0.0,0,False
CTC-537E7.1,0.0,0,False
CTC-537E7.2,0.0,0,False
CTC-340D7.1,0.0,0,False
RP11-141O11.1,0.0,0,False
7SK,0.0,0,False
CTC-498J12.1,0.0,0,False
SLC30A5,106.0,101,False
CTC-498J12.3,1.0,1,False
CCNB1,19.0,12,False
CENPH,68.0,65,False
MRPS36,252.0,227,False
CDK7,63.0,63,False
CCDC125,12.0,12,False
TAF9,487.0,442,False
RAD17,51.0,51,False
MARVELD2,0.0,0,False
RP11-241G9.3,0.0,0,False
OCLN,0.0,0,False
GTF2H2C,21.0,21,False
SERF1B,1.0,1,False
SMN2,48.0,46,False
RP11-497H16.9,0.0,0,False
SERF1A,2.0,2,False
SMN1,81.0,79,False
NAIP,27.0,24,False
RP11-195E2.4,2.0,2,False
GTF2H2,53.0,48,False
RP11-136K7.2,0.0,0,False
RP11-136K7.3,0.0,0,False
RP11-136K7.1,0.0,0,False
BDP1,139.0,132,False
MCCC2,76.0,74,False
CARTPT,0.0,0,False
MAP1B,3.0,3,False
MRPS27,101.0,100,False
PTCD2,19.0,19,False
CTC-365E16.1,1.0,1,False
RP11-389C8.3,2.0,2,False
ZNF366,1.0,1,False
CTC-347C20.2,0.0,0,False
CTC-347C20.1,0.0,0,False
CTD-2631K10.1,0.0,0,False
TNPO1,82.0,79,False
CTD-2376I4.1,0.0,0,False
CTD-2376I4.2,0.0,0,False
FCHO2,8.0,8,False
TMEM171,7.0,6,False
RP11-232L2.2,0.0,0,False
TMEM174,0.0,0,False
RP11-60A8.1,0.0,0,False
RP11-60A8.2,0.0,0,False
FOXD1,0.0,0,False
RP11-79P5.2,0.0,0,False
RP11-79P5.7,0.0,0,False
RP11-79P5.5,0.0,0,False
RP11-79P5.9,10.0,10,False
BTF3,8189.0,2413,False
ANKRA2,113.0,100,False
UTP15,33.0,33,False
AC008387.1,0.0,0,False
ARHGEF28,0.0,0,False
CTC-575I10.1,0.0,0,False
RP11-428C6.2,0.0,0,False
CTD-2292M14.1,0.0,0,False
CTD-2275D24.4,0.0,0,False
CTD-2275D24.1,0.0,0,False
CTD-2275D24.2,0.0,0,False
CTD-2275D24.3,0.0,0,False
CTC-419K13.1,0.0,0,False
ENC1,9.0,9,False
HEXB,318.0,285,False
GFM2,30.0,30,False
NSA2,814.0,602,False
FAM169A,16.0,16,False
CTD-2377O17.1,0.0,0,False
CTD-2503O16.4,0.0,0,False
GCNT4,4.0,4,False
RP11-229C3.2,2.0,2,False
ANKRD31,3.0,3,False
CTD-2235C13.2,0.0,0,False
HMGCR,30.0,30,False
CTD-2235C13.3,0.0,0,False
COL4A3BP,103.0,97,False
POLK,116.0,113,False
CTC-366B18.2,3.0,3,False
CTC-366B18.4,0.0,0,False
ANKDD1B,1.0,1,False
POC5,44.0,43,False
CTC-235G5.3,0.0,0,False
SV2C,0.0,0,False
RP11-466P24.6,0.0,0,False
RP11-466P24.7,0.0,0,False
IQGAP2,244.0,220,False
CTD-2236F14.1,0.0,0,False
F2RL2,1.0,1,False
CTD-2384B11.2,0.0,0,False
F2R,39.0,35,False
F2RL1,10.0,10,False
S100Z,59.0,54,False
CRHBP,3.0,3,False
AGGF1,149.0,141,False
ZBED3,4.0,4,False
CTC-564N23.2,0.0,0,False
ZBED3-AS1,0.0,0,False
PDE8B,4.0,4,False
WDR41,99.0,98,False
OTP,0.0,0,False
TBCA,993.0,778,False
RP11-107N7.1,0.0,0,False
AP3B1,120.0,115,False
CTD-2037K23.2,88.0,87,False
SCAMP1,76.0,76,False
LHFPL2,13.0,13,False
ARSB,21.0,20,False
DMGDH,2.0,2,False
BHMT2,1.0,1,False
BHMT,0.0,0,False
AC016559.1,0.0,0,False
JMY,35.0,34,False
HOMER1,20.0,18,False
PAPD4,185.0,181,False
CMYA5,0.0,0,False
CTC-431G16.2,0.0,0,False
RP11-168A11.1,0.0,0,False
MTX3,10.0,10,False
THBS4,0.0,0,False
CTD-2201I18.1,3.0,3,False
SERINC5,150.0,142,False
CTC-458I2.2,2.0,2,False
SPZ1,0.0,0,False
ZFYVE16,41.0,39,False
CTD-2015H6.3,8.0,7,False
FAM151B,4.0,4,False
ANKRD34B,4.0,4,False
CTC-325J23.3,1.0,1,False
DHFR,42.0,38,False
CTC-325J23.2,0.0,0,False
MTRNR2L2,1.0,1,False
MSH3,58.0,58,False
CTC-459I6.1,3.0,3,False
RASGRF2,29.0,29,False
CTD-2193P3.2,0.0,0,False
CKMT2-AS1,46.0,45,False
CKMT2,2.0,2,False
ZCCHC9,205.0,156,False
ACOT12,0.0,0,False
SSBP2,137.0,133,False
CTD-2249K22.1,0.0,0,False
ATG10,109.0,104,False
ATG10-AS1,0.0,0,False
RPS23,24445.0,2650,False
ATP6AP1L,3.0,3,False
CTD-2015A6.1,0.0,0,False
CTD-2015A6.2,0.0,0,False
CTD-2218K11.2,0.0,0,False
RP11-78C3.1,0.0,0,False
CTD-2227C6.3,0.0,0,False
CTD-2227C6.2,0.0,0,False
RP11-343L5.2,1.0,1,False
TMEM167A,274.0,249,False
XRCC4,23.0,23,False
VCAN,333.0,258,False
VCAN-AS1,1.0,1,False
HAPLN1,0.0,0,False
EDIL3,0.0,0,False
CTD-2269F5.1,0.0,0,False
CTC-384G19.1,0.0,0,False
RP11-1072N2.3,0.0,0,False
CTD-2331D11.2,0.0,0,False
CTD-2331D11.3,0.0,0,False
CTD-2331D11.4,0.0,0,False
CTC-480C2.1,0.0,0,False
CTD-2036A18.2,0.0,0,False
CTC-261N6.3,0.0,0,False
CTC-261N6.1,0.0,0,False
CTC-261N6.2,0.0,0,False
COX7C,3864.0,1868,False
CTC-493L21.1,0.0,0,False
CTC-493L21.2,0.0,0,False
RP11-72L22.1,0.0,0,False
AC008394.1,0.0,0,False
RASA1,32.0,31,False
CTC-428H11.2,11.0,11,False
CCNH,414.0,356,False
CTD-2316B1.1,0.0,0,False
CTD-2316B1.2,0.0,0,False
TMEM161B,37.0,37,False
TMEM161B-AS1,74.0,71,False
CTC-498M16.2,0.0,0,False
CTC-498M16.4,0.0,0,False
LINC00461,0.0,0,False
CTC-467M3.1,1.0,1,False
CTC-467M3.3,0.0,0,False
CTC-467M3.2,0.0,0,False
MEF2C,228.0,193,False
MEF2C-AS1,2.0,2,False
CTD-2232E5.2,0.0,0,False
RP11-116A1.1,0.0,0,False
AC113167.1,0.0,0,False
AC113167.2,0.0,0,False
RP11-61G23.2,0.0,0,False
CETN3,26.0,26,False
MBLAC2,18.0,18,False
POLR3G,2.0,2,False
LYSMD3,37.0,37,False
GPR98,2.0,2,False
RP11-414H23.2,0.0,0,False
RP11-414H23.3,0.0,0,False
RP11-213H15.1,5.0,5,False
LUCAT1,10.0,10,False
RP11-213H15.4,0.0,0,False
CTD-2061E19.6,0.0,0,False
ARRDC3,149.0,121,False
RP11-348J24.2,0.0,0,False
RP11-348J24.1,0.0,0,False
RP11-133F8.2,0.0,0,False
CTC-529L17.1,0.0,0,False
CTC-529L17.2,0.0,0,False
CTC-458G6.4,0.0,0,False
CTC-458G6.2,0.0,0,False
CTD-2091N23.1,0.0,0,False
NR2F1,0.0,0,False
FAM172A,91.0,90,False
POU5F2,25.0,25,False
RP11-185E12.2,0.0,0,False
KIAA0825,7.0,7,False
ANKRD32,53.0,50,False
MCTP1,31.0,30,False
CTC-484P3.3,0.0,0,False
CTC-558O19.1,0.0,0,False
FAM81B,3.0,2,False
TTC37,68.0,66,False
ARSK,35.0,35,False
GPR150,16.0,16,False
RFESD,17.0,17,False
SPATA9,1.0,1,False
CTD-2154I11.2,0.0,0,False
RHOBTB3,13.0,12,False
GLRX,1617.0,1004,False
AC008592.4,1.0,1,False
AC008592.8,1.0,1,False
C5orf27,3.0,3,False
ELL2,14.0,14,False
CTD-2337A12.1,0.0,0,False
AC008592.7,0.0,0,False
RP11-254I22.1,0.0,0,False
RP11-254I22.3,0.0,0,False
RP11-254I22.2,0.0,0,False
PCSK1,0.0,0,False
CAST,500.0,440,False
CTC-506B8.1,0.0,0,False
ERAP1,75.0,70,False
CTD-2260A17.1,4.0,4,False
CTD-2260A17.3,1.0,1,False
CTD-2260A17.2,26.0,24,False
ERAP2,97.0,95,False
LNPEP,177.0,158,False
CTD-2215E18.1,3.0,3,False
LIX1,1.0,1,False
RIOK2,179.0,116,False
CTD-2215E18.2,0.0,0,False
CTD-2215E18.3,0.0,0,False
RP11-1E3.1,0.0,0,False
RP11-455B3.1,0.0,0,False
AC008834.1,0.0,0,False
RGMB,24.0,20,False
RGMB-AS1,1.0,1,False
CHD1,170.0,159,False
CTD-2007H13.3,9.0,9,False
CTD-2151A2.1,0.0,0,False
RP11-346J10.1,0.0,0,False
CTD-2001C12.1,1.0,1,False
FAM174A,59.0,56,False
CTC-293G12.1,0.0,0,False
ST8SIA4,93.0,91,False
CTD-2333K2.1,0.0,0,False
SLCO4C1,9.0,9,False
AC008948.1,0.0,0,False
SLCO6A1,0.0,0,False
RP11-58B2.1,0.0,0,False
LINC00492,0.0,0,False
CTD-2340E1.2,0.0,0,False
LINC00491,0.0,0,False
PAM,39.0,38,False
GIN1,21.0,21,False
PPIP5K2,68.0,64,False
CTC-503K11.2,0.0,0,False
C5orf30,26.0,23,False
CTD-2154H6.1,0.0,0,False
CTD-2193G5.1,0.0,0,False
NUDT12,3.0,3,False
RP11-138J23.1,0.0,0,False
RP11-6N13.1,0.0,0,False
RP11-6N13.4,0.0,0,False
CTD-2374C24.1,0.0,0,False
CTC-254B4.1,0.0,0,False
EFNA5,0.0,0,False
RP11-252I13.2,0.0,0,False
FBXL17,32.0,30,False
LINC01023,11.0,11,False
FER,13.0,13,False
CTD-2197I11.1,0.0,0,False
CTD-2587M2.1,1.0,1,False
PJA2,196.0,186,False
RP11-231G15.2,0.0,0,False
RP11-231G15.3,0.0,0,False
RP11-231G15.1,0.0,0,False
CTC-332L22.1,1.0,1,False
MAN2A1,43.0,43,False
AC011366.3,0.0,0,False
TMEM232,1.0,1,False
SLC25A46,105.0,101,False
CTC-551A13.1,0.0,0,False
TSLP,1.0,1,False
CTC-551A13.2,0.0,0,False
WDR36,38.0,38,False
CAMK4,282.0,261,False
AC010468.2,0.0,0,False
CTC-499J9.1,0.0,0,False
STARD4,26.0,25,False
STARD4-AS1,2.0,2,False
NREP,16.0,16,False
NREP-AS1,0.0,0,False
EPB41L4A,2.0,2,False
EPB41L4A-AS1,569.0,472,False
CTC-459M5.1,0.0,0,False
CTC-459M5.2,0.0,0,False
RP11-526F3.1,0.0,0,False
EPB41L4A-AS2,0.0,0,False
RP11-159K7.2,0.0,0,False
APC,37.0,34,False
CTC-554D6.1,0.0,0,False
CTC-487M23.8,2.0,2,False
SRP19,429.0,396,False
REEP5,991.0,704,False
ZRSR1,4.0,4,False
CTC-487M23.5,0.0,0,False
CTC-487M23.7,1.0,1,False
DCP2,205.0,167,False
MCC,7.0,7,False
CTD-2201G3.1,0.0,0,False
TSSK1B,0.0,0,False
YTHDC2,84.0,81,False
RP11-371M22.1,0.0,0,False
KCNN2,0.0,0,False
RP11-492A10.1,0.0,0,False
CTC-313D10.1,0.0,0,False
RP11-438C19.2,0.0,0,False
RP11-438C19.1,0.0,0,False
TRIM36,0.0,0,False
CTC-428G20.2,0.0,0,False
CTC-428G20.3,5.0,5,False
PGGT1B,60.0,59,False
CTC-428G20.6,7.0,7,False
CCDC112,94.0,90,False
FEM1C,24.0,24,False
TICAM2,0.0,0,False
TMED7-TICAM2,0.0,0,False
AC010226.4,15.0,15,False
TMED7,130.0,124,False
CTC-505O3.3,0.0,0,False
CTC-505O3.2,0.0,0,False
CDO1,0.0,0,False
ATG12,416.0,345,False
AP3S1,510.0,427,False
AQPEP,0.0,0,False
CTD-2287O16.3,0.0,0,False
ARL14EPL,0.0,0,False
CTD-2287O16.4,0.0,0,False
CTD-2287O16.5,14.0,14,False
COMMD10,181.0,145,False
CTC-339F2.2,0.0,0,False
SEMA6A,0.0,0,False
CTB-118N6.3,4.0,4,False
CTB-118N6.2,0.0,0,False
RP11-249M12.2,0.0,0,False
CTC-472C24.1,0.0,0,False
RP11-492L8.2,0.0,0,False
LINC00992,1.0,1,False
CTD-3179P9.1,0.0,0,False
CTD-3179P9.2,0.0,0,False
CTD-2281M20.1,0.0,0,False
RP11-2N5.2,0.0,0,False
RP11-2N5.1,0.0,0,False
CTC-448D22.1,2.0,2,False
DTWD2,22.0,21,False
CTB-161M19.4,0.0,0,False
DMXL1,112.0,110,False
TNFAIP8,959.0,685,False
HSD17B4,97.0,92,False
FAM170A,0.0,0,False
CTC-552D5.1,0.0,0,False
RP11-574H6.1,0.0,0,False
PRR16,0.0,0,False
CTD-2334D19.1,0.0,0,False
CTC-546K23.1,0.0,0,False
FTMT,0.0,0,False
SRFBP1,58.0,58,False
LOX,1.0,1,False
CTC-441N14.2,0.0,0,False
ZNF474,0.0,0,False
CTC-441N14.1,0.0,0,False
CTD-2544H17.2,0.0,0,False
SNCAIP,0.0,0,False
CTD-2544H17.1,0.0,0,False
CTD-2280E9.1,0.0,0,False
CTC-210G5.1,0.0,0,False
RP11-166A12.1,0.0,0,False
SNX2,727.0,572,False
SNX24,17.0,17,False
PPIC,0.0,0,False
RP11-359P5.1,0.0,0,False
AC106786.1,0.0,0,False
PRDM6,0.0,0,False
CEP120,64.0,55,False
CSNK1G3,52.0,50,False
LINC01170,0.0,0,False
CTC-369A16.2,0.0,0,False
CTC-369A16.3,0.0,0,False
CTD-2308B18.4,0.0,0,False
CTD-2308B18.1,0.0,0,False
CTD-2308B18.2,0.0,0,False
CTD-2308B18.3,0.0,0,False
ZNF608,2.0,2,False
RP11-43D2.2,0.0,0,False
RP11-436H11.2,0.0,0,False
RP11-436H11.3,0.0,0,False
RP11-436H11.4,0.0,0,False
RP11-436H11.6,0.0,0,False
RP11-284A20.3,0.0,0,False
RP11-284A20.2,0.0,0,False
RP11-284A20.1,0.0,0,False
RP11-257I8.2,0.0,0,False
RP11-508M8.1,0.0,0,False
RP11-425E13.1,0.0,0,False
RP11-395P13.2,0.0,0,False
RP11-395P13.1,0.0,0,False
RP11-395P13.3,0.0,0,False
RP11-395P13.4,0.0,0,False
RP11-395P13.5,0.0,0,False
RP11-395P13.6,0.0,0,False
RP11-756H20.1,0.0,0,False
RP11-114J13.1,0.0,0,False
CTC-339D2.1,0.0,0,False
GRAMD3,19.0,19,False
RP11-517I3.1,4.0,4,False
ALDH7A1,6.0,5,False
PHAX,232.0,222,False
C5orf48,0.0,0,False
RP11-434D11.4,0.0,0,False
LMNB1,76.0,61,False
MARCH3,22.0,22,False
C5orf63,30.0,29,False
MEGF10,0.0,0,False
CTD-2195M15.3,0.0,0,False
PRRC1,53.0,51,False
CTXN3,0.0,0,False
CTC-548H10.2,0.0,0,False
CTC-228N24.1,0.0,0,False
CTC-228N24.2,0.0,0,False
CTC-228N24.3,95.0,92,False
SLC12A2,14.0,14,False
FBN2,1.0,1,False
SLC27A6,0.0,0,False
ISOC1,141.0,106,False
ADAMTS19-AS1,0.0,0,False
ADAMTS19,0.0,0,False
CTC-575N7.1,0.0,0,False
KIAA1024L,0.0,0,False
CHSY3,0.0,0,False
HINT1,3654.0,1725,False
LYRM7,99.0,92,False
CDC42SE2,765.0,624,False
RAPGEF6,53.0,52,False
CTC-432M15.3,0.0,0,False
FNIP1,23.0,23,False
ACSL6,56.0,55,False
AC034228.4,0.0,0,False
AC034228.3,0.0,0,False
AC034228.2,0.0,0,False
IL3,0.0,0,False
CSF2,0.0,0,False
AC063976.3,0.0,0,False
P4HA2-AS1,0.0,0,False
P4HA2,1.0,1,False
PDLIM4,1.0,1,False
SLC22A4,32.0,8,False
SLC22A5,21.0,20,False
C5orf56,441.0,337,False
AC116366.5,1.0,1,False
AC116366.6,9.0,9,False
IRF1,1042.0,769,False
IL5,0.0,0,False
RAD50,158.0,148,False
AC004041.2,0.0,0,False
IL13,0.0,0,False
IL4,2.0,2,False
AC004237.1,0.0,0,False
KIF3A,70.0,59,False
CCNI2,4.0,4,False
SEPT8,15.0,15,False
SOWAHA,0.0,0,False
AC004775.5,0.0,0,False
SHROOM1,5.0,5,False
GDF9,1.0,1,False
UQCRQ,1029.0,787,False
LEAP2,27.0,27,False
AFF4,195.0,182,False
CTC-350I8.1,1.0,1,False
ZCCHC10,140.0,123,False
HSPA4,164.0,154,False
RP11-485M7.3,0.0,0,False
CTB-49A3.2,0.0,0,False
FSTL4,1.0,1,False
CTB-49A3.5,0.0,0,False
CTB-49A3.4,0.0,0,False
CTB-3M24.3,0.0,0,False
CTD-2131I18.1,0.0,0,False
C5orf15,193.0,152,False
VDAC1,703.0,574,False
CTB-113I20.2,48.0,12,False
TCF7,843.0,624,False
SKP1,1908.0,1257,False
CTD-2410N18.5,0.0,0,False
PPP2CA,524.0,402,False
CDKL3,95.0,88,False
CTD-2410N18.3,5.0,5,False
UBE2B,495.0,404,False
RP11-215P8.3,9.0,9,False
CDKN2AIPNL,200.0,182,False
RP11-215P8.4,0.0,0,False
AC005355.1,0.0,0,False
AC005355.2,0.0,0,False
JADE2,135.0,130,False
SAR1B,155.0,142,False
SEC24A,30.0,30,False
CAMLG,778.0,608,False
DDX46,533.0,436,False
C5orf24,102.0,96,False
TXNDC15,204.0,194,False
PCBD2,42.0,41,False
CATSPER3,2.0,2,False
PITX1,0.0,0,False
C5orf66,14.0,14,False
CTC-276P9.1,0.0,0,False
CTC-276P9.2,0.0,0,False
CTC-276P9.3,0.0,0,False
CTC-349C3.2,0.0,0,False
H2AFY,1399.0,798,False
CTC-203F4.2,2.0,2,False
C5orf20,0.0,0,False
TIFAB,7.0,6,False
CTB-138E5.1,0.0,0,False
NEUROG1,0.0,0,False
CTC-321K16.1,0.0,0,False
CXCL14,0.0,0,False
CTC-321K16.4,0.0,0,False
RP11-119J18.1,0.0,0,False
SLC25A48,0.0,0,False
IL9,0.0,0,False
GS1-39E22.1,0.0,0,False
LECT2,0.0,0,False
TGFBI,371.0,285,False
VTRNA2-1,0.0,0,False
SMAD5-AS1,1.0,1,False
SMAD5,29.0,29,False
AC009014.3,0.0,0,False
TRPC7,0.0,0,False
TRPC7-AS1,0.0,0,False
TRPC7-AS2,0.0,0,False
RP11-114H21.2,0.0,0,False
CTB-1I21.1,0.0,0,False
SPOCK1,2.0,2,False
KLHL3,8.0,8,False
RP11-381K20.5,0.0,0,False
HNRNPA0,1904.0,1219,False
RP11-381K20.4,0.0,0,False
RP11-381K20.2,5.0,5,False
MYOT,0.0,0,False
PKD2L2,4.0,2,False
FAM13B,47.0,46,False
RP11-325L7.1,1.0,1,False
RP11-325L7.2,0.0,0,False
WNT8A,0.0,0,False
NME5,0.0,0,False
BRD8,55.0,55,False
KIF20A,0.0,0,False
CDC23,45.0,44,False
GFRA3,0.0,0,False
CDC25C,1.0,1,False
FAM53C,139.0,131,False
RP11-256P1.1,0.0,0,False
KDM3B,94.0,70,False
REEP2,0.0,0,False
EGR1,116.0,98,False
ETF1,148.0,143,False
HSPA9,415.0,358,False
CTNNA1,104.0,97,False
AC034243.1,0.0,0,False
LRRTM2,1.0,1,False
SIL1,93.0,91,False
CTB-46B19.2,1.0,1,False
MATR3,602.0,513,False
PAIP2,1098.0,850,False
CTB-43P18.1,8.0,8,False
SLC23A1,2.0,2,False
MZB1,167.0,74,False
PROB1,1.0,1,False
SPATA24,21.0,21,False
DNAJC18,12.0,11,False
ECSCR,1.0,1,False
AC138517.1,0.0,0,False
TMEM173,404.0,345,False
UBE2D2,1721.0,1133,False
CTD-3224K15.3,0.0,0,False
CXXC5,225.0,195,False
CTD-3224K15.2,0.0,0,False
CTB-35F21.1,0.0,0,False
CTB-35F21.2,0.0,0,False
CTB-35F21.3,0.0,0,False
CTB-35F21.5,0.0,0,False
PSD2,0.0,0,False
NRG2,6.0,6,False
CTB-35F21.4,0.0,0,False
LINC01024,18.0,17,False
PURA,84.0,44,False
IGIP,2.0,2,False
CYSTM1,165.0,150,False
PFDN1,394.0,350,False
HBEGF,63.0,35,False
CTC-329D1.3,0.0,0,False
SLC4A9,0.0,0,False
CTC-329D1.2,0.0,0,False
ANKHD1,69.0,62,False
ANKHD1-EIF4EBP3,3.0,3,False
SRA1,371.0,285,False
EIF4EBP3,4.0,4,False
APBB3,82.0,80,False
SLC35A4,152.0,142,False
CD14,878.0,388,False
NDUFA2,985.0,695,False
TMCO6,56.0,55,False
IK,737.0,625,False
WDR55,166.0,106,False
DND1,5.0,5,False
HARS,307.0,232,False
HARS2,42.0,41,False
ZMAT2,599.0,478,False
PCDHA1,0.0,0,False
PCDHA2,0.0,0,False
PCDHA3,0.0,0,False
PCDHA4,0.0,0,False
PCDHA5,0.0,0,False
PCDHA6,0.0,0,False
PCDHA7,0.0,0,False
PCDHA8,0.0,0,False
PCDHA9,0.0,0,False
PCDHA10,0.0,0,False
AC005609.1,0.0,0,False
PCDHA11,0.0,0,False
PCDHA12,0.0,0,False
PCDHA13,0.0,0,False
PCDHAC1,0.0,0,False
PCDHAC2,0.0,0,False
PCDHB1,0.0,0,False
PCDHB2,0.0,0,False
AC005754.7,0.0,0,False
PCDHB3,0.0,0,False
AC005754.8,0.0,0,False
PCDHB4,0.0,0,False
PCDHB5,0.0,0,False
PCDHB6,0.0,0,False
PCDHB17,0.0,0,False
PCDHB7,0.0,0,False
PCDHB8,0.0,0,False
PCDHB16,0.0,0,False
PCDHB10,0.0,0,False
PCDHB11,0.0,0,False
PCDHB12,0.0,0,False
PCDHB13,0.0,0,False
PCDHB14,0.0,0,False
PCDHB15,0.0,0,False
SLC25A2,0.0,0,False
TAF7,774.0,603,False
AC005618.6,1.0,1,False
PCDHGA1,0.0,0,False
PCDHGA2,0.0,0,False
PCDHGA3,0.0,0,False
PCDHGB1,0.0,0,False
PCDHGA4,0.0,0,False
PCDHGB2,0.0,0,False
PCDHGA5,0.0,0,False
PCDHGB3,0.0,0,False
PCDHGA6,0.0,0,False
PCDHGA7,0.0,0,False
PCDHGB4,0.0,0,False
PCDHGA8,0.0,0,False
PCDHGA9,0.0,0,False
PCDHGB6,0.0,0,False
PCDHGA10,0.0,0,False
PCDHGB7,0.0,0,False
PCDHGA11,0.0,0,False
PCDHGA12,0.0,0,False
PCDHGC3,0.0,0,False
PCDHGC4,0.0,0,False
PCDHGC5,0.0,0,False
DIAPH1,309.0,240,False
CTD-2024I7.13,1.0,1,False
AC008781.7,2.0,2,False
HDAC3,231.0,220,False
RELL2,42.0,41,False
FCHSD1,33.0,33,False
ARAP3,13.0,13,False
PCDH1,1.0,1,False
KIAA0141,100.0,96,False
PCDH12,2.0,2,False
AC005740.6,0.0,0,False
RNF14,121.0,80,False
AC005740.5,0.0,0,False
GNPDA1,90.0,88,False
NDFIP1,1202.0,873,False
SPRY4,0.0,0,False
AC005592.2,0.0,0,False
FGF1,0.0,0,False
AC005592.3,0.0,0,False
AC005592.1,0.0,0,False
ARHGAP26,80.0,76,False
ARHGAP26-AS1,1.0,1,False
NR3C1,348.0,286,False
CTD-2050E21.1,0.0,0,False
CTD-2050E21.2,0.0,0,False
HMHB1,0.0,0,False
YIPF5,192.0,170,False
KCTD16,0.0,0,False
CTC-367F4.1,0.0,0,False
CTC-806A22.1,0.0,0,False
CTB-73N10.1,0.0,0,False
PRELID2,12.0,11,False
GRXCR2,0.0,0,False
SH3RF2,0.0,0,False
PLAC8L1,1.0,1,False
RP11-118M9.3,0.0,0,False
LARS,203.0,155,False
RBM27,122.0,117,False
CTC-359M8.1,0.0,0,False
POU4F3,0.0,0,False
CTC-359M8.3,0.0,0,False
CTB-1H10.1,0.0,0,False
TCERG1,121.0,113,False
GPR151,0.0,0,False
CTB-99A3.1,0.0,0,False
PPP2R2B,34.0,32,False
CTC-255N20.1,0.0,0,False
STK32A,0.0,0,False
DPYSL3,0.0,0,False
CTB-108O6.2,0.0,0,False
JAKMIP2,12.0,12,False
SPINK1,0.0,0,False
SCGB3A2,12.0,12,False
C5orf46,0.0,0,False
CTC-327F10.5,0.0,0,False
CTC-327F10.4,0.0,0,False
SPINK5,0.0,0,False
SPINK14,0.0,0,False
SPINK6,0.0,0,False
CTC-295J13.3,0.0,0,False
SPINK13,0.0,0,False
RP11-373N22.3,0.0,0,False
SPINK7,0.0,0,False
AC091948.1,0.0,0,False
SPINK9,0.0,0,False
FBXO38,53.0,51,False
CTD-2283N19.1,1.0,1,False
HTR4,0.0,0,False
ADRB2,112.0,102,False
SH3TC2,1.0,1,False
RP11-44B19.1,0.0,0,False
CTC-529P8.1,0.0,0,False
ABLIM3,2.0,2,False
RP11-331K21.1,0.0,0,False
AC012613.2,0.0,0,False
AFAP1L1,0.0,0,False
GRPEL2,30.0,30,False
GRPEL2-AS1,2.0,2,False
PCYOX1L,30.0,29,False
IL17B,0.0,0,False
RP11-394O4.3,0.0,0,False
MIR143HG,2.0,2,False
AC131025.8,0.0,0,False
MIR145,0.0,0,False
CSNK1A1,511.0,422,False
ARHGEF37,32.0,32,False
PPARGC1B,19.0,17,False
PDE6A,1.0,1,False
SLC26A2,17.0,17,False
TIGD6,12.0,12,False
HMGXB3,28.0,28,False
CSF1R,258.0,191,False
PDGFRB,5.0,5,False
CDX1,0.0,0,False
SLC6A7,1.0,1,False
CAMK2A,0.0,0,False
ARSI,0.0,0,False
TCOF1,138.0,132,False
CD74,23018.0,2273,False
RPS14,43308.0,2688,False
CTC-367J11.1,0.0,0,False
NDST1,12.0,12,False
SYNPO,1.0,1,False
CTB-140J7.2,0.0,0,False
MYOZ3,0.0,0,False
CTC-345K18.2,0.0,0,False
RBM22,208.0,200,False
DCTN4,53.0,49,False
SMIM3,0.0,0,False
AC010441.1,1.0,1,False
IRGM,6.0,6,False
ZNF300,4.0,4,False
GPX3,7.0,6,False
TNIP1,436.0,389,False
ANXA6,1115.0,793,False
CTB-17P3.4,0.0,0,False
CCDC69,409.0,333,False
GM2A,61.0,59,False
SLC36A3,1.0,1,False
SLC36A2,0.0,0,False
SLC36A1,17.0,17,False
FAT2,0.0,0,False
CTC-251D13.1,2.0,2,False
CTB-113P19.4,0.0,0,False
SPARC,75.0,36,False
CTB-113P19.1,0.0,0,False
CTB-113P19.5,3.0,3,False
ATOX1,394.0,320,False
CTB-113P19.3,0.0,0,False
G3BP1,289.0,264,False
GLRA1,0.0,0,False
CTB-12O2.1,0.0,0,False
NMUR2,0.0,0,False
AC091969.1,0.0,0,False
GRIA1,0.0,0,False
AC091962.3,0.0,0,False
RP11-461L18.1,0.0,0,False
FAM114A2,62.0,59,False
MFAP3,19.0,19,False
GALNT10,56.0,52,False
SAP30L-AS1,0.0,0,False
SAP30L,17.0,17,False
HAND1,0.0,0,False
CTB-158E9.1,0.0,0,False
LARP1,200.0,179,False
FAXDC2,9.0,8,False
CNOT8,196.0,183,False
GEMIN5,15.0,15,False
MRPL22,363.0,338,False
KIF4B,0.0,0,False
SGCD,0.0,0,False
CTC-340I23.2,0.0,0,False
TIMD4,3.0,3,False
HAVCR1,2.0,2,False
HAVCR2,169.0,125,False
CTB-120L21.1,0.0,0,False
MED7,79.0,67,False
ITK,231.0,214,False
FAM71B,0.0,0,False
CTB-4E7.1,0.0,0,False
CTC-248O19.1,2.0,2,False
CYFIP2,299.0,269,False
FNDC9,0.0,0,False
CTB-47B11.3,3.0,3,False
ADAM19,55.0,54,False
NIPAL4,2.0,2,False
AC106801.1,0.0,0,False
SOX30,2.0,2,False
C5orf52,0.0,0,False
AC008694.3,0.0,0,False
THG1L,99.0,90,False
AC026407.1,0.0,0,False
LSM11,4.0,4,False
CLINT1,159.0,149,False
CTC-436K13.5,0.0,0,False
CTC-436K13.1,0.0,0,False
CTC-436K13.6,0.0,0,False
CTC-436K13.3,0.0,0,False
CTC-436K13.2,0.0,0,False
RP11-542A14.1,0.0,0,False
RP11-542A14.2,0.0,0,False
RP11-32D16.1,0.0,0,False
EBF1,20.0,20,False
CTD-2363C16.1,0.0,0,False
CTD-2363C16.2,0.0,0,False
RP11-175K6.1,2.0,2,False
RNF145,244.0,220,False
CTB-11I22.1,2.0,2,False
CTB-11I22.2,0.0,0,False
UBLCP1,168.0,106,False
AC008697.1,1.0,1,False
IL12B,0.0,0,False
AC008703.1,1.0,1,False
AC008691.1,0.0,0,False
AC011343.1,0.0,0,False
ADRA1B,0.0,0,False
TTC1,404.0,329,False
PWWP2A,70.0,70,False
FABP6,0.0,0,False
CTB-127C13.1,0.0,0,False
CCNJL,5.0,5,False
C1QTNF2,0.0,0,False
C5orf54,3.0,3,False
SLU7,391.0,345,False
PTTG1,125.0,94,False
MIR146A,5.0,5,False
ATP10B,0.0,0,False
CTC-348L5.1,0.0,0,False
CTC-529G1.1,0.0,0,False
RP11-109J4.1,0.0,0,False
GABRB2,0.0,0,False
GABRA6,0.0,0,False
RP11-348M17.2,0.0,0,False
GABRA1,0.0,0,False
GABRG2,0.0,0,False
RP11-96G10.1,0.0,0,False
RP11-167P20.1,0.0,0,False
RP11-541P9.3,0.0,0,False
CCNG1,564.0,443,False
AC112205.1,0.0,0,False
NUDCD2,341.0,310,False
HMMR,6.0,6,False
RP11-80G7.1,0.0,0,False
MAT2B,454.0,409,False
CTC-207P7.1,0.0,0,False
CTB-32P11.1,0.0,0,False
CTC-340A15.2,0.0,0,False
CTD-2313P7.1,0.0,0,False
CTB-181F24.1,0.0,0,False
CTC-535M15.2,0.0,0,False
RP11-67M9.1,0.0,0,False
CTB-7E3.1,0.0,0,False
CTC-264O10.2,0.0,0,False
CTC-264O10.1,0.0,0,False
TENM2,0.0,0,False
CTB-180C19.1,0.0,0,False
CTC-286N12.1,0.0,0,False
CTB-105L4.2,0.0,0,False
CTB-78F1.1,0.0,0,False
CTC-353G13.1,0.0,0,False
CTB-77H17.1,0.0,0,False
CTB-178M22.1,0.0,0,False
CTB-178M22.2,3.0,3,False
WWC1,0.0,0,False
RARS,143.0,128,False
FBLL1,0.0,0,False
PANK3,41.0,41,False
CTC-558O2.2,0.0,0,False
SLIT3,0.0,0,False
CTC-558O2.1,0.0,0,False
CTB-174D11.2,0.0,0,False
CTB-174D11.1,0.0,0,False
SPDL1,26.0,26,False
DOCK2,264.0,241,False
CTB-37A13.1,0.0,0,False
FAM196B,0.0,0,False
FOXI1,0.0,0,False
CTB-27N1.1,1.0,1,False
C5orf58,2.0,2,False
LCP2,410.0,362,False
CTB-114C7.4,3.0,3,False
CTB-114C7.3,2.0,2,False
KCNIP1,0.0,0,False
KCNMB1,33.0,33,False
CTD-2270F17.1,0.0,0,False
CTB-147C13.1,1.0,1,False
CTC-265N9.1,0.0,0,False
MIR4454,0.0,0,False
GABRP,0.0,0,False
RANBP17,4.0,3,False
TLX3,0.0,0,False
NPM1,7170.0,2216,False
FGF18,0.0,0,False
CTB-78H18.1,0.0,0,False
SMIM23,0.0,0,False
FBXW11,63.0,62,False
STK10,382.0,342,False
EFCAB9,0.0,0,False
UBTD2,10.0,10,False
SH3PXD2B,1.0,1,False
CTB-54I1.1,0.0,0,False
AC027309.1,0.0,0,False
NEURL1B,0.0,0,False
CTB-79E8.2,0.0,0,False
RP11-779O18.1,0.0,0,False
RP11-779O18.3,0.0,0,False
DUSP1,12818.0,2389,False
RP11-536N17.1,0.0,0,False
ERGIC1,183.0,172,False
CTC-308K20.1,1.0,1,False
CTC-308K20.2,0.0,0,False
RPL26L1,267.0,229,False
ATP6V0E1,2693.0,1515,False
CREBRF,126.0,122,False
CTC-209H22.3,3.0,3,False
BNIP1,92.0,89,False
NKX2-5,0.0,0,False
STC2,0.0,0,False
CTB-32H22.1,0.0,0,False
CTB-164N12.1,0.0,0,False
CTB-33O18.1,0.0,0,False
CTB-33O18.2,0.0,0,False
CTB-33O18.3,0.0,0,False
BOD1,162.0,155,False
CTB-43E15.1,0.0,0,False
CTB-43E15.2,0.0,0,False
CTB-43E15.3,0.0,0,False
CTB-43E15.4,0.0,0,False
CPEB4,33.0,33,False
C5orf47,0.0,0,False
NSG2,0.0,0,False
RP11-619L12.3,0.0,0,False
RP11-619L12.4,0.0,0,False
CTC-430J12.2,0.0,0,False
RP11-267A15.1,0.0,0,False
RP11-267A15.3,0.0,0,False
MSX2,0.0,0,False
CTD-2532K18.1,0.0,0,False
CTD-2532K18.2,0.0,0,False
CTC-281M20.1,0.0,0,False
CTC-281M20.4,0.0,0,False
DRD1,0.0,0,False
SFXN1,115.0,108,False
HRH2,93.0,81,False
CPLX2,0.0,0,False
THOC3,118.0,114,False
RP11-91H12.3,0.0,0,False
RP11-826N14.1,1.0,1,False
RP11-826N14.2,1.0,1,False
FAM153B,22.0,22,False
RP11-844P9.1,0.0,0,False
RP11-826N14.4,0.0,0,False
RP11-844P9.2,0.0,0,False
SIMC1,21.0,21,False
KIAA1191,103.0,97,False
RP11-843P14.2,0.0,0,False
RP11-843P14.1,0.0,0,False
ARL10,10.0,10,False
NOP16,93.0,87,False
HIGD2A,2271.0,1325,False
CLTB,632.0,517,False
FAF2,49.0,48,False
RNF44,156.0,149,False
CDHR2,1.0,1,False
GPRIN1,1.0,1,False
SNCB,0.0,0,False
EIF4E1B,0.0,0,False
TSPAN17,65.0,65,False
RP11-375B1.1,0.0,0,False
RP11-375B1.2,0.0,0,False
RP11-375B1.3,0.0,0,False
UNC5A,0.0,0,False
HK3,84.0,80,False
UIMC1,148.0,113,False
ZNF346,30.0,29,False
FGFR4,1.0,1,False
NSD1,226.0,214,False
RAB24,291.0,255,False
MXD3,55.0,51,False
PRELID1,2579.0,1257,False
LMAN2,945.0,698,False
RGS14,342.0,289,False
SLC34A1,0.0,0,False
PFN3,0.0,0,False
F12,12.0,12,False
GRK6,613.0,505,False
PRR7-AS1,4.0,4,False
PRR7,142.0,125,False
DBN1,28.0,28,False
PDLIM7,100.0,94,False
RP11-1334A24.6,0.0,0,False
DOK3,122.0,78,False
DDX41,136.0,130,False
FAM193B,18.0,18,False
RP11-1277A3.3,1.0,1,False
TMED9,869.0,680,False
B4GALT7,80.0,78,False
RP11-1277A3.1,1.0,1,False
RP11-1101H11.1,0.0,0,False
FAM153A,17.0,17,False
RP11-1026M7.2,0.0,0,False
RP11-1026M7.3,0.0,0,False
RP11-423H2.5,0.0,0,False
RP11-1252I4.2,0.0,0,False
RP11-423H2.3,6.0,6,False
PROP1,0.0,0,False
FAM153C,0.0,0,False
N4BP3,12.0,11,False
RMND5B,116.0,105,False
NHP2,806.0,644,False
HNRNPAB,195.0,178,False
PHYKPL,280.0,246,False
COL23A1,1.0,1,False
RP11-1259L22.1,0.0,0,False
CLK4,129.0,124,False
ZNF354A,61.0,61,False
ZNF354B,28.0,28,False
ZFP2,4.0,4,False
RP11-281O15.8,0.0,0,False
ZNF454,0.0,0,False
RP11-281O15.4,0.0,0,False
GRM6,0.0,0,False
ZNF879,15.0,15,False
ZNF354C,9.0,9,False
ADAMTS2,1.0,1,False
RP11-443C10.2,0.0,0,False
RP11-443C10.1,0.0,0,False
RP11-798K23.1,0.0,0,False
RP11-798K23.4,0.0,0,False
RUFY1,203.0,159,False
RP11-1379J22.2,0.0,0,False
HNRNPH1,373.0,334,False
C5orf60,0.0,0,False
AC136604.1,0.0,0,False
RP11-1379J22.5,1.0,1,False
CBY3,0.0,0,False
CANX,477.0,406,False
MAML1,90.0,88,False
LTC4S,24.0,20,False
MGAT4B,41.0,40,False
SQSTM1,707.0,558,False
C5orf45,121.0,114,False
CTC-241N9.1,6.0,6,False
TBC1D9B,82.0,79,False
RNF130,723.0,480,False
CTC-563A5.2,1.0,1,False
RASGEF1C,0.0,0,False
MAPK9,33.0,32,False
CTB-129O4.1,6.0,6,False
GFPT2,1.0,1,False
CTC-573N18.1,0.0,0,False
CNOT6,41.0,41,False
SCGB3A1,174.0,140,False
FLT4,1.0,1,False
RP11-451H23.3,0.0,0,False
OR2Y1,0.0,0,False
MGAT1,421.0,347,False
LINC00847,112.0,103,False
ZFP62,72.0,69,False
BTNL8,2.0,2,False
BTNL3,0.0,0,False
BTNL9,1.0,1,False
OR2V1,0.0,0,False
OR2V2,0.0,0,False
CTC-338M12.2,1.0,1,False
CTC-338M12.5,20.0,18,False
TRIM7,22.0,22,False
CTC-338M12.6,3.0,3,False
CTC-338M12.1,0.0,0,False
TRIM41,56.0,56,False
CTC-338M12.7,1.0,1,False
GNB2L1,20555.0,2637,False
CTC-338M12.4,26.0,26,False
TRIM52,68.0,68,False
AC008443.1,5.0,5,False
TRIM52-AS1,93.0,89,False
CTC-338M12.9,0.0,0,False
AC138035.2,0.0,0,False
AC138035.1,0.0,0,False
OR4F3,0.0,0,False
LINC00266-3,0.0,0,False
RP3-416J7.4,1.0,1,False
RP3-416J7.5,0.0,0,False
DUSP22,228.0,194,False
IRF4,33.0,30,False
EXOC2,93.0,91,False
RP1-20B11.2,0.0,0,False
HUS1B,12.0,12,False
RP11-532F6.3,21.0,13,False
RP11-532F6.4,0.0,0,False
RP11-532F6.5,1.0,1,False
RP11-284J1.1,0.0,0,False
RP5-1077H22.2,0.0,0,False
RP5-1077H22.1,0.0,0,False
RP5-856G1.1,0.0,0,False
AL033381.1,0.0,0,False
FOXQ1,0.0,0,False
RP4-668J24.2,0.0,0,False
FOXF2,0.0,0,False
RP11-157J24.2,4.0,4,False
FOXC1,0.0,0,False
GMDS,82.0,79,False
GMDS-AS1,45.0,43,False
RP1-136B1.1,0.0,0,False
C6orf195,0.0,0,False
RP11-145H9.3,0.0,0,False
MYLK4,1.0,1,False
WRNIP1,25.0,25,False
SERPINB1,1554.0,977,False
RP11-420G6.4,15.0,14,False
SERPINB9,159.0,152,False
RP1-90J20.2,0.0,0,False
SERPINB6,630.0,518,False
LINC01011,25.0,23,False
NQO2,247.0,231,False
RP1-90J20.8,0.0,0,False
RP1-90J20.12,4.0,4,False
RP1-40E16.2,0.0,0,False
RIPK1,81.0,78,False
RP1-40E16.12,20.0,20,False
BPHL,34.0,34,False
RP1-40E16.11,1.0,1,False
TUBB2A,62.0,54,False
RP1-40E16.9,0.0,0,False
TUBB2B,0.0,0,False
PSMG4,184.0,174,False
SLC22A23,1.0,1,False
RP11-506K6.4,0.0,0,False
RP1-223B1.1,0.0,0,False
PXDC1,4.0,4,False
RP11-420L9.5,0.0,0,False
FAM50B,39.0,37,False
RP1-140K8.1,0.0,0,False
RP1-140K8.5,0.0,0,False
C6ORF50,0.0,0,False
RP3-406P24.4,0.0,0,False
RP3-406P24.3,0.0,0,False
PRPF4B,140.0,134,False
FAM217A,0.0,0,False
C6orf201,1.0,1,False
ECI2,246.0,216,False
RP3-400B16.4,0.0,0,False
RP3-400B16.1,1.0,1,False
RP3-400B16.3,0.0,0,False
RP3-527G5.1,0.0,0,False
RP11-274H24.1,0.0,0,False
RP4-529N6.2,0.0,0,False
RP4-529N6.1,0.0,0,False
CDYL,45.0,44,False
RP3-430A16.1,0.0,0,False
RPP40,52.0,52,False
RP11-428J1.5,10.0,10,False
RP11-428J1.4,0.0,0,False
PPP1R3G,1.0,1,False
LYRM4,440.0,347,False
FARS2,132.0,130,False
RP1-232P20.1,0.0,0,False
RP1-256G22.2,0.0,0,False
RP3-380B8.4,3.0,3,False
NRN1,1.0,1,False
F13A1,45.0,35,False
LY86-AS1,1.0,1,False
LY86,817.0,511,False
RP1-80N2.3,1.0,1,False
RP1-80N2.2,0.0,0,False
RP3-470L22.1,0.0,0,False
RP3-429O6.1,0.0,0,False
RP11-556O15.1,0.0,0,False
RREB1,65.0,64,False
SSR1,396.0,366,False
RP11-69L16.4,2.0,2,False
CAGE1,1.0,1,False
RIOK1,140.0,97,False
RP3-512B11.3,0.0,0,False
DSP,1.0,1,False
SNRNP48,106.0,104,False
BMP6,0.0,0,False
TXNDC5,13.0,11,False
BLOC1S5-TXNDC5,0.0,0,False
BLOC1S5,90.0,81,False
EEF1E1-BLOC1S5,0.0,0,False
EEF1E1,201.0,190,False
RP11-203H2.1,0.0,0,False
RP11-203H2.2,0.0,0,False
SLC35B3,76.0,75,False
HULC,1.0,1,False
RP11-314C16.1,0.0,0,False
RP11-354I10.1,0.0,0,False
OFCC1,0.0,0,False
TFAP2A,1.0,1,False
TFAP2A-AS1,0.0,0,False
RP1-290I10.3,0.0,0,False
LINC00518,0.0,0,False
RP1-290I10.7,0.0,0,False
RP1-290I10.5,0.0,0,False
GCNT2,20.0,20,False
RP11-360O19.4,0.0,0,False
GCNT6,0.0,0,False
C6orf52,2.0,2,False
PAK1IP1,68.0,65,False
TMEM14C,519.0,410,False
RP11-421M1.8,6.0,6,False
TMEM14B,828.0,642,False
SYCP2L,0.0,0,False
RP11-637O19.3,0.0,0,False
MAK,2.0,2,False
GCM2,0.0,0,False
RP11-637O19.2,0.0,0,False
ELOVL2,0.0,0,False
ELOVL2-AS1,0.0,0,False
SMIM13,61.0,58,False
ERVFRD-1,0.0,0,False
RP3-510L9.1,0.0,0,False
NEDD9,118.0,115,False
RP11-716O23.1,0.0,0,False
RP11-716O23.2,0.0,0,False
TMEM170B,13.0,13,False
RP11-679B17.2,0.0,0,False
ADTRP,112.0,103,False
RP3-413H6.2,0.0,0,False
RP11-456H18.1,0.0,0,False
RP11-456H18.2,2.0,2,False
HIVEP1,29.0,29,False
EDN1,1.0,1,False
RP11-125M16.1,0.0,0,False
PHACTR1,186.0,124,False
RP1-257A7.4,1.0,1,False
TBC1D7,81.0,77,False
RP1-257A7.5,4.0,4,False
GFOD1,46.0,46,False
AL583828.1,0.0,0,False
GFOD1-AS1,1.0,1,False
SIRT5,79.0,78,False
RP1-223E5.4,4.0,4,False
NOL7,766.0,608,False
AL441883.1,5.0,5,False
RANBP9,52.0,51,False
MCUR1,153.0,139,False
RP3-500L14.2,0.0,0,False
RNF182,0.0,0,False
RP3-380E11.2,0.0,0,False
CD83,226.0,200,False
RP11-359N11.1,0.0,0,False
LINC01108,0.0,0,False
RP3-448I9.2,0.0,0,False
RP3-448I9.1,0.0,0,False
RP11-330A16.1,0.0,0,False
RP11-146I2.1,0.0,0,False
RP11-560J1.2,4.0,4,False
JARID2,116.0,95,False
JARID2-AS1,4.0,4,False
DTNBP1,280.0,250,False
RP11-401E14.2,0.0,0,False
MYLIP,577.0,490,False
GMPR,88.0,54,False
ATXN1,93.0,87,False
RP1-151F17.1,3.0,3,False
RP1-151F17.2,6.0,6,False
STMND1,0.0,0,False
RBM24,0.0,0,False
CAP2,0.0,0,False
FAM8A1,47.0,44,False
NUP153,68.0,68,False
RP11-500C11.3,30.0,30,False
KIF13A,24.0,23,False
NHLRC1,10.0,10,False
TPMT,193.0,175,False
KDM1B,84.0,80,False
DEK,803.0,617,False
RNF144B,60.0,54,False
RP11-686D16.1,0.0,0,False
RP1-167F1.2,0.0,0,False
RP3-471C18.2,0.0,0,False
RP3-471C18.1,0.0,0,False
RP4-625H18.2,0.0,0,False
ID4,0.0,0,False
MBOAT1,27.0,27,False
RP11-239H6.2,0.0,0,False
E2F3,45.0,39,False
CDKAL1,53.0,51,False
RP3-348I23.2,0.0,0,False
RP1-135L22.1,0.0,0,False
RP11-204E9.1,0.0,0,False
SOX4,83.0,64,False
CASC15,0.0,0,False
CASC14,0.0,0,False
RP11-524C21.2,0.0,0,False
RP3-404K8.2,0.0,0,False
PRL,0.0,0,False
HDGFL1,0.0,0,False
RP1-309H15.2,0.0,0,False
RP1-209A6.1,0.0,0,False
RP11-439H9.1,0.0,0,False
NRSN1,0.0,0,False
DCDC2,0.0,0,False
KAAG1,0.0,0,False
MRS2,151.0,109,False
GPLD1,1.0,1,False
ALDH5A1,23.0,23,False
KIAA0319,0.0,0,False
TDP2,210.0,201,False
ACOT13,107.0,76,False
RP1-30M3.5,0.0,0,False
C6orf62,202.0,193,False
RP1-30M3.6,0.0,0,False
RP3-369A17.4,1.0,1,False
GMNN,46.0,37,False
C6orf229,3.0,3,False
FAM65B,1037.0,817,False
RP11-367G6.3,34.0,26,False
RP3-425P12.5,0.0,0,False
RP3-425P12.1,0.0,0,False
RP3-425P12.2,0.0,0,False
RP3-522P13.3,0.0,0,False
LRRC16A,5.0,5,False
SCGN,0.0,0,False
HIST1H2AA,0.0,0,False
HIST1H2BA,0.0,0,False
SLC17A4,0.0,0,False
SLC17A1,0.0,0,False
SLC17A3,1.0,1,False
SLC17A2,0.0,0,False
TRIM38,249.0,224,False
U91328.21,1.0,1,False
U91328.20,1.0,1,False
U91328.19,7.0,7,False
U91328.22,0.0,0,False
HIST1H1A,1.0,1,False
HIST1H3A,8.0,8,False
HIST1H4A,4.0,4,False
HIST1H4B,2.0,2,False
HIST1H3B,1.0,1,False
HIST1H2AB,0.0,0,False
HIST1H2BB,2.0,2,False
HIST1H3C,0.0,0,False
HIST1H1C,214.0,188,False
HFE,11.0,11,False
HIST1H4C,249.0,190,False
HIST1H1T,0.0,0,False
HIST1H2BC,62.0,54,False
HIST1H2AC,248.0,97,False
HIST1H1E,36.0,36,False
HIST1H2BD,40.0,37,False
HIST1H2BE,0.0,0,False
HIST1H4D,0.0,0,False
HIST1H3D,22.0,22,False
HIST1H2AD,2.0,2,False
HIST1H2BF,3.0,3,False
HIST1H4E,20.0,19,False
HIST1H2BG,10.0,10,False
HIST1H2AE,21.0,20,False
HIST1H3E,0.0,0,False
HIST1H1D,29.0,29,False
HIST1H4F,1.0,1,False
HIST1H4G,0.0,0,False
HIST1H3F,0.0,0,False
HIST1H2BH,3.0,3,False
HIST1H3G,0.0,0,False
HIST1H2BI,1.0,1,False
HIST1H4H,9.0,8,False
BTN3A2,768.0,583,False
BTN2A2,51.0,49,False
BTN3A1,209.0,157,False
BTN3A3,129.0,122,False
BTN2A1,85.0,82,False
BTN1A1,0.0,0,False
HCG11,26.0,26,False
CTA-14H9.5,3.0,3,False
HMGN4,89.0,85,False
ABT1,436.0,317,False
ZNF322,18.0,18,False
RP11-457M11.5,5.0,5,False
LINC00240,0.0,0,False
RP11-239L20.6,0.0,0,False
RP1-86C11.7,1.0,1,False
HIST1H2BJ,33.0,15,False
HIST1H2AG,11.0,11,False
HIST1H2BK,263.0,214,False
HIST1H4I,4.0,4,False
HIST1H2AH,6.0,6,False
PRSS16,0.0,0,False
POM121L2,0.0,0,False
ZNF391,5.0,5,False
RP1-153G14.4,0.0,0,False
ZNF184,17.0,17,False
HIST1H2BL,1.0,1,False
HIST1H2AI,2.0,2,False
HIST1H3H,1.0,1,False
HIST1H2AJ,0.0,0,False
HIST1H2BM,0.0,0,False
HIST1H4J,22.0,22,False
HIST1H4K,3.0,3,False
HIST1H2AK,0.0,0,False
HIST1H2BN,40.0,39,False
HIST1H2AL,6.0,6,False
HIST1H1B,63.0,9,False
HIST1H3I,1.0,1,False
HIST1H4L,0.0,0,False
HIST1H3J,0.0,0,False
HIST1H2AM,10.0,10,False
HIST1H2BO,0.0,0,False
OR2B2,0.0,0,False
OR2B6,0.0,0,False
RP1-313I6.12,222.0,176,False
ZNF165,9.0,9,False
ZSCAN16-AS1,115.0,110,False
ZSCAN16,72.0,71,False
RP1-265C24.8,3.0,3,False
ZKSCAN8,27.0,27,False
ZSCAN9,26.0,25,False
ZKSCAN4,16.0,16,False
NKAPL,10.0,9,False
PGBD1,2.0,2,False
ZSCAN31,3.0,3,False
ZKSCAN3,16.0,16,False
ZSCAN12,11.0,11,False
ZSCAN23,0.0,0,False
GPX6,0.0,0,False
GPX5,0.0,0,False
SCAND3,0.0,0,False
LINC00533,0.0,0,False
XXbac-BPG308K3.5,0.0,0,False
XXbac-BPG308K3.6,1.0,1,False
HCG14,5.0,5,False
TRIM27,138.0,133,False
C6orf100,0.0,0,False
HCG15,0.0,0,False
HCG16,0.0,0,False
ZNF311,0.0,0,False
OR2W1,0.0,0,False
OR2B3,0.0,0,False
OR2J1,0.0,0,False
OR2J3,0.0,0,False
XXbac-BCX196D17.5,0.0,0,False
OR2J2,0.0,0,False
XXbac-BPG308J9.3,0.0,0,False
OR14J1,0.0,0,False
OR5V1,0.0,0,False
OR12D3,0.0,0,False
OR12D2,0.0,0,False
OR11A1,0.0,0,False
OR10C1,0.0,0,False
OR2H1,0.0,0,False
MAS1L,0.0,0,False
XXbac-BPG13B8.10,0.0,0,False
LINC01015,0.0,0,False
UBD,0.0,0,False
GABBR1,50.0,49,False
OR2H2,0.0,0,False
MOG,0.0,0,False
ZFP57,20.0,19,False
HLA-F,1191.0,891,False
XXbac-BPG170G13.32,0.0,0,False
HLA-G,45.0,45,False
HLA-A,18431.0,2600,False
HCG9,0.0,0,False
ZNRD1-AS1,19.0,19,False
ZNRD1,382.0,348,False
PPP1R11,534.0,481,False
RNF39,0.0,0,False
TRIM31,3.0,3,False
TRIM31-AS1,0.0,0,False
TRIM40,0.0,0,False
TRIM10,0.0,0,False
TRIM15,0.0,0,False
TRIM26,99.0,95,False
HCG17,2.0,2,False
HCG18,91.0,89,False
TRIM39,159.0,148,False
TRIM39-RPP21,0.0,0,False
RPP21,155.0,150,False
HLA-E,8422.0,2382,False
XXbac-BPG249D20.9,0.0,0,False
GNL1,150.0,142,False
PRR3,60.0,58,False
ABCF1,194.0,180,False
PPP1R10,158.0,150,False
MRPS18B,606.0,491,False
ATAT1,40.0,39,False
C6orf136,71.0,70,False
DHX16,61.0,60,False
PPP1R18,1023.0,769,False
NRM,66.0,63,False
MDC1,21.0,21,False
MDC1-AS1,1.0,1,False
TUBB,1235.0,851,False
XXbac-BPG252P9.9,45.0,43,False
FLOT1,369.0,309,False
XXbac-BPG252P9.10,11.0,11,False
IER3,107.0,87,False
HCG20,0.0,0,False
XXbac-BPG27H4.8,0.0,0,False
DDR1-AS1,0.0,0,False
DDR1,9.0,9,False
GTF2H4,6.0,6,False
VARS2,26.0,25,False
SFTA2,0.0,0,False
DPCR1,0.0,0,False
HCG21,0.0,0,False
MUC21,0.0,0,False
MUC22,0.0,0,False
HCG22,0.0,0,False
C6orf15,0.0,0,False
PSORS1C1,0.0,0,False
CDSN,0.0,0,False
PSORS1C2,0.0,0,False
CCHCR1,27.0,26,False
TCF19,28.0,27,False
POU5F1,2.0,2,False
XXbac-BPG299F13.17,419.0,345,False
HCG27,4.0,4,False
XXbac-BPG299F13.14,0.0,0,False
HLA-C,22564.0,2645,False
XXbac-BPG248L24.13,0.0,0,False
HLA-B,13247.0,2554,False
XXbac-BPG181B23.7,10.0,10,False
MICA,81.0,79,False
LINC01149,0.0,0,False
MICB,67.0,63,False
MCCD1,0.0,0,False
ATP6V1G2-DDX39B,0.0,0,False
DDX39B,137.0,129,False
DDX39B-AS1,0.0,0,False
ATP6V1G2,0.0,0,False
NFKBIL1,128.0,99,False
LTA,58.0,55,False
TNF,48.0,46,False
LTB,10602.0,1893,False
LST1,5863.0,959,False
NCR3,398.0,258,False
AIF1,6090.0,1008,False
PRRC2A,117.0,114,False
BAG6,251.0,226,False
APOM,36.0,35,False
C6orf47,124.0,118,False
C6orf47-AS1,1.0,1,False
GPANK1,144.0,131,False
CSNK2B,1305.0,917,False
CSNK2B-LY6G5B-1181,0.0,0,False
LY6G5B,5.0,5,False
LY6G5C,23.0,22,False
ABHD16A,61.0,59,False
XXbac-BPG32J3.20,0.0,0,False
LY6G6F,14.0,8,False
MEGT1,0.0,0,False
LY6G6E,0.0,0,False
LY6G6D,0.0,0,False
C6orf25,23.0,19,False
LY6G6C,0.0,0,False
DDAH2,239.0,187,False
CLIC1,4219.0,1731,False
MSH5,10.0,9,False
MSH5-SAPCD1,1.0,1,False
SAPCD1,0.0,0,False
SAPCD1-AS1,1.0,1,False
VWA7,0.0,0,False
VARS,64.0,62,False
LSM2,654.0,549,False
HSPA1L,9.0,8,False
HSPA1A,202.0,188,False
HSPA1B,20.0,20,False
C6orf48,2676.0,1456,False
NEU1,154.0,142,False
SLC44A4,1.0,1,False
EHMT2,106.0,93,False
EHMT2-AS1,0.0,0,False
C2,25.0,25,False
ZBTB12,1.0,1,False
CFB,1.0,1,False
CFB-1,0.0,0,False
NELFE,363.0,334,False
SKIV2L,54.0,52,False
DXO,95.0,92,False
STK19,21.0,21,False
C4A,0.0,0,False
C4A-AS1,0.0,0,False
AL645922.1,0.0,0,False
C4B,0.0,0,False
C4B-AS1,0.0,0,False
CYP21A2,0.0,0,False
TNXB,0.0,0,False
ATF6B,442.0,403,False
FKBPL,21.0,21,False
PRRT1,8.0,8,False
PPT2,11.0,11,False
PPT2-EGFL8,14.0,3,False
EGFL8,2.0,2,False
AGPAT1,129.0,87,False
RNF5,436.0,396,False
AGER,20.0,20,False
PBX2,82.0,80,False
GPSM3,3442.0,1777,False
NOTCH4,17.0,16,False
XXbac-BPG154L12.4,1.0,1,False
C6orf10,0.0,0,False
HCG23,2.0,2,False
BTNL2,0.0,0,False
HLA-DRA,16467.0,1502,False
HLA-DRB5,3008.0,939,False
HLA-DRB1,6829.0,1235,False
HLA-DQA1,1919.0,586,False
HLA-DQB1,1774.0,645,False
HLA-DQB1-AS1,6.0,6,False
XXbac-BPG254F23.7,0.0,0,False
HLA-DQA2,620.0,333,False
HLA-DQB2,82.0,74,False
HLA-DOB,154.0,125,False
TAP2,1.0,1,False
TAP2-1,188.0,177,False
PSMB8,2109.0,1238,False
TAPSAR1,764.0,626,False
PSMB9,2959.0,1569,False
TAP1,775.0,625,False
HLA-DMB,793.0,482,False
XXbac-BPG181M17.5,0.0,0,False
HLA-DMA,1576.0,708,False
BRD2,482.0,427,False
XXbac-BPG181M17.6,7.0,7,False
HLA-DOA,54.0,50,False
HLA-DPA1,6980.0,1326,False
HLA-DPB1,7817.0,1388,False
HCG24,0.0,0,False
COL11A2,2.0,2,False
RXRB,118.0,112,False
SLC39A7,113.0,111,False
HSD17B8,135.0,129,False
RING1,142.0,136,False
HCG25,4.0,4,False
VPS52,49.0,48,False
RPS18,55413.0,2690,False
B3GALT4,102.0,95,False
WDR46,190.0,180,False
PFDN6,288.0,261,False
RGL2,127.0,104,False
TAPBP,938.0,702,False
ZBTB22,38.0,38,False
DAXX,218.0,207,False
KIFC1,12.0,7,False
PHF1,267.0,247,False
CUTA,1747.0,1164,False
SYNGAP1,41.0,40,False
ZBTB9,10.0,10,False
BAK1,126.0,116,False
GGNBP1,0.0,0,False
LINC00336,0.0,0,False
ITPR3,46.0,45,False
UQCC2,264.0,239,False
SBP1,0.0,0,False
IP6K3,0.0,0,False
LEMD2,132.0,124,False
MLN,0.0,0,False
LINC01016,0.0,0,False
RP3-468B3.2,0.0,0,False
GRM4,0.0,0,False
HMGA1,440.0,331,False
C6orf1,234.0,219,False
RP11-513I15.6,8.0,8,False
NUDT3,239.0,226,False
RPS10-NUDT3,0.0,0,False
RPS10,19515.0,2616,False
PACSIN1,12.0,12,False
SPDEF,0.0,0,False
C6orf106,84.0,83,False
RP11-140K17.3,56.0,54,False
SNRPC,682.0,570,False
UHRF1BP1,6.0,6,False
TAF11,231.0,210,False
ANKS1A,13.0,13,False
TCP11,0.0,0,False
SCUBE3,0.0,0,False
RP3-329A5.8,1.0,1,False
ZNF76,77.0,76,False
DEF6,497.0,422,False
PPARD,30.0,29,False
FANCE,9.0,9,False
RPL10A,25807.0,2656,False
TEAD3,1.0,1,False
TULP1,0.0,0,False
RP3-340B19.3,0.0,0,False
FKBP5,317.0,217,False
RP3-510O8.4,1.0,1,False
ARMC12,2.0,2,False
CLPSL2,0.0,0,False
CLPSL1,0.0,0,False
CLPS,0.0,0,False
LHFPL5,0.0,0,False
SRPK1,109.0,95,False
SLC26A8,0.0,0,False
MAPK14,167.0,151,False
MAPK13,71.0,67,False
RP1-179N16.6,1.0,1,False
BRPF3,11.0,11,False
PNPLA1,1.0,1,False
C6orf222,0.0,0,False
ETV7,27.0,26,False
RP1-50J22.4,0.0,0,False
PXT1,0.0,0,False
KCTD20,111.0,104,False
STK38,351.0,232,False
SRSF3,2160.0,1277,False
CDKN1A,223.0,190,False
RAB44,0.0,0,False
CPNE5,65.0,26,False
PPIL1,97.0,95,False
C6orf89,134.0,125,False
RP1-90K10.4,0.0,0,False
PI16,51.0,50,False
MTCH1,445.0,383,False
FGD2,110.0,99,False
COX6A1P2,595.0,510,False
PIM1,632.0,502,False
TMEM217,1.0,1,False
TBC1D22B,39.0,38,False
RNF8,104.0,99,False
CMTR1,77.0,74,False
CCDC167,298.0,254,False
RP1-153P14.8,0.0,0,False
RP1-153P14.5,2.0,2,False
MDGA1,5.0,5,False
RP3-441A12.1,1.0,1,False
ZFAND3,143.0,135,False
BTBD9,31.0,31,False
BTBD9-AS1,2.0,2,False
GLO1,408.0,364,False
RP3-503A6.2,0.0,0,False
DNAH8,1.0,1,False
RP1-207H1.3,0.0,0,False
GLP1R,0.0,0,False
SAYSD1,103.0,100,False
KCNK5,0.0,0,False
KCNK17,0.0,0,False
KCNK16,0.0,0,False
KIF6,0.0,0,False
DAAM2,0.0,0,False
RP11-61I13.3,0.0,0,False
MOCS1,3.0,3,False
RP11-552E20.1,0.0,0,False
TDRG1,0.0,0,False
LINC00951,1.0,1,False
RP11-552E20.4,1.0,1,False
LRFN2,1.0,1,False
RP11-570K4.1,0.0,0,False
UNC5CL,6.0,6,False
OARD1,284.0,223,False
TSPO2,0.0,0,False
APOBEC2,0.0,0,False
NFYA,44.0,44,False
TREML1,40.0,17,False
TREM2,2.0,1,False
TREML2,16.0,16,False
TREML4,0.0,0,False
TREM1,93.0,81,False
NCR2,0.0,0,False
RP11-328M4.2,0.0,0,False
RP11-328M4.3,0.0,0,False
FOXP4,17.0,17,False
MDFI,0.0,0,False
TFEB,97.0,90,False
AL035588.1,0.0,0,False
RP11-298J23.5,0.0,0,False
PGC,0.0,0,False
RP11-298J23.8,0.0,0,False
FRS3,12.0,12,False
PRICKLE4,24.0,24,False
TOMM6,0.0,0,False
USP49,10.0,10,False
RP11-298J23.9,0.0,0,False
RP5-973N23.4,0.0,0,False
MED20,17.0,16,False
BYSL,23.0,21,False
CCND3,1757.0,1106,False
RP11-533O20.2,0.0,0,False
TAF8,85.0,84,False
RP11-7K24.3,0.0,0,False
C6orf132,2.0,2,False
GUCA1A,0.0,0,False
RP1-139D8.6,0.0,0,False
GUCA1B,3.0,3,False
MRPS10,171.0,160,False
TRERF1,32.0,32,False
UBR2,127.0,122,False
PRPH2,1.0,1,False
TBCC,533.0,425,False
GLTSCR1L,49.0,46,False
RPL7L1,372.0,294,False
C6orf226,165.0,156,False
PTCRA,81.0,20,False
CNPY3,1136.0,750,False
RP3-475N16.1,21.0,21,False
GNMT,3.0,3,False
PEX6,55.0,54,False
PPP2R5D,53.0,52,False
MEA1,389.0,349,False
KLHDC3,243.0,223,False
RRP36,36.0,35,False
RP1-20C7.6,0.0,0,False
CUL7,9.0,9,False
KLC4,30.0,27,False
MRPL2,184.0,162,False
RP11-387M24.5,0.0,0,False
PTK7,5.0,5,False
SRF,37.0,37,False
CUL9,36.0,35,False
RP3-330M21.5,2.0,2,False
DNPH1,323.0,285,False
TTBK1,0.0,0,False
SLC22A7,0.0,0,False
CRIP3,7.0,7,False
ZNF318,49.0,47,False
ABCC10,66.0,30,False
DLK2,1.0,1,False
TJAP1,53.0,51,False
LRRC73,1.0,1,False
POLR1C,59.0,58,False
YIPF3,310.0,269,False
RP3-337H4.9,0.0,0,False
XPO5,22.0,22,False
RP3-337H4.10,1.0,1,False
POLH,26.0,25,False
RP3-337H4.8,0.0,0,False
GTPBP2,29.0,23,False
MAD2L1BP,73.0,68,False
RSPH9,6.0,6,False
MRPS18A,189.0,167,False
RP1-261G23.5,0.0,0,False
VEGFA,11.0,10,False
RP1-261G23.7,1.0,1,False
RP11-344J7.2,0.0,0,False
RP5-1120P11.1,0.0,0,False
C6orf223,0.0,0,False
RP5-1120P11.3,0.0,0,False
MRPL14,515.0,421,False
TMEM63B,20.0,20,False
CAPN11,0.0,0,False
RP1-302G2.5,1.0,1,False
SLC29A1,41.0,39,False
HSP90AB1,2040.0,1282,False
SLC35B2,84.0,82,False
NFKBIE,64.0,63,False
TMEM151B,0.0,0,False
RP11-444E17.6,0.0,0,False
TCTE1,0.0,0,False
AARS2,15.0,15,False
SPATS1,0.0,0,False
CDC5L,256.0,211,False
AL133262.1,0.0,0,False
RP3-449H6.1,0.0,0,False
SUPT3H,150.0,139,False
RUNX2,48.0,47,False
RP1-244F24.1,4.0,4,False
RP1-166H4.2,1.0,1,False
CLIC5,5.0,5,False
RP1-8B1.4,15.0,15,False
ENPP4,27.0,27,False
ENPP5,16.0,16,False
RCAN2,2.0,2,False
RP11-795J1.1,0.0,0,False
CYP39A1,0.0,0,False
SLC25A27,0.0,0,False
RP11-446F17.3,0.0,0,False
TDRD6,0.0,0,False
PLA2G7,62.0,42,False
ANKRD66,0.0,0,False
RP11-268F1.3,0.0,0,False
MEP1A,0.0,0,False
GPR116,0.0,0,False
RP3-365O12.2,0.0,0,False
GPR110,0.0,0,False
TNFRSF21,4.0,3,False
RP11-385F7.1,8.0,8,False
CD2AP,75.0,56,False
GPR111,0.0,0,False
GPR115,0.0,0,False
RP11-550C4.6,0.0,0,False
OPN5,0.0,0,False
PTCHD4,0.0,0,False
MUT,36.0,36,False
CENPQ,30.0,27,False
GLYATL3,0.0,0,False
C6orf141,0.0,0,False
RHAG,0.0,0,False
CRISP2,0.0,0,False
CRISP3,0.0,0,False
PGK2,0.0,0,False
RP3-417L20.4,0.0,0,False
RP11-719J20.1,0.0,0,False
CRISP1,0.0,0,False
DEFB133,0.0,0,False
DEFB114,0.0,0,False
DEFB113,0.0,0,False
DEFB110,0.0,0,False
DEFB112,0.0,0,False
RP11-397G17.1,0.0,0,False
RP11-524K22.1,0.0,0,False
RP1-28O17.1,0.0,0,False
TFAP2D,0.0,0,False
TFAP2B,0.0,0,False
RP3-335N17.2,0.0,0,False
PKHD1,0.0,0,False
MIR133BHG,0.0,0,False
IL17A,0.0,0,False
IL17F,0.0,0,False
MCM3,169.0,143,False
PAQR8,54.0,53,False
EFHC1,49.0,49,False
TRAM2,19.0,19,False
TRAM2-AS1,10.0,10,False
TMEM14A,82.0,81,False
GSTA2,0.0,0,False
GSTA1,0.0,0,False
GSTA5,0.0,0,False
GSTA3,0.0,0,False
GSTA4,38.0,29,False
ICK,14.0,14,False
FBXO9,126.0,121,False
GCM1,0.0,0,False
ELOVL5,498.0,441,False
RP3-483K16.4,0.0,0,False
GCLC,24.0,23,False
RP1-27K12.4,0.0,0,False
RP1-27K12.2,0.0,0,False
RP11-345L23.1,0.0,0,False
KLHL31,1.0,1,False
RP11-79N23.1,0.0,0,False
RP13-476E20.1,0.0,0,False
LRRC1,5.0,5,False
RP3-523E19.2,0.0,0,False
MLIP,0.0,0,False
RP11-411K7.1,0.0,0,False
MLIP-AS1,0.0,0,False
TINAG,0.0,0,False
RP11-124I4.2,0.0,0,False
RP11-524H19.2,0.0,0,False
FAM83B,0.0,0,False
HCRTR2,0.0,0,False
GFRAL,0.0,0,False
HMGCLL1,0.0,0,False
BMP5,0.0,0,False
COL21A1,0.0,0,False
DST,10.0,10,False
RP11-472M19.2,0.0,0,False
BEND6,1.0,1,False
KIAA1586,28.0,28,False
ZNF451,85.0,83,False
RP11-203B9.4,0.0,0,False
BAG2,72.0,69,False
RAB23,4.0,4,False
PRIM2,47.0,46,False
RP1-71H19.2,0.0,0,False
RP11-343D24.2,0.0,0,False
XXbac-BPGBPG55C20.1,0.0,0,False
XXbac-BPGBPG55C20.3,0.0,0,False
XXbac-BPGBPG55C20.2,21.0,14,False
XXbac-BPG55C20.7,0.0,0,False
RP11-143A22.1,0.0,0,False
MTRNR2L9,0.0,0,False
KHDRBS2,3.0,3,False
FKBP1C,12.0,12,False
LGSN,0.0,0,False
PTP4A1,331.0,302,False
RP5-1148A21.3,7.0,7,False
PHF3,232.0,200,False
EYS,2.0,2,False
RP11-59D5__B.2,0.0,0,False
RP11-349P19.1,0.0,0,False
RP11-301G19.1,0.0,0,False
RP11-542F9.1,0.0,0,False
RP11-406O16.1,0.0,0,False
RP3-525N10.2,14.0,14,False
BAI3,2.0,2,False
LMBRD1,153.0,148,False
COL19A1,16.0,15,False
COL9A1,0.0,0,False
RP1-149L1.1,0.0,0,False
RP11-462G2.1,0.0,0,False
RP11-462G2.2,0.0,0,False
FAM135A,12.0,12,False
C6orf57,21.0,21,False
RP11-134K13.4,0.0,0,False
SMAP1,261.0,243,False
B3GAT2,15.0,15,False
RP11-154D6.1,0.0,0,False
OGFRL1,52.0,52,False
RP3-331H24.5,0.0,0,False
RP3-331H24.4,0.0,0,False
LINC00472,0.0,0,False
RP1-288M22.2,0.0,0,False
RIMS1,0.0,0,False
KCNQ5,4.0,4,False
KCNQ5-AS1,0.0,0,False
RP11-257K9.8,0.0,0,False
KHDC1L,0.0,0,False
KHDC1,14.0,14,False
RP11-398K22.12,10.0,10,False
DPPA5,0.0,0,False
KHDC3L,0.0,0,False
OOEP,4.0,4,False
OOEP-AS1,0.0,0,False
DDX43,22.0,21,False
MB21D1,41.0,39,False
MTO1,97.0,95,False
RP11-505P4.6,3.0,3,False
EEF1A1,41904.0,2671,False
RP11-505P4.7,0.0,0,False
SLC17A5,33.0,33,False
RP11-553A21.3,0.0,0,False
CD109,1.0,1,False
RP11-554D15.1,0.0,0,False
RP11-554D15.3,0.0,0,False
RP11-554D15.4,0.0,0,False
COL12A1,0.0,0,False
COX7A2,1585.0,1078,False
TMEM30A,217.0,203,False
RP1-234P15.4,5.0,5,False
FILIP1,0.0,0,False
RP11-415D17.3,0.0,0,False
RP11-415D17.4,0.0,0,False
SENP6,152.0,142,False
MYO6,17.0,17,False
IMPG1,0.0,0,False
RP11-35J1.1,0.0,0,False
RP11-354K4.2,0.0,0,False
HTR1B,0.0,0,False
MEI4,0.0,0,False
RP3-390M24.1,0.0,0,False
RP11-173D14.3,0.0,0,False
IRAK1BP1,8.0,8,False
PHIP,229.0,219,False
HMGN3,772.0,641,False
HMGN3-AS1,9.0,9,False
RP1-232L24.3,0.0,0,False
LCA5,0.0,0,False
RP11-177G23.2,0.0,0,False
SH3BGRL2,9.0,9,False
RP1-159G19.1,0.0,0,False
RP1-92C4.2,0.0,0,False
ELOVL4,23.0,21,False
TTK,2.0,2,False
BCKDHB,63.0,63,False
RP11-250B2.6,1.0,1,False
RP11-250B2.3,0.0,0,False
RP11-250B2.5,1.0,1,False
FAM46A,193.0,177,False
AL359693.1,0.0,0,False
RP5-991C6.3,0.0,0,False
RP11-379B8.1,1.0,1,False
RP11-801I18.1,0.0,0,False
IBTK,86.0,81,False
TPBG,4.0,4,False
UBE3D,40.0,39,False
RP11-445L13__B.3,0.0,0,False
DOPEY1,25.0,25,False
AL139333.1,0.0,0,False
PGM3,18.0,18,False
RWDD2A,23.0,23,False
ME1,5.0,5,False
PRSS35,1.0,1,False
SNAP91,0.0,0,False
RP3-393K13.1,0.0,0,False
RIPPLY2,0.0,0,False
CYB5R4,302.0,279,False
RP4-676J13.2,0.0,0,False
RP11-51G5.1,0.0,0,False
MRAP2,0.0,0,False
KIAA1009,22.0,22,False
RP1-90L14.1,0.0,0,False
TBX18,0.0,0,False
RP11-132M7.3,0.0,0,False
RP11-30P6.6,0.0,0,False
NT5E,36.0,35,False
SNX14,152.0,121,False
RP11-321N4.5,1.0,1,False
SYNCRIP,236.0,209,False
RP1-3J17.3,172.0,161,False
HTR1E,0.0,0,False
CGA,0.0,0,False
RP11-393I2.4,6.0,5,False
ZNF292,131.0,128,False
GJB7,1.0,1,False
SMIM8,47.0,45,False
RP1-102H19.8,18.0,18,False
C6orf163,1.0,1,False
C6orf164,1.0,1,False
C6ORF165,0.0,0,False
C6orf165,0.0,0,False
SLC35A1,85.0,79,False
RARS2,121.0,117,False
ORC3,55.0,54,False
AKIRIN2,404.0,349,False
SPACA1,0.0,0,False
CNR1,0.0,0,False
RP11-459O1.2,0.0,0,False
RNGTT,58.0,55,False
AL079342.1,0.0,0,False
RP11-63L7.5,2.0,2,False
PNRC1,2753.0,1504,False
SRSF12,1.0,1,False
PM20D2,35.0,34,False
GABRR1,0.0,0,False
GABRR2,0.0,0,False
UBE2J1,393.0,307,False
RRAGD,10.0,10,False
ANKRD6,6.0,6,False
RP11-16C18.3,0.0,0,False
LYRM2,229.0,176,False
MDN1,37.0,37,False
RP1-122O8.7,0.0,0,False
GJA10,0.0,0,False
RP11-63K6.7,0.0,0,False
BACH2,59.0,58,False
RP3-512E2.2,0.0,0,False
RP1-45N11.1,0.0,0,False
MAP3K7,111.0,89,False
RP1-177I10.1,0.0,0,False
CASC6,0.0,0,False
RP1-149C7.1,0.0,0,False
RP11-127B16.1,0.0,0,False
RP1-23E21.2,0.0,0,False
EPHA7,0.0,0,False
RP11-524K14.1,0.0,0,False
RP3-463P15.1,0.0,0,False
MANEA-AS1,15.0,15,False
MANEA,26.0,26,False
FUT9,0.0,0,False
UFL1-AS1,0.0,0,False
UFL1,153.0,146,False
FHL5,0.0,0,False
RP3-417O22.3,0.0,0,False
GPR63,6.0,5,False
NDUFAF4,213.0,183,False
KLHL32,5.0,5,False
MMS22L,27.0,26,False
RP3-418C23.2,0.0,0,False
RP1-104O17.1,0.0,0,False
RP1-104O17.2,0.0,0,False
RP1-104O17.3,0.0,0,False
RP11-436D23.1,0.0,0,False
RP11-111D3.2,0.0,0,False
RP3-453D15.1,0.0,0,False
POU3F2,0.0,0,False
FBXL4,55.0,55,False
FAXC,0.0,0,False
COQ3,35.0,35,False
PNISR,1459.0,1006,False
RP11-98I9.4,10.0,10,False
USP45,12.0,12,False
TSTD3,9.0,9,False
CCNC,284.0,258,False
RP1-199J3.7,1.0,1,False
PRDM13,0.0,0,False
MCHR2,0.0,0,False
MCHR2-AS1,0.0,0,False
SIM1,0.0,0,False
RP1-121G13.2,0.0,0,False
ASCC3,95.0,91,False
RP3-467N11.1,15.0,15,False
GRIK2,0.0,0,False
HACE1,15.0,15,False
LINC00577,0.0,0,False
LIN28B,0.0,0,False
BVES,0.0,0,False
BVES-AS1,0.0,0,False
POPDC3,0.0,0,False
RP3-355L5.5,0.0,0,False
PREP,97.0,94,False
RP3-355L5.4,0.0,0,False
RP3-359N14.2,0.0,0,False
PRDM1,48.0,47,False
ATG5,234.0,223,False
RP11-404H14.1,0.0,0,False
AIM1,147.0,141,False
RTN4IP1,28.0,27,False
QRSL1,212.0,180,False
RP1-60O19.2,0.0,0,False
RP1-60O19.1,1.0,1,False
C6orf203,85.0,83,False
BEND3,1.0,1,False
PDSS2,77.0,75,False
SOBP,6.0,6,False
RP1-67A8.3,0.0,0,False
SCML4,216.0,196,False
SEC63,218.0,200,False
RP1-191J18.66,6.0,6,False
RP1-111B22.3,1.0,1,False
OSTM1,145.0,138,False
OSTM1-AS1,0.0,0,False
NR2E1,0.0,0,False
SNX3,2123.0,1246,False
RP1-128O3.4,0.0,0,False
LACE1,18.0,18,False
FOXO3,80.0,78,False
LINC00222,0.0,0,False
ARMC2,24.0,24,False
ARMC2-AS1,0.0,0,False
SESN1,74.0,70,False
RP11-787I22.3,3.0,3,False
CEP57L1,29.0,29,False
CD164,1255.0,926,False
RP11-425D10.10,10.0,10,False
PPIL6,5.0,5,False
SMPD2,57.0,52,False
MICAL1,157.0,148,False
ZBTB24,103.0,101,False
RP5-919F19.5,0.0,0,False
AK9,39.0,38,False
FIG4,73.0,71,False
RP1-249I4.2,2.0,2,False
GPR6,0.0,0,False
WASF1,2.0,2,False
CDC40,319.0,237,False
METTL24,0.0,0,False
DDO,5.0,5,False
SLC22A16,2.0,2,False
CTA-331P3.1,1.0,1,False
CDK19,74.0,52,False
AMD1,400.0,329,False
GTF3C6,464.0,403,False
RPF2,102.0,96,False
SLC16A10,4.0,4,False
RP11-428F8.2,0.0,0,False
KIAA1919,25.0,25,False
RP5-1112D6.4,3.0,3,False
RP5-1112D6.7,1.0,1,False
REV3L,48.0,48,False
RP5-1112D6.8,1.0,1,False
TRAF3IP2-AS1,12.0,12,False
TRAF3IP2,30.0,29,False
C6orf3,2.0,2,False
FYN,515.0,445,False
RP1-97J1.2,0.0,0,False
WISP3,0.0,0,False
TUBE1,58.0,58,False
FAM229B,21.0,21,False
LAMA4,0.0,0,False
RP1-142L7.5,0.0,0,False
RP1-142L7.9,0.0,0,False
RP1-142L7.8,0.0,0,False
RP11-506B6.6,0.0,0,False
RFPL4B,0.0,0,False
RP1-105O18.1,0.0,0,False
RP11-437J19.1,0.0,0,False
RP1-124C6.1,0.0,0,False
RP11-346D19.1,0.0,0,False
RP11-367G18.1,1.0,1,False
RP1-249H1.2,0.0,0,False
MARCKS,81.0,75,False
RP1-249H1.4,0.0,0,False
RP11-544L8__B.4,0.0,0,False
HDAC2,284.0,224,False
RP3-399L15.3,4.0,4,False
HS3ST5,0.0,0,False
RP3-399L15.1,0.0,0,False
RP3-399L15.2,0.0,0,False
RP11-282C5.1,0.0,0,False
FRK,0.0,0,False
NT5DC1,231.0,216,False
COL10A1,0.0,0,False
AL121963.1,0.0,0,False
RP3-486I3.5,0.0,0,False
TSPYL4,55.0,55,False
DSE,45.0,42,False
RP3-486I3.7,3.0,3,False
TSPYL1,243.0,225,False
RP1-93H18.1,0.0,0,False
RP1-93H18.7,2.0,2,False
RP1-93H18.6,0.0,0,False
FAM26F,1054.0,611,False
RP11-259P20.1,1.0,1,False
TRAPPC3L,2.0,2,False
FAM26E,0.0,0,False
FAM26D,1.0,1,False
RWDD1,900.0,691,False
RSPH4A,1.0,1,False
ZUFSP,67.0,54,False
KPNA5,60.0,59,False
FAM162B,0.0,0,False
GPRC6A,0.0,0,False
RFX6,0.0,0,False
VGLL2,0.0,0,False
ROS1,0.0,0,False
GOPC,109.0,107,False
RP1-92C8.3,0.0,0,False
DCBLD1,40.0,40,False
NUS1,95.0,93,False
SLC35F1,0.0,0,False
CEP85L,88.0,71,False
PLN,1.0,1,False
MCM9,28.0,28,False
ASF1A,365.0,313,False
RP11-351A11.1,0.0,0,False
FAM184A,1.0,1,False
MAN1A1,12.0,12,False
TBC1D32,16.0,16,False
GJA1,0.0,0,False
HSF2,60.0,60,False
SERINC1,333.0,299,False
PKIB,12.0,11,False
RP11-95G17.2,0.0,0,False
FABP7,0.0,0,False
SMPDL3A,53.0,39,False
CLVS2,0.0,0,False
TRDN,0.0,0,False
RP11-532N4.2,0.0,0,False
NKAIN2,1.0,1,False
RP11-510H23.1,0.0,0,False
RNF217,6.0,6,False
TPD52L1,2.0,2,False
HDDC2,426.0,386,False
RP11-735G4.1,0.0,0,False
RP11-138M12.1,0.0,0,False
RP11-624M8.1,0.0,0,False
RP1-293L8.2,0.0,0,False
HEY2,1.0,1,False
NCOA7,70.0,67,False
NCOA7-AS1,0.0,0,False
HINT3,75.0,74,False
TRMT11,51.0,51,False
RP11-527F13.1,1.0,1,False
CENPW,31.0,26,False
RSPO3,0.0,0,False
RNF146,97.0,96,False
ECHDC1,401.0,290,False
SOGA3,0.0,0,False
SOGA3-1,0.0,0,False
KIAA0408,0.0,0,False
C6orf58,0.0,0,False
THEMIS,171.0,149,False
PTPRK,21.0,21,False
RP11-103C16.2,1.0,1,False
RP1-86D1.5,0.0,0,False
RP1-86D1.4,0.0,0,False
LAMA2,2.0,2,False
RP1-69D17.3,0.0,0,False
RP1-69D17.4,0.0,0,False
ARHGAP18,44.0,41,False
TMEM244,2.0,2,False
L3MBTL3,40.0,38,False
RP11-73O6.3,6.0,6,False
SAMD3,409.0,316,False
TMEM200A,5.0,5,False
RP11-102N11.1,0.0,0,False
SMLR1,0.0,0,False
EPB41L2,17.0,17,False
AKAP7,109.0,102,False
ARG1,0.0,0,False
MED23,51.0,51,False
ENPP3,0.0,0,False
OR2A4,0.0,0,False
CTAGE9,3.0,3,False
ENPP1,0.0,0,False
RP11-69I8.2,0.0,0,False
CTGF,0.0,0,False
RP11-69I8.3,0.0,0,False
RP3-523C21.2,0.0,0,False
LINC01013,12.0,10,False
MOXD1,1.0,1,False
STX7,398.0,331,False
TAAR8,0.0,0,False
TAAR6,0.0,0,False
TAAR5,0.0,0,False
TAAR2,0.0,0,False
TAAR1,0.0,0,False
VNN1,18.0,18,False
VNN3,4.0,4,False
VNN2,106.0,99,False
RP1-55C23.7,1.0,1,False
SLC18B1,61.0,59,False
RPS12,48256.0,2680,False
LINC00326,0.0,0,False
EYA4,0.0,0,False
RP1-283K11.3,0.0,0,False
RP1-283K11.2,0.0,0,False
RP3-323P13.2,0.0,0,False
RP11-704J17.5,0.0,0,False
RP4-662A9.2,0.0,0,False
TCF21,0.0,0,False
TBPL1,243.0,185,False
SLC2A12,0.0,0,False
SGK1,152.0,114,False
RP11-557H15.3,0.0,0,False
LINC01010,0.0,0,False
RP11-557H15.4,0.0,0,False
RP11-557H15.5,0.0,0,False
CTA-31J9.2,0.0,0,False
RP1-287H17.1,0.0,0,False
ALDH8A1,0.0,0,False
RP11-349J5.2,0.0,0,False
HBS1L,93.0,87,False
CTA-212D2.2,0.0,0,False
MYB,15.0,14,False
MYB-AS1,0.0,0,False
RP1-32B1.4,0.0,0,False
AHI1,46.0,46,False
RP3-388E23.2,0.0,0,False
LINC00271,0.0,0,False
RP1-38C16.2,0.0,0,False
RP11-394G3.2,0.0,0,False
PDE7B,0.0,0,False
RP13-143G15.3,0.0,0,False
RP13-143G15.4,1.0,1,False
MTFR2,4.0,4,False
BCLAF1,307.0,279,False
RP3-406A7.7,0.0,0,False
MAP7,8.0,8,False
RP3-325F22.5,25.0,12,False
MAP3K5,31.0,31,False
RP3-325F22.3,0.0,0,False
PEX7,47.0,46,False
SLC35D3,0.0,0,False
RP11-55K22.5,0.0,0,False
RP11-204P2.3,0.0,0,False
IL20RA,0.0,0,False
IL22RA2,0.0,0,False
IFNGR1,277.0,246,False
OLIG3,0.0,0,False
RP11-95M15.1,0.0,0,False
RP11-356I2.1,0.0,0,False
RP11-356I2.4,55.0,52,False
TNFAIP3,534.0,438,False
RP11-10J5.1,2.0,2,False
RP11-240M16.1,0.0,0,False
PERP,67.0,59,False
KIAA1244,0.0,0,False
PBOV1,0.0,0,False
RP3-422G23.4,0.0,0,False
HEBP2,188.0,172,False
NHSL1,4.0,4,False
RP11-390P2.4,18.0,18,False
CCDC28A,248.0,229,False
ECT2L,0.0,0,False
REPS1,87.0,84,False
ABRACL,1139.0,757,False
HECA,109.0,107,False
RP1-225E12.2,0.0,0,False
TXLNB,3.0,2,False
RP11-445F6.2,3.0,2,False
CITED2,902.0,612,False
RP11-12A2.3,0.0,0,False
RP5-899B16.1,0.0,0,False
RP5-899B16.2,0.0,0,False
RP3-332B22.1,0.0,0,False
RP3-460G2.2,1.0,1,False
RP11-63E9.1,0.0,0,False
NMBR,0.0,0,False
RP11-137J7.2,0.0,0,False
GJE1,0.0,0,False
VTA1,137.0,130,False
RP11-753B14.1,0.0,0,False
GPR126,4.0,4,False
RP11-440G9.1,0.0,0,False
RP1-67K17.3,0.0,0,False
HIVEP2,83.0,83,False
RP1-67K17.4,2.0,2,False
RP11-439L18.2,3.0,3,False
RP11-439L18.1,0.0,0,False
RP11-439L18.3,0.0,0,False
RP1-45I4.3,2.0,2,False
AIG1,123.0,119,False
RP1-45I4.2,0.0,0,False
ADAT2,9.0,9,False
AL031320.1,0.0,0,False
PEX3,88.0,86,False
RP1-20N2.6,5.0,5,False
FUCA2,119.0,112,False
PHACTR2,74.0,73,False
RP11-436I24.1,0.0,0,False
RP3-468K18.5,1.0,1,False
LTV1,189.0,153,False
ZC2HC1B,0.0,0,False
PLAGL1,23.0,21,False
SF3B5,1695.0,1055,False
STX11,544.0,357,False
UTRN,275.0,233,False
RP1-91J24.3,0.0,0,False
EPM2A,3.0,3,False
RP3-466P17.1,3.0,3,False
RP3-466P17.2,0.0,0,False
FBXO30,13.0,13,False
RP11-545I5.3,31.0,6,False
SHPRH,66.0,66,False
GRM1,0.0,0,False
RAB32,305.0,229,False
RP11-715G15.1,0.0,0,False
ADGB,0.0,0,False
STXBP5-AS1,2.0,2,False
RP11-497D6.3,0.0,0,False
RP11-497D6.5,0.0,0,False
RP3-337D23.3,1.0,1,False
STXBP5,14.0,14,False
RP11-361F15.2,0.0,0,False
SAMD5,0.0,0,False
RP11-307P5.1,0.0,0,False
RP11-307P5.2,0.0,0,False
RP11-242F11.2,0.0,0,False
RP11-631F7.2,0.0,0,False
RP11-631F7.1,0.0,0,False
SASH1,2.0,2,False
UST,5.0,5,False
RP11-162J8.2,0.0,0,False
RP11-162J8.3,0.0,0,False
RP1-111D6.3,1.0,1,False
TAB2,91.0,83,False
RP1-111D6.2,0.0,0,False
SUMO4,3.0,3,False
ZC3H12D,23.0,23,False
PPIL4,120.0,94,False
RP1-12G14.5,0.0,0,False
GINM1,203.0,156,False
RP1-12G14.6,0.0,0,False
RP1-12G14.7,0.0,0,False
KATNA1,97.0,92,False
LATS1,77.0,73,False
NUP43,44.0,43,False
PCMT1,778.0,609,False
RP11-350J20.5,0.0,0,False
LRP11,2.0,2,False
RP11-350J20.12,2.0,2,False
RP11-244K5.8,1.0,1,False
RAET1E,0.0,0,False
RAET1E-AS1,0.0,0,False
RAET1G,0.0,0,False
ULBP2,0.0,0,False
ULBP1,0.0,0,False
RAET1L,0.0,0,False
RP11-472G23.10,0.0,0,False
ULBP3,0.0,0,False
PPP1R14C,0.0,0,False
IYD,0.0,0,False
PLEKHG1,13.0,13,False
RP11-136K14.3,0.0,0,False
MTHFD1L,24.0,24,False
RP1-292B18.3,0.0,0,False
RP1-292B18.4,0.0,0,False
RP1-297M16.2,0.0,0,False
AKAP12,1.0,1,False
ZBTB2,84.0,82,False
RMND1,49.0,49,False
C6orf211,118.0,111,False
CCDC170,2.0,2,False
ESR1,2.0,2,False
RP3-443C4.2,0.0,0,False
SYNE1,157.0,146,False
SYNE1-AS1,0.0,0,False
RP3-398G3.5,0.0,0,False
RP11-133I21.2,0.0,0,False
MYCT1,3.0,2,False
VIP,0.0,0,False
RP1-200K18.1,0.0,0,False
FBXO5,19.0,19,False
RP1-101K10.6,1.0,1,False
MTRF1L,46.0,44,False
RGS17,0.0,0,False
AL590867.1,0.0,0,False
RP11-475C16.2,0.0,0,False
OPRM1,1.0,1,False
IPCEF1,108.0,107,False
CNKSR3,0.0,0,False
SCAF8,40.0,39,False
TIAM2,7.0,6,False
RP11-477D19.2,2.0,2,False
TFB1M,69.0,66,False
CLDN20,0.0,0,False
RP1-257I9.2,0.0,0,False
NOX3,0.0,0,False
RP11-518I13.1,0.0,0,False
RP11-230C9.4,3.0,2,False
RP11-230C9.2,0.0,0,False
ARID1B,39.0,36,False
RP11-230C9.3,0.0,0,False
RP1-137K2.2,0.0,0,False
TMEM242,271.0,204,False
RP5-933K21.3,2.0,2,False
ZDHHC14,13.0,13,False
SNX9,147.0,116,False
RP11-52J3.3,26.0,25,False
RP11-52J3.2,0.0,0,False
RP3-403L10.3,0.0,0,False
SYNJ2,18.0,18,False
SERAC1,10.0,10,False
GTF2H5,142.0,137,False
RP11-732M18.3,6.0,6,False
TULP4,32.0,32,False
RP11-732M18.2,0.0,0,False
TMEM181,38.0,36,False
AL591025.1,0.0,0,False
DYNLT1,692.0,515,False
SYTL3,87.0,84,False
EZR,643.0,527,False
EZR-AS1,0.0,0,False
C6orf99,5.0,5,False
RSPH3,16.0,16,False
RP1-111C20.4,11.0,11,False
TAGAP,592.0,494,False
RP1-111C20.3,1.0,1,False
RP11-13P5.1,3.0,3,False
RP11-13P5.2,0.0,0,False
FNDC1,0.0,0,False
RP11-125D12.1,0.0,0,False
RP11-125D12.2,0.0,0,False
RP3-393E18.2,0.0,0,False
SOD2,809.0,543,False
WTAP,605.0,490,False
ACAT2,201.0,171,False
TCP1,568.0,458,False
MRPL18,637.0,525,False
PNLDC1,2.0,2,False
RP1-249F5.3,0.0,0,False
MAS1,0.0,0,False
IGF2R,63.0,62,False
AIRN,0.0,0,False
RP11-288H12.4,7.0,7,False
SLC22A1,0.0,0,False
SLC22A2,0.0,0,False
RP1-276N6.2,0.0,0,False
SLC22A3,2.0,2,False
LPA,0.0,0,False
RP1-81D8.3,0.0,0,False
PLG,0.0,0,False
RP11-235G24.1,0.0,0,False
RP11-235G24.3,0.0,0,False
RP3-428L16.1,0.0,0,False
RP3-428L16.2,15.0,14,False
MAP3K4,60.0,58,False
AGPAT4,56.0,54,False
PARK2,4.0,4,False
PACRG,1.0,1,False
RP1-257A15.1,0.0,0,False
AL078585.1,0.0,0,False
CAHM,17.0,16,False
QKI,101.0,95,False
RP5-826L7.1,0.0,0,False
RP1-230L10.1,0.0,0,False
RP1-155D22.2,0.0,0,False
RP1-155D22.1,0.0,0,False
RP11-347L18.1,0.0,0,False
RP11-300M24.1,0.0,0,False
C6orf118,0.0,0,False
PDE10A,0.0,0,False
RP11-252P19.1,0.0,0,False
RP11-252P19.2,0.0,0,False
SDIM1,0.0,0,False
LINC00473,0.0,0,False
SNORD45,0.0,0,False
T,0.0,0,False
RP4-655C5.4,0.0,0,False
PRR18,0.0,0,False
SFT2D1,458.0,399,False
MPC1,498.0,418,False
RP1-168L15.5,5.0,5,False
RPS6KA2,10.0,10,False
Z98049.1,1.0,1,False
RP11-514O12.4,19.0,18,False
RPS6KA2-AS1,0.0,0,False
RNASET2,2433.0,1334,False
RP1-167A14.2,2.0,2,False
FGFR1OP,47.0,46,False
CCR6,86.0,75,False
TCP10L2,0.0,0,False
GPR31,0.0,0,False
RP11-568A7.3,0.0,0,False
RP11-568A7.2,0.0,0,False
UNC93A,0.0,0,False
TTLL2,0.0,0,False
TCP10,0.0,0,False
RP11-351J23.2,0.0,0,False
RP11-351J23.1,0.0,0,False
C6orf123,0.0,0,False
AL009178.1,0.0,0,False
MLLT4,4.0,4,False
RP3-470B24.5,0.0,0,False
KIF25-AS1,0.0,0,False
KIF25,0.0,0,False
FRMD1,0.0,0,False
RP11-503C24.1,0.0,0,False
RP11-503C24.2,0.0,0,False
RP11-503C24.3,0.0,0,False
RP11-503C24.4,0.0,0,False
DACT2,0.0,0,False
RP1-39J2.1,0.0,0,False
SMOC2,0.0,0,False
RP1-125N5.2,0.0,0,False
RP3-495K2.3,0.0,0,False
RP3-495K2.2,0.0,0,False
RP3-495K2.1,0.0,0,False
RP11-417E7.1,0.0,0,False
RP11-417E7.2,0.0,0,False
XXyac-YX65C7_A.2,0.0,0,False
THBS2,0.0,0,False
XXyac-YX65C7_A.3,0.0,0,False
RP1-137D17.1,0.0,0,False
RP1-137D17.2,0.0,0,False
WDR27,29.0,28,False
C6orf120,49.0,47,False
PHF10,52.0,49,False
RP1-266L20.2,5.0,5,False
RP1-266L20.4,0.0,0,False
TCTE3,0.0,0,False
ERMARD,35.0,34,False
LINC00242,1.0,1,False
LINC00574,0.0,0,False
RP1-182D15.2,0.0,0,False
RP11-302L19.1,0.0,0,False
RP11-302L19.3,0.0,0,False
RP5-1086L22.1,0.0,0,False
RP5-894D12.5,0.0,0,False
RP5-894D12.3,6.0,5,False
DLL1,8.0,8,False
FAM120B,104.0,100,False
RP5-894D12.4,0.0,0,False
PSMB1,1890.0,1253,False
TBP,82.0,81,False
PDCD2,606.0,526,False
XX-C2158C12.1,0.0,0,False
XX-C2158C12.2,0.0,0,False
XX-C2158C6.1,0.0,0,False
XX-C2158C6.3,0.0,0,False
AC093627.7,0.0,0,False
AC093627.8,0.0,0,False
AC093627.9,2.0,2,False
AC093627.10,20.0,20,False
RP11-90P13.1,0.0,0,False
AC093627.11,0.0,0,False
AC093627.12,0.0,0,False
FAM20C,11.0,11,False
AC145676.2,0.0,0,False
AC187652.1,0.0,0,False
WI2-2373I1.2,0.0,0,False
AC226118.1,0.0,0,False
AC147651.1,0.0,0,False
PDGFA,2.0,2,False
AC147651.3,31.0,13,False
PRKAR1B,44.0,41,False
AC147651.5,0.0,0,False
AC147651.4,18.0,18,False
HEATR2,13.0,13,False
SUN1,86.0,85,False
GET4,16.0,16,False
RP11-449P15.2,2.0,2,False
ADAP1,72.0,69,False
COX19,270.0,257,False
CYP2W1,0.0,0,False
C7orf50,503.0,431,False
AC073957.15,0.0,0,False
GPR146,23.0,23,False
RP11-449P15.1,1.0,1,False
AC091729.7,0.0,0,False
AC091729.8,0.0,0,False
GPER1,3.0,3,False
ZFAND2A,107.0,103,False
AC091729.9,23.0,22,False
UNCX,0.0,0,False
AC073094.4,0.0,0,False
MICALL2,5.0,5,False
AC102953.4,0.0,0,False
RP11-1246C19.1,0.0,0,False
INTS1,42.0,42,False
AC102953.6,0.0,0,False
MAFK,39.0,37,False
TMEM184A,2.0,2,False
PSMG3,205.0,191,False
PSMG3-AS1,11.0,11,False
AC074389.5,0.0,0,False
ELFN1,0.0,0,False
AC074389.7,0.0,0,False
AC074389.6,0.0,0,False
AC074389.9,0.0,0,False
MAD1L1,294.0,273,False
AC110781.3,2.0,2,False
FTSJ2,144.0,125,False
NUDT1,339.0,268,False
SNX8,48.0,47,False
EIF3B,120.0,114,False
AC004840.8,0.0,0,False
CHST12,375.0,316,False
AC004840.9,1.0,1,False
LFNG,131.0,120,False
BRAT1,94.0,79,False
IQCE,16.0,13,False
TTYH3,91.0,84,False
AMZ1,4.0,4,False
GNA12,24.0,24,False
CARD11,86.0,81,False
AC004906.3,0.0,0,False
AC024028.1,0.0,0,False
AC091801.1,0.0,0,False
AC073316.2,0.0,0,False
AC073316.1,0.0,0,False
SDK1,0.0,0,False
AC011284.3,0.0,0,False
FOXK1,40.0,39,False
AP5Z1,102.0,100,False
RADIL,0.0,0,False
PAPOLB,0.0,0,False
MMD2,0.0,0,False
RBAK-RBAKDN,55.0,53,False
RBAK,8.0,8,False
RBAKDN,0.0,0,False
WIPI2,304.0,274,False
SLC29A4,0.0,0,False
TNRC18,32.0,31,False
AC093620.5,0.0,0,False
AC092171.2,0.0,0,False
RP11-1275H24.2,2.0,2,False
RP11-1275H24.1,2.0,2,False
RP11-1275H24.3,0.0,0,False
FBXL18,11.0,11,False
AC092171.4,0.0,0,False
ACTB,47363.0,2677,False
CTB-161C1.1,1.0,1,False
FSCN1,6.0,6,False
RNF216,172.0,162,False
OCM,6.0,6,False
CCZ1,375.0,341,False
RSPH10B,0.0,0,False
PMS2,30.0,30,False
AIMP2,144.0,137,False
EIF2AK1,269.0,248,False
ANKRD61,0.0,0,False
AC004895.4,2.0,2,False
USP42,45.0,43,False
CYTH3,5.0,5,False
FAM220A,25.0,24,False
RAC1,2402.0,1177,False
DAGLB,54.0,42,False
KDELR2,599.0,484,False
FLJ20306,7.0,7,False
GRID2IP,1.0,1,False
ZDHHC4,184.0,176,False
AC079742.4,1.0,1,False
C7orf26,180.0,140,False
ZNF853,1.0,1,False
RP11-611L7.1,33.0,31,False
AC073343.13,0.0,0,False
AC073343.1,0.0,0,False
ZNF12,20.0,19,False
RSPH10B2,0.0,0,False
CCZ1B,27.0,26,False
C1GALT1,169.0,160,False
COL28A1,0.0,0,False
RP5-1159O4.2,0.0,0,False
RP5-1159O4.1,7.0,7,False
MIOS,57.0,57,False
RP5-1007H16.1,1.0,1,False
RPA3,330.0,291,False
RPA3-AS1,106.0,102,False
AC007161.5,1.0,1,False
AC009473.1,4.0,4,False
AC006042.7,1.0,1,False
GLCCI1,47.0,44,False
ICA1,36.0,33,False
AC006042.6,0.0,0,False
AC007009.1,0.0,0,False
AC007128.1,0.0,0,False
RP4-594A5.1,0.0,0,False
NXPH1,0.0,0,False
AC060834.3,0.0,0,False
AC006373.1,0.0,0,False
AC004535.2,0.0,0,False
NDUFA4,2444.0,1410,False
RP5-855F16.1,0.0,0,False
PHF14,389.0,287,False
THSD7A,0.0,0,False
AC004160.4,0.0,0,False
TMEM106B,180.0,176,False
VWDE,5.0,5,False
AC005281.1,0.0,0,False
AC005281.2,0.0,0,False
SCIN,3.0,3,False
AC011891.5,0.0,0,False
ARL4A,524.0,414,False
AC011288.2,0.0,0,False
AC006000.5,0.0,0,False
AC005019.3,0.0,0,False
ETV1,0.0,0,False
DGKB,0.0,0,False
AC006150.1,0.0,0,False
AC006458.3,0.0,0,False
AGMO,0.0,0,False
MEOX2,0.0,0,False
AC005550.3,0.0,0,False
AC005550.4,0.0,0,False
AC005550.5,0.0,0,False
AC006041.1,0.0,0,False
RP11-196O16.1,0.0,0,False
ISPD,0.0,0,False
ISPD-AS1,0.0,0,False
SOSTDC1,0.0,0,False
GS1-166A23.1,0.0,0,False
LRRC72,0.0,0,False
GS1-166A23.2,0.0,0,False
ANKMY2,41.0,40,False
BZW2,246.0,232,False
AC073333.8,0.0,0,False
TSPAN13,159.0,125,False
AC073333.1,0.0,0,False
AGR2,0.0,0,False
AGR3,0.0,0,False
AC003075.4,29.0,28,False
AHR,58.0,55,False
AC019117.1,0.0,0,False
AC019117.2,0.0,0,False
AC017060.1,0.0,0,False
AC006482.1,0.0,0,False
SNX13,60.0,58,False
PRPS1L1,0.0,0,False
HDAC9,84.0,44,False
AC010082.2,0.0,0,False
AC004744.3,0.0,0,False
TWIST1,0.0,0,False
AC003986.6,0.0,0,False
AC003986.7,0.0,0,False
AC003986.5,0.0,0,False
FERD3L,0.0,0,False
AC007091.1,0.0,0,False
TWISTNB,164.0,158,False
TMEM196,0.0,0,False
AC004543.2,0.0,0,False
RP11-486P11.1,0.0,0,False
MACC1,1.0,1,False
MACC1-AS1,0.0,0,False
AC099342.1,0.0,0,False
CTA-293F17.1,3.0,3,False
ITGB8,1.0,1,False
ABCB5,0.0,0,False
SP8,0.0,0,False
LINC01162,0.0,0,False
SP4,49.0,49,False
DNAH11,1.0,1,False
CDCA7L,106.0,92,False
RAPGEF5,0.0,0,False
STEAP1B,4.0,4,False
AC002480.3,0.0,0,False
AC002480.4,0.0,0,False
AC002480.2,1.0,1,False
AC073072.5,6.0,4,False
IL6,31.0,24,False
TOMM7,4899.0,2089,False
AC005682.8,1.0,1,False
FAM126A,49.0,48,False
KLHL7-AS1,2.0,2,False
KLHL7,58.0,57,False
AC005082.1,0.0,0,False
NUPL2,178.0,163,False
AC005082.12,58.0,20,False
GPNMB,1.0,1,False
MALSU1,199.0,181,False
IGF2BP3,4.0,4,False
TRA2A,248.0,215,False
CCDC126,84.0,82,False
FAM221A,27.0,23,False
AC006026.13,0.0,0,False
STK31,0.0,0,False
AC009508.1,0.0,0,False
AC004485.3,0.0,0,False
NPY,0.0,0,False
MPP6,62.0,33,False
DFNA5,1.0,1,False
OSBPL3,33.0,33,False
CYCS,1176.0,852,False
C7orf31,33.0,33,False
NPVF,0.0,0,False
AC003985.1,0.0,0,False
RP5-978I12.1,0.0,0,False
AC091705.1,0.0,0,False
AC003090.1,0.0,0,False
CTD-2227E11.1,0.0,0,False
NFE2L3,18.0,17,False
CTB-119C2.1,1.0,1,False
HNRNPA2B1,3484.0,1706,False
CBX3,655.0,527,False
SNX10,320.0,260,False
AC004540.4,3.0,3,False
AC004540.5,3.0,3,False
KIAA0087,0.0,0,False
AC004947.2,0.0,0,False
C7orf71,0.0,0,False
SKAP2,203.0,166,False
HOXA1,3.0,2,False
HOTAIRM1,190.0,168,False
HOXA2,1.0,1,False
HOXA3,0.0,0,False
HOXA-AS2,3.0,3,False
HOXA4,0.0,0,False
HOXA-AS3,0.0,0,False
HOXA5,4.0,4,False
HOXA6,0.0,0,False
HOXA7,0.0,0,False
RP1-170O19.21,0.0,0,False
HOXA9,8.0,8,False
RP1-170O19.20,0.0,0,False
HOXA10-AS,2.0,2,False
HOXA10,5.0,5,False
HOXA11,0.0,0,False
HOXA11-AS,0.0,0,False
RP1-170O19.14,0.0,0,False
HOXA13,0.0,0,False
HOTTIP,0.0,0,False
RP1-170O19.17,0.0,0,False
EVX1-AS,0.0,0,False
EVX1,0.0,0,False
AC004009.3,0.0,0,False
HIBADH,110.0,107,False
AC004549.6,0.0,0,False
TAX1BP1,449.0,398,False
JAZF1,70.0,61,False
JAZF1-AS1,1.0,1,False
CREB5,19.0,18,False
AC005013.5,0.0,0,False
CTB-113D17.1,1.0,1,False
AC005162.5,0.0,0,False
CPVL,550.0,309,False
AC005162.4,0.0,0,False
CHN2,67.0,40,False
AC004593.3,0.0,0,False
AC007255.8,0.0,0,False
PRR15,0.0,0,False
WIPF3,0.0,0,False
SCRN1,28.0,27,False
AC007285.6,3.0,3,False
FKBP14,7.0,7,False
PLEKHA8,15.0,14,False
AC007285.7,0.0,0,False
MTURN,13.0,12,False
AC007036.6,4.0,4,False
ZNRF2,7.0,7,False
NOD1,17.0,17,False
GS1-114I9.1,4.0,4,False
GGCT,223.0,191,False
RP4-777O23.2,0.0,0,False
RP4-777O23.1,0.0,0,False
GARS,197.0,169,False
CRHR2,0.0,0,False
INMT,0.0,0,False
INMT-FAM188B,0.0,0,False
FAM188B,0.0,0,False
AC004691.5,0.0,0,False
AQP1,0.0,0,False
AQP1-1,0.0,0,False
GHRHR,0.0,0,False
ADCYAP1R1,0.0,0,False
NEUROD6,0.0,0,False
AC006380.3,0.0,0,False
CCDC129,0.0,0,False
PPP1R17,16.0,15,False
PDE1C,0.0,0,False
LSM5,345.0,313,False
AVL9,51.0,50,False
RP11-225B17.2,0.0,0,False
RP11-265E18.1,1.0,1,False
KBTBD2,54.0,53,False
FKBP9,3.0,3,False
NT5C3A,355.0,252,False
RP9,111.0,106,False
BBS9,34.0,34,False
RP11-89N17.1,0.0,0,False
RP11-89N17.2,0.0,0,False
RP11-89N17.4,0.0,0,False
RP11-89N17.3,0.0,0,False
BMPER,0.0,0,False
AC009262.2,0.0,0,False
AC005493.1,0.0,0,False
NPSR1,0.0,0,False
DPY19L1,22.0,20,False
TBX20,0.0,0,False
AC009531.2,0.0,0,False
AC007652.1,0.0,0,False
HERPUD2,294.0,231,False
RP11-379H18.1,7.0,7,False
AC018647.3,0.0,0,False
AC007551.3,0.0,0,False
SEPT7,1303.0,913,False
AC083864.3,0.0,0,False
PP13004,0.0,0,False
EEPD1,74.0,67,False
AC007327.5,0.0,0,False
RP11-182J23.1,0.0,0,False
KIAA0895,1.0,1,False
ANLN,0.0,0,False
AC006960.7,0.0,0,False
AOAH,404.0,338,False
RP11-85E16.1,0.0,0,False
AC007349.4,0.0,0,False
AC007349.5,2.0,2,False
AC007349.7,0.0,0,False
ELMO1,220.0,187,False
ELMO1-AS1,0.0,0,False
GPR141,13.0,13,False
EPDR1,5.0,5,False
NME8,7.0,6,False
SFRP4,0.0,0,False
STARD3NL,215.0,199,False
RP11-121A8.1,2.0,2,False
AMPH,0.0,0,False
FAM183B,0.0,0,False
VPS41,81.0,78,False
POU6F2,0.0,0,False
POU6F2-AS2,0.0,0,False
POU6F2-AS1,0.0,0,False
AC011290.4,0.0,0,False
YAE1D1,38.0,35,False
AC004837.4,0.0,0,False
RALA,212.0,197,False
AC004837.5,0.0,0,False
LINC00265,8.0,8,False
RP11-467D6.1,24.0,22,False
CDK13,76.0,76,False
MPLKIP,381.0,327,False
SUGCT,4.0,4,False
AC004988.1,0.0,0,False
AC005029.1,0.0,0,False
AC005022.1,0.0,0,False
INHBA,0.0,0,False
INHBA-AS1,3.0,3,False
GLI3,0.0,0,False
AC027269.2,0.0,0,False
AC010132.10,0.0,0,False
RP11-111K18.2,0.0,0,False
C7orf25,3.0,3,False
PSMA2,0.0,0,False
PSMA2-1,835.0,622,False
MRPL32,348.0,301,False
HECW1,0.0,0,False
AC004692.4,0.0,0,False
AC011738.4,0.0,0,False
STK17A,1368.0,850,False
COA1,340.0,318,False
BLVRA,747.0,497,False
URGCP-MRPS24,0.0,0,False
MRPS24,24.0,24,False
URGCP,78.0,65,False
UBE2D4,109.0,66,False
SPDYE1,2.0,2,False
AC004951.6,48.0,48,False
LINC00957,5.0,5,False
DBNL,791.0,647,False
PGAM2,0.0,0,False
POLM,114.0,110,False
AEBP1,24.0,9,False
POLD2,198.0,169,False
MYL7,0.0,0,False
GCK,0.0,0,False
YKT6,106.0,105,False
CAMK2B,0.0,0,False
NUDCD3,149.0,138,False
NPC1L1,0.0,0,False
DDX56,185.0,135,False
TMED4,535.0,438,False
OGDH,137.0,131,False
ZMIZ2,41.0,40,False
AC013436.6,0.0,0,False
PPIA,4321.0,1993,False
H2AFV,896.0,684,False
AC004854.4,11.0,10,False
PURB,41.0,40,False
RP4-673M15.1,16.0,16,False
MYO1G,835.0,629,False
SNHG15,439.0,394,False
CCM2,442.0,374,False
NACAD,0.0,0,False
TBRG4,152.0,149,False
RAMP3,0.0,0,False
AC073325.1,0.0,0,False
ADCY1,1.0,1,False
RP11-638I8.1,2.0,2,False
AC096582.1,0.0,0,False
IGFBP1,0.0,0,False
IGFBP3,18.0,18,False
AC073115.6,0.0,0,False
AC073115.7,4.0,4,False
AC023669.1,0.0,0,False
AC092657.2,0.0,0,False
AC004869.3,0.0,0,False
AC004869.2,0.0,0,False
AC011294.3,0.0,0,False
AC004870.3,0.0,0,False
TNS3,19.0,19,False
AC095067.1,0.0,0,False
C7orf65,0.0,0,False
HUS1,151.0,142,False
LINC00525,1.0,1,False
PKD1L1,1.0,1,False
C7orf69,0.0,0,False
SUN3,3.0,3,False
C7orf57,0.0,0,False
UPP1,448.0,397,False
ABCA13,0.0,0,False
AC091770.3,0.0,0,False
AC004899.1,0.0,0,False
AC010971.1,0.0,0,False
VWC2,0.0,0,False
ZPBP,2.0,2,False
C7orf72,2.0,2,False
AC020743.2,0.0,0,False
AC020743.3,0.0,0,False
AC020743.4,0.0,0,False
IKZF1,469.0,413,False
FIGNL1,21.0,21,False
DDC,1.0,1,False
AC018705.5,0.0,0,False
GRB10,4.0,4,False
AC004920.3,0.0,0,False
RP4-724E13.2,0.0,0,False
COBL,0.0,0,False
RP4-718N17.2,0.0,0,False
RP11-153N17.1,0.0,0,False
POM121L12,0.0,0,False
GS1-278J22.1,0.0,0,False
GS1-278J22.2,0.0,0,False
GS1-179L18.1,0.0,0,False
RP11-806J6.1,0.0,0,False
RP11-436F9.1,0.0,0,False
VSTM2A,0.0,0,False
GS1-18A18.2,0.0,0,False
SEC61G,358.0,325,False
RP11-745C15.2,0.0,0,False
EGFR,0.0,0,False
EGFR-AS1,0.0,0,False
LANCL2,30.0,29,False
VOPP1,259.0,211,False
RP11-310H4.1,0.0,0,False
RP11-310H4.2,0.0,0,False
RP11-310H4.3,0.0,0,False
SEPT14,0.0,0,False
MRPS17,0.0,0,False
ZNF713,1.0,1,False
GBAS,273.0,254,False
MRPS17-1,71.0,68,False
PSPH,10.0,10,False
CCT6A,547.0,443,False
SUMF2,291.0,276,False
PHKG1,2.0,2,False
CHCHD2,4050.0,1909,False
NUPR1L,3.0,3,False
RP11-760D2.1,0.0,0,False
RP11-760D2.11,0.0,0,False
RP11-760D2.5,0.0,0,False
ZNF479,0.0,0,False
RP11-1217F2.15,0.0,0,False
ZNF716,0.0,0,False
RP11-196D18.1,0.0,0,False
RP5-905H7.9,0.0,0,False
AC006455.1,0.0,0,False
RP5-905H7.8,0.0,0,False
RP11-73B2.2,0.0,0,False
RP11-73B2.4,0.0,0,False
RP11-340I6.3,0.0,0,False
RP11-340I6.1,0.0,0,False
AC073188.1,0.0,0,False
RP11-340I6.7,0.0,0,False
RP11-340I6.8,2.0,2,False
LINC01005,0.0,0,False
ZNF727,0.0,0,False
RP11-321E8.4,0.0,0,False
ZNF679,0.0,0,False
ZNF736,18.0,18,False
ZNF680,42.0,41,False
ZNF107,23.0,23,False
ZNF138,80.0,78,False
ZNF273,28.0,28,False
RP11-797H7.5,0.0,0,False
ZNF117,15.0,14,False
ERV3-1,171.0,126,False
ZNF92,164.0,120,False
RP11-667F9.2,0.0,0,False
AC104057.1,0.0,0,False
VKORC1L1,27.0,27,False
GUSB,371.0,239,False
ASL,100.0,94,False
AC068533.7,0.0,0,False
CRCP,52.0,48,False
RP5-1132H15.1,0.0,0,False
TPST1,17.0,17,False
LINC00174,4.0,4,False
AC008267.1,1.0,1,False
GS1-124K5.3,11.0,11,False
GS1-124K5.4,20.0,20,False
GS1-124K5.11,12.0,12,False
KCTD7,22.0,22,False
RABGEF1,19.0,19,False
RP11-792A8.4,136.0,106,False
RP11-458F8.4,2.0,2,False
TMEM248,379.0,318,False
SBDS,680.0,553,False
TYW1,64.0,63,False
RP11-166O4.6,9.0,9,False
RP11-166O4.5,1.0,1,False
RP4-736H5.3,0.0,0,False
RP11-358M3.1,0.0,0,False
RP5-945F2.2,0.0,0,False
RP5-945F2.3,0.0,0,False
RP11-123O1.1,0.0,0,False
RP11-3P22.1,0.0,0,False
RP11-3P22.2,0.0,0,False
RP5-942I16.1,0.0,0,False
AUTS2,29.0,29,False
WBSCR17,0.0,0,False
CALN1,2.0,2,False
POM121,120.0,116,False
RP11-313P13.5,12.0,12,False
TRIM74,3.0,3,False
AC005488.1,0.0,0,False
NSUN5,145.0,138,False
TRIM50,0.0,0,False
FKBP6,0.0,0,False
FZD9,0.0,0,False
BAZ1B,111.0,106,False
BCL7B,403.0,367,False
TBL2,54.0,53,False
MLXIPL,0.0,0,False
VPS37D,0.0,0,False
DNAJC30,118.0,108,False
WBSCR22,509.0,449,False
STX1A,10.0,10,False
LINC00035,2.0,2,False
ABHD11,83.0,80,False
CLDN3,0.0,0,False
CLDN4,0.0,0,False
WBSCR27,4.0,4,False
WBSCR28,0.0,0,False
RP11-731K22.1,0.0,0,False
ELN,0.0,0,False
CTB-51J22.1,0.0,0,False
LIMK1,41.0,37,False
EIF4H,723.0,619,False
LAT2,329.0,249,False
RFC2,143.0,120,False
CLIP2,5.0,5,False
GTF2IRD1,3.0,3,False
RP5-1186P10.2,0.0,0,False
GTF2I,48.0,47,False
NCF1,632.0,446,False
GTF2IRD2,56.0,54,False
GATSL1,0.0,0,False
WBSCR16,35.0,35,False
GTF2IRD2B,71.0,70,False
GATSL2,0.0,0,False
AC004878.2,0.0,0,False
AC004878.8,0.0,0,False
AC006014.1,0.0,0,False
TRIM73,2.0,2,False
POM121C,84.0,82,False
HIP1,31.0,30,False
CCL26,0.0,0,False
CCL24,0.0,0,False
RHBDD2,190.0,184,False
POR,99.0,98,False
STYXL1,84.0,81,False
MDH2,1103.0,805,False
SRRM3,0.0,0,False
HSPB1,405.0,332,False
YWHAG,52.0,51,False
SRCRB4D,4.0,4,False
ZP3,58.0,57,False
DTX2,40.0,37,False
AC007078.4,0.0,0,False
UPK3B,0.0,0,False
POMZP3,54.0,52,False
AC005522.7,0.0,0,False
CCDC146,9.0,9,False
FGL2,518.0,339,False
AC073635.5,0.0,0,False
GSAP,126.0,117,False
RP5-899E9.1,4.0,4,False
PTPN12,43.0,42,False
RSBN1L-AS1,32.0,31,False
RSBN1L,321.0,302,False
TMEM60,191.0,165,False
PHTF2,88.0,85,False
RP5-1185I7.1,1.0,1,False
MAGI2,0.0,0,False
MAGI2-AS1,0.0,0,False
MAGI2-AS2,0.0,0,False
GNAI1,10.0,10,False
AC003988.1,0.0,0,False
AC004862.6,0.0,0,False
CD36,171.0,148,False
GNAT3,0.0,0,False
SEMA3C,1.0,1,False
AC005008.2,0.0,0,False
AC008163.4,0.0,0,False
AC010091.1,0.0,0,False
HGF,7.0,7,False
CACNA2D1,0.0,0,False
MIR1255B1,0.0,0,False
PCLO,0.0,0,False
AC079799.2,0.0,0,False
SEMA3E,0.0,0,False
SEMA3A,0.0,0,False
AC003984.1,0.0,0,False
AC074183.4,17.0,17,False
SEMA3D,1.0,1,False
LINC00972,0.0,0,False
GRM3,0.0,0,False
AC005009.1,0.0,0,False
AC005009.2,0.0,0,False
KIAA1324L,5.0,5,False
CTA-254O6.1,0.0,0,False
AC005076.5,17.0,17,False
DMTF1,121.0,118,False
TMEM243,627.0,548,False
TP53TG1,259.0,248,False
CROT,36.0,34,False
ABCB4,11.0,11,False
ABCB1,31.0,29,False
RUNDC3B,4.0,4,False
SLC25A40,58.0,55,False
DBF4,90.0,89,False
ADAM22,4.0,4,False
SRI,882.0,717,False
CTB-167B5.1,0.0,0,False
AC003991.3,1.0,1,False
CTB-167B5.2,0.0,0,False
STEAP4,8.0,8,False
AC002127.4,0.0,0,False
ZNF804B,0.0,0,False
C7orf62,0.0,0,False
AC002383.2,0.0,0,False
RP5-1121E10.2,0.0,0,False
STEAP1,0.0,0,False
STEAP2,0.0,0,False
C7orf63,0.0,0,False
AC002064.4,0.0,0,False
AC002064.5,0.0,0,False
GTPBP10,56.0,56,False
CLDN12,4.0,4,False
CDK14,13.0,13,False
AC002456.2,2.0,2,False
FZD1,13.0,13,False
RP11-115N4.1,0.0,0,False
RP11-142A5.1,0.0,0,False
CTB-111F10.1,0.0,0,False
MTERF,33.0,33,False
AKAP9,365.0,323,False
CYP51A1,17.0,17,False
LRRD1,2.0,2,False
CTB-161K23.1,2.0,2,False
KRIT1,82.0,81,False
ANKIB1,53.0,53,False
GATAD1,66.0,64,False
AC007566.10,0.0,0,False
ERVW-1,0.0,0,False
PEX1,43.0,43,False
RBM48,73.0,67,False
FAM133B,256.0,234,False
CDK6,78.0,73,False
AC002454.1,1.0,1,False
SAMD9,105.0,98,False
SAMD9L,311.0,267,False
HEPACAM2,0.0,0,False
CCDC132,36.0,36,False
CALCR,0.0,0,False
GNGT1,0.0,0,False
TFPI2,0.0,0,False
AC002076.10,0.0,0,False
GNG11,166.0,39,False
BET1,171.0,115,False
AC006378.2,0.0,0,False
AC003092.1,0.0,0,False
AC003092.2,0.0,0,False
COL1A2,0.0,0,False
CASD1,11.0,11,False
SGCE,6.0,6,False
PEG10,1.0,1,False
PPP1R9A,1.0,1,False
AC002429.5,0.0,0,False
PON1,0.0,0,False
PON3,0.0,0,False
PON2,34.0,31,False
GS1-293C5.1,0.0,0,False
AC004012.1,0.0,0,False
ASB4,0.0,0,False
AC002451.1,0.0,0,False
PDK4,6.0,6,False
AC002451.3,2.0,2,False
DYNC1I1,0.0,0,False
SLC25A13,38.0,38,False
SHFM1,645.0,550,False
C7orf76,0.0,0,False
RP11-682N22.1,1.0,1,False
DLX6-AS1,1.0,1,False
DLX6,0.0,0,False
DLX6-AS2,0.0,0,False
DLX5,0.0,0,False
ACN9,262.0,241,False
TAC1,0.0,0,False
ASNS,47.0,47,False
OCM2,0.0,0,False
LMTK2,8.0,8,False
BHLHA15,0.0,0,False
TECPR1,127.0,123,False
BRI3,921.0,548,False
BAIAP2L1,1.0,1,False
RP4-607J23.2,3.0,3,False
RP11-307C18.1,1.0,1,False
NPTX2,0.0,0,False
TMEM130,0.0,0,False
TRRAP,54.0,54,False
AC004893.11,7.0,6,False
SMURF1,18.0,18,False
KPNA7,0.0,0,False
ARPC1A,373.0,331,False
ARPC1B,6092.0,2004,False
PDAP1,545.0,497,False
BUD31,831.0,687,False
PTCD1,28.0,27,False
ATP5J2-PTCD1,0.0,0,False
CPSF4,112.0,106,False
AC073063.1,0.0,0,False
ATP5J2,1214.0,879,False
ZNF789,35.0,34,False
ZNF394,297.0,238,False
ZKSCAN5,19.0,19,False
FAM200A,21.0,21,False
ZNF655,233.0,220,False
GS1-259H13.10,0.0,0,False
GS1-259H13.2,1.0,1,False
ZSCAN25,28.0,28,False
CYP3A5,27.0,27,False
CYP3A7,0.0,0,False
CYP3A4,0.0,0,False
RP11-757A13.1,0.0,0,False
CYP3A43,0.0,0,False
OR2AE1,0.0,0,False
TRIM4,125.0,118,False
GJC3,34.0,1,False
RP4-604G5.1,1.0,1,False
AZGP1,0.0,0,False
ZKSCAN1,122.0,115,False
ZSCAN21,17.0,17,False
ZNF3,68.0,58,False
COPS6,636.0,515,False
MCM7,102.0,85,False
AP4M1,40.0,38,False
TAF6,111.0,106,False
RP11-506M12.1,0.0,0,False
CNPY4,60.0,60,False
MBLAC1,8.0,7,False
AC073842.19,0.0,0,False
LAMTOR4,2452.0,1405,False
C7orf43,45.0,45,False
GAL3ST4,7.0,7,False
GPC2,1.0,1,False
STAG3,41.0,37,False
GATS,5.0,5,False
PVRIG,29.0,28,False
SPDYE3,0.0,0,False
PILRB,205.0,168,False
PILRA,503.0,311,False
ZCWPW1,37.0,34,False
MEPCE,106.0,100,False
RP11-758P17.2,0.0,0,False
PPP1R35,145.0,140,False
RP11-758P17.3,4.0,4,False
C7orf61,2.0,2,False
TSC22D4,533.0,468,False
NYAP1,0.0,0,False
RP11-44M6.1,0.0,0,False
AGFG2,48.0,46,False
LRCH4,413.0,353,False
SAP25,0.0,0,False
FBXO24,2.0,1,False
PCOLCE-AS1,1.0,1,False
PCOLCE,10.0,10,False
MOSPD3,122.0,117,False
TFR2,13.0,13,False
ACTL6B,0.0,0,False
GNB2,993.0,714,False
GIGYF1,37.0,37,False
POP7,252.0,200,False
EPO,0.0,0,False
EPHB4,2.0,2,False
SLC12A9,121.0,116,False
RP11-126L15.4,4.0,4,False
TRIP6,24.0,23,False
SRRT,134.0,129,False
UFSP1,8.0,8,False
ACHE,0.0,0,False
MUC3A,0.0,0,False
MUC3A-1,0.0,0,False
MUC12,6.0,6,False
RP11-395B7.4,8.0,8,False
MUC17,0.0,0,False
TRIM56,94.0,89,False
SERPINE1,4.0,3,False
AP1S1,130.0,121,False
VGF,0.0,0,False
NAT16,0.0,0,False
MOGAT3,0.0,0,False
PLOD3,56.0,56,False
ZNHIT1,931.0,740,False
CLDN15,31.0,30,False
FIS1,1203.0,892,False
RP11-132A1.3,0.0,0,False
RP11-132A1.4,0.0,0,False
RABL5,38.0,36,False
LINC01007,0.0,0,False
MYL10,0.0,0,False
CUX1,212.0,177,False
CTA-339C12.1,0.0,0,False
SH2B2,80.0,72,False
PRKRIP1,127.0,121,False
RP11-514P8.2,0.0,0,False
ORAI2,212.0,195,False
ALKBH4,90.0,80,False
LRWD1,64.0,63,False
POLR2J,816.0,688,False
RASA4B,3.0,3,False
POLR2J3,128.0,121,False
RP11-514P8.7,0.0,0,False
SPDYE2,0.0,0,False
RASA4,2.0,2,False
RP11-514P8.6,0.0,0,False
UPK3BL,0.0,0,False
POLR2J2,0.0,0,False
POLR2J2-1,0.0,0,False
SPDYE2B,0.0,0,False
FAM185A,23.0,22,False
FBXL13,1.0,1,False
LRRC17,0.0,0,False
NFE4,1.0,1,False
RP11-645N11.3,0.0,0,False
ARMC10,187.0,180,False
NAPEPLD,43.0,42,False
PMPCB,473.0,427,False
DNAJC2,320.0,243,False
PSMC2,452.0,386,False
SLC26A5,1.0,1,False
CTB-107G13.1,0.0,0,False
RELN,0.0,0,False
ORC5,43.0,43,False
LHFPL3,0.0,0,False
RP11-325F22.5,0.0,0,False
RP11-325F22.2,31.0,31,False
LINC01004,56.0,54,False
KMT2E-AS1,164.0,154,False
KMT2E,767.0,655,False
CTB-152G17.6,27.0,8,False
SRPK2,301.0,280,False
RP4-778K6.3,0.0,0,False
PUS7,10.0,10,False
RINT1,36.0,36,False
EFCAB10,0.0,0,False
RP11-251G23.5,1.0,1,False
ATXN7L1,83.0,79,False
CDHR3,19.0,19,False
SYPL1,438.0,387,False
NAMPT,286.0,245,False
RP11-22N19.2,41.0,37,False
CTB-30L5.1,0.0,0,False
CCDC71L,23.0,23,False
RP5-884M6.1,0.0,0,False
PIK3CG,60.0,58,False
PRKAR2B,9.0,8,False
CTA-360L10.1,0.0,0,False
HBP1,342.0,193,False
CTA-363E19.2,1.0,1,False
COG5,51.0,50,False
GPR22,0.0,0,False
DUS4L,28.0,28,False
RP4-593H12.1,0.0,0,False
BCAP29,134.0,126,False
SLC26A4-AS1,1.0,1,False
SLC26A4,2.0,2,False
AC002467.7,28.0,28,False
CBLL1,109.0,107,False
SLC26A3,0.0,0,False
DLD,201.0,179,False
LAMB1,0.0,0,False
CTB-13F3.1,0.0,0,False
LAMB4,0.0,0,False
NRCAM,5.0,5,False
PNPLA8,137.0,120,False
THAP5,33.0,31,False
DNAJB9,474.0,382,False
AC005487.2,0.0,0,False
C7orf66,0.0,0,False
FLJ00325,0.0,0,False
AC004014.3,0.0,0,False
AC002386.1,0.0,0,False
AC073071.1,0.0,0,False
AC003088.1,0.0,0,False
IMMP2L,98.0,94,False
LRRN3,40.0,38,False
DOCK4,3.0,3,False
DOCK4-AS1,0.0,0,False
ZNF277,261.0,227,False
AC004112.4,0.0,0,False
IFRD1,482.0,392,False
LSMEM1,1.0,1,False
AC002463.3,0.0,0,False
TMEM168,38.0,37,False
C7orf60,42.0,42,False
AC018464.3,0.0,0,False
GPR85,0.0,0,False
RP11-736E3.1,0.0,0,False
LINC00998,60.0,57,False
TSRM,0.0,0,False
PPP1R3A,0.0,0,False
FOXP2,1.0,1,False
AC073626.2,0.0,0,False
MDFIC,82.0,79,False
AC068610.5,0.0,0,False
AC068610.3,3.0,2,False
RP11-458K10.1,0.0,0,False
RP11-458K10.2,0.0,0,False
RP11-458K10.3,0.0,0,False
TFEC,22.0,20,False
TES,259.0,243,False
AC073130.3,0.0,0,False
AC002066.1,0.0,0,False
CAV2,1.0,1,False
CAV1,5.0,4,False
AC006159.5,0.0,0,False
AC006159.4,0.0,0,False
AC006159.3,0.0,0,False
MET,0.0,0,False
CAPZA2,755.0,565,False
ST7-AS1,0.0,0,False
ST7,19.0,18,False
ST7-OT4,2.0,2,False
AC106873.4,0.0,0,False
ST7-AS2,1.0,1,False
WNT2,0.0,0,False
AC002465.2,0.0,0,False
ASZ1,0.0,0,False
CFTR,0.0,0,False
AC000111.3,0.0,0,False
AC000111.6,0.0,0,False
CTTNBP2,0.0,0,False
AC003084.2,0.0,0,False
NAA38,458.0,399,False
ANKRD7,1.0,1,False
RP11-328J2.1,0.0,0,False
RP4-742N3.1,0.0,0,False
RP5-1006K12.1,0.0,0,False
KCND2,0.0,0,False
RP4-797C5.2,0.0,0,False
TSPAN12,0.0,0,False
ING3,145.0,142,False
CPED1,8.0,8,False
WNT16,5.0,5,False
FAM3C,144.0,137,False
RP4-745K6.1,0.0,0,False
PTPRZ1,0.0,0,False
AASS,3.0,3,False
RP11-560I19.1,0.0,0,False
FEZF1,0.0,0,False
FEZF1-AS1,0.0,0,False
CADPS2,0.0,0,False
RP5-1101C3.1,0.0,0,False
RNF133,0.0,0,False
RNF148,0.0,0,False
TAS2R16,0.0,0,False
RP11-61D3.1,0.0,0,False
SLC13A1,0.0,0,False
IQUB,0.0,0,False
RP11-332K15.1,0.0,0,False
NDUFA5,548.0,456,False
ASB15,1.0,1,False
RP11-390E23.3,0.0,0,False
LMOD2,1.0,1,False
WASL,20.0,19,False
RP11-390E23.6,41.0,35,False
HYAL4,0.0,0,False
SPAM1,0.0,0,False
RP4-630C24.3,0.0,0,False
TMEM229A,0.0,0,False
RP5-921G16.1,0.0,0,False
RP11-264K23.1,0.0,0,False
RP5-921G16.2,0.0,0,False
GPR37,0.0,0,False
POT1,46.0,43,False
POT1-AS1,2.0,2,False
RP11-3B12.5,0.0,0,False
RP11-3B12.2,0.0,0,False
RP11-3B12.3,0.0,0,False
RP11-807H17.1,0.0,0,False
AC005276.1,0.0,0,False
AC000370.2,0.0,0,False
GRM8,0.0,0,False
AC000099.1,0.0,0,False
ZNF800,118.0,114,False
AC000123.4,0.0,0,False
AC000124.1,0.0,0,False
GCC1,46.0,45,False
ARF5,1083.0,805,False
FSCN3,5.0,5,False
PAX4,0.0,0,False
AC073934.6,2.0,2,False
SND1,280.0,252,False
LRRC4,1.0,1,False
LEP,0.0,0,False
RP11-62J1.4,0.0,0,False
RBM28,72.0,70,False
PRRT4,0.0,0,False
IMPDH1,259.0,229,False
HILPDA,15.0,14,False
METTL2B,60.0,57,False
RP11-212P7.2,19.0,19,False
RP11-274B21.10,4.0,4,False
FAM71F2,0.0,0,False
RP11-274B21.8,2.0,2,False
RP11-274B21.9,0.0,0,False
FAM71F1,0.0,0,False
CALU,99.0,94,False
OPN1SW,0.0,0,False
CCDC136,4.0,4,False
FLNC,0.0,0,False
RP11-309L24.2,0.0,0,False
ATP6V1F,1491.0,1001,False
RP11-309L24.4,0.0,0,False
RP11-309L24.9,0.0,0,False
IRF5,101.0,97,False
TNPO3,73.0,69,False
TSPAN33,24.0,20,False
SMO,0.0,0,False
RP11-286H14.8,0.0,0,False
AHCYL2,15.0,15,False
STRIP2,0.0,0,False
SMKR1,31.0,31,False
RP11-448A19.1,17.0,17,False
NRF1,50.0,50,False
RP11-738B7.1,0.0,0,False
UBE2H,58.0,55,False
RP11-306G20.1,0.0,0,False
ZC3HC1,40.0,38,False
KLHDC10,40.0,37,False
RP11-775D22.2,6.0,6,False
TMEM209,41.0,41,False
RP11-775D22.3,0.0,0,False
SSMEM1,0.0,0,False
CPA2,0.0,0,False
CPA4,0.0,0,False
CPA5,4.0,4,False
CPA1,0.0,0,False
CEP41,23.0,23,False
RP11-2E11.5,0.0,0,False
RP11-2E11.10,0.0,0,False
MEST,13.0,13,False
hsa-mir-335,1.0,1,False
COPG2,19.0,18,False
RP11-2E11.9,0.0,0,False
TSGA13,0.0,0,False
KLF14,0.0,0,False
RP11-36B6.1,0.0,0,False
AC016831.7,48.0,46,False
MIR29A,11.0,11,False
RP11-138A9.1,76.0,74,False
RP11-138A9.2,58.0,49,False
LINC-PINT,288.0,251,False
MKLN1,132.0,90,False
RP11-180C16.1,1.0,1,False
PODXL,1.0,1,False
AC009518.4,0.0,0,False
PLXNA4,0.0,0,False
AC018643.4,0.0,0,False
AC011625.1,0.0,0,False
AC009365.3,0.0,0,False
AC009365.4,0.0,0,False
CHCHD3,240.0,217,False
AC009518.8,0.0,0,False
EXOC4,149.0,135,False
LRGUK,1.0,1,False
AC008154.4,0.0,0,False
SLC35B4,40.0,37,False
AC008154.5,0.0,0,False
RP11-38M8.1,1.0,1,False
AKR1B1,480.0,412,False
AKR1B10,0.0,0,False
AKR1B15,0.0,0,False
BPGM,127.0,122,False
AC009276.4,0.0,0,False
CALD1,3.0,3,False
AGBL3,10.0,10,False
C7orf49,123.0,116,False
AC083862.1,0.0,0,False
TMEM140,139.0,81,False
RP11-134L10.1,1.0,1,False
WDR91,31.0,29,False
AC009542.2,0.0,0,False
STRA8,0.0,0,False
CNOT4,164.0,148,False
NUP205,23.0,23,False
C7orf73,574.0,492,False
SLC13A4,2.0,2,False
RP11-644N4.1,1.0,1,False
FAM180A,0.0,0,False
AC015987.1,1.0,1,False
MTPN,410.0,351,False
AC015987.2,29.0,29,False
LUZP6,0.0,0,False
AC024084.1,0.0,0,False
AC009784.3,1.0,1,False
hsa-mir-490,0.0,0,False
CHRM2,0.0,0,False
PTN,1.0,1,False
AC078842.4,0.0,0,False
AC078842.3,0.0,0,False
DGKI,0.0,0,False
CREB3L2,79.0,76,False
AC022173.2,0.0,0,False
AKR1D1,0.0,0,False
AC083867.4,0.0,0,False
TRIM24,17.0,17,False
SVOPL,6.0,6,False
ATP6V0A4,0.0,0,False
TMEM213,0.0,0,False
KIAA1549,0.0,0,False
ZC3HAV1L,1.0,1,False
ZC3HAV1,338.0,304,False
TTC26,7.0,7,False
UBN2,27.0,26,False
C7orf55,187.0,177,False
C7orf55-LUC7L2,289.0,269,False
LUC7L2,0.0,0,False
RP11-634H22.1,14.0,14,False
KLRG2,0.0,0,False
CLEC2L,0.0,0,False
HIPK2,56.0,55,False
TBXAS1,413.0,310,False
PARP12,171.0,163,False
KDM7A,57.0,57,False
JHDM1D-AS1,20.0,20,False
SLC37A3,64.0,64,False
RAB19,0.0,0,False
MKRN1,669.0,561,False
DENND2A,1.0,1,False
ADCK2,59.0,59,False
NDUFB2,1294.0,937,False
NDUFB2-AS1,13.0,12,False
BRAF,60.0,59,False
RP4-813F11.4,3.0,3,False
MRPS33,395.0,268,False
TMEM178B,0.0,0,False
RP5-842K16.1,0.0,0,False
RP5-842K16.2,0.0,0,False
RP11-744I24.3,0.0,0,False
RP11-744I24.2,0.0,0,False
AGK,71.0,68,False
RP5-894A10.2,12.0,12,False
KIAA1147,28.0,26,False
WEE2-AS1,1.0,1,False
WEE2,0.0,0,False
SSBP1,915.0,654,False
TAS2R3,0.0,0,False
TAS2R4,1.0,1,False
TAS2R5,0.0,0,False
PRSS37,0.0,0,False
MGAM,3.0,2,False
OR9A4,0.0,0,False
CLEC5A,2.0,2,False
TAS2R38,0.0,0,False
RP11-1220K2.2,0.0,0,False
PRSS58,0.0,0,False
U66059.58,0.0,0,False
TRBV11-2,3.0,3,False
MTRNR2L6,0.0,0,False
PRSS1,0.0,0,False
EPHB6,55.0,53,False
TRPV6,0.0,0,False
RP11-114L10.2,0.0,0,False
TRPV5,0.0,0,False
C7orf34,0.0,0,False
KEL,1.0,1,False
OR9A2,0.0,0,False
OR6V1,0.0,0,False
PIP,0.0,0,False
TAS2R39,0.0,0,False
TAS2R40,0.0,0,False
AC073342.1,0.0,0,False
GSTK1,2705.0,1483,False
AC073342.12,0.0,0,False
TMEM139,1.0,1,False
CASP2,36.0,36,False
CLCN1,10.0,10,False
FAM131B,2.0,2,False
RP11-563K23.1,0.0,0,False
AC093673.5,95.0,89,False
ZYX,531.0,403,False
EPHA1,24.0,24,False
EPHA1-AS1,42.0,42,False
TAS2R60,1.0,1,False
TAS2R41,0.0,0,False
CTAGE15,0.0,0,False
FAM115C,26.0,26,False
CTAGE6,0.0,0,False
FAM115A,27.0,27,False
OR2F2,0.0,0,False
RP4-669B10.3,0.0,0,False
OR2F1,0.0,0,False
OR6B1,0.0,0,False
OR2A5,0.0,0,False
OR2A25,0.0,0,False
OR2A12,0.0,0,False
OR2A2,0.0,0,False
OR2A14,0.0,0,False
CTAGE4,0.0,0,False
ARHGEF35,2.0,2,False
RP4-545C24.1,1.0,1,False
OR2A42,0.0,0,False
OR2A1-AS1,20.0,20,False
OR2A7,0.0,0,False
CTAGE8,0.0,0,False
OR2A1,0.0,0,False
ARHGEF5,2.0,2,False
NOBOX,0.0,0,False
TPK1,73.0,72,False
AC006007.1,0.0,0,False
CNTNAP2,11.0,11,False
AC006004.1,0.0,0,False
C7orf33,0.0,0,False
RP5-1136G13.2,18.0,18,False
CUL1,123.0,121,False
EZH2,52.0,45,False
PDIA4,239.0,209,False
ZNF786,48.0,48,False
ZNF425,3.0,3,False
ZNF398,32.0,30,False
ZNF282,13.0,13,False
ZNF212,28.0,25,False
ZNF783,34.0,34,False
AC004941.3,0.0,0,False
RP11-143I21.1,0.0,0,False
ZNF777,4.0,4,False
ZNF746,25.0,25,False
KRBA1,15.0,15,False
ZNF467,123.0,95,False
ZNF862,17.0,17,False
RP4-751H13.7,0.0,0,False
ATP6V0E2-AS1,5.0,5,False
ATP6V0E2,289.0,233,False
RP11-445N20.3,0.0,0,False
RP11-728K20.3,1.0,1,False
RP11-728K20.2,0.0,0,False
RP11-545G3.1,0.0,0,False
ACTR3C,5.0,5,False
LRRC61,33.0,32,False
ZBED6CL,17.0,17,False
RARRES2,0.0,0,False
RP4-584D14.5,0.0,0,False
REPIN1,160.0,153,False
ZNF775,159.0,144,False
RP4-584D14.6,0.0,0,False
LINC00996,7.0,6,False
GIMAP8,86.0,84,False
GIMAP7,3007.0,1444,False
GIMAP4,2185.0,1232,False
GIMAP6,294.0,268,False
GIMAP2,692.0,523,False
GIMAP1,1228.0,880,False
GIMAP5,1268.0,761,False
TMEM176B,274.0,173,False
TMEM176A,83.0,69,False
AOC1,0.0,0,False
KCNH2,4.0,4,False
NOS3,10.0,8,False
ATG9B,45.0,45,False
ABCB8,60.0,60,False
RP11-148K1.10,1.0,1,False
ASIC3,1.0,1,False
CDK5,78.0,72,False
SLC4A2,52.0,51,False
RP11-148K1.12,0.0,0,False
FASTK,227.0,201,False
TMUB1,263.0,245,False
AGAP3,17.0,17,False
GBX1,0.0,0,False
ASB10,0.0,0,False
ABCF2,94.0,91,False
CHPF2,89.0,61,False
SMARCD3,96.0,67,False
RP4-548D19.3,3.0,3,False
RP5-1070G24.2,0.0,0,False
NUB1,276.0,257,False
WDR86,23.0,22,False
RP4-555L14.4,0.0,0,False
CRYGN,0.0,0,False
RHEB,442.0,379,False
PRKAG2,145.0,135,False
PRKAG2-AS1,90.0,85,False
RP11-796I2.1,0.0,0,False
GALNTL5,0.0,0,False
GALNT11,117.0,112,False
RP5-981O7.2,0.0,0,False
KMT2C,172.0,160,False
LINC01003,171.0,137,False
XRCC2,1.0,1,False
ACTR3B,27.0,26,False
AC073236.3,0.0,0,False
DPP6,0.0,0,False
RP5-1048B16.1,0.0,0,False
AC006019.3,0.0,0,False
AC006019.4,0.0,0,False
RP11-476H24.1,0.0,0,False
PAXIP1-AS2,23.0,23,False
PAXIP1,15.0,14,False
RP11-5C23.1,12.0,12,False
RP11-5C23.2,0.0,0,False
PAXIP1-AS1,135.0,104,False
HTR5A-AS1,0.0,0,False
HTR5A,0.0,0,False
AC099552.4,0.0,0,False
AC099552.3,0.0,0,False
AC099552.2,0.0,0,False
AC144652.1,21.0,19,False
INSIG1,222.0,188,False
BLACE,0.0,0,False
AC008060.7,0.0,0,False
AC008060.8,0.0,0,False
EN2,0.0,0,False
CNPY1,0.0,0,False
AC008060.5,0.0,0,False
AC009403.2,38.0,36,False
RBM33,158.0,147,False
SHH,0.0,0,False
AC021218.2,0.0,0,False
AC073133.2,0.0,0,False
AC073133.1,0.0,0,False
C7orf13,17.0,17,False
RNF32,4.0,4,False
AC005534.8,0.0,0,False
LMBR1,70.0,69,False
RP5-1121A15.3,0.0,0,False
NOM1,64.0,59,False
MNX1,0.0,0,False
MNX1-AS2,0.0,0,False
MNX1-AS1,0.0,0,False
RP4-639J15.1,0.0,0,False
AC006967.1,0.0,0,False
UBE3C,57.0,57,False
RP5-1142J19.1,0.0,0,False
DNAJB6,568.0,496,False
AC006372.4,0.0,0,False
AC006372.5,0.0,0,False
AC006372.6,0.0,0,False
AC006372.1,0.0,0,False
PTPRN2,94.0,79,False
AC005481.5,0.0,0,False
AC011899.9,27.0,24,False
RP11-452C13.1,5.0,5,False
AC011899.10,0.0,0,False
AC078942.1,0.0,0,False
LINC01022,0.0,0,False
NCAPG2,16.0,15,False
ESYT2,94.0,91,False
WDR60,59.0,54,False
VIPR2,3.0,3,False
PLCXD1,42.0,42,False
GTPBP6,244.0,198,False
LINC00685,51.0,49,False
PPP2R3B,8.0,8,False
SHOX,0.0,0,False
RP11-309M23.1,4.0,4,False
CRLF2,1.0,1,False
CSF2RA,100.0,88,False
IL3RA,20.0,18,False
SLC25A6,6963.0,2235,False
LINC00106,4.0,4,False
ASMTL-AS1,4.0,4,False
ASMTL,138.0,135,False
P2RY8,256.0,242,False
AKAP17A,158.0,151,False
ASMT,2.0,2,False
RP13-297E16.4,1.0,1,False
RP13-297E16.5,0.0,0,False
DHRSX,87.0,84,False
ZBED1,105.0,104,False
LINC00102,1.0,1,False
CD99,2414.0,1358,False
XG,0.0,0,False
GYG2,0.0,0,False
GYG2-AS1,0.0,0,False
ARSD,73.0,29,False
ARSD-AS1,0.0,0,False
ARSE,3.0,3,False
ARSH,0.0,0,False
ARSF,0.0,0,False
CXorf28,0.0,0,False
MXRA5,0.0,0,False
PRKX,124.0,120,False
PRKX-AS1,0.0,0,False
RP11-706O15.1,72.0,28,False
RP11-706O15.3,0.0,0,False
RP11-706O15.5,0.0,0,False
RP11-706O15.7,0.0,0,False
RP11-707P20.1,0.0,0,False
RP11-733O18.1,0.0,0,False
NLGN4X,0.0,0,False
VCX3A,0.0,0,False
RP11-1M18.1,0.0,0,False
HDHD1,40.0,39,False
STS,5.0,5,False
VCX,0.0,0,False
PNPLA4,61.0,59,False
RP11-692P14.1,0.0,0,False
VCX2,0.0,0,False
VCX3B,0.0,0,False
KAL1,0.0,0,False
FAM9A,0.0,0,False
GS1-542M4.4,0.0,0,False
FAM9B,0.0,0,False
GS1-519E5.1,0.0,0,False
TBL1X,53.0,52,False
GPR143,0.0,0,False
SHROOM2,0.0,0,False
AC002365.1,0.0,0,False
WWC3,46.0,44,False
WWC3-AS1,0.0,0,False
CLCN4,3.0,3,False
RP6-1O2.1,0.0,0,False
MID1,0.0,0,False
RP11-120D5.1,0.0,0,False
HCCS,143.0,110,False
ARHGAP6,7.0,5,False
AMELX,0.0,0,False
MSL3,251.0,232,False
FRMPD4,0.0,0,False
FRMPD4-AS1,0.0,0,False
PRPS2,167.0,125,False
TLR7,27.0,26,False
TLR8-AS1,1.0,1,False
TLR8,27.0,26,False
TMSB4X,124210.0,2700,False
FAM9C,0.0,0,False
RP11-791M20.1,0.0,0,False
GS1-600G8.5,0.0,0,False
GS1-600G8.3,0.0,0,False
ATXN3L,0.0,0,False
RP11-142G7.2,0.0,0,False
RP11-1L9.1,0.0,0,False
EGFL6,0.0,0,False
TCEANC,19.0,19,False
RAB9A,278.0,216,False
TRAPPC2,78.0,74,False
OFD1,283.0,257,False
GPM6B,20.0,20,False
RP1-122K4.2,0.0,0,False
RP1-122K4.3,0.0,0,False
GEMIN8,65.0,64,False
GLRA2,0.0,0,False
FANCB,15.0,15,False
MOSPD2,44.0,44,False
ASB9,5.0,5,False
ASB11,1.0,1,False
PIGA,38.0,38,False
FIGF,0.0,0,False
PIR,2.0,2,False
BMX,0.0,0,False
ACE2,0.0,0,False
GS1-594A7.3,0.0,0,False
TMEM27,6.0,6,False
CA5B,89.0,87,False
ZRSR2,227.0,212,False
AP1S2,1751.0,801,False
GRPR,0.0,0,False
RP11-431J24.2,0.0,0,False
MAGEB17,0.0,0,False
CTPS2,11.0,10,False
S100G,0.0,0,False
SYAP1,172.0,161,False
TXLNG,78.0,76,False
RBBP7,435.0,377,False
REPS2,21.0,9,False
NHS,3.0,3,False
NHS-AS1,0.0,0,False
SCML1,54.0,54,False
RAI2,2.0,2,False
RP3-410B11.1,0.0,0,False
BEND2,3.0,3,False
SCML2,1.0,1,False
CDKL5,5.0,5,False
RS1,0.0,0,False
PPEF1,0.0,0,False
PPEF1-AS1,0.0,0,False
PHKA2-AS1,0.0,0,False
PHKA2,40.0,40,False
GPR64,0.0,0,False
PDHA1,204.0,190,False
MAP3K15,2.0,2,False
SH3KBP1,596.0,437,False
CXorf23,9.0,9,False
MAP7D2,0.0,0,False
EIF1AX,329.0,306,False
EIF1AX-AS1,2.0,2,False
RPS6KA3,110.0,106,False
CNKSR2,5.0,5,False
KLHL34,1.0,1,False
SMPX,0.0,0,False
MBTPS2,30.0,30,False
YY2,3.0,3,False
SMS,557.0,451,False
PHEX,0.0,0,False
PHEX-AS1,0.0,0,False
RP11-40F8.2,0.0,0,False
ZNF645,0.0,0,False
RP11-494I9.2,0.0,0,False
GS1-433O24.1,0.0,0,False
DDX53,0.0,0,False
PTCHD1,2.0,2,False
PRDX4,327.0,236,False
ACOT9,150.0,140,False
RP13-314C10.5,4.0,4,False
SAT1,7425.0,1587,False
APOO,60.0,58,False
CXorf58,0.0,0,False
KLHL15,16.0,16,False
EIF2S3,719.0,569,False
ZFX-AS1,0.0,0,False
ZFX,55.0,44,False
PDK3,67.0,66,False
PCYT1B,2.0,1,False
PCYT1B-AS1,0.0,0,False
POLA1,7.0,7,False
ARX,0.0,0,False
RP11-86A5.1,0.0,0,False
MAGEB18,0.0,0,False
MAGEB6,0.0,0,False
MAGEB5,0.0,0,False
VENTXP1,0.0,0,False
RP11-268G12.3,0.0,0,False
RP11-268G12.1,0.0,0,False
DCAF8L2,0.0,0,False
MAGEB10,0.0,0,False
DCAF8L1,0.0,0,False
RP11-149B9.2,0.0,0,False
IL1RAPL1,0.0,0,False
MAGEB2,0.0,0,False
MAGEB3,0.0,0,False
MAGEB4,0.0,0,False
MAGEB1,0.0,0,False
NR0B1,0.0,0,False
CXorf21,44.0,43,False
GK,44.0,43,False
GK-AS1,1.0,1,False
TAB3,23.0,23,False
TAB3-AS1,0.0,0,False
TAB3-AS2,0.0,0,False
FTHL17,0.0,0,False
DMD,4.0,4,False
DMD-AS3,0.0,0,False
RP11-305F18.1,0.0,0,False
FAM47A,0.0,0,False
RP11-545D19.1,0.0,0,False
TMEM47,0.0,0,False
FAM47B,0.0,0,False
MAGEB16,0.0,0,False
CXorf22,0.0,0,False
CHDC2,0.0,0,False
CXorf30,0.0,0,False
RP11-87M18.2,0.0,0,False
FAM47C,0.0,0,False
PRRG1,0.0,0,False
TM4SF2,0.0,0,False
LANCL3,2.0,2,False
XK,1.0,1,False
CYBB,373.0,287,False
DYNLT3,271.0,248,False
AL121578.2,0.0,0,False
CXorf27,0.0,0,False
SYTL5,0.0,0,False
SRPX,1.0,1,False
RP13-43E11.1,0.0,0,False
RPGR,31.0,31,False
OTC,0.0,0,False
TSPAN7,4.0,4,False
RP4-646N3.1,0.0,0,False
MID1IP1,443.0,341,False
MID1IP1-AS1,0.0,0,False
RP11-265P11.1,0.0,0,False
RP11-265P11.2,3.0,3,False
RP11-157D23.1,0.0,0,False
RP11-157D23.2,0.0,0,False
MIR1587,0.0,0,False
AC092198.1,0.0,0,False
BCOR,33.0,33,False
RP11-320G24.1,0.0,0,False
ATP6AP2,826.0,679,False
CXorf38,59.0,58,False
MED14,32.0,32,False
MED14-AS1,29.0,28,False
USP9X,92.0,86,False
RP5-1172N10.2,0.0,0,False
DDX3X,288.0,259,False
NYX,0.0,0,False
CASK,16.0,16,False
CASK-AS1,0.0,0,False
GPR34,9.0,9,False
GPR82,66.0,63,False
RP11-524P6.1,0.0,0,False
RP1-154K9.2,0.0,0,False
RP3-326I13.1,0.0,0,False
MAOA,0.0,0,False
MAOB,0.0,0,False
NDP,0.0,0,False
NDP-AS1,0.0,0,False
EFHC2,9.0,9,False
FUNDC1,93.0,91,False
DUSP21,0.0,0,False
KDM6A,30.0,30,False
CXorf36,0.0,0,False
RP11-342D14.1,0.0,0,False
RP11-245M24.1,1.0,1,False
RP6-99M1.2,9.0,9,False
RP6-99M1.3,0.0,0,False
RP5-1158E12.3,1.0,1,False
RP5-1158E12.1,0.0,0,False
RP1-30G7.2,0.0,0,False
KRBOX4,122.0,91,False
ZNF674,4.0,4,False
ZNF674-AS1,17.0,16,False
CHST7,56.0,52,False
SLC9A7,8.0,8,False
RP2,74.0,73,False
CXorf31,0.0,0,False
JADE3,2.0,2,False
RGN,0.0,0,False
NDUFB11,1563.0,1093,False
RBM10,112.0,107,False
UBA1,170.0,161,False
CDK16,95.0,78,False
USP11,118.0,111,False
RP11-571E6.3,0.0,0,False
ZNF157,2.0,2,False
ZNF41,12.0,12,False
CXorf24,33.0,31,False
ARAF,201.0,185,False
SYN1,1.0,1,False
TIMP1,2183.0,879,False
CFP,1236.0,560,False
ELK1,67.0,66,False
UXT,1621.0,1095,False
UXT-AS1,3.0,3,False
ZNF81,16.0,16,False
ZNF182,23.0,22,False
ZNF630,8.0,7,False
SPACA5,0.0,0,False
ZNF630-AS1,0.0,0,False
SPACA5B,0.0,0,False
SSX5,0.0,0,False
SSX1,0.0,0,False
RP11-344N17.8,0.0,0,False
SSX3,0.0,0,False
SSX4,0.0,0,False
SSX4B,0.0,0,False
SLC38A5,56.0,56,False
FTSJ1,115.0,114,False
AF196972.9,1.0,1,False
PORCN,30.0,28,False
EBP,338.0,305,False
TBC1D25,57.0,57,False
AC115618.1,18.0,17,False
RBM3,3690.0,1722,False
RP11-1148L6.5,0.0,0,False
WDR13,207.0,188,False
WAS,691.0,588,False
SUV39H1,23.0,23,False
AF196970.3,1.0,1,False
GLOD5,0.0,0,False
GATA1,4.0,2,False
HDAC6,42.0,41,False
ERAS,0.0,0,False
PCSK1N,104.0,96,False
TIMM17B,348.0,314,False
PQBP1,551.0,430,False
SLC35A2,110.0,81,False
PIM2,482.0,406,False
OTUD5,139.0,125,False
KCND1,1.0,1,False
GRIPAP1,109.0,107,False
TFE3,43.0,42,False
CCDC120,11.0,11,False
PRAF2,190.0,157,False
WDR45,272.0,218,False
AF196779.12,0.0,0,False
GPKOW,191.0,113,False
MAGIX,9.0,9,False
PLP2,1426.0,920,False
PRICKLE3,26.0,25,False
SYP,5.0,5,False
SYP-AS1,0.0,0,False
CACNA1F,1.0,1,False
CCDC22,164.0,129,False
FOXP3,11.0,11,False
PPP1R3F,21.0,21,False
LL0XNC01-7P3.1,0.0,0,False
GAGE10,1.0,1,False
GAGE12J,0.0,0,False
GAGE13,0.0,0,False
GAGE2E,0.0,0,False
GAGE2D,0.0,0,False
GAGE12I,0.0,0,False
GAGE2C,0.0,0,False
GAGE2B,0.0,0,False
GAGE12B,0.0,0,False
GAGE12C,0.0,0,False
GAGE12D,0.0,0,False
GAGE12E,0.0,0,False
GAGE12F,0.0,0,False
GAGE12G,0.0,0,False
GAGE12H,0.0,0,False
GAGE2A,0.0,0,False
GAGE1,0.0,0,False
PAGE1,0.0,0,False
PAGE4,0.0,0,False
USP27X-AS1,1.0,1,False
USP27X,3.0,3,False
CLCN5,5.0,4,False
AKAP4,0.0,0,False
CCNB3,2.0,1,False
SHROOM4,0.0,0,False
BMP15,0.0,0,False
RP11-104D21.3,0.0,0,False
NUDT10,0.0,0,False
RP11-348F1.3,1.0,1,False
RP11-348F1.2,9.0,9,False
CXorf67,1.0,1,False
NUDT11,16.0,14,False
RP11-56H2.2,0.0,0,False
GSPT2,30.0,30,False
MAGED1,44.0,44,False
RP11-114H20.1,0.0,0,False
MAGED4B,0.0,0,False
MAGED4,0.0,0,False
RP11-363G10.2,0.0,0,False
XAGE2B,0.0,0,False
XAGE1B,0.0,0,False
XAGE1A,0.0,0,False
XAGE2,0.0,0,False
XAGE1C,0.0,0,False
XAGE1D,0.0,0,False
XAGE1E,0.0,0,False
SSX7,0.0,0,False
SSX2,0.0,0,False
SSX2B,0.0,0,False
SPANXN5,0.0,0,False
XAGE5,0.0,0,False
XAGE3,0.0,0,False
FAM156B,0.0,0,False
FAM156A,0.0,0,False
GPR173,1.0,1,False
TSPYL2,146.0,130,False
RP11-236P24.3,1.0,1,False
LINC01155,1.0,1,False
RP11-258C19.7,9.0,9,False
KDM5C,44.0,42,False
IQSEC2,25.0,25,False
SMC1A,96.0,90,False
RIBC1,1.0,1,False
HSD17B10,621.0,532,False
RP3-339A18.6,0.0,0,False
HUWE1,114.0,111,False
PHF8,49.0,48,False
FAM120C,29.0,26,False
WNK3,3.0,3,False
TSR2,290.0,279,False
FGD1,0.0,0,False
GNL3L,52.0,52,False
ITIH6,0.0,0,False
MAGED2,329.0,289,False
TRO,1.0,1,False
PFKFB1,0.0,0,False
APEX2,63.0,60,False
ALAS2,0.0,0,False
PAGE2B,0.0,0,False
PAGE2,0.0,0,False
FAM104B,82.0,80,False
MTRNR2L10,0.0,0,False
PAGE5,3.0,3,False
PAGE3,0.0,0,False
MAGEH1,207.0,149,False
USP51,8.0,7,False
FOXR2,0.0,0,False
RRAGB,45.0,44,False
RP13-188A5.1,31.0,28,False
AL353698.1,0.0,0,False
KLF8,23.0,22,False
UBQLN2,185.0,176,False
RP11-431N15.2,0.0,0,False
RP11-445O16.3,0.0,0,False
SPIN3,9.0,9,False
SPIN2B,66.0,64,False
RP3-323P24.3,2.0,2,False
SPIN2A,0.0,0,False
FAAH2,27.0,26,False
ZXDB,25.0,25,False
ZXDA,18.0,17,False
SPIN4,12.0,12,False
SPIN4-AS1,0.0,0,False
ARHGEF9,34.0,33,False
AMER1,4.0,4,False
ASB12,0.0,0,False
MTMR8,6.0,6,False
ZC4H2,38.0,37,False
ZC3H12B,2.0,2,False
LAS1L,127.0,115,False
MSN,1000.0,766,False
RP6-159A1.3,0.0,0,False
VSIG4,7.0,5,False
HEPH,0.0,0,False
EDA2R,1.0,1,False
AR,0.0,0,False
RP6-201G10.2,0.0,0,False
OPHN1,2.0,2,False
YIPF6,83.0,83,False
STARD8,9.0,9,False
EFNB1,22.0,20,False
PJA1,103.0,56,False
LINC00269,0.0,0,False
FAM155B,0.0,0,False
RP13-57D9.3,0.0,0,False
EDA,10.0,9,False
AWAT2,0.0,0,False
OTUD6A,0.0,0,False
IGBP1,1009.0,789,False
IGBP1-AS2,0.0,0,False
IGBP1-AS1,0.0,0,False
DGAT2L6,0.0,0,False
AWAT1,0.0,0,False
P2RY4,0.0,0,False
ARR3,0.0,0,False
RAB41,0.0,0,False
PDZD11,191.0,176,False
KIF4A,2.0,2,False
GDPD2,0.0,0,False
DLG3,6.0,6,False
DLG3-AS1,0.0,0,False
TEX11,0.0,0,False
SLC7A3,2.0,2,False
SNX12,76.0,75,False
FOXO4,21.0,20,False
CXorf65,33.0,31,False
IL2RG,1783.0,1174,False
MED12,47.0,46,False
NLGN3,0.0,0,False
RP5-1091N2.9,48.0,45,False
GJB1,0.0,0,False
ZMYM3,33.0,33,False
NONO,556.0,448,False
ITGB1BP2,0.0,0,False
TAF1,48.0,42,False
OGT,146.0,141,False
ACRC,8.0,8,False
CXCR3,158.0,126,False
CXorf49,0.0,0,False
RP11-402P6.7,0.0,0,False
RP11-402P6.11,0.0,0,False
CXorf49B,0.0,0,False
NHSL2,4.0,4,False
RGAG4,7.0,7,False
PIN4,293.0,270,False
ERCC6L,0.0,0,False
RPS4X,37171.0,2678,False
CITED1,1.0,1,False
HDAC8,51.0,50,False
PHKA1,1.0,1,False
PHKA1-AS1,0.0,0,False
DMRTC1B,0.0,0,False
RP1-172N19.1,0.0,0,False
RP11-69A21.2,0.0,0,False
DMRTC1,0.0,0,False
LINC00684,0.0,0,False
RP11-493K23.1,0.0,0,False
PABPC1L2B,0.0,0,False
PABPC1L2A,0.0,0,False
RP11-493K23.4,0.0,0,False
NAP1L6,13.0,13,False
NAP1L2,9.0,9,False
CDX4,0.0,0,False
CHIC1,22.0,22,False
TSIX,0.0,0,False
XIST,0.0,0,False
JPX,146.0,144,False
RP13-216E22.4,0.0,0,False
FTX,67.0,67,False
ZCCHC13,0.0,0,False
SLC16A2,0.0,0,False
RLIM,62.0,62,False
KIAA2022,0.0,0,False
ABCB7,88.0,83,False
UPRT,73.0,72,False
ZDHHC15,0.0,0,False
MAGEE2,0.0,0,False
RP11-212D3.4,0.0,0,False
PBDC1,235.0,208,False
MAGEE1,17.0,16,False
FGF16,0.0,0,False
ATRX,299.0,276,False
MAGT1,105.0,101,False
COX7B,398.0,321,False
ATP7A,13.0,13,False
PGAM4,1.0,1,False
PGK1,2093.0,1272,False
TAF9B,49.0,47,False
CYSLTR1,110.0,102,False
ZCCHC5,0.0,0,False
LPAR4,0.0,0,False
P2RY10,149.0,122,False
GPR174,12.0,12,False
ITM2A,450.0,340,False
TBX22,0.0,0,False
FAM46D,0.0,0,False
BRWD3,23.0,22,False
HMGN5,21.0,21,False
SH3BGRL,1979.0,1187,False
RP3-326L13.2,0.0,0,False
POU3F4,0.0,0,False
RP3-326L13.3,0.0,0,False
CYLC1,0.0,0,False
RPS6KA6,0.0,0,False
HDX,14.0,14,False
APOOL,10.0,8,False
SATL1,0.0,0,False
RP5-928E24.2,0.0,0,False
ZNF711,3.0,3,False
POF1B,0.0,0,False
CHM,16.0,16,False
DACH2,0.0,0,False
KLHL4,0.0,0,False
CPXCR1,0.0,0,False
RP13-348B13.2,0.0,0,False
TGIF2LX,0.0,0,False
RP13-212L9.1,0.0,0,False
PABPC5-AS1,0.0,0,False
PABPC5,0.0,0,False
PCDH11X,0.0,0,False
NAP1L3,8.0,8,False
FAM133A,0.0,0,False
DIAPH2,49.0,47,False
RPA4,5.0,5,False
DIAPH2-AS1,0.0,0,False
PCDH19,0.0,0,False
TNMD,0.0,0,False
TSPAN6,1.0,1,False
SRPX2,0.0,0,False
RP11-524D16__A.3,0.0,0,False
SYTL4,3.0,3,False
CSTF2,20.0,20,False
NOX1,0.0,0,False
XKRX,0.0,0,False
ARL13A,0.0,0,False
TRMT2B,57.0,56,False
TMEM35,0.0,0,False
CENPI,1.0,1,False
DRP2,0.0,0,False
TAF7L,0.0,0,False
TIMM8A,42.0,41,False
BTK,302.0,220,False
RPL36A,9583.0,2442,False
RPL36A-HNRNPH2,0.0,0,False
GLA,91.0,84,False
HNRNPH2,302.0,270,False
ARMCX4,9.0,9,False
ARMCX1,17.0,16,False
ARMCX6,12.0,12,False
ARMCX3,164.0,148,False
ARMCX3-AS1,0.0,0,False
ARMCX2,19.0,18,False
NXF5,0.0,0,False
ZMAT1,40.0,40,False
TCEAL2,4.0,4,False
TCEAL6,0.0,0,False
BEX5,65.0,62,False
NXF2,0.0,0,False
TCP11X1,0.0,0,False
NXF2B,0.0,0,False
TCP11X2,0.0,0,False
TMSB15A,0.0,0,False
ARMCX5,62.0,34,False
RP4-769N13.7,1.0,1,False
GPRASP1,8.0,8,False
GPRASP2,0.0,0,False
BHLHB9,0.0,0,False
LINC00630,4.0,4,False
LL0XNC01-237H1.2,0.0,0,False
RAB40AL,0.0,0,False
LL0XNC01-237H1.3,0.0,0,False
BEX1,8.0,8,False
NXF3,0.0,0,False
BEX4,383.0,306,False
TCEAL8,404.0,341,False
TCEAL5,0.0,0,False
BEX2,339.0,288,False
TCEAL7,0.0,0,False
WBP5,17.0,15,False
NGFRAP1,329.0,240,False
LL0XNC01-250H12.3,0.0,0,False
RAB40A,0.0,0,False
TCEAL4,177.0,136,False
TCEAL3,88.0,83,False
TCEAL3-AS1,0.0,0,False
TCEAL1,96.0,85,False
MORF4L2,320.0,266,False
MORF4L2-AS1,6.0,6,False
GLRA4,0.0,0,False
TMEM31,1.0,1,False
PLP1,0.0,0,False
RAB9B,0.0,0,False
LL0XNC01-116E7.2,1.0,1,False
TMSB15B,14.0,14,False
H2BFWT,0.0,0,False
H2BFM,0.0,0,False
SLC25A53,38.0,38,False
ZCCHC18,21.0,20,False
FAM199X,40.0,39,False
ESX1,0.0,0,False
IL1RAPL2,0.0,0,False
TEX13A,0.0,0,False
NRK,0.0,0,False
SERPINA7,0.0,0,False
MUM1L1,0.0,0,False
CXorf57,11.0,11,False
RNF128,0.0,0,False
TBC1D8B,2.0,2,False
MORC4,11.0,10,False
RIPPLY1,0.0,0,False
CLDN2,0.0,0,False
RBM41,48.0,46,False
NUP62CL,3.0,3,False
PIH1D3,0.0,0,False
FRMPD3-AS1,0.0,0,False
FRMPD3,4.0,3,False
PRPS1,265.0,244,False
TSC22D3,5192.0,2021,False
NCBP2L,0.0,0,False
MID2,7.0,7,False
RP6-191P20.4,0.0,0,False
TEX13B,0.0,0,False
VSIG1,34.0,33,False
PSMD10,74.0,71,False
ATG4A,69.0,68,False
COL4A6,0.0,0,False
COL4A5,0.0,0,False
RP6-24A23.6,0.0,0,False
IRS4,0.0,0,False
RP6-24A23.3,0.0,0,False
GUCY2F,0.0,0,False
NXT2,132.0,72,False
KCNE1L,3.0,3,False
ACSL4,46.0,45,False
TMEM164,32.0,32,False
AMMECR1,54.0,54,False
GNG5P2,5.0,5,False
RGAG1,0.0,0,False
CHRDL1,0.0,0,False
PAK3,6.0,5,False
CAPN6,0.0,0,False
DCX,0.0,0,False
LINC00890,0.0,0,False
ALG13,214.0,179,False
ALG13-AS1,0.0,0,False
TRPC5,1.0,1,False
TRPC5OS,0.0,0,False
ZCCHC16,0.0,0,False
LHFPL1,1.0,1,False
AMOT,1.0,1,False
RP5-964N17.1,0.0,0,False
HTR2C,0.0,0,False
IL13RA2,0.0,0,False
LRCH2,0.0,0,False
RBMXL3,0.0,0,False
LUZP4,0.0,0,False
RP1-93I3.1,0.0,0,False
PLS3,3.0,3,False
RP1-241P17.4,349.0,327,False
RP1-241P17.1,0.0,0,False
RP11-761E20.1,0.0,0,False
AGTR2,0.0,0,False
SLC6A14,0.0,0,False
CT83,0.0,0,False
RP11-232D9.3,0.0,0,False
KLHL13,1.0,1,False
WDR44,20.0,20,False
DOCK11,96.0,92,False
IL13RA1,62.0,50,False
ZCCHC12,1.0,1,False
RP4-562J12.2,1.0,1,False
LONRF3,8.0,7,False
KIAA1210,0.0,0,False
PGRMC1,134.0,112,False
RP5-1139I1.1,0.0,0,False
RP5-1139I1.2,1.0,1,False
SLC25A43,25.0,24,False
SLC25A5,2728.0,1361,False
CXorf56,51.0,51,False
UBE2A,382.0,331,False
NKRF,35.0,35,False
SEPT6,673.0,555,False
SOWAHD,30.0,30,False
RPL39,1150.0,737,False
UPF3B,220.0,194,False
RNF113A,441.0,332,False
NDUFA1,1143.0,897,False
AKAP14,0.0,0,False
RP3-327A19.5,2.0,2,False
NKAP,251.0,178,False
GS1-421I3.2,0.0,0,False
RP4-755D9.1,0.0,0,False
RHOXF2B,0.0,0,False
RHOXF1,0.0,0,False
GS1-421I3.4,0.0,0,False
RHOXF2,0.0,0,False
ZBTB33,28.0,28,False
TMEM255A,0.0,0,False
ATP1B4,0.0,0,False
LAMP2,181.0,157,False
CUL4B,69.0,43,False
MCTS1,287.0,257,False
C1GALT1C1,86.0,67,False
CT47B1,0.0,0,False
CT47A12,0.0,0,False
CT47A11,0.0,0,False
CT47A10,0.0,0,False
CT47A9,0.0,0,False
CT47A8,0.0,0,False
CT47A7,0.0,0,False
CT47A5,0.0,0,False
CT47A6,0.0,0,False
CT47A4,0.0,0,False
CT47A3,0.0,0,False
CT47A1,0.0,0,False
CT47A2,0.0,0,False
GLUD2,1.0,1,False
RP13-192B19.2,0.0,0,False
GRIA3,0.0,0,False
THOC2,237.0,231,False
XIAP,128.0,119,False
XIAP-AS1,0.0,0,False
RP1-315G1.3,8.0,8,False
STAG2,113.0,107,False
SH2D1A,342.0,265,False
TENM1,13.0,13,False
RP11-13E5.2,0.0,0,False
DCAF12L2,0.0,0,False
DCAF12L1,0.0,0,False
CXorf64,0.0,0,False
CTD-2076M15.1,0.0,0,False
ACTRT1,0.0,0,False
RP1-30E17.2,0.0,0,False
SMARCA1,0.0,0,False
OCRL,6.0,6,False
APLN,0.0,0,False
XPNPEP2,2.0,2,False
SASH3,363.0,328,False
ZDHHC9,13.0,13,False
RP4-537K23.4,0.0,0,False
UTP14A,71.0,69,False
BCORL1,13.0,13,False
ELF4,82.0,79,False
AIFM1,76.0,73,False
RAB33A,74.0,71,False
ZNF280C,14.0,14,False
SLC25A14,63.0,43,False
GPR119,0.0,0,False
RBMX2,217.0,202,False
RP1-274L7.1,0.0,0,False
ENOX2,37.0,35,False
RP1-23K20.2,0.0,0,False
ARHGAP36,0.0,0,False
IGSF1,0.0,0,False
OR13H1,0.0,0,False
RP11-453F18__B.1,1.0,1,False
MST4,116.0,111,False
FRMD7,0.0,0,False
RAP2C,95.0,91,False
RAP2C-AS1,6.0,6,False
MBNL3,24.0,24,False
HS6ST2,0.0,0,False
HS6ST2-AS1,0.0,0,False
USP26,0.0,0,False
TFDP3,0.0,0,False
GPC4,1.0,1,False
GPC3,1.0,1,False
CCDC160,0.0,0,False
PHF6,66.0,63,False
HPRT1,341.0,273,False
MIR503HG,1.0,1,False
LINC00629,0.0,0,False
PLAC1,0.0,0,False
RP11-308B5.2,0.0,0,False
FAM122B,112.0,109,False
FAM122C,36.0,35,False
MOSPD1,53.0,52,False
RP3-473B4.3,0.0,0,False
SMIM10,6.0,6,False
FAM127C,3.0,3,False
FAM127A,142.0,128,False
FAM127B,87.0,83,False
RP11-85L21.4,0.0,0,False
LINC00087,1.0,1,False
LINC00633,0.0,0,False
RP11-85L21.6,0.0,0,False
CT55,0.0,0,False
ZNF75D,23.0,23,False
RP13-210D15.4,0.0,0,False
ZNF449,4.0,4,False
RP11-265D19.6,0.0,0,False
LINC00086,1.0,1,False
DDX26B-AS1,1.0,1,False
DDX26B,37.0,36,False
CT45A1,0.0,0,False
CT45A2,0.0,0,False
CT45A3,0.0,0,False
CT45A4,0.0,0,False
CT45A5,1.0,1,False
CT45A6,0.0,0,False
SAGE1,0.0,0,False
MMGT1,80.0,78,False
SLC9A6,22.0,22,False
FHL1,125.0,85,False
MAP7D3,63.0,58,False
GPR112,0.0,0,False
BRS3,0.0,0,False
HTATSF1,264.0,249,False
VGLL1,0.0,0,False
CD40LG,341.0,279,False
ARHGEF6,143.0,142,False
RP11-1114A5.4,8.0,8,False
RBMX,1133.0,839,False
GPR101,0.0,0,False
RP1-137H15.2,0.0,0,False
ZIC3,0.0,0,False
RP6-27P15.2,0.0,0,False
FGF13,0.0,0,False
FGF13-AS1,0.0,0,False
F9,0.0,0,False
MCF2,1.0,1,False
ATP11C,23.0,23,False
CXorf66,0.0,0,False
RP11-364B14.1,0.0,0,False
AC004070.1,0.0,0,False
SOX3,0.0,0,False
XXyac-YR29IB3.1,0.0,0,False
LINC00632,0.0,0,False
CDR1,0.0,0,False
RP11-298A8.2,0.0,0,False
SPANXB2,0.0,0,False
SPANXB1,0.0,0,False
LDOC1,52.0,52,False
SPANXC,0.0,0,False
SPANXA1,0.0,0,False
SPANXA2,0.0,0,False
RP1-171K16.5,0.0,0,False
SPANXD,0.0,0,False
MAGEC3,0.0,0,False
MAGEC1,0.0,0,False
MAGEC2,0.0,0,False
SPANXN4,0.0,0,False
GS1-256O22.5,0.0,0,False
SPANXN3,0.0,0,False
SLITRK4,1.0,1,False
SPANXN2,0.0,0,False
RP3-526F5.2,0.0,0,False
UBE2NL,0.0,0,False
RP11-143G3.1,0.0,0,False
SPANXN1,0.0,0,False
SLITRK2,0.0,0,False
TMEM257,0.0,0,False
CXorf51B,0.0,0,False
CXorf51A,0.0,0,False
L29074.3,0.0,0,False
FMR1,31.0,30,False
FMR1NB,0.0,0,False
AC002368.4,0.0,0,False
AFF2,1.0,1,False
IDS,870.0,662,False
IDS-1,0.0,0,False
AF011889.2,0.0,0,False
LINC00893,8.0,8,False
CXorf40A,73.0,72,False
RP5-937E21.8,0.0,0,False
MAGEA9B,0.0,0,False
HSFX2,0.0,0,False
TMEM185A,40.0,40,False
MAGEA11,0.0,0,False
HSFX1,0.0,0,False
MAGEA9,0.0,0,False
MAGEA8-AS1,0.0,0,False
MAGEA8,0.0,0,False
CXorf40B,124.0,117,False
XX-FW81066F1.2,0.0,0,False
LINC00894,7.0,7,False
MAMLD1,2.0,2,False
MTM1,47.0,45,False
MTMR1,31.0,30,False
CD99L2,39.0,39,False
AF003626.1,0.0,0,False
HMGB3,37.0,36,False
GPR50-AS1,0.0,0,False
GPR50,0.0,0,False
AF003625.3,0.0,0,False
VMA21,265.0,233,False
WI2-80269A6.1,0.0,0,False
XX-FW80269A6.1,0.0,0,False
PASD1,0.0,0,False
PRRG3,0.0,0,False
FATE1,0.0,0,False
CNGA2,0.0,0,False
RP11-366F6.2,0.0,0,False
MAGEA4,0.0,0,False
GABRE,0.0,0,False
MAGEA10,0.0,0,False
RP11-329E24.6,0.0,0,False
GABRA3,0.0,0,False
GABRQ,0.0,0,False
MAGEA6,0.0,0,False
CSAG3,0.0,0,False
MAGEA2B,0.0,0,False
RP1-14D6.7,0.0,0,False
MAGEA12,0.0,0,False
CSAG1,0.0,0,False
MAGEA2,0.0,0,False
CSAG2,0.0,0,False
MAGEA3,0.0,0,False
CETN2,146.0,143,False
NSDHL,49.0,46,False
ZNF185,25.0,21,False
PNMA5,14.0,14,False
PNMA3,6.0,6,False
PNMA6C,0.0,0,False
PNMA6A,1.0,1,False
PNMA6D,0.0,0,False
PNMA6B,0.0,0,False
U82670.4,0.0,0,False
MAGEA1,0.0,0,False
ZNF275,16.0,16,False
ZFP92,0.0,0,False
U82695.10,1.0,1,False
TREX2,0.0,0,False
HAUS7,86.0,85,False
U82695.9,0.0,0,False
BGN,0.0,0,False
ATP2B3,0.0,0,False
FAM58A,185.0,179,False
RP11-66N11.8,19.0,18,False
RP11-66N11.7,0.0,0,False
DUSP9,0.0,0,False
PNCK,0.0,0,False
SLC6A8,2.0,2,False
BCAP31,935.0,766,False
ABCD1,23.0,23,False
U52111.14,0.0,0,False
PLXNB3,0.0,0,False
SRPK3,0.0,0,False
IDH3G,740.0,539,False
SSR4,2523.0,1532,False
PDZD4,20.0,16,False
L1CAM,0.0,0,False
LCA10,1.0,1,False
AVPR2,0.0,0,False
ARHGAP4,391.0,335,False
NAA10,547.0,467,False
RENBP,113.0,108,False
HCFC1,105.0,98,False
HCFC1-AS1,6.0,6,False
TMEM187,61.0,60,False
IRAK1,69.0,62,False
MECP2,199.0,189,False
OPN1LW,0.0,0,False
TEX28P2,0.0,0,False
OPN1MW,0.0,0,False
TEX28P1,0.0,0,False
OPN1MW2,0.0,0,False
TEX28,0.0,0,False
TKTL1,34.0,31,False
XX-FW83128A1.2,0.0,0,False
FLNA,798.0,570,False
EMD,278.0,254,False
RPL10,88517.0,2695,False
DNASE1L1,93.0,86,False
TAZ,166.0,154,False
ATP6AP1,261.0,228,False
GDI1,171.0,167,False
FAM50A,321.0,287,False
PLXNA3,9.0,9,False
LAGE3,334.0,310,False
UBL4A,167.0,158,False
SLC10A3,59.0,59,False
FAM3A,116.0,107,False
G6PD,238.0,224,False
IKBKG,11.0,11,False
CTAG1A,0.0,0,False
CTAG1B,0.0,0,False
CTAG2,0.0,0,False
GAB3,60.0,60,False
DKC1,161.0,157,False
MPP1,260.0,175,False
SMIM9,0.0,0,False
F8,20.0,20,False
H2AFB1,0.0,0,False
F8A1,387.0,352,False
FUNDC2,461.0,409,False
MTCP1,4.0,4,False
CMC4,9.0,9,False
BRCC3,67.0,65,False
VBP1,348.0,302,False
RAB39B,18.0,18,False
CLIC2,17.0,14,False
RP13-228J13.1,1.0,1,False
H2AFB2,0.0,0,False
F8A2,1.0,1,False
F8A3,1.0,1,False
H2AFB3,0.0,0,False
TMLHE-AS1,0.0,0,False
RP11-218L14.4,0.0,0,False
TMLHE,61.0,60,False
SPRY3,0.0,0,False
VAMP7,183.0,176,False
IL9R,0.0,0,False
WASIR1,0.0,0,False
AC144568.2,0.0,0,False
OR4F21,0.0,0,False
RP11-585F1.10,0.0,0,False
ZNF596,9.0,8,False
RP5-855D21.1,0.0,0,False
RP5-855D21.2,1.0,1,False
FAM87A,0.0,0,False
FBXO25,142.0,116,False
RP11-91J19.3,0.0,0,False
RP11-91J19.4,2.0,2,False
TDRP,4.0,4,False
ERICH1,378.0,307,False
ERICH1-AS1,0.0,0,False
CTD-2281E23.3,0.0,0,False
CTD-2281E23.1,0.0,0,False
AF067845.1,0.0,0,False
DLGAP2,1.0,1,False
RP11-666I19.2,0.0,0,False
CLN8,96.0,88,False
CTD-2336O2.1,130.0,128,False
ARHGEF10,3.0,3,False
KBTBD11-OT1,0.0,0,False
RP11-439C15.4,0.0,0,False
KBTBD11,28.0,28,False
RP11-439C15.5,0.0,0,False
RP11-1049H7.2,0.0,0,False
MYOM2,26.0,19,False
AC133633.2,0.0,0,False
AC133633.1,0.0,0,False
RP11-378A12.1,0.0,0,False
RP11-134O21.1,1.0,1,False
GS1-57L11.1,0.0,0,False
CSMD1,0.0,0,False
RP5-991O23.1,0.0,0,False
RP11-281H11.1,0.0,0,False
RP11-158A14.1,0.0,0,False
RP11-124B13.1,0.0,0,False
RP11-115C21.2,58.0,56,False
MCPH1,63.0,62,False
ANGPT2,13.0,12,False
CTD-2541M15.3,0.0,0,False
CTD-2541M15.1,3.0,3,False
CTD-2541M15.4,3.0,3,False
AGPAT5,39.0,39,False
GS1-24F4.2,0.0,0,False
DEFB1,1.0,1,False
DEFA6,0.0,0,False
GS1-24F4.3,0.0,0,False
DEFA4,0.0,0,False
DEFA1,0.0,0,False
DEFA1B,0.0,0,False
DEFA3,0.0,0,False
DEFA5,0.0,0,False
FAM66B,2.0,2,False
ZNF705G,0.0,0,False
DEFB4B,0.0,0,False
DEFB103B,0.0,0,False
SPAG11B,0.0,0,False
DEFB104B,0.0,0,False
DEFB106B,0.0,0,False
DEFB105B,0.0,0,False
DEFB107B,0.0,0,False
PRR23D1,0.0,0,False
PRR23D2,0.0,0,False
DEFB107A,0.0,0,False
DEFB105A,0.0,0,False
DEFB106A,0.0,0,False
DEFB104A,0.0,0,False
SPAG11A,0.0,0,False
DEFB103A,0.0,0,False
DEFB4A,0.0,0,False
ZNF705B,0.0,0,False
FAM66E,0.0,0,False
FAM85B,0.0,0,False
LRLE1,0.0,0,False
SGK223,45.0,45,False
CTA-398F10.1,0.0,0,False
CTA-398F10.2,0.0,0,False
CTD-3023L14.3,0.0,0,False
CTD-3023L14.1,0.0,0,False
CTD-3023L14.2,0.0,0,False
CLDN23,7.0,7,False
RP11-211C9.1,0.0,0,False
MFHAS1,23.0,23,False
ERI1,41.0,41,False
PPP1R3B,17.0,17,False
RP11-10A14.3,0.0,0,False
RP11-10A14.4,1.0,1,False
RP11-10A14.6,0.0,0,False
RP11-10A14.5,0.0,0,False
RP11-115J16.1,0.0,0,False
RP11-10A14.7,0.0,0,False
RP11-115J16.3,0.0,0,False
RP11-115J16.2,0.0,0,False
RP11-375N15.2,2.0,2,False
TNKS,38.0,37,False
LINC00599,0.0,0,False
RP11-1E4.1,0.0,0,False
MSRA,181.0,163,False
RP11-981G7.2,0.0,0,False
RP11-981G7.3,0.0,0,False
PRSS51,0.0,0,False
RP11-981G7.6,0.0,0,False
PRSS55,0.0,0,False
RP1L1,0.0,0,False
C8orf74,0.0,0,False
SOX7,4.0,4,False
SOX7-1,0.0,0,False
CTD-2135J3.3,0.0,0,False
PINX1,79.0,77,False
RP11-177H2.2,0.0,0,False
XKR6,10.0,10,False
AF131215.6,0.0,0,False
AF131215.5,2.0,2,False
AF131215.8,0.0,0,False
LINC00529,0.0,0,False
MTMR9,85.0,79,False
AF131216.6,0.0,0,False
SLC35G5,2.0,2,False
AF131216.5,0.0,0,False
C8orf12,0.0,0,False
FAM167A,3.0,3,False
BLK,175.0,136,False
RP11-148O21.6,0.0,0,False
RP11-148O21.3,0.0,0,False
RP11-148O21.4,0.0,0,False
RP11-148O21.2,0.0,0,False
LINC00208,0.0,0,False
GATA4,0.0,0,False
C8orf49,0.0,0,False
NEIL2,70.0,68,False
FDFT1,381.0,342,False
RP11-297N6.4,10.0,9,False
CTSB,848.0,536,False
DEFB136,0.0,0,False
DEFB135,0.0,0,False
DEFB134,0.0,0,False
RP11-481A20.11,10.0,10,False
DEFB130,0.0,0,False
ZNF705D,0.0,0,False
FAM66D,1.0,1,False
USP17L2,0.0,0,False
FAM86B1,2.0,2,False
FAM85A,1.0,1,False
DEFB130-1,0.0,0,False
LINC00965,0.0,0,False
FAM86B2,0.0,0,False
RP11-419I17.1,1.0,1,False
LONRF1,22.0,20,False
RP11-252C15.1,3.0,3,False
LINC00681,0.0,0,False
KIAA1456,0.0,0,False
DLC1,3.0,3,False
RP11-10C8.2,0.0,0,False
RP11-145O15.3,0.0,0,False
C8orf48,0.0,0,False
RP11-480O10.1,0.0,0,False
SGCZ,0.0,0,False
RP11-3G21.1,0.0,0,False
TUSC3,0.0,0,False
RP11-77B22.2,0.0,0,False
MSR1,1.0,1,False
RP11-13N12.2,0.0,0,False
RP11-13N12.1,0.0,0,False
FGF20,0.0,0,False
MICU3,41.0,39,False
RP11-468H14.2,0.0,0,False
ZDHHC2,27.0,27,False
RP11-242F4.2,1.0,1,False
CNOT7,364.0,316,False
VPS37A,105.0,101,False
MTMR7,0.0,0,False
SLC7A2,0.0,0,False
PDGFRL,0.0,0,False
MTUS1,6.0,6,False
RP11-326L2.1,0.0,0,False
RP11-156K13.1,0.0,0,False
FGL1,0.0,0,False
RP11-156K13.2,0.0,0,False
RP11-156K13.3,4.0,4,False
PCM1,171.0,162,False
ASAH1,1109.0,660,False
CTD-2547L16.1,4.0,4,False
NAT1,30.0,30,False
NAT2,0.0,0,False
PSD3,1.0,1,False
RP11-161I2.1,0.0,0,False
RP11-420B22.1,0.0,0,False
RP11-1080G15.1,0.0,0,False
RP11-1080G15.2,0.0,0,False
RP11-618M23.2,0.0,0,False
RP11-618M23.4,0.0,0,False
SH2D4A,1.0,1,False
CSGALNACT1,71.0,70,False
RP11-1105O14.1,0.0,0,False
INTS10,254.0,242,False
LPL,0.0,0,False
AC100802.3,0.0,0,False
SLC18A1,0.0,0,False
ATP6V1B2,241.0,221,False
LZTS1,4.0,4,False
LZTS1-AS1,0.0,0,False
RP11-563N12.2,0.0,0,False
RP11-108E14.1,0.0,0,False
RP11-369E15.1,0.0,0,False
RP11-369E15.3,1.0,1,False
RP11-369E15.4,0.0,0,False
RP11-369E15.2,0.0,0,False
RP11-421P23.1,0.0,0,False
RP11-421P23.2,0.0,0,False
RP11-24P4.1,0.0,0,False
GFRA2,6.0,5,False
DOK2,963.0,648,False
XPO7,51.0,50,False
NPM2,4.0,4,False
FGF17,0.0,0,False
DMTN,45.0,21,False
FAM160B2,27.0,27,False
NUDT18,74.0,74,False
HR,0.0,0,False
REEP4,111.0,103,False
LGI3,0.0,0,False
SFTPC,0.0,0,False
BMP1,5.0,5,False
PHYHIP,0.0,0,False
POLR3D,88.0,85,False
CTD-2530N21.4,1.0,1,False
PIWIL2,2.0,2,False
SLC39A14,12.0,12,False
PPP3CC,290.0,255,False
RP11-582J16.4,5.0,5,False
SORBS3,86.0,85,False
RP11-582J16.3,1.0,1,False
PDLIM2,490.0,421,False
AC037459.4,0.0,0,False
C8orf58,27.0,27,False
CCAR2,118.0,113,False
RP11-582J16.5,9.0,9,False
BIN3,139.0,132,False
EGR3,1.0,1,False
PEBP4,3.0,3,False
RP11-87E22.2,0.0,0,False
RP11-875O11.1,9.0,9,False
RHOBTB2,16.0,16,False
TNFRSF10B,65.0,65,False
RP11-875O11.2,0.0,0,False
RP11-875O11.3,1.0,1,False
TNFRSF10C,2.0,2,False
TNFRSF10D,14.0,14,False
RP11-1149O23.2,0.0,0,False
TNFRSF10A,57.0,56,False
RP11-1149O23.4,1.0,1,False
CHMP7,198.0,181,False
R3HCC1,161.0,150,False
LOXL2,3.0,3,False
ENTPD4,78.0,77,False
CTC-756D1.2,0.0,0,False
CTC-756D1.3,0.0,0,False
SLC25A37,95.0,91,False
AC051642.1,0.0,0,False
FP15737,0.0,0,False
NKX3-1,1.0,1,False
NKX2-6,0.0,0,False
RP11-175E9.1,0.0,0,False
RP11-213G6.2,0.0,0,False
STC1,0.0,0,False
RP11-203E8.1,0.0,0,False
ADAM28,104.0,90,False
RP11-624C23.1,3.0,3,False
ADAMDEC1,0.0,0,False
ADAM7,0.0,0,False
RP11-561E1.1,0.0,0,False
GS1-72M22.1,0.0,0,False
NEFM,2.0,2,False
CTD-2168K21.2,0.0,0,False
CTD-2168K21.1,0.0,0,False
DOCK5,40.0,38,False
GNRH1,0.0,0,False
RP11-395I14.2,0.0,0,False
KCTD9,21.0,20,False
CDCA2,0.0,0,False
RP11-219J21.1,0.0,0,False
RP11-219J21.2,0.0,0,False
RP11-299D14.2,0.0,0,False
EBF2,0.0,0,False
PPP2R2A,170.0,163,False
BNIP3L,530.0,443,False
PNMA2,0.0,0,False
DPYSL2,53.0,52,False
ADRA1A,0.0,0,False
RP11-521M14.2,0.0,0,False
RP11-521M14.1,0.0,0,False
STMN4,1.0,1,False
TRIM35,35.0,35,False
PTK2B,266.0,248,False
CHRNA2,1.0,1,False
EPHX2,151.0,144,False
CLU,131.0,51,False
SCARA3,0.0,0,False
CCDC25,253.0,200,False
RP11-16P20.3,0.0,0,False
ESCO2,3.0,3,False
PBK,3.0,3,False
SCARA5,3.0,3,False
RP11-597M17.1,0.0,0,False
NUGGC,4.0,4,False
ELP3,84.0,81,False
RP11-380I10.4,2.0,2,False
PNOC,116.0,95,False
ZNF395,47.0,45,False
FBXO16,0.0,0,False
RP11-181B11.2,0.0,0,False
FZD3,12.0,12,False
EXTL3,15.0,15,False
EXTL3-AS1,1.0,1,False
INTS9,34.0,33,False
RP11-662B19.2,0.0,0,False
HMBOX1,178.0,138,False
CTD-2647L4.5,0.0,0,False
KIF13B,30.0,30,False
CTD-2647L4.1,0.0,0,False
DUSP4,16.0,14,False
RP11-486M23.1,0.0,0,False
RP11-486M23.2,0.0,0,False
LINC00589,0.0,0,False
AC145110.1,3.0,3,False
RP11-94H18.1,0.0,0,False
RP11-94H18.2,0.0,0,False
RP11-489E7.1,0.0,0,False
FAM183CP,0.0,0,False
TMEM66,4822.0,1973,False
RP11-489E7.4,193.0,171,False
LEPROTL1,920.0,696,False
MBOAT4,0.0,0,False
RP11-51J9.5,356.0,309,False
DCTN6,222.0,210,False
RP11-51J9.4,0.0,0,False
RP11-51J9.6,1.0,1,False
RBPMS-AS1,0.0,0,False
RBPMS,2.0,2,False
GTF2E2,236.0,224,False
CTD-2373N4.5,0.0,0,False
SMIM18,0.0,0,False
GSR,81.0,79,False
PPP2CB,33.0,33,False
TEX15,0.0,0,False
PURG,0.0,0,False
WRN,24.0,24,False
RP11-363L24.3,0.0,0,False
RP11-566H8.3,0.0,0,False
RP11-566H8.1,0.0,0,False
NRG1,90.0,81,False
RP11-1002K11.1,0.0,0,False
RP11-11N9.4,17.0,16,False
RP11-722E23.2,0.0,0,False
FUT10,14.0,14,False
TTI2,39.0,39,False
MAK16,27.0,27,False
RNF122,4.0,4,False
DUSP26,0.0,0,False
RP11-317N12.1,0.0,0,False
RP1-273G13.3,0.0,0,False
RP11-431M3.1,0.0,0,False
RP1-84O15.2,0.0,0,False
RP11-431M3.2,0.0,0,False
RP11-258J10.1,0.0,0,False
UNC5D,0.0,0,False
AC012215.1,0.0,0,False
RP11-473J6.1,0.0,0,False
RP11-89M20.2,0.0,0,False
RP11-962G15.1,0.0,0,False
KCNU1,0.0,0,False
RP11-419C23.1,0.0,0,False
RP11-527N22.1,0.0,0,False
RP11-527N22.2,0.0,0,False
RP11-150O12.1,0.0,0,False
RP11-150O12.2,0.0,0,False
RP11-150O12.5,0.0,0,False
RP11-150O12.3,0.0,0,False
RP11-150O12.4,0.0,0,False
RP11-346L1.2,0.0,0,False
ZNF703,98.0,81,False
RP11-863K10.2,0.0,0,False
RP11-863K10.7,3.0,3,False
ERLIN2,34.0,34,False
PROSC,264.0,251,False
GPR124,4.0,4,False
BRF2,54.0,53,False
RAB11FIP1,197.0,180,False
GOT1L1,0.0,0,False
ADRB3,0.0,0,False
EIF4EBP1,421.0,332,False
ASH2L,120.0,116,False
RP11-90P5.5,0.0,0,False
STAR,0.0,0,False
RP11-90P5.2,7.0,7,False
LSM1,511.0,420,False
BAG4,35.0,31,False
DDHD2,68.0,68,False
PPAPDC1B,258.0,216,False
WHSC1L1,474.0,401,False
RP11-513D5.5,0.0,0,False
RP11-513D5.2,0.0,0,False
RP11-350N15.5,27.0,27,False
LETM2,15.0,15,False
RP11-350N15.3,0.0,0,False
RP11-350N15.6,1.0,1,False
FGFR1,10.0,10,False
RP11-350N15.4,0.0,0,False
C8orf86,0.0,0,False
RP11-675F6.3,0.0,0,False
RP11-675F6.4,0.0,0,False
RP11-495O10.1,0.0,0,False
TACC1,225.0,196,False
RP11-723D22.3,1.0,1,False
PLEKHA2,84.0,80,False
CTD-2544N14.3,5.0,5,False
HTRA4,0.0,0,False
TM2D2,127.0,121,False
ADAM9,17.0,16,False
ADAM32,0.0,0,False
RP11-122L4.1,0.0,0,False
CTD-2024D23.1,0.0,0,False
ADAM18,0.0,0,False
ADAM2,0.0,0,False
IDO1,20.0,7,False
RP11-44K6.3,0.0,0,False
RP11-44K6.4,0.0,0,False
IDO2,0.0,0,False
RP11-359E19.1,0.0,0,False
RP11-359E19.2,0.0,0,False
C8orf4,0.0,0,False
RP11-470M17.2,0.0,0,False
CTA-392C11.1,0.0,0,False
CTA-392C11.2,0.0,0,False
RP11-301G7.1,0.0,0,False
ZMAT4,7.0,6,False
RP11-465K16.1,0.0,0,False
SFRP1,0.0,0,False
RP11-15G16.1,0.0,0,False
GOLGA7,477.0,420,False
GINS4,11.0,11,False
RP11-360L9.4,1.0,1,False
RP11-360L9.7,1.0,1,False
AGPAT6,96.0,93,False
RP11-360L9.8,2.0,2,False
NKX6-3,0.0,0,False
ANK1,13.0,12,False
RP11-930P14.1,0.0,0,False
RP11-930P14.2,3.0,3,False
KAT6A,153.0,145,False
RP11-589C21.6,127.0,90,False
RP11-589C21.5,10.0,10,False
AP3M2,122.0,95,False
PLAT,2.0,2,False
RP11-231D20.2,1.0,1,False
IKBKB,131.0,120,False
POLB,44.0,44,False
DKK4,0.0,0,False
VDAC3,603.0,456,False
SLC20A2,58.0,35,False
RP11-503E24.2,1.0,1,False
SMIM19,288.0,261,False
RP11-503E24.3,2.0,1,False
CHRNB3,0.0,0,False
RP11-412B14.1,0.0,0,False
CHRNA6,0.0,0,False
THAP1,123.0,120,False
RNF170,69.0,66,False
HOOK3,149.0,138,False
RP11-598P20.5,0.0,0,False
FNTA,536.0,431,False
POMK,7.0,7,False
HGSNAT,133.0,129,False
LINC00293,0.0,0,False
RP11-350F16.1,0.0,0,False
RP11-350F16.2,0.0,0,False
RP11-1134I14.8,0.0,0,False
SPIDR,65.0,65,False
CEBPD,1161.0,602,False
PRKDC,128.0,120,False
MCM4,24.0,21,False
UBE2V2,300.0,286,False
RP11-567J20.3,1.0,1,False
RP11-770E5.1,0.0,0,False
RP11-567J20.2,0.0,0,False
AC026904.1,0.0,0,False
RP11-567J20.1,0.0,0,False
RP11-770E5.3,0.0,0,False
RP11-770E5.2,0.0,0,False
EFCAB1,0.0,0,False
SNAI2,0.0,0,False
C8orf22,0.0,0,False
RP11-10H3.1,0.0,0,False
RP11-738G5.1,0.0,0,False
RP11-738G5.2,0.0,0,False
RP11-109P6.2,0.0,0,False
RP11-401N18.1,0.0,0,False
SNTG1,0.0,0,False
RP11-401H2.1,0.0,0,False
PXDNL,0.0,0,False
RP11-11C20.3,1.0,1,False
PCMTD1,160.0,148,False
AC090186.1,5.0,5,False
RP11-110G21.1,29.0,29,False
RP11-546K22.3,0.0,0,False
RP11-546K22.1,0.0,0,False
RP11-546K22.2,0.0,0,False
ST18,0.0,0,False
RP11-26M5.3,0.0,0,False
RP11-26M5.2,0.0,0,False
RP11-1023P17.2,0.0,0,False
FAM150A,0.0,0,False
RB1CC1,100.0,96,False
NPBWR1,0.0,0,False
RP11-162D9.3,0.0,0,False
OPRK1,0.0,0,False
RP11-1081M5.2,0.0,0,False
RP11-1081M5.1,0.0,0,False
RP11-400K9.3,0.0,0,False
RP11-400K9.4,0.0,0,False
ATP6V1H,214.0,201,False
RGS20,0.0,0,False
RP11-1070A24.2,0.0,0,False
TCEA1,756.0,596,False
RP11-30L15.6,0.0,0,False
LYPLA1,525.0,417,False
MRPL15,221.0,201,False
SOX17,0.0,0,False
RP11-53M11.3,0.0,0,False
RP1,0.0,0,False
XKR4,2.0,2,False
RP11-386G21.1,0.0,0,False
RP11-386G21.2,0.0,0,False
RP11-628E19.2,0.0,0,False
TMEM68,50.0,49,False
TGS1,104.0,100,False
LYN,617.0,415,False
RP11-446E9.2,4.0,4,False
RPS20,14346.0,2573,False
CTA-397H3.3,0.0,0,False
MOS,0.0,0,False
PLAG1,13.0,13,False
CHCHD7,366.0,344,False
RP11-140I16.3,0.0,0,False
SDR16C5,1.0,1,False
PENK,2.0,2,False
RP11-17A4.2,0.0,0,False
LINC00968,4.0,4,False
RP11-17A4.3,2.0,2,False
RP11-17A4.4,0.0,0,False
IMPAD1,51.0,51,False
RP11-513O17.2,0.0,0,False
RP11-513O17.3,0.0,0,False
LINC00588,0.0,0,False
RP11-756K15.2,0.0,0,False
RP11-246K15.1,0.0,0,False
RP11-388G22.1,0.0,0,False
CTD-2339F6.1,0.0,0,False
RP11-44D19.1,0.0,0,False
RP11-1112C15.1,0.0,0,False
FAM110B,7.0,7,False
RP11-1112C15.2,0.0,0,False
RP11-648L3.2,0.0,0,False
UBXN2B,44.0,44,False
CYP7A1,0.0,0,False
SDCBP,866.0,659,False
NSMAF,95.0,81,False
TOX,45.0,43,False
RP11-25K19.1,41.0,38,False
RP11-379I19.1,0.0,0,False
RP11-379I19.3,0.0,0,False
RP11-27P7.1,0.0,0,False
CA8,0.0,0,False
RP11-163N6.2,3.0,3,False
RAB2A,629.0,454,False
RP11-91I20.4,0.0,0,False
RP11-91I20.3,0.0,0,False
RP11-91I20.2,0.0,0,False
RP11-91I20.1,0.0,0,False
CHD7,102.0,65,False
RP11-33I11.2,0.0,0,False
AC022182.1,6.0,6,False
AC022182.3,47.0,41,False
CLVS1,0.0,0,False
RP11-787D18.2,0.0,0,False
RP11-787D18.1,0.0,0,False
ASPH,29.0,28,False
RP11-280G9.1,0.0,0,False
RP11-705O24.1,0.0,0,False
RP11-705O24.3,0.0,0,False
RP11-705O24.2,0.0,0,False
NKAIN3,0.0,0,False
RP11-577N1.1,0.0,0,False
RP11-659E9.2,1.0,1,False
GGH,23.0,21,False
RP11-659E9.4,0.0,0,False
TTPA,0.0,0,False
YTHDF3-AS1,30.0,30,False
YTHDF3,85.0,84,False
RP11-16E18.3,1.0,1,False
CTD-3046C4.1,0.0,0,False
RP11-45K10.2,0.0,0,False
RP11-573J24.1,0.0,0,False
RP11-32K4.1,0.0,0,False
RP11-579E24.2,0.0,0,False
RP11-579E24.1,0.0,0,False
LINC00966,0.0,0,False
RP11-21C4.1,0.0,0,False
BHLHE22,0.0,0,False
CYP7B1,0.0,0,False
RP11-1D12.2,0.0,0,False
CTD-3025N20.2,0.0,0,False
CTD-3025N20.3,0.0,0,False
ARMC1,169.0,164,False
MTFR1,24.0,24,False
RP11-707M3.3,3.0,3,False
PDE7A,150.0,141,False
CTD-2532N20.1,4.0,4,False
DNAJC5B,3.0,3,False
AC084082.3,0.0,0,False
TRIM55,0.0,0,False
CRH,0.0,0,False
LINC00967,0.0,0,False
RP11-346I3.4,0.0,0,False
RRS1,215.0,167,False
ADHFE1,26.0,26,False
C8orf46,0.0,0,False
MYBL1,65.0,62,False
VCPIP1,51.0,51,False
C8orf44-SGK3,1.0,1,False
C8orf44,41.0,29,False
SGK3,39.0,38,False
MCMDC2,2.0,2,False
TCF24,0.0,0,False
PPP1R42,0.0,0,False
COPS5,535.0,448,False
CSPP1,60.0,58,False
ARFGEF1,61.0,59,False
RP11-7F18.2,0.0,0,False
CPA6,0.0,0,False
RP11-396J6.1,0.0,0,False
PREX2,0.0,0,False
RP11-403D15.2,0.0,0,False
RP11-664D7.4,0.0,0,False
C8orf34,0.0,0,False
RP11-865I6.2,0.0,0,False
RP11-600K15.1,0.0,0,False
RP11-21C17.1,0.0,0,False
RP11-744J10.3,0.0,0,False
SULF1,0.0,0,False
SLCO5A1,1.0,1,False
RP11-102F4.2,0.0,0,False
RP11-159H10.3,3.0,3,False
AC090574.1,0.0,0,False
PRDM14,0.0,0,False
NCOA2,59.0,55,False
Metazoa_SRP,0.0,0,False
RP11-333A23.4,1.0,1,False
TRAM1,641.0,531,False
AC120194.1,27.0,27,False
RP11-382J12.1,7.0,7,False
LACTB2,93.0,90,False
XKR9,1.0,1,False
RP11-326E22.1,0.0,0,False
EYA1,0.0,0,False
RP11-1102P16.1,0.0,0,False
RP11-1144P22.1,0.0,0,False
RP11-281N10.1,0.0,0,False
RP11-383H13.1,9.0,9,False
MSC,11.0,11,False
TRPA1,2.0,2,False
RP11-142A23.1,0.0,0,False
RP11-351E7.1,0.0,0,False
KCNB2,0.0,0,False
RP11-1145L24.1,0.0,0,False
RP11-531A24.3,0.0,0,False
TERF1,236.0,222,False
RP11-531A24.7,0.0,0,False
RP11-531A24.5,3.0,3,False
SBSPON,0.0,0,False
RPL7,23549.0,2615,False
RDH10,6.0,6,False
RP11-434I12.2,0.0,0,False
RP11-434I12.3,0.0,0,False
RP11-434I12.4,0.0,0,False
STAU2-AS1,0.0,0,False
STAU2,96.0,83,False
RP11-463D19.1,0.0,0,False
RP11-463D19.2,0.0,0,False
UBE2W,30.0,30,False
TCEB1,411.0,372,False
TMEM70,194.0,183,False
LY96,25.0,25,False
RP11-6I2.3,0.0,0,False
RP11-6I2.4,0.0,0,False
RP1-16A9.1,0.0,0,False
JPH1,0.0,0,False
GDAP1,26.0,26,False
CTD-2320G14.2,0.0,0,False
RP11-758M4.1,0.0,0,False
RP11-730G20.1,0.0,0,False
RP11-758M4.4,0.0,0,False
PI15,0.0,0,False
RP11-3N13.2,0.0,0,False
CRISPLD1,0.0,0,False
RP11-300E4.2,0.0,0,False
RP11-697M17.2,0.0,0,False
CASC9,0.0,0,False
HNF4G,0.0,0,False
RP11-706J10.2,0.0,0,False
LINC01109,0.0,0,False
LINC01111,0.0,0,False
ZFHX4-AS1,0.0,0,False
ZFHX4,0.0,0,False
RP11-48D4.2,0.0,0,False
PEX2,211.0,199,False
RP11-38H17.1,0.0,0,False
RP11-91P17.1,0.0,0,False
RP11-594N15.2,0.0,0,False
PKIA,16.0,15,False
ZC2HC1A,42.0,41,False
IL7,19.0,19,False
RP11-79H23.3,0.0,0,False
RP11-1114I9.1,0.0,0,False
STMN2,0.0,0,False
HEY1,0.0,0,False
RP11-27N21.3,0.0,0,False
RP11-26J3.1,0.0,0,False
MRPS28,165.0,143,False
TPD52,246.0,216,False
RP11-92K15.3,5.0,5,False
RP11-92K15.1,0.0,0,False
RP11-941H19.3,0.0,0,False
Y_RNA,4.0,3,False
ZBTB10,59.0,53,False
RP11-48B3.3,2.0,2,False
RP11-48B3.4,1.0,1,False
ZNF704,0.0,0,False
PAG1,243.0,227,False
RP11-172E10.1,0.0,0,False
RP11-1149M10.1,1.0,1,False
RP11-1149M10.2,5.0,5,False
RP11-363E6.4,0.0,0,False
RP11-363E6.3,0.0,0,False
FABP5,130.0,100,False
RP11-157I4.4,0.0,0,False
PMP2,0.0,0,False
FABP9,0.0,0,False
FABP4,0.0,0,False
RP11-257P3.3,0.0,0,False
FABP12,0.0,0,False
IMPA1,74.0,71,False
SLC10A5,0.0,0,False
ZFAND1,369.0,337,False
CHMP4C,0.0,0,False
RP13-923O23.6,0.0,0,False
SNX16,22.0,22,False
RP11-354A14.1,0.0,0,False
RP11-99H20.1,0.0,0,False
RP11-653B10.1,0.0,0,False
RP11-731N10.1,0.0,0,False
CTD-2272D18.1,0.0,0,False
RP11-51M18.1,0.0,0,False
RP11-120I21.2,0.0,0,False
RALYL,0.0,0,False
LRRCC1,18.0,18,False
RP11-219B4.7,10.0,6,False
E2F5,19.0,18,False
RP11-219B4.3,0.0,0,False
C8orf59,116.0,113,False
CA13,13.0,13,False
RP11-219B4.5,0.0,0,False
RP11-219B4.6,0.0,0,False
CA1,0.0,0,False
CA3,0.0,0,False
RP11-317J10.2,3.0,3,False
CA2,98.0,51,False
RP11-317J10.4,0.0,0,False
REXO1L1P,0.0,0,False
REXO1L11P,0.0,0,False
REXO1L10P,0.0,0,False
CTA-392E5.1,0.0,0,False
ATP6V0D2,0.0,0,False
PSKH2,0.0,0,False
CTD-3118D11.2,0.0,0,False
CTD-3118D11.3,0.0,0,False
SLC7A13,0.0,0,False
WWP1,77.0,74,False
RMDN1,120.0,113,False
CPNE3,132.0,126,False
CNGB3,0.0,0,False
RP11-386D6.1,0.0,0,False
RP11-386D6.2,0.0,0,False
CNBD1,0.0,0,False
AF121898.3,0.0,0,False
DCAF4L2,0.0,0,False
CTB-118P15.2,0.0,0,False
MMP16,0.0,0,False
RP11-586K2.1,1.0,1,False
RP11-642C5.1,0.0,0,False
RP11-37B2.1,22.0,22,False
RIPK2,196.0,181,False
OSGIN2,39.0,37,False
NBN,103.0,100,False
DECR1,640.0,502,False
CALB1,2.0,2,False
LINC00534,0.0,0,False
LINC01030,0.0,0,False
TMEM64,29.0,29,False
RP11-68L18.1,0.0,0,False
NECAB1,1.0,1,False
RP11-662G23.1,0.0,0,False
C8orf88,14.0,14,False
TMEM55A,177.0,141,False
GS1-251I9.3,0.0,0,False
GS1-251I9.4,186.0,184,False
OTUD6B,45.0,44,False
LRRC69,7.0,7,False
SLC26A7,0.0,0,False
RP11-122C21.1,0.0,0,False
RUNX1T1,0.0,0,False
GS1-5L10.1,0.0,0,False
RP11-700E23.2,0.0,0,False
RP11-700E23.1,0.0,0,False
RP11-587H10.1,0.0,0,False
RP11-587H10.2,0.0,0,False
RP11-100L22.1,0.0,0,False
RP11-100L22.4,0.0,0,False
RP11-100L22.3,0.0,0,False
CTD-3239E11.2,0.0,0,False
TRIQK,47.0,45,False
AC117834.1,2.0,2,False
C8orf87,0.0,0,False
LINC00535,0.0,0,False
RP11-388K12.1,0.0,0,False
AC016885.1,0.0,0,False
RP11-388K12.2,0.0,0,False
FAM92A1,4.0,4,False
CTD-2006H14.2,3.0,2,False
RP11-10N23.2,0.0,0,False
RBM12B,24.0,24,False
RP11-10N23.4,1.0,1,False
RBM12B-AS1,4.0,4,False
RP11-10N23.5,0.0,0,False
TMEM67,17.0,16,False
RP3-388N13.3,0.0,0,False
PDP1,40.0,40,False
MIR378D2,5.0,5,False
KB-1184D12.1,0.0,0,False
CDH17,0.0,0,False
GEM,3.0,3,False
RAD54B,10.0,10,False
FSBP,1.0,1,False
KIAA1429,82.0,59,False
RP11-267M23.3,0.0,0,False
AC023632.1,2.0,2,False
RP11-267M23.4,2.0,2,False
RP11-22C11.2,0.0,0,False
ESRP1,0.0,0,False
DPY19L4,65.0,27,False
KB-1608C10.2,0.0,0,False
INTS8,77.0,75,False
CCNE2,5.0,5,False
RP11-347C18.5,1.0,1,False
NDUFAF6,79.0,78,False
TP53INP1,22.0,21,False
MIR3150A,0.0,0,False
RP11-320N21.2,0.0,0,False
PLEKHF2,268.0,243,False
KB-1047C11.2,2.0,2,False
KB-1047C11.1,0.0,0,False
C8orf37,5.0,5,False
RP11-90D11.1,0.0,0,False
RP11-31K23.2,0.0,0,False
KB-1043D8.8,0.0,0,False
GDF6,0.0,0,False
UQCRB,357.0,311,False
KB-1043D8.6,0.0,0,False
MTERFD1,93.0,68,False
PTDSS1,239.0,220,False
KB-1448A5.1,0.0,0,False
SDC2,2.0,2,False
CPQ,203.0,157,False
KB-1958F4.2,0.0,0,False
KB-1000E4.2,0.0,0,False
TSPYL5,6.0,6,False
MTDH,971.0,742,False
LAPTM4B,16.0,14,False
MATN2,0.0,0,False
RPL30,23656.0,2655,False
KB-1208A12.3,37.0,36,False
C8orf47,0.0,0,False
HRSP12,68.0,66,False
POP1,19.0,19,False
NIPAL2,28.0,28,False
KB-1458E12.1,0.0,0,False
STK3,26.0,23,False
KCNS2,0.0,0,False
KB-1517D11.4,0.0,0,False
KB-1205A7.2,0.0,0,False
RP11-44N12.5,0.0,0,False
OSR2,3.0,3,False
RP11-44N12.2,0.0,0,False
RP11-410L14.2,24.0,23,False
VPS13B,57.0,55,False
CTD-2340D6.2,0.0,0,False
RP11-402L5.1,0.0,0,False
COX6C,1826.0,1212,False
RGS22,0.0,0,False
FBXO43,4.0,2,False
POLR2K,252.0,192,False
SPAG1,12.0,12,False
RNF19A,88.0,88,False
KB-1991G8.1,0.0,0,False
KB-173C10.2,0.0,0,False
KB-173C10.1,1.0,1,False
KB-1615E4.2,0.0,0,False
KB-1615E4.3,0.0,0,False
ANKRD46,55.0,54,False
SNX31,0.0,0,False
KB-1083B1.1,0.0,0,False
PABPC1,7848.0,2308,False
YWHAZ,1317.0,985,False
RP11-302J23.1,0.0,0,False
KB-1460A1.1,0.0,0,False
KB-1460A1.3,1.0,1,False
KB-1460A1.5,6.0,6,False
ZNF706,1123.0,844,False
KB-1410C5.5,0.0,0,False
KB-1410C5.2,0.0,0,False
KB-1410C5.3,0.0,0,False
KB-1930G5.3,0.0,0,False
KB-1930G5.4,0.0,0,False
KB-1562D12.1,0.0,0,False
GRHL2,0.0,0,False
NCALD,35.0,34,False
KB-1107E3.1,0.0,0,False
RRM2B,30.0,30,False
KB-431C1.4,19.0,19,False
UBR5,73.0,71,False
KB-431C1.5,0.0,0,False
KB-1980E6.3,1.0,1,False
ODF1,0.0,0,False
KLF10,126.0,108,False
KB-1732A1.1,13.0,13,False
AZIN1,183.0,176,False
KB-1254G8.1,0.0,0,False
KB-1507C5.2,16.0,16,False
KB-1507C5.4,3.0,3,False
KB-1639H6.2,1.0,1,False
ATP6V1C1,95.0,84,False
KB-1639H6.4,0.0,0,False
C8orf56,0.0,0,False
BAALC,7.0,7,False
RP11-318M2.2,1.0,1,False
RP11-318M2.3,0.0,0,False
FZD6,12.0,12,False
CTHRC1,0.0,0,False
RP11-1C8.6,0.0,0,False
SLC25A32,65.0,64,False
DCAF13,176.0,165,False
RP11-1C8.5,0.0,0,False
RP11-1C8.7,0.0,0,False
RP11-1C8.4,0.0,0,False
RIMS2,0.0,0,False
DPYS,1.0,1,False
DCSTAMP,2.0,1,False
LRP12,4.0,4,False
RP11-127H5.1,0.0,0,False
RP11-574O7.1,0.0,0,False
ZFPM2,0.0,0,False
RP11-642D21.2,0.0,0,False
RP11-152P17.3,0.0,0,False
RP11-778D12.2,0.0,0,False
RP11-395G23.3,13.0,13,False
OXR1,66.0,64,False
RP11-649G15.2,0.0,0,False
ABRA,0.0,0,False
ANGPT1,1.0,1,False
RSPO2,0.0,0,False
EIF3E,1470.0,1009,False
RP11-35G22.1,0.0,0,False
EMC2,48.0,46,False
RP11-790J24.1,0.0,0,False
TMEM74,0.0,0,False
RP11-1084E5.1,0.0,0,False
TRHR,0.0,0,False
NUDCD1,103.0,63,False
RP11-122A21.2,0.0,0,False
ENY2,682.0,529,False
PKHD1L1,7.0,7,False
EBAG9,209.0,193,False
SYBU,0.0,0,False
RP11-422N16.3,0.0,0,False
KCNV1,0.0,0,False
RP11-696P8.2,0.0,0,False
RP11-211F2.1,0.0,0,False
RP11-238I10.1,0.0,0,False
KB-1299A7.2,0.0,0,False
RP11-946L20.2,0.0,0,False
RP11-946L20.4,0.0,0,False
RP11-114O8.1,0.0,0,False
RP11-1101K5.1,0.0,0,False
RP11-58O3.2,0.0,0,False
CSMD3,0.0,0,False
RP11-67H2.1,0.0,0,False
RP11-267L5.1,0.0,0,False
TRPS1,48.0,47,False
AF178030.2,0.0,0,False
LINC00536,0.0,0,False
RP11-536K17.1,0.0,0,False
EIF3H,3434.0,1708,False
UTP23,73.0,72,False
RAD21,351.0,280,False
RAD21-AS1,0.0,0,False
AARD,10.0,1,False
SLC30A8,0.0,0,False
MED30,490.0,342,False
EXT1,16.0,16,False
SAMD12,9.0,8,False
AC023590.1,19.0,19,False
TNFRSF11B,0.0,0,False
COLEC10,0.0,0,False
RP11-278I4.2,0.0,0,False
MAL2,0.0,0,False
RP11-4K16.2,0.0,0,False
NOV,1.0,1,False
RP11-775B15.2,0.0,0,False
ENPP2,0.0,0,False
TAF2,36.0,36,False
DSCC1,8.0,6,False
KB-1471A8.1,0.0,0,False
DEPTOR,13.0,10,False
RP11-760H22.2,0.0,0,False
COL14A1,0.0,0,False
MRPL13,119.0,112,False
MTBP,9.0,9,False
SNTB1,37.0,37,False
RP11-713M15.1,1.0,1,False
RP11-713M15.2,6.0,6,False
RP11-369K17.1,0.0,0,False
HAS2,0.0,0,False
HAS2-AS1,0.0,0,False
RP11-3G20.1,0.0,0,False
RP11-3G20.2,0.0,0,False
RP11-785H20.1,0.0,0,False
RP11-398G24.2,0.0,0,False
RP11-94A24.1,0.0,0,False
RP11-96B2.1,0.0,0,False
LINC01151,0.0,0,False
RP11-973F15.2,0.0,0,False
RP11-44N11.2,41.0,41,False
RP11-44N11.3,0.0,0,False
ZHX2,55.0,54,False
RP11-557C18.4,2.0,2,False
RP11-557C18.3,0.0,0,False
DERL1,377.0,287,False
TBC1D31,24.0,24,False
FAM83A,0.0,0,False
RP11-539E17.5,0.0,0,False
FAM83A-AS1,0.0,0,False
C8orf76,105.0,102,False
ZHX1-C8ORF76,13.0,13,False
ZHX1,59.0,57,False
ATAD2,28.0,28,False
WDYHV1,97.0,46,False
FBXO32,84.0,81,False
RP11-174I12.2,0.0,0,False
CTD-2552K11.2,0.0,0,False
KLHL38,0.0,0,False
ANXA13,0.0,0,False
FAM91A1,47.0,46,False
FER1L6,0.0,0,False
RP11-245A18.1,0.0,0,False
FER1L6-AS1,0.0,0,False
RP11-959I15.4,0.0,0,False
FER1L6-AS2,0.0,0,False
RP11-37N22.1,2.0,2,False
RP11-383J24.1,0.0,0,False
RP11-383J24.6,24.0,23,False
TMEM65,22.0,22,False
TRMT12,40.0,39,False
RNF139-AS1,35.0,35,False
RNF139,454.0,351,False
TATDN1,53.0,53,False
RP11-158K1.3,12.0,12,False
NDUFB9,1722.0,1166,False
MTSS1,266.0,228,False
RP11-532M24.1,0.0,0,False
RP11-1082L8.4,0.0,0,False
RP11-1082L8.3,0.0,0,False
LINC00964,0.0,0,False
RP11-1082L8.2,0.0,0,False
ZNF572,0.0,0,False
RP11-6D1.3,0.0,0,False
SQLE,40.0,38,False
KIAA0196,118.0,70,False
KIAA0196-AS1,0.0,0,False
NSMCE2,134.0,125,False
RP11-550A5.2,0.0,0,False
TRIB1,70.0,62,False
RP11-136O12.2,0.0,0,False
RP11-697B24.1,0.0,0,False
LINC00861,261.0,242,False
RP11-622O11.4,0.0,0,False
RP11-65D17.1,0.0,0,False
RP11-103H7.1,0.0,0,False
RP11-103H7.2,0.0,0,False
RP11-103H7.3,0.0,0,False
FAM84B,34.0,34,False
RP11-103H7.5,0.0,0,False
RP11-89K10.1,5.0,5,False
RP11-351C8.1,0.0,0,False
PCAT1,12.0,11,False
PCAT2,0.0,0,False
CASC19,0.0,0,False
CCAT1,1.0,1,False
CASC8,2.0,2,False
RP11-382A18.2,1.0,1,False
POU5F1B,6.0,6,False
CASC11,1.0,1,False
MYC,543.0,395,False
TMEM75,0.0,0,False
LINC00977,0.0,0,False
CCDC26,3.0,3,False
RP11-26E5.1,0.0,0,False
RP11-419K12.1,0.0,0,False
GSDMC,0.0,0,False
RP11-473O4.5,0.0,0,False
FAM49B,1135.0,814,False
RP11-473O4.4,0.0,0,False
RP11-473O4.3,0.0,0,False
ASAP1,90.0,83,False
KB-1568E2.1,0.0,0,False
ADCY8,0.0,0,False
RP11-737F9.1,0.0,0,False
RP11-381I15.1,0.0,0,False
CTD-2501M5.1,0.0,0,False
EFR3A,74.0,69,False
OC90,0.0,0,False
OC90-1,0.0,0,False
HHLA1,0.0,0,False
KCNQ3,0.0,0,False
HPYR1,0.0,0,False
LRRC6,0.0,0,False
TMEM71,150.0,147,False
PHF20L1,209.0,191,False
AF230666.2,0.0,0,False
TG,2.0,2,False
SLA,399.0,255,False
WISP1,0.0,0,False
NDRG1,112.0,104,False
ST3GAL1,264.0,245,False
RP11-629O1.2,15.0,15,False
CTD-2588J1.1,0.0,0,False
CTD-2309H9.3,0.0,0,False
RP11-157E21.1,0.0,0,False
RP11-513H8.1,0.0,0,False
ZFAT,18.0,15,False
ZFAT-AS1,0.0,0,False
CTD-2342N23.3,0.0,0,False
AC083843.1,1.0,1,False
AC083843.2,3.0,3,False
AC083843.3,0.0,0,False
RP11-1057B8.2,0.0,0,False
RP11-452N4.1,0.0,0,False
RP11-343P9.1,0.0,0,False
KHDRBS3,0.0,0,False
RP11-149P24.1,0.0,0,False
RP11-431D12.1,0.0,0,False
RP11-30J20.1,0.0,0,False
RP11-238K6.1,0.0,0,False
RP11-238K6.2,0.0,0,False
RP11-489O18.1,0.0,0,False
FAM135B,0.0,0,False
COL22A1,0.0,0,False
RP11-324F11.1,0.0,0,False
CTD-2534J5.1,0.0,0,False
RP11-398H6.1,0.0,0,False
KCNK9,0.0,0,False
TRAPPC9,50.0,48,False
RP11-284H18.1,0.0,0,False
C8orf17,0.0,0,False
CTA-204B4.2,14.0,14,False
CHRAC1,203.0,189,False
CASC7,87.0,54,False
AGO2,40.0,38,False
PTK2,20.0,18,False
RP11-128L5.1,0.0,0,False
DENND3,92.0,86,False
RP11-809O17.1,16.0,16,False
SLC45A4,7.0,7,False
RP11-10J21.4,0.0,0,False
RP11-10J21.3,0.0,0,False
RP11-10J21.5,0.0,0,False
RP11-10J21.6,0.0,0,False
CTD-3064M3.1,0.0,0,False
GPR20,6.0,6,False
CTD-3064M3.4,0.0,0,False
PTP4A3,138.0,124,False
CTD-3064M3.7,0.0,0,False
AC138647.1,0.0,0,False
RP11-953B20.1,0.0,0,False
LINC00051,0.0,0,False
TSNARE1,15.0,14,False
RP13-467H17.1,2.0,2,False
BAI1,1.0,1,False
ARC,4.0,3,False
AP006547.3,0.0,0,False
AC145123.2,0.0,0,False
PSCA,1.0,1,False
LY6K,1.0,1,False
CTD-2292P10.4,0.0,0,False
THEM6,71.0,62,False
CTD-2292P10.2,0.0,0,False
SLURP1,0.0,0,False
LYPD2,61.0,18,False
RP11-706C16.7,0.0,0,False
LYNX1,8.0,8,False
LY6D,0.0,0,False
RP11-706C16.8,0.0,0,False
RP11-706C16.5,0.0,0,False
GML,0.0,0,False
CYP11B1,0.0,0,False
CYP11B2,0.0,0,False
RP11-273G15.2,12.0,12,False
LY6E,4940.0,1793,False
C8orf31,10.0,9,False
RP11-520P18.5,0.0,0,False
LY6H,0.0,0,False
GPIHBP1,0.0,0,False
ZFP41,7.0,7,False
ZFP41-1,0.0,0,False
GLI4,98.0,96,False
RP13-582O9.5,48.0,48,False
ZNF696,10.0,10,False
RP13-582O9.7,12.0,12,False
TOP1MT,97.0,80,False
RHPN1-AS1,1.0,1,False
RHPN1,37.0,36,False
RP11-909N17.2,0.0,0,False
RP11-909N17.3,0.0,0,False
MAFA,0.0,0,False
ZC3H3,56.0,56,False
RP11-661A12.5,5.0,5,False
7SK-1,1.0,1,False
GSDMD,511.0,451,False
MROH6,27.0,26,False
RP11-661A12.9,0.0,0,False
NAPRT1,434.0,335,False
RP11-661A12.7,38.0,38,False
EEF1D,13130.0,2594,False
TIGD5,5.0,5,False
RP11-661A12.14,3.0,3,False
PYCRL,25.0,23,False
TSTA3,283.0,260,False
RP11-661A12.12,3.0,3,False
ZNF623,25.0,25,False
ZNF707,18.0,17,False
RP11-429J17.2,4.0,4,False
CCDC166,0.0,0,False
RP11-429J17.4,0.0,0,False
MAPK15,0.0,0,False
RP11-429J17.5,0.0,0,False
FAM83H,1.0,1,False
FAM83H-AS1,0.0,0,False
RP11-429J17.7,0.0,0,False
RP11-429J17.8,0.0,0,False
SCRIB,17.0,17,False
PUF60,496.0,443,False
NRBP2,11.0,11,False
EPPK1,4.0,4,False
PLEC,138.0,130,False
PARP10,163.0,156,False
GRINA,326.0,272,False
SPATC1,1.0,1,False
CTD-3065J16.6,0.0,0,False
OPLAH,3.0,3,False
CTD-3065J16.9,4.0,4,False
EXOSC4,116.0,112,False
GPAA1,287.0,253,False
CYC1,648.0,522,False
SHARPIN,314.0,251,False
MAF1,783.0,612,False
KIAA1875,1.0,1,False
FAM203A,0.0,0,False
MROH1,25.0,25,False
KM-PA-2,0.0,0,False
SCXB,0.0,0,False
FAM203B,0.0,0,False
BOP1,3.0,3,False
SCXA,0.0,0,False
HSF1,256.0,240,False
GS1-393G12.12,2.0,2,False
DGAT1,46.0,44,False
SCRT1,0.0,0,False
TMEM249,0.0,0,False
GS1-393G12.13,3.0,3,False
SLC52A2,158.0,152,False
FBXL6,30.0,30,False
ADCK5,32.0,32,False
CPSF1,74.0,72,False
GS1-393G12.14,3.0,3,False
SLC39A4,111.0,108,False
VPS28,1399.0,953,False
TONSL,8.0,8,False
AC084125.4,0.0,0,False
CYHR1,113.0,109,False
CTD-2517M22.16,1.0,1,False
KIFC2,20.0,20,False
FOXH1,1.0,1,False
PPP1R16A,30.0,30,False
GPT,1.0,1,False
MFSD3,32.0,31,False
RECQL4,2.0,2,False
CTD-2517M22.17,0.0,0,False
LRRC14,62.0,61,False
LRRC24,3.0,3,False
C8orf82,62.0,60,False
ARHGAP39,0.0,0,False
CTD-2517M22.9,0.0,0,False
AF186192.1,0.0,0,False
AF186192.6,0.0,0,False
ZNF251,24.0,24,False
ZNF34,31.0,31,False
RPL8,25320.0,2664,False
ZNF517,5.0,5,False
ZNF7,61.0,61,False
COMMD5,241.0,197,False
ZNF250,37.0,37,False
ZNF16,27.0,26,False
RP5-1047A19.4,0.0,0,False
ZNF252P-AS1,3.0,3,False
C8orf33,113.0,110,False
MIR1302-9,1.0,1,False
FAM138C,0.0,0,False
RP11-143M1.2,0.0,0,False
RP11-143M1.3,0.0,0,False
RP11-143M1.4,0.0,0,False
FOXD4,0.0,0,False
CBWD1,202.0,187,False
C9orf66,30.0,30,False
DOCK8,381.0,346,False
RP11-59O6.3,0.0,0,False
RP11-165F24.3,1.0,1,False
KANK1,7.0,7,False
RP11-130C19.3,0.0,0,False
DMRT1,0.0,0,False
DMRT3,0.0,0,False
DMRT2,0.0,0,False
SMARCA2,90.0,85,False
RP11-264I13.2,1.0,1,False
RP11-125B21.2,0.0,0,False
RP11-91N2.3,0.0,0,False
VLDLR,1.0,1,False
KCNV2,0.0,0,False
KIAA0020,119.0,114,False
RP11-32F11.2,0.0,0,False
RFX3,31.0,31,False
AL365202.1,0.0,0,False
RP11-509J21.1,1.0,1,False
RP11-509J21.2,8.0,6,False
RP11-509J21.3,2.0,2,False
RP11-509J21.4,0.0,0,False
GLIS3,1.0,1,False
RP11-252M18.3,0.0,0,False
GLIS3-AS1,0.0,0,False
RP11-358M14.2,0.0,0,False
SLC1A1,0.0,0,False
SPATA6L,2.0,2,False
PPAPDC2,14.0,12,False
RP11-6J24.6,12.0,12,False
CDC37L1,140.0,138,False
AK3,149.0,143,False
RCL1,74.0,58,False
RP11-125K10.5,0.0,0,False
AL158147.2,0.0,0,False
JAK2,38.0,38,False
AL161450.1,0.0,0,False
INSL6,0.0,0,False
INSL4,0.0,0,False
RLN2,21.0,18,False
RLN1,6.0,6,False
RP11-12D24.10,0.0,0,False
PLGRKT,243.0,214,False
CD274,8.0,7,False
PDCD1LG2,2.0,2,False
RP11-574F11.3,0.0,0,False
KIAA1432,36.0,36,False
RP11-207C16.4,0.0,0,False
ERMP1,13.0,13,False
KIAA2026,112.0,110,False
MLANA,0.0,0,False
RANBP6,29.0,28,False
RP11-218I7.2,0.0,0,False
IL33,0.0,0,False
TPD52L3,0.0,0,False
UHRF2,83.0,82,False
RP11-307L3.4,0.0,0,False
C9orf38,13.0,13,False
GLDC,0.0,0,False
RP11-390F4.6,0.0,0,False
RP11-390F4.10,0.0,0,False
RP11-390F4.3,4.0,4,False
KDM4C,106.0,102,False
RP11-77E14.2,1.0,1,False
TMEM261,393.0,346,False
RP11-29B9.1,0.0,0,False
RP11-29B9.2,0.0,0,False
PTPRD,0.0,0,False
RP11-75C9.1,0.0,0,False
RP11-75C9.2,0.0,0,False
RP11-527D15.1,0.0,0,False
RP11-87N24.2,0.0,0,False
RP11-87N24.3,0.0,0,False
RP11-109M17.2,0.0,0,False
RP11-23D5.1,0.0,0,False
RP11-74C3.1,0.0,0,False
TYRP1,0.0,0,False
RP11-3L8.3,0.0,0,False
LURAP1L,2.0,2,False
MPDZ,0.0,0,False
RP11-536O18.2,0.0,0,False
RP11-536O18.1,0.0,0,False
LINC00583,0.0,0,False
RP11-284P20.3,0.0,0,False
NFIB,0.0,0,False
RP11-120J1.1,0.0,0,False
RP11-408A13.3,0.0,0,False
RP11-408A13.4,5.0,5,False
ZDHHC21,42.0,42,False
CER1,0.0,0,False
FREM1,0.0,0,False
TTC39B,41.0,41,False
SNAPC3,81.0,80,False
PSIP1,629.0,508,False
CCDC171,2.0,2,False
C9orf92,0.0,0,False
BNC2,3.0,3,False
RP11-183I6.2,0.0,0,False
RP11-62F24.1,0.0,0,False
RP11-62F24.2,0.0,0,False
RP11-132E11.2,0.0,0,False
CNTLN,24.0,23,False
SH3GL2,0.0,0,False
RP11-570H19.2,0.0,0,False
ADAMTSL1,0.0,0,False
FAM154A,1.0,1,False
RRAGA,287.0,265,False
HAUS6,44.0,44,False
PLIN2,335.0,298,False
DENND4C,47.0,46,False
RP11-146N23.4,1.0,1,False
RP11-513M16.7,3.0,3,False
RP11-513M16.8,4.0,4,False
RPS6,62546.0,2687,False
ACER2,0.0,0,False
SLC24A2,0.0,0,False
RP11-378I6.1,0.0,0,False
MLLT3,84.0,83,False
FOCAD,10.0,10,False
RP11-4E23.2,0.0,0,False
PTPLAD2,281.0,251,False
IFNB1,0.0,0,False
IFNW1,0.0,0,False
IFNA21,0.0,0,False
IFNA4,0.0,0,False
IFNA7,0.0,0,False
IFNA10,0.0,0,False
IFNA16,0.0,0,False
IFNA17,0.0,0,False
IFNA14,0.0,0,False
IFNA5,0.0,0,False
KLHL9,49.0,48,False
IFNA6,0.0,0,False
IFNA13,0.0,0,False
IFNA2,0.0,0,False
RP11-354P17.15,0.0,0,False
IFNA8,0.0,0,False
IFNA1,0.0,0,False
IFNE,0.0,0,False
MTAP,82.0,79,False
RP11-145E5.5,0.0,0,False
RP11-70L8.4,0.0,0,False
C9orf53,0.0,0,False
CDKN2A,69.0,28,False
CDKN2B-AS1,2.0,2,False
CDKN2B,8.0,8,False
RP11-408N14.1,0.0,0,False
DMRTA1,0.0,0,False
RP11-399D6.2,0.0,0,False
RP11-370B11.3,0.0,0,False
RP11-315I14.2,0.0,0,False
ELAVL2,0.0,0,False
RP11-321L2.1,0.0,0,False
RP11-321L2.2,0.0,0,False
IZUMO3,0.0,0,False
RP11-20A20.2,0.0,0,False
TUSC1,3.0,3,False
RP11-33G16.1,0.0,0,False
RP11-18A15.1,0.0,0,False
RP11-337A23.6,0.0,0,False
CAAP1,61.0,60,False
PLAA,66.0,63,False
IFT74,49.0,46,False
RP11-337A23.3,0.0,0,False
LRRC19,1.0,1,False
RP11-56F10.3,0.0,0,False
TEK,0.0,0,False
LINC00032,0.0,0,False
EQTN,0.0,0,False
MOB3B,15.0,15,False
RP11-298E2.2,0.0,0,False
IFNK,0.0,0,False
C9orf72,78.0,75,False
RP11-575I8.1,0.0,0,False
LINGO2,1.0,1,False
RP11-271O3.1,0.0,0,False
ACO1,21.0,21,False
DDX58,89.0,86,False
TOPORS,101.0,97,False
TOPORS-AS1,213.0,194,False
NDUFB6,441.0,356,False
GVQW1,4.0,4,False
TAF1L,0.0,0,False
RP11-555J4.4,0.0,0,False
RP11-555J4.3,0.0,0,False
TMEM215,0.0,0,False
RP11-462B18.2,0.0,0,False
APTX,99.0,94,False
DNAJA1,1081.0,797,False
SMU1,139.0,122,False
B4GALT1,107.0,102,False
RP11-326F20.5,9.0,9,False
SPINK4,0.0,0,False
BAG1,554.0,473,False
CHMP5,711.0,590,False
NFX1,109.0,101,False
AQP7,0.0,0,False
RP11-311H10.4,0.0,0,False
AQP3,728.0,448,False
NOL6,24.0,24,False
RP11-255A11.2,0.0,0,False
ANKRD18B,4.0,4,False
CYP4F26P,1.0,1,False
RP11-384P7.7,0.0,0,False
RP11-384P7.5,0.0,0,False
RP11-384P7.6,0.0,0,False
PRSS3,0.0,0,False
RP11-133O22.6,0.0,0,False
UBE2R2,230.0,193,False
RP11-176F3.7,0.0,0,False
UBAP2,48.0,41,False
RP11-537H15.3,0.0,0,False
DCAF12,71.0,68,False
UBAP1,117.0,116,False
KIF24,0.0,0,False
NUDT2,264.0,245,False
KIAA1161,1.0,1,False
C9orf24,3.0,3,False
FAM219A,19.0,18,False
DNAI1,0.0,0,False
ENHO,52.0,26,False
RP11-296L22.8,1.0,1,False
CNTFR,0.0,0,False
CNTFR-AS1,0.0,0,False
RPP25L,245.0,224,False
DCTN3,792.0,629,False
ARID3C,0.0,0,False
SIGMAR1,119.0,116,False
GALT,220.0,180,False
GALT-1,0.0,0,False
IL11RA,35.0,34,False
CCL27,6.0,6,False
RP11-195F19.5,15.0,15,False
RP11-195F19.9,4.0,4,False
CCL19,0.0,0,False
CCL21,0.0,0,False
FAM205A,0.0,0,False
KIAA1045,0.0,0,False
DNAJB5,6.0,6,False
C9orf131,0.0,0,False
FLJ00273,0.0,0,False
VCP,411.0,357,False
FANCG,25.0,23,False
PIGO,48.0,47,False
RP11-182N22.8,0.0,0,False
STOML2,463.0,346,False
FAM214B,66.0,63,False
UNC13B,1.0,1,False
AL160274.1,0.0,0,False
RUSC2,2.0,2,False
FAM166B,1.0,1,False
TESK1,32.0,30,False
CD72,158.0,122,False
RP11-331F9.3,1.0,1,False
RP11-331F9.4,1.0,1,False
SIT1,457.0,390,False
RMRP,2.0,2,False
CCDC107,595.0,456,False
ARHGEF39,10.0,9,False
CA9,0.0,0,False
TPM2,10.0,8,False
TLN1,392.0,340,False
CREB3,133.0,127,False
GBA2,37.0,36,False
RGP1,63.0,63,False
MSMP,3.0,2,False
RP11-112J3.15,1.0,1,False
RP11-112J3.16,9.0,9,False
NPR2,5.0,5,False
SPAG8,5.0,5,False
HINT2,393.0,352,False
TMEM8B,18.0,16,False
FAM221B,1.0,1,False
OR13J1,0.0,0,False
HRCT1,0.0,0,False
LINC00961,0.0,0,False
RP11-327L3.3,0.0,0,False
OR2S2,0.0,0,False
RECK,53.0,51,False
GLIPR2,763.0,599,False
CCIN,0.0,0,False
CLTA,1068.0,780,False
GNE,9.0,9,False
RNF38,76.0,74,False
MELK,1.0,1,False
PAX5,36.0,35,False
RP11-344B23.2,0.0,0,False
RP11-297B17.3,7.0,6,False
RP11-465M18.1,0.0,0,False
RP11-220I1.5,0.0,0,False
RP11-220I1.1,182.0,173,False
RP11-220I1.2,0.0,0,False
ZCCHC7,195.0,181,False
RP11-397D12.4,0.0,0,False
GRHPR,394.0,349,False
ZBTB5,8.0,8,False
POLR1E,83.0,80,False
RP11-613M10.6,0.0,0,False
FBXO10,6.0,6,False
RP11-613M10.8,0.0,0,False
TOMM5,167.0,157,False
RP11-613M10.9,0.0,0,False
FRMPD1,2.0,2,False
TRMT10B,89.0,87,False
EXOSC3,149.0,144,False
DCAF10,91.0,90,False
SLC25A51,35.0,35,False
SHB,0.0,0,False
RP11-113O24.3,0.0,0,False
ALDH1B1,20.0,20,False
IGFBPL1,0.0,0,False
ANKRD18A,10.0,7,False
ANKRD18A-1,0.0,0,False
FAM201A,14.0,14,False
RP11-402N8.1,0.0,0,False
CNTNAP3,0.0,0,False
SPATA31A1,0.0,0,False
FAM74A5,0.0,0,False
RP11-347J14.8,0.0,0,False
RP11-347J14.7,0.0,0,False
SPATA31A2,0.0,0,False
FAM74A1,0.0,0,False
RP11-95H8.5,0.0,0,False
AL353791.1,0.0,0,False
SPATA31A3,0.0,0,False
RP11-395E19.5,0.0,0,False
FAM74A3,0.0,0,False
RP11-395E19.7,0.0,0,False
ZNF658,0.0,0,False
RP11-95K23.6,0.0,0,False
RP11-95K23.5,0.0,0,False
FAM74A2,0.0,0,False
RP11-95K23.3,0.0,0,False
SPATA31A4,0.0,0,False
SPATA31A5,0.0,0,False
FAM74A6,0.0,0,False
RP11-144A16.5,0.0,0,False
RP11-204M4.2,0.0,0,False
RP11-216M21.5,0.0,0,False
RP11-216M21.7,0.0,0,False
ANKRD20A2,0.0,0,False
RP11-146D12.2,0.0,0,False
CBWD7,0.0,0,False
FOXD4L2,0.0,0,False
CYP4F59P,0.0,0,False
ANKRD20A3,0.0,0,False
RP11-327I22.4,0.0,0,False
AL513478.1,0.0,0,False
RP11-327I22.6,0.0,0,False
RP11-327I22.5,0.0,0,False
RP11-327I22.8,0.0,0,False
SPATA31A6,0.0,0,False
CNTNAP3B,0.0,0,False
RP11-175I6.5,0.0,0,False
BX088651.2,0.0,0,False
RP11-475I24.8,0.0,0,False
BX088651.1,0.0,0,False
RP11-475I24.3,0.0,0,False
RP11-160N1.9,0.0,0,False
RP11-160N1.10,0.0,0,False
FAM27C,0.0,0,False
RP11-374M1.5,0.0,0,False
RP11-374M1.4,0.0,0,False
RP11-374M1.3,0.0,0,False
RP11-374M1.2,0.0,0,False
RP11-449H15.2,0.0,0,False
RP11-187C18.5,0.0,0,False
AL354718.1,0.0,0,False
RP11-187C18.2,0.0,0,False
FAM27A,2.0,2,False
FAM27E2,0.0,0,False
RP11-292F9.1,0.0,0,False
RP11-292F9.2,0.0,0,False
FAM27E1,0.0,0,False
FAM27D1,0.0,0,False
RP11-111F5.3,0.0,0,False
RP11-111F5.4,0.0,0,False
RP11-111F5.8,0.0,0,False
RP11-211N8.7,0.0,0,False
RP11-211N8.2,0.0,0,False
AL953854.2,0.0,0,False
RP11-101E5.1,0.0,0,False
FAM74A4,0.0,0,False
SPATA31A7,0.0,0,False
RP11-118H15.1,0.0,0,False
RP11-262H14.1,14.0,14,False
RP11-262H14.3,55.0,54,False
RP11-262H14.4,23.0,22,False
RP11-318K12.2,0.0,0,False
RP11-381O7.3,0.0,0,False
RP11-38P6.1,0.0,0,False
FAM27E3,0.0,0,False
FAM27B,0.0,0,False
BX649567.1,0.0,0,False
ANKRD20A1,0.0,0,False
RP11-195B21.3,0.0,0,False
RP11-149F8.5,0.0,0,False
RP11-764K9.1,3.0,3,False
RP11-87H9.3,0.0,0,False
RP11-58A12.3,0.0,0,False
BX255923.3,0.0,0,False
FOXD4L6,0.0,0,False
CBWD6,21.0,21,False
BX255923.1,0.0,0,False
CR769776.1,0.0,0,False
ANKRD20A4,1.0,1,False
AL445665.1,0.0,0,False
FOXD4L5,0.0,0,False
FOXD4L4,0.0,0,False
CBWD5,40.0,40,False
AL591479.1,11.0,11,False
RP11-561O23.8,0.0,0,False
CBWD3,7.0,7,False
AL353608.1,0.0,0,False
FOXD4L3,0.0,0,False
RP11-561O23.5,0.0,0,False
RP11-561O23.7,0.0,0,False
PGM5,1.0,1,False
PGM5-AS1,0.0,0,False
RP11-88I18.2,0.0,0,False
TMEM252,0.0,0,False
RP11-274B18.4,0.0,0,False
RP11-274B18.2,29.0,27,False
PIP5K1B,18.0,18,False
FAM122A,141.0,135,False
RP11-203L2.4,0.0,0,False
PRKACG,0.0,0,False
FXN,202.0,162,False
TJP2,16.0,16,False
AL358113.1,0.0,0,False
FAM189A2,0.0,0,False
APBA1,1.0,1,False
RP11-470P21.2,0.0,0,False
RP11-109D9.4,1.0,1,False
PTAR1,76.0,76,False
C9orf135-AS1,0.0,0,False
C9orf135,0.0,0,False
MAMDC2,0.0,0,False
MAMDC2-AS1,2.0,2,False
SMC5-AS1,2.0,2,False
SMC5,94.0,90,False
KLF9,79.0,75,False
TRPM3,0.0,0,False
RP11-141J10.1,0.0,0,False
RP11-141J10.2,0.0,0,False
TMEM2,82.0,77,False
ABHD17B,88.0,52,False
C9orf85,100.0,99,False
C9orf57,0.0,0,False
GDA,0.0,0,False
RP11-63P12.7,0.0,0,False
RP11-63P12.6,41.0,40,False
ZFAND5,581.0,468,False
TMC1,0.0,0,False
RP11-151D14.1,0.0,0,False
ALDH1A1,31.0,27,False
ANXA1,4273.0,1593,False
RP11-128I7.1,0.0,0,False
RP11-171A24.2,0.0,0,False
RP11-171A24.3,0.0,0,False
RORB,0.0,0,False
TRPM6,0.0,0,False
C9orf40,15.0,14,False
RP11-197P3.4,5.0,5,False
C9orf41,62.0,62,False
NMRK1,294.0,269,False
OSTF1,1140.0,832,False
RP11-470F18.1,0.0,0,False
PCSK5,30.0,29,False
RFK,117.0,111,False
GCNT1,36.0,35,False
PRUNE2,2.0,2,False
PCA3,0.0,0,False
FOXB2,0.0,0,False
VPS13A-AS1,4.0,4,False
VPS13A,115.0,92,False
GNA14,0.0,0,False
RP11-466A17.1,0.0,0,False
GNAQ,57.0,55,False
CEP78,71.0,65,False
PSAT1,15.0,15,False
RP11-165H23.1,0.0,0,False
RP11-375O18.2,0.0,0,False
TLE4,339.0,295,False
RP11-403N16.2,0.0,0,False
RP11-403N16.3,0.0,0,False
RP11-394O9.1,0.0,0,False
RP11-289F5.1,0.0,0,False
TLE1,58.0,55,False
RP11-154D17.1,2.0,2,False
RP11-383M4.2,0.0,0,False
RP11-383M4.6,0.0,0,False
SPATA31D1,0.0,0,False
RP11-15B24.5,0.0,0,False
RP11-15B24.1,0.0,0,False
RP11-15B24.4,0.0,0,False
RASEF,0.0,0,False
RP11-439K3.1,0.0,0,False
FRMD3,8.0,5,False
RP11-439K3.3,1.0,1,False
IDNK,113.0,110,False
UBQLN1,200.0,190,False
RP11-522I20.3,16.0,16,False
GKAP1,18.0,18,False
RP11-575L7.2,0.0,0,False
RP11-575L7.4,0.0,0,False
KIF27,11.0,11,False
C9orf64,46.0,44,False
HNRNPK,2073.0,1332,False
RP11-575L7.8,17.0,11,False
RMI1,10.0,10,False
RP11-158D2.2,0.0,0,False
SLC28A3,0.0,0,False
RP11-380F14.2,0.0,0,False
NTRK2,0.0,0,False
AGTPBP1,96.0,91,False
RP11-202I11.2,0.0,0,False
RP11-213G2.2,0.0,0,False
NAA35,81.0,79,False
GOLM1,26.0,26,False
C9orf153,2.0,2,False
ISCA1,197.0,187,False
ZCCHC6,70.0,67,False
RP11-359J6.1,0.0,0,False
RP11-395D3.1,0.0,0,False
GAS1,1.0,1,False
RP11-276H19.1,0.0,0,False
RP11-276H19.2,0.0,0,False
C9orf170,0.0,0,False
DAPK1,38.0,37,False
CTSL,189.0,146,False
XXyac-YM21GA2.3,0.0,0,False
XXyac-YM21GA2.7,0.0,0,False
XXyac-YM21GA2.4,0.0,0,False
SPATA31E1,0.0,0,False
CDK20,8.0,8,False
SPIN1,64.0,51,False
NXNL2,0.0,0,False
RP13-60M5.2,0.0,0,False
RP11-791O21.5,0.0,0,False
C9orf47,3.0,3,False
S1PR3,7.0,7,False
RP11-82L18.4,0.0,0,False
SHC3,0.0,0,False
CKS2,116.0,104,False
SECISBP2,234.0,217,False
SEMA4D,241.0,227,False
GADD45G,34.0,30,False
RP11-316P17.2,0.0,0,False
RP5-1050E16.2,0.0,0,False
RP5-1050E16.1,0.0,0,False
RP11-406A20.1,0.0,0,False
RP11-406A20.4,0.0,0,False
RP11-389K14.3,0.0,0,False
RP11-555F9.2,0.0,0,False
DIRAS2,0.0,0,False
SYK,240.0,213,False
RP11-367F23.1,0.0,0,False
RP11-367F23.2,0.0,0,False
RP11-305L7.1,6.0,6,False
RP11-305L7.6,0.0,0,False
RP11-305L7.3,6.0,5,False
LINC00484,0.0,0,False
RP11-305L7.7,3.0,3,False
AUH,79.0,78,False
NFIL3,19.0,18,False
RP11-440G5.2,0.0,0,False
ROR2,1.0,1,False
SPTLC1,40.0,37,False
RP11-100G15.10,0.0,0,False
RP11-62C3.6,0.0,0,False
IARS,104.0,99,False
NOL8,97.0,93,False
CENPP,18.0,18,False
OGN,0.0,0,False
OMD,0.0,0,False
ASPN,0.0,0,False
ECM2,1.0,1,False
IPPK,30.0,28,False
BICD2,59.0,57,False
ZNF484,9.0,9,False
FGD3,262.0,245,False
SUSD3,473.0,379,False
RP11-274J16.5,0.0,0,False
C9orf89,345.0,296,False
NINJ1,561.0,416,False
RP11-370F5.4,0.0,0,False
WNK2,0.0,0,False
C9orf129,0.0,0,False
RP11-165J3.5,0.0,0,False
RP11-165J3.6,1.0,1,False
FAM120AOS,139.0,134,False
FAM120A,153.0,108,False
PHF2,20.0,20,False
RP11-53B5.1,0.0,0,False
BARX1,0.0,0,False
RP11-231K24.2,0.0,0,False
PTPDC1,13.0,13,False
RP11-2B6.3,0.0,0,False
RP11-2B6.2,1.0,1,False
MIRLET7DHG,0.0,0,False
ZNF169,24.0,24,False
NUTM2F,0.0,0,False
RP11-307E17.8,1.0,1,False
HIATL1,53.0,53,False
PCAT7,1.0,1,False
FBP2,0.0,0,False
FBP1,203.0,164,False
C9orf3,19.0,19,False
RP11-54O15.3,0.0,0,False
FANCC,4.0,4,False
RP11-80I15.4,0.0,0,False
RP11-435O5.7,0.0,0,False
RP11-435O5.2,0.0,0,False
PTCH1,13.0,13,False
RP11-435O5.6,0.0,0,False
RP11-435O5.5,2.0,2,False
RP11-435O5.4,0.0,0,False
RP11-332M4.1,0.0,0,False
RP11-180I4.2,0.0,0,False
DKFZP434H0512,0.0,0,False
ERCC6L2,42.0,35,False
LINC00092,10.0,10,False
RP11-569G13.2,0.0,0,False
HSD17B3,2.0,2,False
RP11-240L7.4,0.0,0,False
SLC35D2,36.0,36,False
ZNF367,8.0,8,False
HABP4,27.0,27,False
CDC14B,14.0,13,False
AAED1,147.0,137,False
RP11-535M15.1,1.0,1,False
ZNF510,16.0,16,False
ZNF782,18.0,18,False
HIATL2,15.0,15,False
NUTM2G,0.0,0,False
CTSV,2.0,2,False
RP11-498P14.3,0.0,0,False
RP11-498P14.5,9.0,9,False
RP11-498P14.4,0.0,0,False
CCDC180,12.0,12,False
TDRD7,38.0,38,False
TMOD1,4.0,4,False
RP11-244N9.6,0.0,0,False
TSTD2,25.0,25,False
NCBP1,53.0,50,False
RP11-244N9.4,1.0,1,False
XPA,255.0,238,False
RP11-546O6.4,0.0,0,False
RP11-23B15.1,0.0,0,False
FOXE1,0.0,0,False
C9orf156,79.0,79,False
HEMGN,17.0,15,False
ANP32B,1763.0,1181,False
RP11-535C21.3,0.0,0,False
NANS,396.0,311,False
TRIM14,176.0,143,False
CORO2A,26.0,26,False
TBC1D2,38.0,37,False
GABBR2,0.0,0,False
ANKS6,9.0,9,False
GALNT12,5.0,5,False
RP11-92C4.3,1.0,1,False
COL15A1,0.0,0,False
RP11-92C4.6,0.0,0,False
TGFBR1,29.0,27,False
RP11-96L7.2,0.0,0,False
ALG2,85.0,82,False
SEC61B,1216.0,863,False
NAMA,0.0,0,False
RP11-547C13.1,0.0,0,False
RP11-554F20.1,0.0,0,False
NR4A3,20.0,20,False
RP11-60I3.5,8.0,8,False
STX17,104.0,92,False
RP11-60I3.4,0.0,0,False
ERP44,620.0,474,False
INVS,16.0,15,False
TEX10,35.0,35,False
MSANTD3,21.0,21,False
MSANTD3-TMEFF1,0.0,0,False
TMEFF1,0.0,0,False
MURC,1.0,1,False
LPPR1,0.0,0,False
BAAT,0.0,0,False
MRPL50,128.0,125,False
ZNF189,15.0,15,False
ALDOB,0.0,0,False
RP11-490D19.6,0.0,0,False
TMEM246,0.0,0,False
RNF20,78.0,74,False
GRIN3A,1.0,1,False
PPP3R2,0.0,0,False
LINC00587,0.0,0,False
CYLC2,0.0,0,False
RP11-341A22.2,0.0,0,False
RP11-436F21.1,0.0,0,False
RP11-82L2.1,1.0,1,False
SMC2,120.0,58,False
OR13F1,0.0,0,False
OR13C4,0.0,0,False
OR13C3,0.0,0,False
OR13C8,0.0,0,False
OR13C5,0.0,0,False
OR13C2,0.0,0,False
OR13C9,0.0,0,False
OR13D1,0.0,0,False
NIPSNAP3A,205.0,186,False
NIPSNAP3B,6.0,5,False
ABCA1,5.0,5,False
RP11-217B7.2,2.0,2,False
RP11-217B7.3,2.0,2,False
SLC44A1,66.0,61,False
FSD1L,7.0,7,False
RP11-235C23.5,2.0,2,False
FKTN,11.0,11,False
TAL2,0.0,0,False
TMEM38B,92.0,89,False
RP11-6F6.1,0.0,0,False
RP11-308N19.1,4.0,4,False
RP11-540H22.2,0.0,0,False
RP11-308N19.3,0.0,0,False
RP11-308N19.4,1.0,1,False
ZNF462,0.0,0,False
RP11-508N12.4,0.0,0,False
RP11-508N12.2,0.0,0,False
RP11-196I18.4,0.0,0,False
RAD23B,345.0,316,False
RP11-363D24.1,0.0,0,False
KLF4,478.0,320,False
AL162389.1,0.0,0,False
RP11-505C13.1,0.0,0,False
RP11-339N8.1,0.0,0,False
ACTL7B,0.0,0,False
ACTL7A,0.0,0,False
IKBKAP,41.0,41,False
FAM206A,27.0,27,False
CTNNAL1,17.0,14,False
TMEM245,70.0,70,False
FRRS1L,2.0,2,False
EPB41L4B,0.0,0,False
PTPN3,0.0,0,False
PALM2,0.0,0,False
RP11-406O23.2,0.0,0,False
PALM2-AKAP2,0.0,0,False
AKAP2,1.0,1,False
C9orf152,0.0,0,False
TXN,712.0,540,False
TXNDC8,0.0,0,False
SVEP1,0.0,0,False
RP11-410K21.2,0.0,0,False
MUSK,0.0,0,False
LPAR1,0.0,0,False
RP11-202G18.1,0.0,0,False
OR2K2,0.0,0,False
KIAA0368,56.0,54,False
ZNF483,8.0,8,False
PTGR1,2.0,2,False
RP11-16L21.7,1.0,1,False
DNAJC25,28.0,28,False
DNAJC25-GNG10,0.0,0,False
GNG10,57.0,56,False
C9orf84,0.0,0,False
UGCG,53.0,49,False
SUSD1,44.0,40,False
PTBP3,130.0,126,False
HSDL2,77.0,73,False
C9orf147,4.0,3,False
KIAA1958,15.0,15,False
INIP,138.0,106,False
RP11-276E15.4,0.0,0,False
SNX30,32.0,31,False
SLC46A2,26.0,25,False
RP11-408O19.5,0.0,0,False
ZNF883,8.0,7,False
ZFP37,4.0,4,False
FAM225B,0.0,0,False
FAM225A,2.0,1,False
SLC31A2,352.0,237,False
FKBP15,143.0,134,False
SLC31A1,29.0,29,False
CDC26,12.0,12,False
PRPF4,81.0,78,False
RNF183,0.0,0,False
WDR31,1.0,1,False
BSPRY,3.0,3,False
HDHD3,110.0,109,False
ALAD,65.0,63,False
POLE3,205.0,194,False
C9orf43,1.0,1,False
RGS3,91.0,86,False
RP11-168K11.2,0.0,0,False
RP11-168K11.3,0.0,0,False
RP11-18B16.2,0.0,0,False
ZNF618,11.0,11,False
AMBP,0.0,0,False
KIF12,0.0,0,False
COL27A1,1.0,1,False
ORM1,1.0,1,False
ORM2,0.0,0,False
AKNA,421.0,389,False
RP11-9M16.2,1.0,1,False
DFNB31,17.0,17,False
ATP6V1G1,2814.0,1636,False
C9orf91,36.0,33,False
RP11-402G3.5,0.0,0,False
RP11-402G3.3,0.0,0,False
TNFSF15,2.0,2,False
TNFSF8,37.0,36,False
TNC,1.0,1,False
RP11-523L1.2,0.0,0,False
DEC1,0.0,0,False
RP11-445L6.3,0.0,0,False
RP11-284G10.1,0.0,0,False
LINC00474,0.0,0,False
RP11-787B4.2,0.0,0,False
PAPPA,1.0,1,False
PAPPA-AS2,0.0,0,False
RP11-45A16.4,0.0,0,False
PAPPA-AS1,0.0,0,False
ASTN2,9.0,9,False
RP11-264C15.2,0.0,0,False
RP11-67K19.3,0.0,0,False
TRIM32,15.0,15,False
RP11-388N2.1,0.0,0,False
RP11-500B12.1,0.0,0,False
TLR4,40.0,40,False
RP11-281A20.2,0.0,0,False
RP11-281A20.1,0.0,0,False
RP11-349E4.1,0.0,0,False
RP11-127L21.1,0.0,0,False
BRINP1,0.0,0,False
RP11-295D22.1,0.0,0,False
RP11-360A18.2,0.0,0,False
RP11-360A18.1,0.0,0,False
CDK5RAP2,54.0,53,False
MEGF9,80.0,73,False
FBXW2,140.0,134,False
PSMD5,65.0,64,False
PSMD5-AS1,322.0,299,False
PHF19,132.0,116,False
TRAF1,77.0,75,False
C5,3.0,3,False
CNTRL,164.0,155,False
RAB14,302.0,279,False
GSN,165.0,135,False
RP11-477J21.6,0.0,0,False
GSN-AS1,1.0,1,False
STOM,237.0,222,False
AL161784.1,1.0,1,False
RP11-162D16.2,0.0,0,False
DAB2IP,1.0,1,False
RP11-524G24.2,0.0,0,False
TTLL11,12.0,12,False
NDUFA8,436.0,398,False
MORN5,0.0,0,False
LHX6,0.0,0,False
RBM18,139.0,131,False
MRRF,80.0,76,False
RP11-498E2.7,0.0,0,False
RP11-498E2.8,1.0,1,False
PTGS1,36.0,33,False
AL162424.1,0.0,0,False
RP11-542K23.10,0.0,0,False
RP11-542K23.7,0.0,0,False
RP11-542K23.9,0.0,0,False
OR1J1,0.0,0,False
OR1J2,0.0,0,False
OR1J4,0.0,0,False
OR1N1,0.0,0,False
OR1N2,0.0,0,False
OR1L8,0.0,0,False
RP11-64P14.7,0.0,0,False
OR1Q1,0.0,0,False
OR1B1,0.0,0,False
OR1L1,0.0,0,False
OR1L3,0.0,0,False
OR1L4,0.0,0,False
OR1L6,0.0,0,False
OR5C1,0.0,0,False
PDCL,93.0,88,False
OR1K1,0.0,0,False
RC3H2,61.0,58,False
ZBTB6,10.0,10,False
ZBTB26,5.0,5,False
RABGAP1,51.0,49,False
GPR21,1.0,1,False
STRBP,92.0,87,False
CRB2,1.0,1,False
DENND1A,69.0,63,False
RP11-230L22.4,0.0,0,False
RP11-417B4.2,0.0,0,False
LHX2,0.0,0,False
RP11-85O21.2,0.0,0,False
RP11-85O21.5,0.0,0,False
NEK6,43.0,42,False
RP11-121A14.2,0.0,0,False
PSMB7,1109.0,849,False
GPR144,0.0,0,False
NR5A1,0.0,0,False
RP11-10J18.3,0.0,0,False
NR6A1,2.0,2,False
MIR181A2HG,4.0,4,False
RP11-175D17.3,0.0,0,False
OLFML2A,0.0,0,False
WDR38,0.0,0,False
RPL35,17742.0,2618,False
ARPC5L,664.0,504,False
GOLGA1,30.0,30,False
SCAI,89.0,48,False
PPP6C,451.0,299,False
RABEPK,100.0,94,False
HSPA5,704.0,536,False
RP11-65N13.8,1.0,1,False
GAPVD1,85.0,83,False
MAPKAP1,153.0,143,False
RP11-12A16.3,0.0,0,False
RP11-423C15.3,0.0,0,False
PBX3,29.0,28,False
RP11-343J18.2,0.0,0,False
RP11-343J18.1,0.0,0,False
MVB12B,26.0,26,False
RP11-205K6.1,0.0,0,False
RP11-205K6.2,0.0,0,False
RP11-123K19.1,0.0,0,False
LMX1B,0.0,0,False
RP11-489N22.3,0.0,0,False
ZBTB43,66.0,62,False
ZBTB34,1.0,1,False
RALGPS1,15.0,15,False
ANGPTL2,0.0,0,False
RP13-225O21.2,0.0,0,False
GARNL3,2.0,2,False
SLC2A8,32.0,30,False
ZNF79,10.0,10,False
RPL12,31199.0,2676,False
LRSAM1,22.0,21,False
FAM129B,16.0,15,False
STXBP1,5.0,5,False
PTRH1,106.0,102,False
C9orf117,0.0,0,False
TTC16,35.0,33,False
TOR2A,207.0,176,False
SH2D3C,112.0,104,False
CDK9,122.0,114,False
FPGS,102.0,101,False
ENG,27.0,26,False
RP11-228B15.4,2.0,2,False
AK1,22.0,22,False
ST6GALNAC6,103.0,97,False
ST6GALNAC4,56.0,53,False
PIP5KL1,0.0,0,False
RP11-203J24.8,4.0,4,False
DPM2,229.0,212,False
FAM102A,227.0,203,False
RP11-379C10.1,0.0,0,False
NAIF1,41.0,40,False
SLC25A25,64.0,61,False
RP11-379C10.4,0.0,0,False
RP11-395P17.11,1.0,1,False
RP11-395P17.3,2.0,2,False
PTGES2,204.0,152,False
AL590708.2,0.0,0,False
LCN2,7.0,3,False
C9orf16,1422.0,977,False
CIZ1,97.0,95,False
DNM1,0.0,0,False
GOLGA2,71.0,64,False
SWI5,141.0,135,False
AL359091.2,2.0,2,False
RP11-339B21.15,0.0,0,False
RP11-339B21.14,0.0,0,False
TRUB2,94.0,84,False
RP11-339B21.13,4.0,4,False
COQ4,167.0,164,False
SLC27A4,8.0,8,False
URM1,401.0,340,False
RP11-339B21.11,7.0,7,False
MIR219-2,0.0,0,False
CERCAM,5.0,5,False
ODF2,67.0,66,False
ODF2-AS1,0.0,0,False
GLE1,74.0,74,False
RP11-216B9.6,3.0,3,False
SPTAN1,167.0,158,False
WDR34,40.0,38,False
HMGA1P4,20.0,19,False
SET,417.0,373,False
PKN3,3.0,3,False
ZDHHC12,354.0,315,False
RP11-545E17.3,42.0,42,False
ZER1,18.0,18,False
TBC1D13,31.0,31,False
ENDOG,44.0,42,False
C9orf114,101.0,97,False
CCBL1,27.0,25,False
LRRC8A,56.0,55,False
PHYHD1,5.0,5,False
RP11-101E3.5,0.0,0,False
DOLK,18.0,18,False
NUP188,25.0,25,False
RP11-167N5.5,0.0,0,False
SH3GLB2,43.0,42,False
FAM73B,37.0,36,False
DOLPP1,25.0,25,False
CRAT,50.0,50,False
RP11-247A12.1,0.0,0,False
PPP2R4,119.0,112,False
RP11-247A12.7,0.0,0,False
IER5L,13.0,13,False
RP11-247A12.8,0.0,0,False
RP11-247A12.2,6.0,3,False
RP11-344B5.4,0.0,0,False
RP11-344B5.3,0.0,0,False
RP11-344B5.2,2.0,2,False
RP11-65J3.15,0.0,0,False
RP11-65J3.1,50.0,47,False
RP11-65J3.3,0.0,0,False
RP11-65J3.2,0.0,0,False
RP11-65J3.14,0.0,0,False
RP11-492E3.51,2.0,2,False
RP11-492E3.2,4.0,4,False
NTMT1,202.0,189,False
C9orf50,0.0,0,False
ASB6,48.0,47,False
RP11-483H20.4,0.0,0,False
PRRX2,0.0,0,False
RP11-483H20.6,0.0,0,False
PTGES,0.0,0,False
TOR1B,43.0,42,False
TOR1A,228.0,206,False
C9orf78,1009.0,787,False
USP20,81.0,67,False
FNBP1,684.0,569,False
RP11-409K20.6,0.0,0,False
RP11-138E2.1,0.0,0,False
GPR107,35.0,34,False
AL360004.1,0.0,0,False
NCS1,1.0,1,False
HMCN2,0.0,0,False
AL354898.1,0.0,0,False
ASS1,0.0,0,False
FUBP3,120.0,116,False
PRDM12,0.0,0,False
EXOSC2,70.0,67,False
ABL1,36.0,34,False
QRFP,0.0,0,False
FIBCD1,8.0,7,False
RP11-83J21.3,0.0,0,False
LAMC3,0.0,0,False
AIF1L,0.0,0,False
NUP214,551.0,391,False
RP11-544A12.4,3.0,3,False
RP11-544A12.8,54.0,53,False
FAM78A,127.0,118,False
PPAPDC3,1.0,1,False
PRRC2B,132.0,129,False
POMT1,90.0,49,False
RP11-334J6.6,1.0,1,False
UCK1,131.0,94,False
RAPGEF1,82.0,81,False
RP11-323H21.3,0.0,0,False
MED27,77.0,68,False
NTNG2,5.0,5,False
SETX,159.0,133,False
TTF1,137.0,124,False
C9orf171,0.0,0,False
BARHL1,0.0,0,False
DDX31,15.0,15,False
GTF3C4,9.0,9,False
AK8,4.0,4,False
C9orf9,6.0,6,False
TSC1,31.0,30,False
GFI1B,21.0,12,False
GTF3C5,91.0,90,False
CEL,0.0,0,False
RALGDS,62.0,59,False
GBGT1,78.0,33,False
OBP2B,0.0,0,False
SURF6,141.0,62,False
MED22,42.0,41,False
RPL7A,21211.0,2635,False
SURF1,608.0,465,False
SURF2,277.0,251,False
SURF4,285.0,266,False
C9orf96,4.0,4,False
REXO4,157.0,154,False
ADAMTS13,1.0,1,False
CACFD1,10.0,9,False
SLC2A6,142.0,127,False
TMEM8C,0.0,0,False
ADAMTSL2,0.0,0,False
FAM163B,0.0,0,False
LL09NC01-254D11.1,0.0,0,False
DBH,0.0,0,False
DBH-AS1,0.0,0,False
SARDH,15.0,14,False
VAV2,18.0,18,False
LINC00094,42.0,41,False
BRD3,82.0,81,False
RP11-374P20.4,0.0,0,False
LL09NC01-251B2.3,1.0,1,False
WDR5,65.0,58,False
LL09NC01-139C3.1,0.0,0,False
RP11-145E17.2,0.0,0,False
RXRA,231.0,148,False
RP11-473E2.2,0.0,0,False
RP11-473E2.4,0.0,0,False
RP11-473E2.3,0.0,0,False
COL5A1,2.0,2,False
COL5A1-AS1,0.0,0,False
FCN2,0.0,0,False
FCN1,4189.0,793,False
RP11-447M12.2,1.0,1,False
OLFM1,10.0,8,False
RP11-399H11.3,0.0,0,False
RP11-399H11.2,0.0,0,False
AL390778.1,0.0,0,False
C9orf62,0.0,0,False
RP11-555H7.2,0.0,0,False
PPP1R26-AS1,0.0,0,False
PPP1R26,6.0,6,False
C9orf116,3.0,3,False
MRPS2,172.0,164,False
RP11-426A6.5,0.0,0,False
LCN1,0.0,0,False
OBP2A,0.0,0,False
PAEP,0.0,0,False
RP11-98L5.2,0.0,0,False
RP11-98L5.5,0.0,0,False
GLT6D1,0.0,0,False
LCN9,0.0,0,False
SOHLH1,0.0,0,False
KCNT1,0.0,0,False
CAMSAP1,32.0,32,False
RP11-432J22.2,0.0,0,False
UBAC1,119.0,115,False
NACC2,38.0,37,False
RP11-83N9.5,6.0,6,False
C9orf69,86.0,70,False
LHX3,0.0,0,False
QSOX2,18.0,18,False
WI2-1959D15.1,0.0,0,False
DKFZP434A062,0.0,0,False
GPSM1,1.0,1,False
DNLZ,11.0,11,False
CARD9,62.0,56,False
SNAPC4,23.0,22,False
SDCCAG3,33.0,33,False
PMPCA,120.0,110,False
INPP5E,14.0,14,False
SEC16A,75.0,72,False
C9orf163,2.0,2,False
NOTCH1,54.0,54,False
RP11-413M3.4,0.0,0,False
RP11-611D20.2,2.0,2,False
RP11-251M1.1,1.0,1,False
EGFL7,15.0,10,False
AGPAT2,218.0,206,False
FAM69B,1.0,1,False
SNHG7,974.0,712,False
LCN6,0.0,0,False
LCN10,1.0,1,False
LCN6-1,0.0,0,False
LCN8,45.0,42,False
LCN15,0.0,0,False
TMEM141,376.0,294,False
RP11-216L13.17,0.0,0,False
CCDC183,5.0,5,False
CCDC183-AS1,2.0,2,False
RABL6,194.0,117,False
C9orf172,0.0,0,False
PHPT1,579.0,440,False
MAMDC4,28.0,27,False
EDF1,3163.0,1724,False
TRAF2,66.0,65,False
FBXW5,439.0,364,False
C8G,1.0,1,False
LCN12,0.0,0,False
C9orf141,0.0,0,False
PTGDS,66.0,32,False
LCNL1,4.0,3,False
C9orf142,878.0,654,False
CLIC3,308.0,166,False
ABCA2,27.0,27,False
C9orf139,21.0,20,False
FUT7,123.0,105,False
RP11-229P13.20,11.0,11,False
NPDC1,100.0,84,False
ENTPD2,0.0,0,False
RP11-229P13.15,0.0,0,False
RP11-229P13.22,0.0,0,False
SAPCD2,3.0,3,False
RP11-229P13.23,0.0,0,False
UAP1L1,19.0,18,False
AL807752.1,1.0,1,False
MAN1B1,117.0,113,False
DPP7,698.0,591,False
GRIN1,0.0,0,False
LRRC26,8.0,3,False
TMEM210,0.0,0,False
ANAPC2,74.0,71,False
SSNA1,711.0,603,False
TPRN,9.0,9,False
TMEM203,236.0,214,False
NDOR1,14.0,14,False
RNF208,2.0,2,False
C9orf169,3.0,3,False
RNF224,0.0,0,False
SLC34A3,0.0,0,False
TUBB4B,445.0,365,False
FAM166A,1.0,1,False
C9orf173,0.0,0,False
NELFB,73.0,44,False
TOR4A,38.0,36,False
NRARP,1.0,1,False
EXD3,27.0,26,False
NOXA1,24.0,24,False
ENTPD8,0.0,0,False
NSMF,52.0,50,False
PNPLA7,11.0,11,False
MRPL41,519.0,420,False
DPH7,95.0,92,False
ZMYND19,8.0,8,False
ARRDC1,310.0,280,False
C9orf37,75.0,46,False
EHMT1,102.0,96,False
RP11-188C12.3,0.0,0,False
CACNA1B,0.0,0,False
RP11-885N19.6,1.0,1,False
FAM157B,2.0,2,False
TUBB8,1.0,1,False
ZMYND11,47.0,47,False
DIP2C,9.0,9,False
RP11-490E15.2,0.0,0,False
RP11-809C18.3,0.0,0,False
PRR26,0.0,0,False
RP11-809C18.4,0.0,0,False
RP11-164C1.2,0.0,0,False
LARP4B,99.0,98,False
RP11-363N22.2,0.0,0,False
AL359878.1,0.0,0,False
GTPBP4,160.0,151,False
IDI2,0.0,0,False
IDI2-AS1,2.0,2,False
IDI1,401.0,317,False
WDR37,91.0,86,False
LINC00200,0.0,0,False
ADARB2,1.0,1,False
ADARB2-AS1,0.0,0,False
LINC00700,0.0,0,False
RP11-69C17.2,0.0,0,False
RP11-69C17.3,0.0,0,False
RP11-69C17.4,0.0,0,False
LINC00701,0.0,0,False
RP11-446F3.2,0.0,0,False
RP11-526P5.1,0.0,0,False
RP11-526P5.2,0.0,0,False
RP11-118K6.2,0.0,0,False
RP11-118K6.3,0.0,0,False
PFKP,137.0,127,False
PITRM1,72.0,68,False
RP11-298E9.5,0.0,0,False
RP11-298E9.6,0.0,0,False
RP11-195B3.1,0.0,0,False
RP11-482E14.1,0.0,0,False
RP11-482E14.2,0.0,0,False
RP11-184A2.3,0.0,0,False
RP11-184A2.2,1.0,1,False
KLF6,4265.0,1740,False
RP11-464C19.2,0.0,0,False
RP11-464C19.3,0.0,0,False
RP11-433J20.2,0.0,0,False
RP11-433J20.1,1.0,1,False
LINC00702,0.0,0,False
LINC00703,0.0,0,False
RP11-34C15.2,0.0,0,False
LINC00704,0.0,0,False
LINC00705,0.0,0,False
AKR1E2,6.0,6,False
AKR1C1,1.0,1,False
AKR1C2,0.0,0,False
RP11-499O7.7,0.0,0,False
AKR1C3,170.0,106,False
AKR1CL1,3.0,3,False
AKR1C4,0.0,0,False
RP11-445P17.3,0.0,0,False
RP11-445P17.8,0.0,0,False
UCN3,0.0,0,False
TUBAL3,0.0,0,False
NET1,21.0,21,False
CALML5,0.0,0,False
CALML3-AS1,0.0,0,False
CALML3,0.0,0,False
RP11-116G8.5,0.0,0,False
RP13-463N16.6,0.0,0,False
RP11-336A10.5,0.0,0,False
RP11-336A10.4,0.0,0,False
ASB13,22.0,22,False
FAM208B,55.0,53,False
RP11-336A10.2,2.0,2,False
GDI2,1271.0,817,False
RP11-318E3.9,15.0,14,False
ANKRD16,19.0,18,False
FBXO18,133.0,126,False
RP11-536K7.3,13.0,12,False
IL15RA,52.0,50,False
IL2RA,47.0,43,False
RP11-536K7.5,0.0,0,False
RBM17,542.0,427,False
PFKFB3,42.0,38,False
RP11-414H17.5,0.0,0,False
RP11-563J2.2,1.0,1,False
DKFZP667F0711,0.0,0,False
PRKCQ,74.0,72,False
PRKCQ-AS1,571.0,450,False
RP11-554I8.1,0.0,0,False
RP11-554I8.2,0.0,0,False
LINC00707,0.0,0,False
RP11-799O21.2,0.0,0,False
RP11-393K12.2,0.0,0,False
SFMBT2,21.0,21,False
RP5-1031D4.2,0.0,0,False
RP11-385N23.1,0.0,0,False
ITIH5,1.0,1,False
ITIH2,0.0,0,False
KIN,156.0,149,False
ATP5C1,1198.0,830,False
TAF3,148.0,136,False
GATA3-AS1,1.0,1,False
RP11-379F12.4,0.0,0,False
RP11-379F12.3,0.0,0,False
GATA3,240.0,212,False
LINC00708,0.0,0,False
RP5-1119O21.2,0.0,0,False
RP11-543F8.2,0.0,0,False
RP11-428L9.1,0.0,0,False
RP11-428L9.2,0.0,0,False
LINC00709,0.0,0,False
RP5-1051H14.2,0.0,0,False
RP5-933E2.1,0.0,0,False
RP11-271F18.1,0.0,0,False
RP11-271F18.4,0.0,0,False
SFTA1P,0.0,0,False
RP1-251M9.2,0.0,0,False
CELF2,761.0,637,False
RP1-251M9.3,0.0,0,False
CELF2-AS2,0.0,0,False
RP3-323N1.2,1.0,1,False
CELF2-AS1,6.0,6,False
USP6NL,32.0,30,False
RP11-138I18.1,0.0,0,False
RP11-138I18.2,3.0,3,False
ECHDC3,7.0,7,False
PROSER2,0.0,0,False
PROSER2-AS1,0.0,0,False
UPF2,225.0,211,False
DHTKD1,29.0,29,False
SEC61A2,11.0,11,False
NUDT5,419.0,316,False
CDC123,447.0,360,False
RP11-186N15.3,0.0,0,False
CAMK1D,183.0,141,False
CCDC3,3.0,3,False
OPTN,460.0,386,False
MCM10,32.0,5,False
UCMA,0.0,0,False
PHYH,95.0,90,False
AL138764.1,0.0,0,False
SEPHS1,73.0,71,False
RP11-445K13.2,0.0,0,False
BEND7,1.0,1,False
RP11-214D15.2,0.0,0,False
PRPF18,264.0,235,False
RP11-295P9.3,27.0,24,False
FRMD4A,3.0,3,False
RP11-295P9.12,1.0,1,False
RP11-295P9.8,0.0,0,False
RP11-295P9.6,0.0,0,False
RP11-353M9.1,0.0,0,False
RP11-142M10.2,1.0,1,False
RP11-397C18.2,0.0,0,False
FAM107B,519.0,399,False
RP11-7C6.1,0.0,0,False
CDNF,8.0,7,False
HSPA14,142.0,137,False
RP11-398C13.6,10.0,10,False
SUV39H2,10.0,9,False
DCLRE1C,112.0,106,False
MEIG1,6.0,5,False
OLAH,0.0,0,False
ACBD7,1.0,1,False
C10orf111,3.0,3,False
RPP38,197.0,189,False
NMT2,139.0,136,False
FAM171A1,7.0,7,False
RP11-25G10.2,0.0,0,False
ITGA8,0.0,0,False
FAM188A,47.0,47,False
RP11-461K13.1,0.0,0,False
PTER,64.0,64,False
C1QL3,0.0,0,False
RSU1,356.0,320,False
CUBN,3.0,3,False
RP11-406H21.2,1.0,1,False
TRDMT1,34.0,34,False
VIM-AS1,240.0,227,False
VIM,10135.0,2148,False
RP11-124N14.3,24.0,24,False
ST8SIA6,2.0,2,False
ST8SIA6-AS1,1.0,1,False
PTPLA,6.0,6,False
RP11-390B4.5,7.0,6,False
STAM,34.0,34,False
RP11-390B4.3,0.0,0,False
TMEM236,0.0,0,False
MRC1L1,1.0,1,False
TMEM236-1,0.0,0,False
MRC1,0.0,0,False
RP11-457D2.3,0.0,0,False
SLC39A12,0.0,0,False
SLC39A12-AS1,0.0,0,False
CACNB2,0.0,0,False
RP11-499P20.2,8.0,8,False
RP11-383B4.4,0.0,0,False
NSUN6,34.0,34,False
RP11-139J15.7,0.0,0,False
ARL5B-AS1,10.0,10,False
ARL5B,24.0,24,False
RP11-139J15.5,0.0,0,False
MALRD1,0.0,0,False
RP11-49L2.1,0.0,0,False
RP11-354E11.2,2.0,2,False
PLXDC2,46.0,43,False
RP11-575A19.2,0.0,0,False
NEBL,0.0,0,False
C10orf113,0.0,0,False
NEBL-AS1,0.0,0,False
RP11-275N1.1,0.0,0,False
CASC10,0.0,0,False
SKIDA1,1.0,1,False
MLLT10,149.0,130,False
DNAJC1,293.0,255,False
EBLN1,0.0,0,False
RP11-108B14.5,0.0,0,False
RP11-573G6.6,0.0,0,False
COMMD3,422.0,344,False
COMMD3-BMI1,0.0,0,False
BMI1,42.0,42,False
RP11-573G6.9,0.0,0,False
RP11-573G6.8,0.0,0,False
RP11-573G6.10,0.0,0,False
SPAG6,0.0,0,False
PIP4K2A,67.0,64,False
ARMC3,1.0,1,False
MSRB2,176.0,160,False
PTF1A,0.0,0,False
C10orf115,0.0,0,False
C10orf67,0.0,0,False
RP11-371A19.2,0.0,0,False
OTUD1,91.0,82,False
KIAA1217,0.0,0,False
AL353583.1,0.0,0,False
ARHGAP21,25.0,24,False
PRTFDC1,8.0,8,False
RP11-165A20.3,2.0,2,False
ENKUR,11.0,6,False
THNSL1,14.0,14,False
RP11-80K21.3,0.0,0,False
GPR158-AS1,0.0,0,False
GPR158,0.0,0,False
RP11-435M3.2,0.0,0,False
MYO3A,0.0,0,False
GAD2,0.0,0,False
APBB1IP,527.0,437,False
RP11-128B16.3,0.0,0,False
LINC00264,8.0,8,False
LINC00202-2,0.0,0,False
RP13-16H11.7,0.0,0,False
RP13-16H11.2,0.0,0,False
PDSS1,34.0,33,False
RP13-16H11.5,0.0,0,False
ABI1,381.0,351,False
LINC00202-1,0.0,0,False
LINC00614,0.0,0,False
ANKRD26,57.0,57,False
YME1L1,528.0,468,False
MASTL,16.0,16,False
ACBD5,64.0,61,False
RP11-85G18.6,0.0,0,False
RP11-748L13.6,0.0,0,False
PTCHD3,0.0,0,False
RAB18,365.0,336,False
MKX,0.0,0,False
RP11-360I20.2,0.0,0,False
ARMC4,0.0,0,False
RP11-218D6.4,0.0,0,False
MPP7,69.0,66,False
RP11-351M16.3,0.0,0,False
WAC-AS1,163.0,152,False
WAC,247.0,236,False
BAMBI,5.0,4,False
RP11-478H13.1,0.0,0,False
LINC00837,0.0,0,False
RP11-478H13.3,0.0,0,False
C10orf126,0.0,0,False
LYZL1,0.0,0,False
PTCHD3P1,36.0,36,False
SVIL,80.0,78,False
KIAA1462,0.0,0,False
MTPAP,31.0,31,False
MAP3K8,215.0,155,False
RP11-253D19.1,0.0,0,False
RP11-253D19.2,0.0,0,False
LYZL2,0.0,0,False
RP11-14C22.3,0.0,0,False
RP11-14C22.6,0.0,0,False
ZNF438,19.0,19,False
RP11-192P3.4,0.0,0,False
ZEB1,46.0,44,False
RP11-192P3.5,1.0,1,False
RP11-472N13.2,0.0,0,False
RP11-472N13.3,5.0,5,False
ARHGAP12,25.0,25,False
KIF5B,695.0,479,False
RP11-166N17.1,0.0,0,False
EPC1,531.0,447,False
RP11-166N17.3,0.0,0,False
RP11-135A24.4,8.0,8,False
RP11-135A24.2,0.0,0,False
CCDC7,19.0,19,False
C10ORF68,5.0,5,False
RP11-479G22.8,10.0,9,False
ITGB1,179.0,173,False
RP11-462L8.1,0.0,0,False
RP11-342D11.3,2.0,2,False
NRP1,1.0,1,False
RP11-342D11.2,0.0,0,False
RP11-90B22.1,0.0,0,False
RP11-476F14.1,0.0,0,False
RP13-259N13.2,0.0,0,False
LINC00838,0.0,0,False
RP11-490O24.2,0.0,0,False
PARD3,2.0,2,False
PARD3-AS1,0.0,0,False
CUL2,61.0,61,False
RP11-297A16.2,1.0,1,False
CREM,204.0,194,False
RP11-324I22.2,0.0,0,False
CCNY,99.0,94,False
RP11-324I22.4,6.0,5,False
GJD4,0.0,0,False
RP11-425A6.5,0.0,0,False
FZD8,0.0,0,False
RP11-309N24.1,0.0,0,False
RP11-810B23.1,0.0,0,False
SNORA40,0.0,0,False
NAMPTL,2.0,2,False
RP11-322I2.1,0.0,0,False
ANKRD30A,0.0,0,False
RP11-20F24.2,0.0,0,False
LINC00993,0.0,0,False
MTRNR2L7,0.0,0,False
RP11-258F22.1,1.0,1,False
RP11-258F22.2,0.0,0,False
ZNF248,19.0,19,False
RP11-162G10.5,13.0,13,False
ZNF25,39.0,38,False
RP11-393J16.4,1.0,1,False
ZNF33A,118.0,112,False
ZNF37A,56.0,53,False
RP11-508N22.12,0.0,0,False
RP11-508N22.13,0.0,0,False
RP11-508N22.9,0.0,0,False
RP11-672F9.1,0.0,0,False
LINC00999,1.0,1,False
RP11-291L22.4,0.0,0,False
LINC00839,0.0,0,False
ZNF33B,58.0,57,False
AL022344.4,0.0,0,False
AL022344.5,0.0,0,False
AL022344.7,2.0,2,False
BMS1,104.0,100,False
RP11-124O11.1,0.0,0,False
RP11-124O11.2,0.0,0,False
RET,4.0,4,False
RP11-351D16.3,14.0,14,False
CSGALNACT2,90.0,86,False
RASGEF1A,14.0,14,False
RP11-168L22.2,0.0,0,False
FXYD4,0.0,0,False
HNRNPF,1489.0,1024,False
RP11-517P14.2,12.0,12,False
ZNF487,60.0,59,False
ZNF239,5.0,5,False
ZNF485,20.0,20,False
RP11-402L1.4,0.0,0,False
ZNF32,284.0,247,False
ZNF32-AS1,0.0,0,False
ZNF32-AS2,0.0,0,False
RP11-402L1.11,0.0,0,False
RP11-272J7.4,0.0,0,False
LINC00619,0.0,0,False
LINC00840,0.0,0,False
RP11-168P8.5,0.0,0,False
RP11-168P8.3,0.0,0,False
LINC00841,0.0,0,False
RP11-20J15.2,0.0,0,False
RP11-20J15.3,0.0,0,False
CXCL12,1.0,1,False
AL137026.1,0.0,0,False
RP11-733D4.1,0.0,0,False
TMEM72-AS1,0.0,0,False
RP11-285G1.2,0.0,0,False
TMEM72,0.0,0,False
RP11-285G1.9,0.0,0,False
RASSF4,144.0,130,False
C10orf10,2.0,2,False
C10orf25,3.0,3,False
ZNF22,255.0,242,False
RP11-445N18.5,0.0,0,False
OR13A1,0.0,0,False
ALOX5,266.0,230,False
RP11-67C2.2,0.0,0,False
MARCH8,50.0,46,False
ZFAND4,53.0,37,False
FAM21C,21.0,21,False
FAM25E,0.0,0,False
AGAP4,8.0,7,False
PTPN20A,0.0,0,False
RP11-342C24.8,0.0,0,False
RP11-38L15.8,1.0,1,False
RP11-38L15.2,1.0,1,False
RP11-38L15.3,0.0,0,False
SYT15,1.0,1,False
GPRIN2,1.0,1,False
LINC00842,0.0,0,False
NPY4R,0.0,0,False
ANXA8L1,0.0,0,False
FAM25B,0.0,0,False
RP11-144G6.4,0.0,0,False
AGAP10,0.0,0,False
RP11-144G6.10,0.0,0,False
RP11-292F22.5,0.0,0,False
RP11-292F22.7,3.0,3,False
ANTXRL,0.0,0,False
ANXA8L2,0.0,0,False
AL603965.1,0.0,0,False
FAM21B,12.0,12,False
ASAH2C,0.0,0,False
AGAP9,0.0,0,False
FAM25G,0.0,0,False
ANXA8,0.0,0,False
AL591684.1,0.0,0,False
RP11-463P17.1,0.0,0,False
ZNF488,0.0,0,False
RP11-463P17.3,0.0,0,False
RBP3,0.0,0,False
GDF2,0.0,0,False
GDF10,0.0,0,False
PTPN20B,0.0,0,False
RP11-508M1.7,0.0,0,False
FAM25C,0.0,0,False
FRMPD2,0.0,0,False
MAPK8,68.0,62,False
ARHGAP22,11.0,10,False
RP11-534L6.2,0.0,0,False
WDFY4,48.0,47,False
LRRC18,0.0,0,False
RP11-523O18.5,0.0,0,False
RP11-523O18.1,0.0,0,False
VSTM4,1.0,1,False
FAM170B-AS1,0.0,0,False
FAM170B,0.0,0,False
C10orf128,64.0,60,False
C10orf71-AS1,0.0,0,False
C10orf71,0.0,0,False
DRGX,0.0,0,False
RP11-123B3.2,0.0,0,False
ERCC6,14.0,14,False
PGBD3,4.0,4,False
ERCC6-PGBD3,0.0,0,False
CHAT,0.0,0,False
SLC18A3,0.0,0,False
C10orf53,0.0,0,False
OGDHL,0.0,0,False
PARG,21.0,21,False
FAM21D,0.0,0,False
FAM25D,0.0,0,False
AGAP8,0.0,0,False
RP11-592B15.9,0.0,0,False
TIMM23B,0.0,0,False
AGAP7,0.0,0,False
MSMB,0.0,0,False
NCOA4,491.0,385,False
TIMM23,92.0,87,False
LINC00843,12.0,12,False
AGAP6,14.0,14,False
FAM21A,9.0,9,False
ASAH2,8.0,8,False
SGMS1,45.0,43,False
AC069547.1,0.0,0,False
AC069547.2,1.0,1,False
RP11-512N4.2,0.0,0,False
RP11-50E11.3,11.0,11,False
ASAH2B,14.0,14,False
A1CF,0.0,0,False
RP11-96B5.4,0.0,0,False
PRKG1,1.0,1,False
RP11-96B5.3,0.0,0,False
RP11-40C11.2,0.0,0,False
CSTF2T,98.0,95,False
PRKG1-AS1,0.0,0,False
DKK1,0.0,0,False
RP11-346D6.6,0.0,0,False
RP11-556E13.1,0.0,0,False
MBL2,0.0,0,False
RP11-319F12.2,0.0,0,False
RP11-71J2.1,0.0,0,False
PCDH15,0.0,0,False
RP11-257I14.1,0.0,0,False
RP11-598C10.2,0.0,0,False
RP11-598C10.1,0.0,0,False
MTRNR2L5,0.0,0,False
ZWINT,32.0,19,False
IPMK,31.0,31,False
CISD1,166.0,117,False
RP11-179B15.5,0.0,0,False
RP11-179B15.6,0.0,0,False
UBE2D1,409.0,284,False
TFAM,123.0,94,False
BICC1,0.0,0,False
LINC00844,0.0,0,False
PHYHIPL,0.0,0,False
FAM13C,0.0,0,False
RP11-443O13.3,0.0,0,False
RP11-135D11.2,0.0,0,False
SLC16A9,0.0,0,False
LINC00948,0.0,0,False
CCDC6,72.0,69,False
C10orf40,0.0,0,False
ANK3,30.0,30,False
RP11-388P9.2,1.0,1,False
RP11-131N11.4,1.0,1,False
CDK1,10.0,6,False
RHOBTB1,3.0,3,False
LINC00845,0.0,0,False
TMEM26,0.0,0,False
RP11-809M12.1,0.0,0,False
C10orf107,0.0,0,False
RP11-63A2.2,0.0,0,False
RP11-491H19.1,0.0,0,False
ARID5B,372.0,289,False
RTKN2,18.0,17,False
RP11-120C12.3,0.0,0,False
ZNF365,4.0,4,False
RP11-436D10.3,0.0,0,False
ADO,36.0,34,False
EGR2,14.0,14,False
RP11-144G16.1,0.0,0,False
NRBF2,243.0,207,False
JMJD1C,216.0,207,False
JMJD1C-AS1,2.0,2,False
REEP3,94.0,74,False
RP11-170M17.1,0.0,0,False
RP11-174J11.1,0.0,0,False
RP11-179K3.2,0.0,0,False
RP11-428G2.1,0.0,0,False
RP11-222A11.1,0.0,0,False
CTNNA3,0.0,0,False
RP11-210G22.1,0.0,0,False
LRRTM3,0.0,0,False
RP11-344A5.1,0.0,0,False
DNAJC12,0.0,0,False
RP11-57G10.8,0.0,0,False
SIRT1,51.0,25,False
HERC4,133.0,130,False
MYPN,0.0,0,False
ATOH7,0.0,0,False
RP11-153K11.3,0.0,0,False
PBLD,6.0,6,False
HNRNPH3,656.0,483,False
RUFY2,34.0,33,False
DNA2,2.0,2,False
SLC25A16,24.0,24,False
TET1,6.0,6,False
CCAR1,197.0,185,False
STOX1,1.0,1,False
DDX50,213.0,196,False
DDX21,445.0,394,False
KIAA1279,28.0,28,False
SRGN,5112.0,1612,False
VPS26A,180.0,171,False
SUPV3L1,59.0,58,False
RP11-227H15.4,0.0,0,False
HKDC1,5.0,4,False
RP11-227H15.5,0.0,0,False
HK1,195.0,179,False
TACR2,3.0,3,False
TSPAN15,40.0,25,False
NEUROG3,0.0,0,False
RP11-343J3.2,1.0,1,False
C10orf35,36.0,35,False
RP11-242G20.1,0.0,0,False
COL13A1,4.0,4,False
RP11-262I2.2,0.0,0,False
H2AFY2,42.0,42,False
AIFM2,12.0,12,False
TYSND1,100.0,99,False
SAR1A,200.0,189,False
PPA1,1262.0,846,False
NPFFR1,1.0,1,False
LRRC20,6.0,6,False
EIF4EBP2,226.0,213,False
NODAL,0.0,0,False
AC022532.1,2.0,2,False
PALD1,1.0,1,False
PRF1,1301.0,428,False
ADAMTS14,0.0,0,False
TBATA,0.0,0,False
SGPL1,39.0,39,False
RP11-432J9.5,0.0,0,False
PCBD1,174.0,158,False
RP11-432J9.3,0.0,0,False
RP11-432J9.6,0.0,0,False
UNC5B,0.0,0,False
UNC5B-AS1,0.0,0,False
SLC29A3,26.0,26,False
CDH23,67.0,66,False
CDH23-AS1,0.0,0,False
C10orf105,4.0,4,False
C10orf54,1689.0,1000,False
PSAP,4609.0,1364,False
RP11-472G21.2,0.0,0,False
CHST3,0.0,0,False
RP11-150D20.5,1.0,1,False
SPOCK2,735.0,567,False
ASCC1,72.0,69,False
ANAPC16,1994.0,1294,False
DDIT4,838.0,594,False
RP11-442H21.2,14.0,14,False
DNAJB12,158.0,150,False
MICU1,139.0,92,False
RP11-167P22.3,0.0,0,False
MCU,22.0,22,False
OIT3,0.0,0,False
PLA2G12B,0.0,0,False
P4HA1,65.0,63,False
RP11-344N10.2,0.0,0,False
RP11-344N10.5,1.0,1,False
NUDT13,10.0,10,False
RP11-152N13.16,0.0,0,False
ECD,94.0,89,False
FAM149B1,19.0,19,False
DNAJC9,225.0,203,False
MRPS16,381.0,322,False
DNAJC9-AS1,3.0,3,False
RP11-152N13.5,20.0,20,False
TTC18,2.0,2,False
ANXA7,711.0,598,False
RP11-537A6.9,0.0,0,False
MSS51,7.0,7,False
PPP3CB,113.0,113,False
USP54,3.0,3,False
RP11-464F9.20,17.0,17,False
RP11-464F9.22,0.0,0,False
MYOZ1,0.0,0,False
SYNPO2L,1.0,1,False
RP11-464F9.21,0.0,0,False
AGAP5,4.0,4,False
RP11-574K11.29,1.0,1,False
SEC24C,74.0,68,False
AC022400.2,6.0,6,False
FUT11,61.0,60,False
CHCHD1,258.0,223,False
ZSWIM8,49.0,45,False
ZSWIM8-AS1,0.0,0,False
RP11-574K11.31,0.0,0,False
NDST2,31.0,30,False
CAMK2G,201.0,153,False
RP11-574K11.5,1.0,1,False
RP11-574K11.8,0.0,0,False
PLAU,2.0,2,False
C10orf55,0.0,0,False
VCL,107.0,105,False
RP11-178G16.4,15.0,9,False
RP11-178G16.5,0.0,0,False
AP3M1,100.0,85,False
ADK,359.0,314,False
RP11-46O21.2,0.0,0,False
RP11-222G7.2,0.0,0,False
KAT6B,82.0,82,False
RP11-77G23.2,0.0,0,False
RP11-77G23.5,0.0,0,False
DUPD1,0.0,0,False
DUSP13,0.0,0,False
SAMD8,55.0,55,False
VDAC2,987.0,767,False
COMTD1,128.0,117,False
ZNF503-AS1,0.0,0,False
RP11-399K21.11,0.0,0,False
ZNF503,32.0,9,False
RP11-399K21.13,0.0,0,False
RP11-399K21.14,0.0,0,False
RP11-399K21.10,0.0,0,False
C10orf11,66.0,58,False
RP11-369F10.2,0.0,0,False
RP11-325D15.2,0.0,0,False
KCNMA1,9.0,8,False
RP11-443A13.5,0.0,0,False
RP11-180I22.2,0.0,0,False
RP11-328K22.1,0.0,0,False
RP11-619F23.2,0.0,0,False
RP13-39P12.3,0.0,0,False
DLG5,3.0,3,False
AL391421.1,0.0,0,False
DLG5-AS1,0.0,0,False
POLR3A,37.0,37,False
RPS24,13056.0,2580,False
LINC00856,0.0,0,False
LINC00595,0.0,0,False
RP11-90J7.2,0.0,0,False
RP11-90J7.4,0.0,0,False
RP11-31E13.2,0.0,0,False
ZMIZ1-AS1,2.0,2,False
RP11-481G8.2,0.0,0,False
ZMIZ1,55.0,54,False
PPIF,137.0,117,False
ZCCHC24,7.0,7,False
RP11-342M3.5,0.0,0,False
RP11-342M3.1,0.0,0,False
AL133481.1,0.0,0,False
EIF5AL1,230.0,209,False
SFTPA2,0.0,0,False
SFTPA1,0.0,0,False
RP11-589B3.6,0.0,0,False
RP11-506M13.3,9.0,8,False
RP11-119F19.2,21.0,21,False
NUTM2B,0.0,0,False
RP11-773D16.1,27.0,27,False
RP11-182L21.6,31.0,31,False
NUTM2E,2.0,2,False
SFTPD,6.0,6,False
RP11-479O17.10,0.0,0,False
TMEM254-AS1,3.0,3,False
TMEM254,50.0,49,False
PLAC9,0.0,0,False
ANXA11,901.0,726,False
LINC00857,0.0,0,False
AL359195.1,0.0,0,False
MAT1A,0.0,0,False
RP11-36D19.8,0.0,0,False
DYDC1,0.0,0,False
DYDC2,0.0,0,False
FAM213A,44.0,42,False
RP11-137H2.6,0.0,0,False
TSPAN14,338.0,302,False
RP11-137H2.4,3.0,3,False
SH2D4B,0.0,0,False
RP11-514F8.2,0.0,0,False
NRG3,0.0,0,False
RP11-202D18.2,0.0,0,False
RP11-344L13.2,0.0,0,False
RP11-219F10.1,0.0,0,False
RP11-338I21.1,8.0,7,False
GHITM,1439.0,1001,False
C10orf99,0.0,0,False
CDHR1,0.0,0,False
LRIT2,0.0,0,False
LRIT1,0.0,0,False
RGR,0.0,0,False
LINC00858,0.0,0,False
CCSER2,214.0,201,False
RP11-181F12.1,0.0,0,False
RP11-475D12.1,0.0,0,False
RP11-475D12.2,0.0,0,False
RP11-113E21.1,0.0,0,False
GRID1,0.0,0,False
RP11-93H12.2,0.0,0,False
WAPAL,134.0,123,False
RP11-77P6.2,2.0,2,False
OPN4,0.0,0,False
LDB3,0.0,0,False
RP11-359E3.4,0.0,0,False
BMPR1A,5.0,5,False
MMRN2,0.0,0,False
SNCG,0.0,0,False
ADIRF,3.0,3,False
RP11-96C23.15,1.0,1,False
RP11-96C23.10,0.0,0,False
FAM25A,0.0,0,False
GLUD1,402.0,349,False
FAM35A,74.0,74,False
NUTM2A-AS1,55.0,55,False
NUTM2A,1.0,1,False
LINC00863,32.0,31,False
NUTM2D,0.0,0,False
LINC00864,0.0,0,False
MINPP1,61.0,59,False
RP11-57C13.4,0.0,0,False
RP11-57C13.6,0.0,0,False
RP11-57C13.3,1.0,1,False
PAPSS2,9.0,8,False
ATAD1,130.0,116,False
KLLN,1.0,1,False
PTEN,168.0,160,False
RNLS,16.0,16,False
LIPJ,0.0,0,False
LIPF,0.0,0,False
LIPK,0.0,0,False
LIPN,10.0,10,False
LIPM,0.0,0,False
ANKRD22,16.0,12,False
STAMBPL1,65.0,64,False
ACTA2-AS1,1.0,1,False
ACTA2,43.0,42,False
FAS,115.0,110,False
CH25H,4.0,4,False
LIPA,299.0,273,False
RP11-149I23.3,0.0,0,False
IFIT2,216.0,153,False
IFIT3,381.0,287,False
IFIT1B,1.0,1,False
IFIT1,331.0,216,False
IFIT5,119.0,100,False
SLC16A12,0.0,0,False
RP11-168O10.6,0.0,0,False
PANK1,3.0,3,False
RP11-80H5.2,0.0,0,False
RP11-80H5.6,0.0,0,False
RP11-80H5.9,0.0,0,False
RP11-80H5.7,0.0,0,False
KIF20B,51.0,49,False
LINC00865,3.0,3,False
RP11-478K7.2,0.0,0,False
RP11-15K3.1,0.0,0,False
RP11-94M14.2,0.0,0,False
RP11-94M14.3,0.0,0,False
HTR7,1.0,1,False
RPP30,165.0,154,False
ANKRD1,0.0,0,False
RP11-236B18.2,0.0,0,False
RP11-236B18.5,0.0,0,False
LINC00502,0.0,0,False
PCGF5,366.0,325,False
HECTD2,2.0,2,False
PPP1R3C,0.0,0,False
TNKS2-AS1,8.0,8,False
TNKS2,61.0,58,False
FGFBP3,28.0,28,False
RP11-402D21.2,5.0,5,False
BTAF1,47.0,47,False
CPEB3,25.0,25,False
MARCH5,185.0,164,False
IDE,41.0,41,False
KIF11,15.0,13,False
HHEX,249.0,207,False
EXOC6,113.0,71,False
RP11-348J12.2,0.0,0,False
CYP26C1,0.0,0,False
CYP26A1,0.0,0,False
MYOF,32.0,31,False
CEP55,4.0,3,False
FFAR4,1.0,1,False
RBP4,0.0,0,False
PDE6C,0.0,0,False
FRA10AC1,169.0,157,False
LGI1,0.0,0,False
SLC35G1,16.0,16,False
PLCE1,16.0,15,False
RP11-429H9.4,0.0,0,False
RP11-391J2.3,0.0,0,False
PLCE1-AS1,0.0,0,False
RP11-76P2.4,2.0,2,False
NOC3L,43.0,42,False
TBC1D12,16.0,16,False
HELLS,26.0,26,False
CYP2C18,0.0,0,False
CYP2C19,0.0,0,False
CYP2C9,0.0,0,False
CYP2C8,1.0,1,False
RP11-310E22.5,0.0,0,False
C10orf129,0.0,0,False
RP11-310E22.4,1.0,1,False
PDLIM1,221.0,171,False
SORBS1,3.0,3,False
ALDH18A1,53.0,52,False
TCTN3,116.0,110,False
ENTPD1,139.0,124,False
ENTPD1-AS1,23.0,23,False
RP11-248J23.7,0.0,0,False
C10orf131,0.0,0,False
RP11-248J23.6,1.0,1,False
CC2D2B,0.0,0,False
RP11-690P14.4,0.0,0,False
CCNJ,9.0,9,False
BLNK,143.0,110,False
RP11-35J23.1,0.0,0,False
DNTT,0.0,0,False
OPALIN,0.0,0,False
TLL2,3.0,3,False
TM9SF3,96.0,94,False
PIK3AP1,160.0,144,False
LCOR,89.0,86,False
C10orf12,10.0,10,False
RP11-175O19.4,6.0,6,False
ARHGAP19-SLIT1,0.0,0,False
SLIT1,0.0,0,False
RP11-453E2.2,0.0,0,False
ARHGAP19,8.0,7,False
FRAT1,90.0,63,False
FRAT2,145.0,134,False
RP11-452K12.4,2.0,2,False
RRP12,69.0,68,False
RP11-452K12.7,1.0,1,False
AL355490.1,0.0,0,False
PGAM1,813.0,636,False
EXOSC1,377.0,348,False
ZDHHC16,81.0,78,False
MMS19,57.0,56,False
UBTD1,17.0,17,False
ANKRD2,0.0,0,False
HOGA1,0.0,0,False
PI4K2A,29.0,29,False
PI4K2A-1,0.0,0,False
C10orf62,0.0,0,False
MORN4,8.0,8,False
AVPI1,25.0,25,False
MARVELD1,8.0,8,False
ZFYVE27,65.0,65,False
SFRP5,1.0,1,False
LINC00866,0.0,0,False
GOLGA7B,18.0,18,False
CRTAC1,0.0,0,False
GOLGA7B-1,0.0,0,False
R3HCC1L,57.0,55,False
LOXL4,0.0,0,False
RP11-34A14.3,1.0,1,False
PYROXD2,26.0,25,False
HPS1,243.0,230,False
HPSE2,0.0,0,False
CNNM1,1.0,1,False
GOT1,56.0,53,False
RP11-441O15.3,5.0,5,False
RP11-129J12.2,0.0,0,False
RP11-129J12.1,0.0,0,False
NKX2-3,0.0,0,False
SLC25A28,32.0,31,False
RP11-85A1.3,16.0,16,False
RP11-483F11.7,1.0,1,False
ENTPD7,4.0,4,False
CUTC,261.0,231,False
COX15,54.0,53,False
ABCC2,0.0,0,False
DNMBP,22.0,22,False
DNMBP-AS1,1.0,1,False
CPN1,0.0,0,False
ERLIN1,20.0,20,False
CHUK,54.0,54,False
RP11-316M21.7,0.0,0,False
RP11-316M21.6,1.0,1,False
CWF19L1,50.0,49,False
BLOC1S2,498.0,434,False
PKD2L1,3.0,3,False
RP11-34D15.2,0.0,0,False
SCD,5.0,4,False
RP11-285F16.1,0.0,0,False
WNT8B,0.0,0,False
SEC31B,38.0,38,False
NDUFB8,2.0,2,False
NDUFB8-1,1530.0,1074,False
HIF1AN,81.0,76,False
PAX2,0.0,0,False
RP11-179B2.2,11.0,11,False
FAM178A,47.0,47,False
RP11-108L7.14,0.0,0,False
MRPL43,568.0,468,False
SEMA4G,3.0,3,False
RP11-108L7.4,0.0,0,False
C10orf2,30.0,29,False
LZTS2,44.0,13,False
PDZD7,8.0,8,False
SFXN3,73.0,67,False
RP11-108L7.15,1.0,1,False
KAZALD1,5.0,5,False
TLX1NB,0.0,0,False
HUG1,0.0,0,False
TLX1,0.0,0,False
RP11-31L23.3,0.0,0,False
RP11-324L3.1,0.0,0,False
LBX1,0.0,0,False
LBX1-AS1,0.0,0,False
RP11-107I14.4,0.0,0,False
RP11-107I14.2,0.0,0,False
RP11-107I14.5,0.0,0,False
BTRC,20.0,20,False
DPCD,18.0,16,False
POLL,70.0,67,False
FBXW4,54.0,37,False
RP11-190J1.3,0.0,0,False
FGF8,0.0,0,False
NPM3,225.0,171,False
MGEA5,296.0,269,False
KCNIP2-AS1,0.0,0,False
KCNIP2,2.0,2,False
C10orf76,72.0,70,False
HPS6,52.0,52,False
LDB1,43.0,41,False
PPRC1,44.0,42,False
NOLC1,118.0,117,False
ELOVL3,5.0,5,False
PITX3,0.0,0,False
GBF1,60.0,59,False
NFKB2,147.0,141,False
PSD,5.0,5,False
FBXL15,353.0,319,False
CUEDC2,356.0,330,False
C10orf95,4.0,4,False
TMEM180,13.0,13,False
ACTR1A,269.0,248,False
RP11-18I14.11,0.0,0,False
SUFU,22.0,22,False
RP11-47A8.5,11.0,11,False
TRIM8,189.0,170,False
ARL3,138.0,132,False
SFXN2,12.0,12,False
WBP1L,92.0,87,False
CYP17A1,0.0,0,False
CYP17A1-AS1,0.0,0,False
C10orf32,400.0,239,False
C10orf32-ASMT,0.0,0,False
AS3MT,0.0,0,False
RP11-724N1.1,0.0,0,False
CNNM2,20.0,20,False
NT5C2,96.0,93,False
RPEL1,7.0,7,False
INA,0.0,0,False
PCGF6,65.0,62,False
TAF5,18.0,15,False
USMG5,579.0,513,False
PDCD11,47.0,46,False
CALHM2,222.0,194,False
RP11-225H22.7,3.0,3,False
RP11-225H22.4,0.0,0,False
CALHM1,0.0,0,False
CALHM3,0.0,0,False
RP11-225H22.5,0.0,0,False
NEURL1,58.0,52,False
SH3PXD2A,10.0,10,False
RP11-416N2.4,4.0,3,False
OBFC1,221.0,205,False
SLK,46.0,46,False
COL17A1,3.0,3,False
SFR1,115.0,102,False
WDR96,0.0,0,False
GSTO1,1305.0,781,False
GSTO2,5.0,5,False
ITPRIP,45.0,44,False
RP11-127L20.5,0.0,0,False
RP11-127L20.3,0.0,0,False
CCDC147-AS1,1.0,1,False
CCDC147,0.0,0,False
RP11-127O4.3,0.0,0,False
RP11-127O4.2,0.0,0,False
SORCS3,1.0,1,False
SORCS3-AS1,0.0,0,False
RP11-56I23.1,0.0,0,False
RP11-298H24.1,0.0,0,False
SORCS1,0.0,0,False
RP11-215N21.1,0.0,0,False
RP11-163F15.1,0.0,0,False
RP11-655H13.2,0.0,0,False
XPNPEP1,129.0,118,False
RP11-451M19.3,2.0,2,False
ADD3,615.0,518,False
MXI1,57.0,55,False
RP11-549L6.3,0.0,0,False
SMNDC1,118.0,114,False
RP11-525A16.4,3.0,3,False
DUSP5,100.0,90,False
SMC3,224.0,201,False
RBM20,0.0,0,False
RP11-313D6.3,1.0,1,False
PDCD4-AS1,77.0,73,False
PDCD4,591.0,491,False
BBIP1,102.0,99,False
RP11-348N5.7,1.0,1,False
SHOC2,192.0,142,False
ADRA2A,0.0,0,False
RP11-381K7.1,0.0,0,False
GPAM,8.0,8,False
TECTB,0.0,0,False
ACSL5,96.0,93,False
RP11-324O2.3,0.0,0,False
RP11-324O2.6,2.0,2,False
ZDHHC6,179.0,170,False
VTI1A,179.0,124,False
RP11-25C19.3,0.0,0,False
TCF7L2,105.0,87,False
RP11-57H14.2,5.0,5,False
HABP2,0.0,0,False
NRAP,0.0,0,False
CASP7,65.0,64,False
RP11-211N11.5,0.0,0,False
PLEKHS1,0.0,0,False
DCLRE1A,5.0,5,False
NHLRC2,33.0,33,False
AL162407.1,0.0,0,False
ADRB1,1.0,1,False
C10orf118,115.0,108,False
TDRD1,0.0,0,False
VWA2,0.0,0,False
AFAP1L2,13.0,11,False
ABLIM1,190.0,182,False
RP11-106M7.1,0.0,0,False
FAM160B1,16.0,16,False
TRUB1,45.0,45,False
RP11-383C6.2,0.0,0,False
ATRNL1,0.0,0,False
GFRA1,0.0,0,False
CCDC172,0.0,0,False
PNLIPRP3,0.0,0,False
PNLIP,0.0,0,False
PNLIPRP1,0.0,0,False
C10orf82,0.0,0,False
RP11-498B4.5,0.0,0,False
HSPA12A,0.0,0,False
RP11-539I5.1,0.0,0,False
ENO4,0.0,0,False
KIAA1598,21.0,21,False
VAX1,0.0,0,False
RP11-501J20.2,0.0,0,False
KCNK18,0.0,0,False
RP11-501J20.5,2.0,1,False
SLC18A2,2.0,2,False
PDZD8,30.0,29,False
CTA-109P11.4,0.0,0,False
EMX2OS,0.0,0,False
EMX2,0.0,0,False
CTA-109P11.1,0.0,0,False
RP11-328K15.1,0.0,0,False
RP11-355F22.1,0.0,0,False
RAB11FIP2,35.0,34,False
RP11-354M20.3,1.0,1,False
CASC2,0.0,0,False
FAM204A,411.0,347,False
LINC00867,1.0,1,False
PRLHR,0.0,0,False
CACUL1,112.0,107,False
RP11-498J9.2,0.0,0,False
NANOS1,2.0,2,False
EIF3A,318.0,284,False
FAM45A,277.0,227,False
SFXN4,72.0,70,False
PRDX3,554.0,363,False
GRK5,54.0,53,False
RP11-79M19.2,0.0,0,False
RGS10,1892.0,1119,False
TIAL1,319.0,285,False
BAG3,30.0,29,False
INPP5F,22.0,22,False
MCMBP,176.0,168,False
SEC23IP,67.0,66,False
PPAPDC1A,0.0,0,False
C10orf85,0.0,0,False
WDR11-AS1,3.0,3,False
WDR11,79.0,75,False
RP11-95I16.4,0.0,0,False
RP11-95I16.2,0.0,0,False
LINC01153,0.0,0,False
FGFR2,2.0,2,False
RP11-62L18.3,0.0,0,False
RP11-78A18.2,0.0,0,False
ATE1,46.0,46,False
ATE1-AS1,2.0,2,False
NSMCE4A,210.0,195,False
TACC2,0.0,0,False
BTBD16,0.0,0,False
PLEKHA1,191.0,151,False
ARMS2,0.0,0,False
HTRA1,5.0,5,False
DMBT1,0.0,0,False
C10orf120,0.0,0,False
CUZD1,5.0,5,False
FAM24B,53.0,52,False
FAM24A,0.0,0,False
C10orf88,34.0,33,False
PSTK,50.0,49,False
IKZF5,69.0,66,False
ACADSB,60.0,59,False
HMX3,0.0,0,False
HMX2,0.0,0,False
BUB3,731.0,578,False
RP11-282I1.1,0.0,0,False
RP11-338O1.2,0.0,0,False
RP11-282I1.2,0.0,0,False
GPR26,0.0,0,False
CPXM2,0.0,0,False
RP11-391M7.3,0.0,0,False
CHST15,70.0,67,False
OAT,155.0,124,False
RP13-238F13.5,0.0,0,False
NKX1-2,0.0,0,False
RP13-238F13.3,0.0,0,False
LHPP,109.0,103,False
RP11-12J10.3,1.0,1,False
FAM53B,69.0,69,False
FAM53B-AS1,0.0,0,False
METTL10,142.0,132,False
FAM175B,76.0,74,False
ZRANB1,34.0,34,False
RP11-298J20.3,9.0,9,False
CTBP2,101.0,61,False
TEX36-AS1,0.0,0,False
TEX36,0.0,0,False
RP11-383C5.3,2.0,2,False
RP11-383C5.4,16.0,14,False
EDRF1,30.0,30,False
EDRF1-AS1,0.0,0,False
MMP21,0.0,0,False
UROS,336.0,310,False
BCCIP,196.0,182,False
DHX32,26.0,26,False
FANK1,9.0,8,False
FANK1-AS1,0.0,0,False
ADAM12,4.0,4,False
LINC00601,0.0,0,False
C10orf90,0.0,0,False
DOCK1,1.0,1,False
RP11-223P11.3,0.0,0,False
RP11-223P11.2,0.0,0,False
FAM196A,0.0,0,False
NPS,0.0,0,False
FOXI2,0.0,0,False
CLRN3,0.0,0,False
PTPRE,269.0,237,False
RP11-4C20.3,1.0,1,False
MKI67,17.0,11,False
RP11-264E18.1,0.0,0,False
RP11-442O18.2,0.0,0,False
RP11-442O18.1,0.0,0,False
RP11-168C9.1,0.0,0,False
MGMT,486.0,409,False
AL355531.2,0.0,0,False
RP11-109A6.2,0.0,0,False
RP11-109A6.3,0.0,0,False
EBF3,0.0,0,False
LINC00959,3.0,3,False
GLRX3,437.0,342,False
RP11-540N6.1,0.0,0,False
TCERG1L,1.0,1,False
TCERG1L-AS1,0.0,0,False
AL450307.1,0.0,0,False
PPP2R2D,61.0,61,False
BNIP3,101.0,97,False
JAKMIP3,0.0,0,False
RP11-140A10.3,0.0,0,False
DPYSL4,0.0,0,False
STK32C,86.0,69,False
LRRC27,26.0,25,False
PWWP2B,49.0,48,False
RP11-432J24.2,7.0,5,False
RP11-432J24.3,0.0,0,False
C10orf91,18.0,18,False
RP11-432J24.5,0.0,0,False
LINC01165,0.0,0,False
INPP5A,6.0,6,False
RP11-288G11.3,0.0,0,False
NKX6-2,0.0,0,False
TTC40,0.0,0,False
LINC01166,0.0,0,False
LINC01167,0.0,0,False
LINC01168,0.0,0,False
GPR123,0.0,0,False
GPR123-AS1,0.0,0,False
KNDC1,3.0,2,False
UTF1,10.0,10,False
VENTX,8.0,8,False
MIR202HG,0.0,0,False
ADAM8,222.0,193,False
TUBGCP2,159.0,146,False
RP11-122K13.12,1.0,1,False
ZNF511,295.0,261,False
RP11-122K13.14,0.0,0,False
CALY,2.0,2,False
RP11-122K13.7,0.0,0,False
PRAP1,0.0,0,False
FUOM,213.0,187,False
ECHS1,449.0,375,False
PAOX,54.0,53,False
AL360181.1,0.0,0,False
RP11-108K14.8,0.0,0,False
MTG1,75.0,72,False
SPRN,0.0,0,False
CYP2E1,0.0,0,False
AL161645.2,0.0,0,False
SYCE1,32.0,16,False
FRG2B,0.0,0,False
RP11-304M2.6,0.0,0,False
LINC01001,0.0,0,False
RP11-304M2.3,0.0,0,False
BET1L,96.0,91,False
SCGB1C1,11.0,9,False
ODF3,0.0,0,False
RP11-304M2.5,1.0,1,False
RIC8A,187.0,177,False
SIRT3,35.0,35,False
PSMD13,527.0,473,False
NLRP6,2.0,2,False
RP11-326C3.2,4.0,4,False
ATHL1,102.0,101,False
IFITM5,0.0,0,False
IFITM2,6133.0,1900,False
RP11-326C3.7,0.0,0,False
IFITM1,2407.0,1281,False
RP11-326C3.11,6.0,6,False
IFITM3,2282.0,599,False
RP11-326C3.10,0.0,0,False
RP11-326C3.14,0.0,0,False
RP11-326C3.13,1.0,1,False
RP11-326C3.12,11.0,11,False
RP11-326C3.15,12.0,11,False
B4GALNT4,0.0,0,False
PKP3,1.0,1,False
SIGIRR,750.0,606,False
ANO9,38.0,36,False
PTDSS2,29.0,28,False
RP13-317D12.3,3.0,3,False
RNH1,1236.0,824,False
RP13-46H24.1,0.0,0,False
HRAS,105.0,100,False
LRRC56,3.0,3,False
C11orf35,7.0,7,False
RP11-496I9.1,7.0,7,False
RASSF7,237.0,228,False
MIR210HG,0.0,0,False
PHRF1,42.0,42,False
IRF7,610.0,439,False
CDHR5,2.0,2,False
SCT,10.0,3,False
DRD4,1.0,1,False
DEAF1,71.0,68,False
RP11-754B17.1,0.0,0,False
EPS8L2,84.0,80,False
TMEM80,165.0,137,False
AP006621.9,0.0,0,False
TALDO1,1946.0,987,False
PDDC1,44.0,44,False
AP006621.5,32.0,31,False
AP006621.6,0.0,0,False
CEND1,0.0,0,False
SLC25A22,44.0,42,False
PIDD,37.0,36,False
RPLP2,35684.0,2677,False
PNPLA2,170.0,160,False
AP006621.8,0.0,0,False
EFCAB4A,6.0,6,False
CD151,130.0,123,False
POLR2L,1344.0,966,False
TSPAN4,112.0,91,False
RP11-1391J7.1,12.0,12,False
CHID1,197.0,183,False
AP2A2,72.0,71,False
MUC6,0.0,0,False
RP13-870H17.3,0.0,0,False
MUC2,0.0,0,False
MUC5AC,0.0,0,False
MUC5B,0.0,0,False
RP11-532E4.2,0.0,0,False
TOLLIP,204.0,190,False
AC136297.1,0.0,0,False
TOLLIP-AS1,35.0,35,False
BRSK2,2.0,2,False
MOB2,298.0,236,False
DUSP8,5.0,5,False
KRTAP5-AS1,4.0,3,False
KRTAP5-1,0.0,0,False
KRTAP5-2,1.0,1,False
KRTAP5-3,0.0,0,False
KRTAP5-4,0.0,0,False
KRTAP5-5,0.0,0,False
AP006285.7,0.0,0,False
FAM99B,0.0,0,False
AP006285.6,0.0,0,False
KRTAP5-6,0.0,0,False
IFITM10,5.0,5,False
RP11-295K3.1,0.0,0,False
CTSD,952.0,651,False
AC068580.6,3.0,3,False
AC068580.7,0.0,0,False
SYT8,0.0,0,False
TNNI2,113.0,64,False
LSP1,2764.0,1464,False
C11orf89,0.0,0,False
LINC01150,1.0,1,False
TNNT3,1.0,1,False
MRPL23,1096.0,777,False
MRPL23-AS1,0.0,0,False
AC051649.6,0.0,0,False
IGF2,0.0,0,False
INS-IGF2,0.0,0,False
IGF2-AS,0.0,0,False
INS,0.0,0,False
TH,0.0,0,False
ASCL2,193.0,173,False
C11orf21,210.0,184,False
TSPAN32,261.0,237,False
CD81,167.0,150,False
TSSC4,297.0,283,False
AC124057.5,0.0,0,False
TRPM5,0.0,0,False
KCNQ1,65.0,63,False
KCNQ1OT1,163.0,81,False
KCNQ1-AS1,0.0,0,False
KCNQ1DN,1.0,1,False
CDKN1C,160.0,106,False
SLC22A18AS,12.0,12,False
SLC22A18,77.0,74,False
PHLDA2,38.0,31,False
NAP1L4,437.0,358,False
AC131971.1,0.0,0,False
CARS,243.0,168,False
CARS-AS1,0.0,0,False
OSBPL5,31.0,31,False
AC108448.3,0.0,0,False
MRGPRG,0.0,0,False
MRGPRG-AS1,0.0,0,False
AC109309.4,0.0,0,False
MRGPRE,0.0,0,False
RP5-1173A5.1,0.0,0,False
ZNF195,97.0,79,False
RP13-726E6.1,0.0,0,False
ART5,0.0,0,False
ART1,0.0,0,False
CHRNA10,2.0,2,False
NUP98,98.0,90,False
PGAP2,71.0,67,False
RHOG,1831.0,1052,False
AC090587.5,1.0,1,False
STIM1,102.0,94,False
RRM1,91.0,87,False
RRM1-AS1,0.0,0,False
RP11-23F23.2,0.0,0,False
OR52B4,0.0,0,False
TRIM21,91.0,90,False
OR52K2,0.0,0,False
OR52K1,0.0,0,False
OR52M1,0.0,0,False
C11orf40,0.0,0,False
OR52I2,0.0,0,False
OR52I1,0.0,0,False
TRIM68,22.0,22,False
OR51D1,0.0,0,False
OR51E1,0.0,0,False
OR51E2,0.0,0,False
MMP26,0.0,0,False
OR51F1,0.0,0,False
OR52R1,0.0,0,False
OR51F2,0.0,0,False
OR51S1,0.0,0,False
OR51H1P,0.0,0,False
OR51T1,0.0,0,False
OR51A7,0.0,0,False
OR51G2,0.0,0,False
OR51G1,0.0,0,False
OR51A4,0.0,0,False
OR51A2,0.0,0,False
OR51L1,0.0,0,False
OR52J3,0.0,0,False
OR52E2,0.0,0,False
AC113331.9,0.0,0,False
OR52A5,0.0,0,False
OR52A1,0.0,0,False
OR51V1,0.0,0,False
AC104389.16,0.0,0,False
HBB,1.0,1,False
HBD,1.0,1,False
HBG1,0.0,0,False
HBG2,0.0,0,False
HBE1,0.0,0,False
OR51B4,0.0,0,False
OR51B2,0.0,0,False
OR51B5,0.0,0,False
OR51B6,0.0,0,False
OR51M1,0.0,0,False
OR51J1,0.0,0,False
OR51Q1,0.0,0,False
OR51I1,0.0,0,False
OR51I2,0.0,0,False
OR52D1,0.0,0,False
UBQLN3,0.0,0,False
UBQLNL,2.0,2,False
OR52H1,0.0,0,False
AC015691.13,0.0,0,False
OR52B6,0.0,0,False
TRIM6,0.0,0,False
TRIM6-TRIM34,0.0,0,False
TRIM34,6.0,6,False
TRIM5,69.0,67,False
TRIM22,618.0,534,False
OR56B1,0.0,0,False
OR52N4,0.0,0,False
OR52N5,0.0,0,False
OR52N1,0.0,0,False
OR52N2,0.0,0,False
OR52E6,0.0,0,False
OR52E8,0.0,0,False
OR52E4,0.0,0,False
AC025016.1,0.0,0,False
OR56A3,0.0,0,False
OR52L1,0.0,0,False
OR56A4,0.0,0,False
OR56A1,0.0,0,False
OR56B4,0.0,0,False
OR56B3P,0.0,0,False
OR52B1P,0.0,0,False
OR52B2,0.0,0,False
OR52W1,0.0,0,False
RP11-290F24.6,0.0,0,False
C11orf42,0.0,0,False
FAM160A2,76.0,75,False
CNGA4,0.0,0,False
CCKBR,0.0,0,False
PRKCDBP,23.0,22,False
RP11-304C12.3,0.0,0,False
SMPD1,127.0,122,False
APBB1,95.0,93,False
HPX,0.0,0,False
TRIM3,15.0,15,False
ARFIP2,151.0,145,False
TIMM10B,185.0,161,False
TIMM10B-1,0.0,0,False
DNHD1,20.0,20,False
RRP8,102.0,101,False
RP11-732A19.8,1.0,1,False
ILK,354.0,303,False
TAF10,205.0,127,False
TPP1,278.0,253,False
RP11-732A19.9,2.0,2,False
DCHS1,5.0,5,False
RP11-732A19.5,0.0,0,False
RP11-732A19.6,0.0,0,False
MRPL17,182.0,168,False
OR2AG2,0.0,0,False
OR2AG1,0.0,0,False
OR6A2,0.0,0,False
OR10A5,0.0,0,False
OR10A2,0.0,0,False
OR10A4,0.0,0,False
OR2D2,0.0,0,False
OR2D3,0.0,0,False
ZNF215,1.0,1,False
ZNF214,0.0,0,False
NLRP14,0.0,0,False
RBMXL2,0.0,0,False
RP11-324J3.1,0.0,0,False
SYT9,0.0,0,False
CTD-2516F10.2,3.0,3,False
OLFML1,1.0,1,False
PPFIBP2,28.0,27,False
CTD-2516F10.4,0.0,0,False
CYB5R2,5.0,5,False
RP11-35J10.5,0.0,0,False
RP11-35J10.4,0.0,0,False
OR5P2,0.0,0,False
OR5P3,0.0,0,False
OR10A6,0.0,0,False
OR10A3,0.0,0,False
NLRP10,0.0,0,False
EIF3F,3268.0,1761,False
RP11-236J17.3,0.0,0,False
TUB,0.0,0,False
RP11-236J17.6,0.0,0,False
RIC3,366.0,261,False
RP11-379P15.1,0.0,0,False
LMO1,0.0,0,False
STK33,5.0,5,False
TRIM66,17.0,17,False
RP11-152H18.4,0.0,0,False
RPL27A,31201.0,2673,False
ST5,0.0,0,False
RP11-152H18.3,1.0,1,False
RP11-318C2.1,0.0,0,False
AKIP1,111.0,102,False
C11orf16,0.0,0,False
ASCL3,0.0,0,False
TMEM9B,647.0,516,False
TMEM9B-AS1,6.0,6,False
NRIP3,2.0,2,False
RP11-467K18.2,0.0,0,False
SCUBE2,0.0,0,False
DENND5A,96.0,75,False
TMEM41B,98.0,95,False
IPO7,53.0,51,False
CTD-2371O3.2,8.0,8,False
AC132192.1,0.0,0,False
ZNF143,91.0,88,False
WEE1,18.0,18,False
SWAP70,171.0,137,False
RP11-540A21.2,1.0,1,False
SBF2-AS1,10.0,10,False
SBF2,46.0,45,False
RP11-1H15.2,0.0,0,False
RP11-748C4.1,0.0,0,False
RP11-351I24.1,3.0,3,False
ADM,30.0,28,False
AMPD3,30.0,29,False
MTRNR2L8,0.0,0,False
RNF141,161.0,149,False
MRVI1-AS1,9.0,9,False
LYVE1,0.0,0,False
MRVI1,14.0,14,False
CTR9,108.0,104,False
RP11-685M7.5,0.0,0,False
EIF4G2,1136.0,834,False
RP11-685M7.3,0.0,0,False
ZBED5,59.0,57,False
ZBED5-AS1,103.0,68,False
CTD-2003C8.2,0.0,0,False
RP11-179A10.1,0.0,0,False
CTD-3224I3.3,1.0,1,False
GALNT18,1.0,1,False
CSNK2A3,5.0,5,False
RP11-567I13.1,0.0,0,False
RP11-483L5.1,0.0,0,False
AC131935.1,0.0,0,False
USP47,112.0,110,False
DKK3,12.0,12,False
RP13-631K18.2,0.0,0,False
RP13-631K18.3,0.0,0,False
RP13-631K18.5,0.0,0,False
MICAL2,27.0,27,False
RP11-265D17.2,0.0,0,False
MICALCL,46.0,1,False
PARVA,0.0,0,False
RP11-51B23.3,0.0,0,False
TEAD1,0.0,0,False
RP11-47J17.3,0.0,0,False
RP11-47J17.2,0.0,0,False
LINC00958,1.0,1,False
CTC-497E21.3,0.0,0,False
CTC-497E21.5,0.0,0,False
ARNTL,91.0,89,False
BTBD10,65.0,64,False
PTH,0.0,0,False
FAR1,70.0,68,False
RP11-98J9.1,0.0,0,False
RP11-98J9.2,0.0,0,False
RP11-98J9.3,0.0,0,False
RP11-231N3.1,0.0,0,False
RP11-21L19.1,0.0,0,False
RRAS2,110.0,104,False
COPB1,158.0,150,False
PSMA1,857.0,672,False
PSMA1-1,0.0,0,False
PDE3B,108.0,101,False
CYP2R1,64.0,63,False
CALCB,0.0,0,False
CALCA,0.0,0,False
INSC,0.0,0,False
RP11-531H8.1,0.0,0,False
RP11-531H8.2,0.0,0,False
RP11-396O20.1,0.0,0,False
RP11-396O20.2,0.0,0,False
RP11-222N13.1,0.0,0,False
SOX6,0.0,0,False
CTD-3096P4.1,0.0,0,False
C11orf58,1440.0,1040,False
PLEKHA7,8.0,8,False
RPS13,18766.0,2602,False
PIK3C2A,46.0,43,False
NUCB2,356.0,311,False
NCR3LG1,7.0,7,False
RP1-239B22.5,1.0,1,False
KCNJ11,0.0,0,False
ABCC8,0.0,0,False
USH1C,0.0,0,False
OTOG,0.0,0,False
RP11-358H18.3,0.0,0,False
RP11-358H18.2,0.0,0,False
MYOD1,0.0,0,False
KCNC1,0.0,0,False
SERGEF,129.0,124,False
TPH1,0.0,0,False
SAAL1,88.0,70,False
MRGPRX3,0.0,0,False
RP11-113D6.6,0.0,0,False
MRGPRX4,0.0,0,False
RP11-113D6.10,0.0,0,False
SAA4,0.0,0,False
SAA2,0.0,0,False
SAA1,0.0,0,False
HPS5,44.0,43,False
GTF2H1,129.0,126,False
LDHA,2346.0,1325,False
LDHC,0.0,0,False
LDHAL6A,2.0,2,False
TSG101,310.0,287,False
UEVLD,31.0,31,False
SPTY2D1,61.0,56,False
TMEM86A,6.0,5,False
IGSF22,13.0,12,False
RP11-1081L13.4,0.0,0,False
PTPN5,0.0,0,False
MRGPRX1,0.0,0,False
RP11-583F24.8,0.0,0,False
MRGPRX2,0.0,0,False
ZDHHC13,47.0,47,False
CSRP3,0.0,0,False
RP11-428C19.4,0.0,0,False
E2F8,1.0,1,False
RP11-428C19.5,0.0,0,False
NAV2,1.0,1,False
NAV2-AS5,0.0,0,False
NAV2-AS4,0.0,0,False
RP11-359E10.1,0.0,0,False
NAV2-AS3,0.0,0,False
NAV2-AS2,0.0,0,False
NAV2-AS1,0.0,0,False
DBX1,0.0,0,False
HTATIP2,401.0,336,False
PRMT3,35.0,34,False
SLC6A5,0.0,0,False
NELL1,0.0,0,False
RP11-701I24.3,0.0,0,False
RP11-670N15.1,0.0,0,False
CTD-2019O4.1,0.0,0,False
ANO5,0.0,0,False
CTD-3064C13.1,0.0,0,False
CTD-2140G10.2,0.0,0,False
SLC17A6,0.0,0,False
CTD-2140G10.4,0.0,0,False
CTD-2140G10.1,0.0,0,False
RP11-34N19.1,0.0,0,False
FANCF,78.0,77,False
AC103801.2,1.0,1,False
GAS2,3.0,3,False
SVIP,405.0,357,False
RP11-17A1.3,1.0,1,False
CCDC179,0.0,0,False
RP11-266A24.1,0.0,0,False
RP11-945A11.1,0.0,0,False
RP11-945A11.2,0.0,0,False
RP11-2F20.1,0.0,0,False
LUZP2,0.0,0,False
RP11-405K6.1,0.0,0,False
RP11-20J1.1,0.0,0,False
CTD-2507G9.1,0.0,0,False
ANO3,0.0,0,False
RP11-430L3.1,0.0,0,False
MUC15,0.0,0,False
SLC5A12,0.0,0,False
FIBIN,0.0,0,False
BBOX1,0.0,0,False
RP11-1L12.3,0.0,0,False
CCDC34,43.0,42,False
LGR4,1.0,1,False
RP11-159H22.2,0.0,0,False
LIN7C,64.0,62,False
BDNF-AS,4.0,4,False
LINC00678,0.0,0,False
BDNF,0.0,0,False
RP11-406D1.2,0.0,0,False
KIF18A,3.0,3,False
METTL15,26.0,26,False
RP11-22P4.1,1.0,1,False
RP11-22P4.2,0.0,0,False
RP11-960D24.1,0.0,0,False
RP11-115J23.1,0.0,0,False
RP11-466I1.1,0.0,0,False
RP11-460B17.3,0.0,0,False
RP11-460B17.2,0.0,0,False
CTD-3012A18.1,0.0,0,False
RP5-1027O15.1,0.0,0,False
CTD-3138F19.1,0.0,0,False
RP11-215H22.1,0.0,0,False
KCNA4,0.0,0,False
RP11-624D11.2,0.0,0,False
FSHB,0.0,0,False
ARL14EP,297.0,275,False
MPPED2,2.0,2,False
RP4-710M3.2,0.0,0,False
RP5-1024C24.1,0.0,0,False
DCDC1,0.0,0,False
RP1-296L11.1,0.0,0,False
DNAJC24,32.0,32,False
IMMP1L,74.0,73,False
ELP4,46.0,44,False
Z83001.1,0.0,0,False
PAX6,0.0,0,False
Z83307.3,0.0,0,False
RCN1,66.0,66,False
RP1-17K7.2,0.0,0,False
RP1-17K7.3,0.0,0,False
RP1-65P5.3,0.0,0,False
RP1-65P5.5,0.0,0,False
WT1,0.0,0,False
WT1-AS,0.0,0,False
EIF3M,1285.0,939,False
CCDC73,5.0,5,False
PRRG4,12.0,11,False
QSER1,12.0,12,False
DEPDC7,2.0,2,False
TCP11L1,16.0,15,False
CSTF3,104.0,96,False
CSTF3-AS1,1.0,1,False
HIPK3,95.0,90,False
KIAA1549L,0.0,0,False
RP4-541C22.5,0.0,0,False
C11orf91,0.0,0,False
CD59,197.0,171,False
FBXO3,132.0,119,False
RP11-646J21.5,0.0,0,False
RP11-646J21.6,0.0,0,False
RP11-646J21.3,0.0,0,False
RP11-646J21.4,0.0,0,False
RP11-646J21.2,0.0,0,False
LMO2,75.0,69,False
AC132216.1,0.0,0,False
CAPRIN1,171.0,163,False
NAT10,60.0,58,False
ABTB2,3.0,3,False
CAT,551.0,378,False
ELF5,0.0,0,False
RP4-594L9.2,0.0,0,False
RP11-350D17.2,0.0,0,False
EHF,0.0,0,False
APIP,227.0,215,False
PDHX,88.0,85,False
AL356215.1,0.0,0,False
RP4-607I7.1,1.0,1,False
CD44,1957.0,1243,False
RP1-68D18.4,0.0,0,False
SLC1A2,2.0,2,False
RP1-68D18.3,0.0,0,False
RP4-683L5.1,0.0,0,False
PAMR1,0.0,0,False
RP5-945I17.2,0.0,0,False
FJX1,0.0,0,False
RP1-276E15.1,0.0,0,False
TRIM44,105.0,98,False
RP11-698N11.2,0.0,0,False
LDLRAD3,13.0,12,False
LINC00610,2.0,2,False
COMMD9,384.0,326,False
PRR5L,44.0,32,False
RP11-514F3.4,0.0,0,False
RP11-219O3.2,0.0,0,False
TRAF6,61.0,61,False
RAG1,0.0,0,False
RAG2,0.0,0,False
C11orf74,26.0,25,False
RP11-159D8.1,0.0,0,False
RP11-63D14.1,0.0,0,False
RP11-277K23.1,0.0,0,False
RP11-64I17.1,0.0,0,False
LRRC4C,0.0,0,False
RP11-63C8.1,0.0,0,False
RP11-124G5.3,0.0,0,False
RP11-375D13.2,0.0,0,False
RP11-375D13.4,0.0,0,False
RP11-375D13.3,0.0,0,False
RP11-148I19.1,0.0,0,False
CTD-2572N17.1,0.0,0,False
API5,164.0,150,False
RP11-484D2.2,0.0,0,False
TTC17,180.0,170,False
RP11-484D2.5,0.0,0,False
HSD17B12,121.0,112,False
RP11-613D13.5,1.0,1,False
ALKBH3,118.0,115,False
ALKBH3-AS1,0.0,0,False
C11orf96,1.0,1,False
RP11-613D13.8,0.0,0,False
ACCSL,0.0,0,False
ACCS,15.0,15,False
EXT2,67.0,66,False
ALX4,0.0,0,False
RP11-58K22.1,0.0,0,False
CD82,237.0,188,False
RP11-58K22.5,0.0,0,False
RP11-58K22.4,0.0,0,False
RP11-45A12.1,0.0,0,False
RP11-45A12.2,0.0,0,False
TSPAN18,23.0,23,False
TP53I11,27.0,27,False
AC068858.1,0.0,0,False
PRDM11,3.0,3,False
CTD-2560E9.3,0.0,0,False
SYT13,0.0,0,False
CTD-2560E9.5,0.0,0,False
RP11-430H10.1,10.0,9,False
RP11-430H10.2,0.0,0,False
RP11-430H10.4,0.0,0,False
RP11-430H10.3,0.0,0,False
RP11-958J22.3,0.0,0,False
CHST1,0.0,0,False
RP11-495O11.1,0.0,0,False
CTD-2210P24.1,0.0,0,False
CTD-2210P24.2,0.0,0,False
CTD-2210P24.3,0.0,0,False
CTD-2210P24.4,4.0,4,False
SLC35C1,49.0,47,False
CTD-2210P24.6,0.0,0,False
CRY2,33.0,33,False
MAPK8IP1,0.0,0,False
RP11-618K13.2,0.0,0,False
C11orf94,0.0,0,False
PEX16,419.0,325,False
GYLTL1B,25.0,25,False
PHF21A,86.0,86,False
RP11-702F3.1,0.0,0,False
RP11-702F3.3,0.0,0,False
RP11-702F3.4,0.0,0,False
CTD-2589M5.5,1.0,1,False
CTD-2589M5.4,0.0,0,False
CREB3L1,1.0,1,False
DGKZ,311.0,269,False
MDK,7.0,6,False
CHRM4,0.0,0,False
AMBRA1,24.0,24,False
HARBI1,9.0,9,False
ATG13,105.0,102,False
ARHGAP1,179.0,174,False
ZNF408,19.0,18,False
F2,0.0,0,False
CKAP5,29.0,28,False
LRP4-AS1,0.0,0,False
LRP4,0.0,0,False
C11orf49,45.0,45,False
RP11-390K5.3,0.0,0,False
ARFGAP2,316.0,277,False
PACSIN3,0.0,0,False
DDB2,131.0,111,False
RP11-17G12.2,0.0,0,False
ACP2,48.0,43,False
NR1H3,21.0,21,False
MADD,113.0,73,False
RP11-17G12.3,0.0,0,False
MYBPC3,1.0,1,False
SPI1,1340.0,571,False
RP11-750H9.5,7.0,7,False
SLC39A13,38.0,37,False
PSMC3,538.0,470,False
RAPSN,2.0,2,False
CELF1,310.0,257,False
NDUFS3,558.0,449,False
PTPMT1,368.0,342,False
KBTBD4,89.0,89,False
KBTBD4-1,1.0,1,False
FAM180B,0.0,0,False
C1QTNF4,4.0,4,False
MTCH2,285.0,223,False
AGBL2,5.0,5,False
FNBP4,261.0,203,False
NUP160,169.0,163,False
PTPRJ,26.0,25,False
AC103828.1,0.0,0,False
OR4B1,0.0,0,False
OR4X2,0.0,0,False
OR4X1,0.0,0,False
OR4S1,0.0,0,False
OR4C3,0.0,0,False
OR4C5,0.0,0,False
OR4A47,0.0,0,False
TRIM49B,0.0,0,False
TRIM64C,0.0,0,False
FOLH1,0.0,0,False
OR4C13,0.0,0,False
OR4C12,0.0,0,False
RP11-347H15.4,0.0,0,False
OR4A5,0.0,0,False
OR4C46,0.0,0,False
TRIM48,0.0,0,False
OR4A16,0.0,0,False
OR4A15,0.0,0,False
OR4C15,0.0,0,False
OR4C16,0.0,0,False
OR4C11,0.0,0,False
OR4P4,0.0,0,False
OR4S2,0.0,0,False
OR4C6,0.0,0,False
RP11-674C21.9,0.0,0,False
OR5D13,0.0,0,False
OR5D14,0.0,0,False
OR5L1,0.0,0,False
OR5D18,0.0,0,False
OR5L2,0.0,0,False
OR5D16,0.0,0,False
TRIM51,0.0,0,False
OR5W2,0.0,0,False
OR5I1,0.0,0,False
OR10AG1,0.0,0,False
OR5F1,0.0,0,False
OR5AS1,0.0,0,False
OR8I2,0.0,0,False
OR8H2,0.0,0,False
OR8H3,0.0,0,False
OR8J3,0.0,0,False
OR8K5,0.0,0,False
OR5J2,0.0,0,False
OR5T2,0.0,0,False
OR5T3,0.0,0,False
OR5T1,0.0,0,False
OR8H1,0.0,0,False
OR8K3,0.0,0,False
OR8K1,0.0,0,False
OR8J1,0.0,0,False
OR8U1,0.0,0,False
OR5R1,0.0,0,False
OR5M9,0.0,0,False
OR5M3,0.0,0,False
OR5M8,0.0,0,False
OR5M11,0.0,0,False
OR5M10,0.0,0,False
OR5M1,0.0,0,False
OR5AP2,0.0,0,False
OR5AR1,0.0,0,False
OR9G1,0.0,0,False
OR9G4,0.0,0,False
AP000479.1,0.0,0,False
OR5AK2,0.0,0,False
LRRC55,0.0,0,False
APLNR,0.0,0,False
TNKS1BP1,4.0,4,False
RP11-872D17.4,0.0,0,False
SSRP1,242.0,224,False
P2RX3,0.0,0,False
PRG3,0.0,0,False
PRG2,0.0,0,False
RP11-872D17.8,0.0,0,False
SLC43A3,89.0,81,False
RTN4RL2,2.0,2,False
RP11-624G17.3,0.0,0,False
SLC43A1,19.0,19,False
TIMM10,221.0,198,False
SMTNL1,0.0,0,False
UBE2L6,1434.0,926,False
SERPING1,38.0,31,False
YPEL4,6.0,5,False
CLP1,43.0,42,False
ZDHHC5,50.0,47,False
MED19,137.0,127,False
TMX2,425.0,269,False
TMX2-CTNND1,0.0,0,False
C11orf31,1844.0,1200,False
RP11-691N7.6,0.0,0,False
BTBD18,0.0,0,False
CTNND1,22.0,21,False
OR9Q1,0.0,0,False
OR6Q1,0.0,0,False
RP11-659P15.1,0.0,0,False
OR9I1,0.0,0,False
OR9Q2,0.0,0,False
OR1S2,0.0,0,False
OR1S1,0.0,0,False
OR10Q1,0.0,0,False
OR10W1,0.0,0,False
OR5B17,0.0,0,False
OR5B3,0.0,0,False
OR5B2,0.0,0,False
OR5B12,0.0,0,False
RP11-655C2.3,0.0,0,False
OR5B21,0.0,0,False
LPXN,254.0,226,False
ZFP91,26.0,25,False
ZFP91-CNTF,0.0,0,False
AP001350.1,0.0,0,False
CNTF,0.0,0,False
GLYAT,0.0,0,False
GLYATL2,0.0,0,False
GLYATL1,0.0,0,False
AP001652.1,0.0,0,False
RP11-780O24.2,0.0,0,False
RP11-142C4.6,9.0,8,False
FAM111B,9.0,8,False
AP001258.4,43.0,39,False
FAM111A,100.0,94,False
DTX4,3.0,3,False
MPEG1,374.0,292,False
RP11-1036E20.9,0.0,0,False
OR5AN1,0.0,0,False
OR5A2,0.0,0,False
OR5A1,0.0,0,False
OR4D6,0.0,0,False
OR4D10,0.0,0,False
OR4D11,0.0,0,False
OR4D9,0.0,0,False
AP000442.4,1.0,1,False
OSBP,32.0,31,False
AP000442.1,8.0,8,False
PATL1,53.0,53,False
AP000640.2,0.0,0,False
OR10V1,0.0,0,False
STX3,47.0,46,False
AP000640.10,0.0,0,False
MRPL16,357.0,309,False
GIF,0.0,0,False
TCN1,0.0,0,False
OOSP1,0.0,0,False
RP11-736I10.1,0.0,0,False
OOSP2,0.0,0,False
MS4A3,0.0,0,False
MS4A2,0.0,0,False
AP001257.1,1.0,1,False
MS4A6A,975.0,427,False
MS4A4E,1.0,1,False
MS4A4A,123.0,90,False
MS4A6E,0.0,0,False
MS4A7,724.0,315,False
MS4A14,23.0,22,False
MS4A5,0.0,0,False
MS4A1,909.0,423,False
MS4A12,0.0,0,False
MS4A13,0.0,0,False
LINC00301,0.0,0,False
MS4A8,0.0,0,False
MS4A18,0.0,0,False
MS4A15,0.0,0,False
MS4A10,0.0,0,False
RP11-804A23.1,0.0,0,False
RP11-804A23.2,0.0,0,False
RP11-804A23.4,2.0,2,False
CCDC86,37.0,37,False
PTGDR2,11.0,10,False
ZP1,2.0,2,False
PRPF19,207.0,179,False
RP11-881M11.2,1.0,1,False
RP11-881M11.1,0.0,0,False
TMEM109,380.0,334,False
RP11-881M11.4,0.0,0,False
TMEM132A,0.0,0,False
SLC15A3,72.0,69,False
CD6,330.0,295,False
RP11-881M11.8,0.0,0,False
CD5,223.0,197,False
VPS37C,32.0,28,False
PGA3,0.0,0,False
PGA4,0.0,0,False
PGA5,0.0,0,False
VWCE,0.0,0,False
DDB1,181.0,165,False
DAK,68.0,60,False
CYB561A3,302.0,250,False
TMEM138,210.0,177,False
TMEM216,123.0,119,False
CPSF7,109.0,106,False
RP11-286N22.8,1.0,1,False
SDHAF2,401.0,342,False
PPP1R32,4.0,4,False
RP11-286N22.10,0.0,0,False
LRRC10B,0.0,0,False
SYT7,0.0,0,False
RP11-794G24.1,0.0,0,False
RP11-855O10.2,0.0,0,False
RP11-855O10.3,0.0,0,False
DAGLA,2.0,2,False
RP11-467L20.10,0.0,0,False
MYRF,1.0,1,False
TMEM258,1110.0,884,False
FEN1,76.0,62,False
FADS2,42.0,41,False
FADS1,73.0,39,False
FADS3,33.0,32,False
RAB3IL1,0.0,0,False
BEST1,411.0,370,False
FTH1,57341.0,2668,False
AP003733.1,142.0,114,False
RP11-810P12.5,1.0,1,False
INCENP,8.0,8,False
SCGB1D1,0.0,0,False
SCGB2A1,0.0,0,False
RP11-703H8.9,0.0,0,False
SCGB1D2,0.0,0,False
SCGB2A2,0.0,0,False
SCGB1D4,0.0,0,False
RP11-703H8.7,0.0,0,False
ASRGL1,50.0,46,False
CTD-2531D15.5,0.0,0,False
SCGB1A1,0.0,0,False
CTD-2531D15.4,0.0,0,False
AHNAK,1049.0,740,False
RP11-864I4.3,0.0,0,False
RP11-864I4.4,0.0,0,False
EEF1G,813.0,658,False
MIR3654,0.0,0,False
TUT1,52.0,51,False
MTA2,40.0,38,False
EML3,149.0,142,False
RP11-831H9.3,0.0,0,False
ROM1,7.0,7,False
B3GAT3,261.0,230,False
GANAB,159.0,139,False
INTS5,79.0,77,False
RP11-831H9.11,0.0,0,False
C11orf48,434.0,376,False
METTL12,142.0,128,False
C11orf83,236.0,216,False
UBXN1,2252.0,1367,False
LRRN4CL,0.0,0,False
HNRNPUL2-BSCL2,0.0,0,False
BSCL2,22.0,22,False
GNG3,12.0,9,False
HNRNPUL2,131.0,124,False
TTC9C,100.0,96,False
ZBTB3,10.0,10,False
POLR2G,866.0,658,False
RP11-727F15.11,2.0,2,False
TAF6L,61.0,46,False
TMEM223,199.0,176,False
RP11-727F15.12,23.0,21,False
TMEM179B,502.0,436,False
NXF1,199.0,187,False
STX5,372.0,324,False
RP11-727F15.9,98.0,85,False
WDR74,302.0,278,False
SLC3A2,489.0,439,False
CHRM1,0.0,0,False
AP000438.2,0.0,0,False
SLC22A6,0.0,0,False
SLC22A8,0.0,0,False
SLC22A24,0.0,0,False
SLC22A10,0.0,0,False
SLC22A25,0.0,0,False
SLC22A9,0.0,0,False
HRASLS5,1.0,1,False
LGALS12,8.0,7,False
RARRES3,2274.0,1266,False
HRASLS2,17.0,10,False
PLA2G16,124.0,113,False
RP11-697H9.3,0.0,0,False
ATL3,67.0,63,False
RP11-697H9.2,0.0,0,False
RTN3,390.0,342,False
C11orf95,6.0,6,False
RP11-466C23.4,1.0,1,False
C11orf84,7.0,7,False
MARK2,64.0,62,False
RCOR2,0.0,0,False
NAA40,22.0,22,False
COX8A,1556.0,1038,False
AP000721.4,0.0,0,False
OTUB1,536.0,437,False
MACROD1,27.0,27,False
RP11-21A7A.2,0.0,0,False
RP11-21A7A.4,0.0,0,False
FLRT1,0.0,0,False
RP11-21A7A.3,2.0,2,False
STIP1,189.0,184,False
FERMT3,709.0,489,False
TRPT1,129.0,121,False
NUDT22,282.0,249,False
RP11-783K16.14,2.0,2,False
DNAJC4,368.0,323,False
VEGFB,30.0,30,False
FKBP2,501.0,370,False
PPP1R14B,72.0,57,False
RP11-783K16.5,0.0,0,False
RP11-783K16.13,1.0,1,False
PLCB3,22.0,21,False
BAD,237.0,225,False
GPR137,61.0,60,False
KCNK4,0.0,0,False
TEX40,1.0,1,False
ESRRA,49.0,49,False
TRMT112,1419.0,1020,False
PRDX5,1332.0,954,False
AP003774.1,67.0,65,False
CCDC88B,103.0,100,False
RPS6KA4,127.0,116,False
AP003774.6,27.0,26,False
AP003774.5,0.0,0,False
AP003774.4,5.0,5,False
AP005273.1,0.0,0,False
SLC22A11,0.0,0,False
SLC22A12,0.0,0,False
NRXN2,4.0,4,False
AP001092.4,0.0,0,False
RASGRP2,877.0,655,False
PYGM,8.0,8,False
SF1,1059.0,824,False
AP001462.6,8.0,7,False
RP11-869B15.1,7.0,7,False
MAP4K2,102.0,97,False
MEN1,49.0,48,False
CDC42BPG,1.0,1,False
EHD1,326.0,304,False
RP11-665N17.4,2.0,2,False
MIR194-2,0.0,0,False
ATG2A,143.0,136,False
PPP2R5B,36.0,36,False
GPHA2,0.0,0,False
C11orf85,2.0,1,False
BATF2,6.0,6,False
ARL2,387.0,308,False
RP11-399J13.3,0.0,0,False
SNX15,60.0,59,False
SAC3D1,83.0,77,False
NAALADL1,76.0,72,False
CDCA5,11.0,9,False
ZFPL1,131.0,123,False
TMEM262,3.0,3,False
VPS51,411.0,352,False
AP003068.9,3.0,3,False
TM7SF2,42.0,42,False
ZNHIT2,70.0,70,False
AP003068.12,0.0,0,False
FAU,18674.0,2651,False
SYVN1,113.0,81,False
MRPL49,192.0,184,False
SPDYC,1.0,1,False
AP003068.23,7.0,7,False
CAPN1,361.0,333,False
POLA2,27.0,27,False
CDC42EP2,46.0,44,False
DPF2,147.0,143,False
TIGD3,9.0,9,False
RP11-867O8.5,1.0,1,False
SLC25A45,212.0,190,False
FRMD8,106.0,104,False
NEAT1,4482.0,1721,False
AP000769.1,6.0,6,False
MALAT1,161685.0,2699,False
AP000769.7,7.0,7,False
SCYL1,121.0,119,False
LTBP3,97.0,94,False
SSSCA1-AS1,5.0,5,False
SSSCA1,250.0,230,False
FAM89B,282.0,232,False
EHBP1L1,118.0,116,False
AP001362.1,0.0,0,False
KCNK7,8.0,8,False
MAP3K11,182.0,164,False
PCNXL3,23.0,22,False
SIPA1,282.0,260,False
RELA,166.0,165,False
KAT5,169.0,165,False
RNASEH2C,545.0,464,False
RP11-770G2.2,0.0,0,False
AP5B1,55.0,52,False
OVOL1,0.0,0,False
OVOL1-AS1,0.0,0,False
RP11-770G2.5,0.0,0,False
CFL1,10640.0,2460,False
SNX32,2.0,2,False
MUS81,108.0,105,False
EFEMP2,3.0,3,False
CTSW,1981.0,808,False
FIBP,559.0,464,False
CCDC85B,1348.0,956,False
FOSL1,5.0,5,False
C11orf68,36.0,34,False
DRAP1,2185.0,1249,False
SART1,218.0,211,False
EIF1AD,81.0,80,False
BANF1,783.0,663,False
CST6,1.0,1,False
CATSPER1,104.0,94,False
GAL3ST3,0.0,0,False
SF3B2,675.0,551,False
RP11-1167A19.2,0.0,0,False
PACS1,175.0,134,False
RP11-755F10.1,5.0,5,False
KLC2,39.0,39,False
RP11-755F10.3,0.0,0,False
RP11-867G23.1,0.0,0,False
RP11-867G23.2,0.0,0,False
RAB1B,216.0,173,False
RP11-867G23.3,1.0,1,False
RP11-867G23.4,6.0,6,False
CNIH2,2.0,2,False
YIF1A,288.0,267,False
TMEM151A,0.0,0,False
RP11-867G23.13,0.0,0,False
CD248,6.0,6,False
RIN1,59.0,56,False
RP11-867G23.12,0.0,0,False
BRMS1,363.0,323,False
B3GNT1,31.0,30,False
RP11-867G23.8,9.0,9,False
SLC29A2,12.0,12,False
NPAS4,0.0,0,False
MRPL11,489.0,425,False
PELI3,14.0,14,False
CTD-3074O7.5,48.0,47,False
DPP3,94.0,93,False
CTD-3074O7.11,0.0,0,False
BBS1,13.0,13,False
ZDHHC24,141.0,138,False
CTD-3074O7.12,8.0,8,False
CTD-3074O7.2,0.0,0,False
CTSF,74.0,74,False
CCDC87,1.0,1,False
CCS,295.0,267,False
RBM14,244.0,204,False
RBM4,364.0,277,False
RBM14-RBM4,2.0,2,False
RBM4B,59.0,57,False
RP11-658F2.8,14.0,14,False
SPTBN2,0.0,0,False
C11orf80,22.0,22,False
RCE1,149.0,109,False
PC,4.0,4,False
LRFN4,1.0,1,False
C11orf86,0.0,0,False
SYT12,0.0,0,False
RHOD,5.0,5,False
KDM2A,171.0,165,False
AP001885.1,0.0,0,False
ADRBK1,313.0,263,False
ANKRD13D,184.0,175,False
SSH3,11.0,11,False
POLD4,1326.0,931,False
CLCF1,27.0,25,False
RAD9A,141.0,136,False
PPP1CA,2385.0,1392,False
TBC1D10C,1083.0,812,False
CARNS1,8.0,8,False
RPS6KB2,304.0,273,False
AP003419.16,9.0,9,False
PTPRCAP,4613.0,1729,False
CORO1B,678.0,442,False
GPR152,1.0,1,False
CABP4,5.0,5,False
CTC-1337H24.1,0.0,0,False
CTC-1337H24.2,0.0,0,False
TMEM134,382.0,341,False
AIP,554.0,471,False
PITPNM1,63.0,53,False
CDK2AP2,515.0,435,False
CABP2,0.0,0,False
GSTP1,3672.0,1238,False
C11orf72,0.0,0,False
RP11-655M14.12,0.0,0,False
NDUFV1,420.0,368,False
RP11-655M14.13,0.0,0,False
NUDT8,27.0,27,False
TBX10,0.0,0,False
ACY3,32.0,18,False
ALDH3B2,0.0,0,False
RP11-119D9.1,10.0,10,False
RP5-903G2.2,1.0,1,False
UNC93B1,274.0,227,False
ALDH3B1,87.0,79,False
RP5-901A4.1,0.0,0,False
NDUFS8,835.0,643,False
TCIRG1,307.0,268,False
RP11-802E16.3,43.0,41,False
CHKA,24.0,24,False
CTD-2655K5.1,0.0,0,False
SUV420H1,95.0,92,False
C11orf24,67.0,64,False
LRP5,3.0,3,False
PPP6R3,113.0,111,False
CTD-2007L18.5,0.0,0,False
GAL,0.0,0,False
MTL5,27.0,27,False
CPT1A,17.0,16,False
RP11-757G1.6,0.0,0,False
MRPL21,531.0,434,False
IGHMBP2,21.0,21,False
RP11-757G1.5,0.0,0,False
MRGPRD,0.0,0,False
RP11-554A11.5,0.0,0,False
MRGPRF,0.0,0,False
RP11-554A11.6,0.0,0,False
TPCN2,31.0,31,False
RP11-554A11.7,1.0,1,False
RP11-554A11.8,1.0,1,False
RP11-554A11.9,0.0,0,False
MYEOV,0.0,0,False
RP11-211G23.2,0.0,0,False
RP11-211G23.1,0.0,0,False
AP000439.1,0.0,0,False
AP000439.2,0.0,0,False
AP000439.5,0.0,0,False
AP000439.3,0.0,0,False
CCND1,9.0,9,False
ORAOV1,63.0,60,False
FGF19,0.0,0,False
AP001888.1,0.0,0,False
FGF4,0.0,0,False
FGF3,0.0,0,False
RP11-626H12.1,0.0,0,False
RP11-626H12.2,0.0,0,False
RP11-626H12.3,0.0,0,False
ANO1-AS2,0.0,0,False
ANO1,0.0,0,False
ANO1-AS1,0.0,0,False
FADD,81.0,78,False
RP11-805J14.5,3.0,3,False
PPFIA1,34.0,34,False
AP000487.6,0.0,0,False
CTA-797E19.2,1.0,1,False
AP000487.4,0.0,0,False
AP000487.5,2.0,2,False
CTTN,9.0,7,False
SHANK2,0.0,0,False
SHANK2-AS1,0.0,0,False
SHANK2-AS2,0.0,0,False
SHANK2-AS3,0.0,0,False
DHCR7,20.0,20,False
RP11-660L16.2,199.0,181,False
NADSYN1,119.0,115,False
KRTAP5-7,0.0,0,False
KRTAP5-8,0.0,0,False
KRTAP5-9,0.0,0,False
KRTAP5-10,0.0,0,False
KRTAP5-11,0.0,0,False
AP000867.1,0.0,0,False
RP11-167J8.3,0.0,0,False
FAM86C1,20.0,20,False
DEFB108B,0.0,0,False
RP11-849H4.2,23.0,23,False
RNF121,57.0,54,False
IL18BP,52.0,51,False
NUMA1,107.0,102,False
RP11-849H4.4,2.0,2,False
LRTOMT,7.0,7,False
LAMTOR1,1365.0,928,False
ANAPC15,370.0,327,False
FOLR3,253.0,157,False
RP11-807H22.7,0.0,0,False
FOLR1,0.0,0,False
FOLR2,20.0,19,False
INPPL1,57.0,55,False
PHOX2A,0.0,0,False
CLPB,19.0,19,False
AP000593.7,0.0,0,False
RP11-45F15.1,0.0,0,False
RP11-45F15.2,0.0,0,False
RP11-7N14.1,0.0,0,False
RP11-169D4.1,0.0,0,False
PDE2A,4.0,4,False
RP11-169D4.2,24.0,24,False
RP11-31L22.3,0.0,0,False
ARAP1,163.0,136,False
ARAP1-AS1,1.0,1,False
ARAP1-AS2,2.0,2,False
STARD10,19.0,19,False
ATG16L2,217.0,180,False
FCHSD2,81.0,79,False
RP11-800A3.3,0.0,0,False
RP11-800A3.2,0.0,0,False
P2RY2,13.0,13,False
P2RY6,6.0,4,False
RP11-800A3.7,0.0,0,False
ARHGEF17,1.0,1,False
RELT,177.0,134,False
RP11-809N8.2,1.0,1,False
FAM168A,24.0,23,False
RP11-809N8.4,11.0,10,False
PLEKHB1,98.0,97,False
RAB6A,280.0,264,False
RP11-456I15.2,0.0,0,False
RP11-707G14.1,3.0,3,False
MRPL48,259.0,240,False
COA4,313.0,287,False
PAAF1,75.0,71,False
RP11-707G14.7,0.0,0,False
DNAJB13,0.0,0,False
RP11-167N4.2,1.0,1,False
UCP2,2799.0,1499,False
UCP3,9.0,9,False
C2CD3,28.0,27,False
PPME1,39.0,38,False
P4HA3,2.0,2,False
RP11-632K5.3,0.0,0,False
PGM2L1,104.0,47,False
RP11-702H23.4,0.0,0,False
KCNE3,71.0,68,False
RP11-702H23.6,1.0,1,False
LIPT2,36.0,33,False
AP001372.2,15.0,15,False
POLD3,54.0,53,False
CHRDL2,0.0,0,False
RNF169,58.0,58,False
XRRA1,176.0,148,False
SPCS2,1079.0,816,False
NEU3,10.0,10,False
OR2AT4,0.0,0,False
CTD-2562J17.2,0.0,0,False
SLCO2B1,0.0,0,False
CTD-2562J17.4,0.0,0,False
TPBGL,0.0,0,False
CTD-2562J17.7,0.0,0,False
ARRB1,132.0,116,False
CTD-2562J17.9,0.0,0,False
RPS3,51025.0,2684,False
KLHL35,2.0,2,False
GDPD5,28.0,28,False
SERPINH1,20.0,20,False
CTD-2530H12.4,0.0,0,False
MAP6,0.0,0,False
MOGAT2,0.0,0,False
CTD-2530H12.1,0.0,0,False
DGAT2,13.0,13,False
RP11-535A19.1,0.0,0,False
RP11-535A19.2,0.0,0,False
UVRAG,120.0,112,False
CTD-2011F17.2,0.0,0,False
WNT11,3.0,3,False
RP11-619A14.2,0.0,0,False
RP11-619A14.3,0.0,0,False
PRKRIR,39.0,38,False
RP11-111M22.2,10.0,10,False
RP11-111M22.3,43.0,39,False
C11orf30,59.0,57,False
RP11-672A2.6,2.0,2,False
RP11-672A2.5,0.0,0,False
RP11-672A2.4,0.0,0,False
AP001189.4,22.0,15,False
LRRC32,2.0,2,False
RP11-672A2.3,0.0,0,False
RP11-672A2.1,0.0,0,False
RP11-21L23.4,0.0,0,False
TSKU,0.0,0,False
RP11-21L23.3,0.0,0,False
ACER3,34.0,33,False
CTD-2547H18.1,0.0,0,False
B3GNT6,0.0,0,False
CAPN5,1.0,1,False
OMP,0.0,0,False
MYO7A,2.0,2,False
GDPD4,0.0,0,False
PAK1,159.0,141,False
DKFZP434E1119,9.0,9,False
CLNS1A,798.0,585,False
AQP11,1.0,1,False
RSF1,372.0,336,False
AAMDC,84.0,81,False
RP11-91P24.7,0.0,0,False
RP11-91P24.5,0.0,0,False
RP11-91P24.6,1.0,1,False
INTS4,69.0,68,False
RP11-7I15.3,0.0,0,False
KCTD14,2.0,2,False
NDUFC2-KCTD14,0.0,0,False
RP11-7I15.4,0.0,0,False
THRSP,0.0,0,False
NDUFC2,883.0,690,False
ALG8,64.0,61,False
KCTD21-AS1,6.0,6,False
KCTD21,15.0,15,False
USP35,10.0,10,False
GAB2,31.0,29,False
RP11-452H21.1,0.0,0,False
RP11-452H21.2,0.0,0,False
RP11-452H21.4,3.0,3,False
NARS2,44.0,44,False
RP11-843A23.1,0.0,0,False
TENM4,0.0,0,False
RP11-673F18.1,0.0,0,False
CTD-2337I7.1,0.0,0,False
RP11-802F5.1,0.0,0,False
RP11-258O13.1,0.0,0,False
CTD-2555I5.1,0.0,0,False
RP11-686G23.2,0.0,0,False
RP11-179A16.1,0.0,0,False
RP11-876F14.1,0.0,0,False
RP11-179A16.2,0.0,0,False
FAM181B,0.0,0,False
RP11-718B12.2,0.0,0,False
PRCP,220.0,202,False
C11orf82,6.0,6,False
RAB30,32.0,30,False
RAB30-AS1,74.0,72,False
RP11-113K21.4,0.0,0,False
PCF11,145.0,143,False
RP11-727A23.11,1.0,1,False
ANKRD42,30.0,30,False
RP11-727A23.7,0.0,0,False
CCDC90B,299.0,274,False
RP11-727A23.10,0.0,0,False
DLG2,1.0,1,False
RP11-160H12.2,0.0,0,False
CTD-2537O9.1,0.0,0,False
AP000857.3,0.0,0,False
TMEM126B,384.0,312,False
TMEM126A,236.0,219,False
CREBZF,78.0,77,False
CCDC89,1.0,1,False
SYTL2,49.0,41,False
AP000974.1,0.0,0,False
CCDC83,0.0,0,False
RP11-90K17.2,0.0,0,False
PICALM,156.0,119,False
RP11-12D16.2,0.0,0,False
EED,81.0,79,False
C11orf73,381.0,348,False
CCDC81,2.0,2,False
RP11-317J19.1,0.0,0,False
ME3,8.0,8,False
CTD-2005H7.1,1.0,1,False
CTD-2005H7.2,0.0,0,False
PRSS23,126.0,101,False
AP000654.4,1.0,1,False
RP11-736K20.5,0.0,0,False
FZD4,1.0,1,False
RP11-736K20.6,0.0,0,False
TMEM135,19.0,18,False
RP11-720D4.3,0.0,0,False
RP11-164N3.1,0.0,0,False
RP11-164N3.2,0.0,0,False
RP11-164N3.3,0.0,0,False
RAB38,11.0,11,False
CTSC,1171.0,723,False
GRM5-AS1,0.0,0,False
GRM5,0.0,0,False
TYR,0.0,0,False
NOX4,0.0,0,False
RP11-643G5.6,0.0,0,False
TRIM77,0.0,0,False
RP11-313I2.11,0.0,0,False
TRIM49,0.0,0,False
TRIM64B,0.0,0,False
TRIM49D1,0.0,0,False
TRIM49C,0.0,0,False
NAALAD2,0.0,0,False
CHORDC1,129.0,124,False
RP11-699F16.2,0.0,0,False
RP11-201M22.1,0.0,0,False
FAT3,0.0,0,False
RP11-675M1.2,0.0,0,False
RP11-203F8.1,0.0,0,False
RP11-676F20.1,0.0,0,False
MTNR1B,0.0,0,False
SLC36A4,88.0,85,False
RP11-755E23.3,0.0,0,False
CCDC67,0.0,0,False
SMCO4,393.0,282,False
KIAA1731,27.0,26,False
SCARNA9,0.0,0,False
TAF1D,489.0,405,False
C11orf54,42.0,41,False
MED17,132.0,126,False
VSTM5,0.0,0,False
HEPHL1,0.0,0,False
PANX1,33.0,32,False
RP11-680H20.2,0.0,0,False
FOLR4,0.0,0,False
GPR83,1.0,1,False
MRE11A,68.0,54,False
RP11-685N10.1,0.0,0,False
ANKRD49,60.0,54,False
LINC01171,0.0,0,False
PIWIL4,5.0,5,False
FUT4,17.0,16,False
RP11-867G2.8,0.0,0,False
RP11-867G2.5,0.0,0,False
RP11-867G2.6,0.0,0,False
AMOTL1,1.0,1,False
RP11-856F16.2,1.0,1,False
CWC15,617.0,453,False
KDM4D,5.0,5,False
KDM4E,0.0,0,False
ENDOD1,36.0,36,False
RP11-712B9.2,15.0,15,False
SESN3,78.0,75,False
RP11-338H14.1,0.0,0,False
RP11-644L4.1,0.0,0,False
FAM76B,53.0,49,False
CEP57,269.0,255,False
MTMR2,37.0,37,False
MAML2,63.0,63,False
CCDC82,117.0,112,False
JRKL,37.0,36,False
JRKL-AS1,0.0,0,False
RP11-49K4.2,0.0,0,False
RP11-360K13.1,0.0,0,False
RP11-882G5.1,0.0,0,False
RP11-379J13.2,0.0,0,False
RP11-115E19.1,0.0,0,False
RP11-99C10.1,0.0,0,False
CNTN5,0.0,0,False
CTD-2383M3.1,0.0,0,False
ARHGAP42,3.0,3,False
TMEM133,0.0,0,False
PGR,0.0,0,False
TRPC6,0.0,0,False
ANGPTL5,0.0,0,False
KIAA1377,14.0,13,False
C11orf70,1.0,1,False
YAP1,0.0,0,False
RP11-864G5.3,0.0,0,False
BIRC3,456.0,349,False
BIRC2,164.0,161,False
TMEM123,1682.0,1147,False
RP11-315O6.1,5.0,5,False
RP11-315O6.2,0.0,0,False
MMP7,2.0,1,False
MMP20,0.0,0,False
RP11-817J15.2,0.0,0,False
RP11-817J15.3,0.0,0,False
MMP27,0.0,0,False
MMP8,0.0,0,False
MMP10,0.0,0,False
MMP1,0.0,0,False
MMP3,0.0,0,False
MMP13,0.0,0,False
DCUN1D5,167.0,159,False
DYNC2H1,5.0,5,False
RP11-563P16.1,0.0,0,False
PDGFD,25.0,24,False
RP11-617B3.2,0.0,0,False
DDI1,0.0,0,False
RP11-886D15.1,0.0,0,False
CASP12,0.0,0,False
CASP4,1234.0,851,False
CASP5,21.0,19,False
CASP1,1124.0,731,False
CARD16,1221.0,773,False
CARD17,1.0,1,False
CARD18,0.0,0,False
RP11-94P11.4,0.0,0,False
GRIA4,0.0,0,False
MSANTD4,22.0,22,False
KBTBD3,46.0,43,False
AASDHPPT,156.0,153,False
RP11-677I18.3,1.0,1,False
RP11-677I18.4,0.0,0,False
GUCY1A2,0.0,0,False
RP11-819C21.1,19.0,18,False
CWF19L2,137.0,127,False
ALKBH8,22.0,21,False
ELMOD1,1.0,1,False
AP000889.3,0.0,0,False
SLN,0.0,0,False
AP002353.1,0.0,0,False
AP001024.2,0.0,0,False
AP001024.1,0.0,0,False
SLC35F2,23.0,22,False
RAB39A,1.0,1,False
CUL5,83.0,82,False
RP11-144G7.2,0.0,0,False
ACAT1,188.0,177,False
NPAT,98.0,95,False
ATM,444.0,389,False
AP001925.1,0.0,0,False
C11orf65,1.0,1,False
KDELC2,25.0,24,False
EXPH5,2.0,2,False
DDX10,80.0,79,False
RP11-25I9.2,0.0,0,False
RP11-708B6.2,0.0,0,False
C11orf87,0.0,0,False
RP11-262A12.1,0.0,0,False
ZC3H12C,0.0,0,False
RDX,81.0,77,False
RP11-347E10.1,0.0,0,False
FDX1,469.0,418,False
ARHGAP20,0.0,0,False
RP11-89C3.3,0.0,0,False
RP11-89C3.4,2.0,2,False
C11orf53,0.0,0,False
COLCA1,0.0,0,False
COLCA2,3.0,3,False
POU2AF1,90.0,73,False
RP11-794P6.3,0.0,0,False
RP11-794P6.2,0.0,0,False
BTG4,0.0,0,False
RP11-794P6.6,0.0,0,False
C11orf88,0.0,0,False
LAYN,8.0,8,False
SIK2,30.0,30,False
PPP2R1B,35.0,31,False
RP11-108O10.2,0.0,0,False
ALG9,9.0,9,False
ALG9-1,0.0,0,False
FDXACB1,18.0,17,False
C11orf1,72.0,69,False
CRYAB,0.0,0,False
HSPB2,0.0,0,False
HSPB2-C11orf52,0.0,0,False
C11orf52,0.0,0,False
DIXDC1,2.0,2,False
DLAT,66.0,63,False
PIH1D2,0.0,0,False
C11orf57,76.0,71,False
TIMM8B,353.0,301,False
SDHD,609.0,523,False
SDHD-1,0.0,0,False
IL18,39.0,39,False
RP11-356J5.4,0.0,0,False
TEX12,4.0,4,False
AP002884.3,0.0,0,False
BCO2,10.0,10,False
PTS,64.0,60,False
PLET1,0.0,0,False
AP002884.2,0.0,0,False
RP11-65M17.3,1.0,1,False
RP11-65M17.1,0.0,0,False
RP11-27G22.1,0.0,0,False
RP11-629G13.1,0.0,0,False
NCAM1,14.0,14,False
NCAM1-AS1,0.0,0,False
RP11-839D17.3,0.0,0,False
TTC12,18.0,18,False
ANKK1,0.0,0,False
RP11-159N11.3,0.0,0,False
DRD2,0.0,0,False
TMPRSS5,0.0,0,False
ZW10,41.0,41,False
RP11-667M19.2,0.0,0,False
CLDN25,0.0,0,False
USP28,70.0,66,False
RP11-667M19.10,0.0,0,False
HTR3B,0.0,0,False
HTR3A,6.0,6,False
ZBTB16,62.0,59,False
RP11-64D24.2,0.0,0,False
NNMT,0.0,0,False
RP11-64D24.4,0.0,0,False
C11orf71,41.0,40,False
RBM7,271.0,178,False
RP11-212D19.4,0.0,0,False
REXO2,397.0,295,False
NXPE1,0.0,0,False
NXPE4,0.0,0,False
NXPE2,0.0,0,False
CADM1,8.0,7,False
AP000462.3,0.0,0,False
AP000462.2,0.0,0,False
RP11-136I14.2,0.0,0,False
RP11-136I14.5,0.0,0,False
AP000997.1,0.0,0,False
AP000997.2,0.0,0,False
AP000797.3,0.0,0,False
LINC00900,0.0,0,False
AP000797.4,0.0,0,False
AP001891.1,0.0,0,False
AP000770.1,0.0,0,False
BUD13,66.0,65,False
AP006216.10,1.0,1,False
AP006216.11,0.0,0,False
ZNF259,193.0,177,False
APOA5,1.0,1,False
AP006216.5,0.0,0,False
APOA4,0.0,0,False
APOC3,0.0,0,False
APOA1,5.0,5,False
APOA1-AS,0.0,0,False
SIK3,49.0,48,False
AP000936.4,1.0,1,False
PAFAH1B2,121.0,113,False
SIDT2,71.0,71,False
TAGLN,21.0,20,False
PCSK7,489.0,386,False
RNF214,96.0,89,False
BACE1,9.0,9,False
CEP164,114.0,98,False
AP000892.4,0.0,0,False
DSCAML1,0.0,0,False
RP11-35P15.1,0.0,0,False
FXYD2,36.0,32,False
RP11-728F11.3,0.0,0,False
FXYD6-FXYD2,1.0,1,False
RP11-728F11.4,5.0,5,False
FXYD6,34.0,31,False
TMPRSS13,3.0,3,False
IL10RA,697.0,569,False
TMPRSS4-AS1,0.0,0,False
TMPRSS4,0.0,0,False
SCN4B,0.0,0,False
SCN2B,0.0,0,False
AMICA1,1040.0,707,False
MPZL3,25.0,25,False
MPZL2,2.0,2,False
CD3E,2831.0,1300,False
CD3D,4000.0,1405,False
CD3G,784.0,590,False
UBE4A,80.0,77,False
RP11-770J1.5,2.0,2,False
ATP5L,4007.0,1877,False
RP11-770J1.4,0.0,0,False
KMT2A,217.0,203,False
RP11-770J1.3,2.0,2,False
TTC36,2.0,2,False
TMEM25,25.0,25,False
IFT46,19.0,18,False
ARCN1,118.0,115,False
PHLDB1,3.0,3,False
AP002954.3,0.0,0,False
TREH,0.0,0,False
AP002954.4,2.0,2,False
DDX6,383.0,341,False
CXCR5,46.0,46,False
RP11-158I9.5,8.0,8,False
BCL9L,75.0,75,False
UPK2,3.0,3,False
RP11-158I9.7,0.0,0,False
FOXR1,0.0,0,False
RP11-110I1.12,1.0,1,False
CCDC84,85.0,82,False
RP11-110I1.11,1.0,1,False
RPS25,22217.0,2644,False
TRAPPC4,367.0,335,False
SLC37A4,33.0,32,False
RP11-110I1.6,1.0,1,False
HYOU1,68.0,68,False
RP11-110I1.14,4.0,3,False
RP11-110I1.13,7.0,7,False
VPS11,74.0,72,False
HMBS,59.0,57,False
H2AFX,98.0,86,False
DPAGT1,88.0,86,False
C2CD2L,42.0,40,False
HINFP,58.0,55,False
ABCG4,0.0,0,False
AP002956.1,0.0,0,False
NLRX1,15.0,15,False
PDZD3,1.0,1,False
CCDC153,4.0,4,False
CBL,119.0,111,False
MCAM,3.0,3,False
RNF26,65.0,55,False
RP11-334E6.10,1.0,1,False
C1QTNF5,0.0,0,False
MFRP,0.0,0,False
MFRP-1,0.0,0,False
USP2,0.0,0,False
RP11-334E6.3,0.0,0,False
USP2-AS1,0.0,0,False
THY1,0.0,0,False
RP11-196E1.3,0.0,0,False
PVRL1,9.0,9,False
CTD-2523D13.1,0.0,0,False
CTD-2523D13.2,0.0,0,False
RP11-831A10.2,0.0,0,False
RP11-831A10.1,0.0,0,False
TRIM29,0.0,0,False
AP000679.2,0.0,0,False
OAF,29.0,26,False
POU2F3,0.0,0,False
RP11-778O17.4,0.0,0,False
TMEM136,4.0,4,False
ARHGEF12,19.0,18,False
AP000758.1,0.0,0,False
GRIK4,4.0,4,False
AP002348.1,0.0,0,False
RP11-640N11.2,0.0,0,False
TBCEL,12.0,12,False
TECTA,0.0,0,False
SC5D,60.0,60,False
RP11-730K11.1,8.0,8,False
SORL1,369.0,328,False
BLID,0.0,0,False
RP11-716H6.1,0.0,0,False
RP11-716H6.2,0.0,0,False
UBASH3B,42.0,41,False
CRTAM,74.0,69,False
C11orf63,7.0,7,False
BSX,0.0,0,False
HSPA8,4047.0,1806,False
CLMP,0.0,0,False
CTD-2216M2.1,0.0,0,False
RP11-109E10.1,0.0,0,False
AP000783.1,15.0,15,False
LINC01059,1.0,1,False
GRAMD1B,8.0,8,False
SCN3B,0.0,0,False
RP11-634B22.4,0.0,0,False
ZNF202,14.0,14,False
OR6X1,0.0,0,False
OR6M1,0.0,0,False
TMEM225,0.0,0,False
OR8D4,0.0,0,False
OR4D5,0.0,0,False
OR6T1,0.0,0,False
OR10S1,0.0,0,False
OR10G6,0.0,0,False
OR10G4,0.0,0,False
OR10G9,0.0,0,False
OR10G8,0.0,0,False
OR10G7,0.0,0,False
VWA5A,22.0,22,False
OR10D3,0.0,0,False
OR8G5,0.0,0,False
OR8D1,0.0,0,False
OR8D2,0.0,0,False
OR8B2,0.0,0,False
OR8B3,0.0,0,False
OR8B4,0.0,0,False
OR8B8,0.0,0,False
OR8B12,0.0,0,False
OR8A1,0.0,0,False
PANX3,0.0,0,False
TBRG1,278.0,247,False
SIAE,18.0,18,False
SPA17,11.0,11,False
NRGN,140.0,84,False
RP11-677M14.2,6.0,6,False
VSIG2,6.0,6,False
ESAM,25.0,10,False
RP11-677M14.3,0.0,0,False
MSANTD2,18.0,17,False
RP11-677M14.7,3.0,3,False
ROBO3,13.0,13,False
RP11-664I21.5,0.0,0,False
ROBO4,0.0,0,False
RP11-664I21.6,0.0,0,False
HEPACAM,0.0,0,False
HEPN1,0.0,0,False
CCDC15,6.0,6,False
SLC37A2,9.0,9,False
TMEM218,113.0,109,False
RP11-687M24.4,0.0,0,False
RP11-687M24.5,0.0,0,False
PKNOX2,0.0,0,False
RP11-687M24.8,0.0,0,False
FEZ1,16.0,16,False
AP000708.1,0.0,0,False
EI24,243.0,208,False
STT3A-AS1,0.0,0,False
STT3A,73.0,59,False
CHEK1,13.0,12,False
ACRV1,0.0,0,False
PATE1,0.0,0,False
PATE2,0.0,0,False
PATE3,0.0,0,False
PATE4,0.0,0,False
RP11-680F20.10,0.0,0,False
HYLS1,52.0,50,False
PUS3,67.0,65,False
RP11-680F20.9,0.0,0,False
DDX25,0.0,0,False
RP11-680F20.11,0.0,0,False
RP11-680F20.5,0.0,0,False
RP11-680F20.4,0.0,0,False
RP11-680F20.6,0.0,0,False
CDON,3.0,3,False
RP11-680F20.12,0.0,0,False
RP11-673E11.2,0.0,0,False
RP11-50B3.2,0.0,0,False
RPUSD4,100.0,77,False
RP11-50B3.4,0.0,0,False
FAM118B,60.0,59,False
SRPR,274.0,226,False
FOXRED1,56.0,55,False
TIRAP,15.0,14,False
RP11-712L6.7,0.0,0,False
RP11-712L6.5,2.0,2,False
DCPS,177.0,162,False
ST3GAL4,56.0,52,False
KIRREL3,2.0,2,False
KIRREL3-AS1,0.0,0,False
RP11-115C10.1,0.0,0,False
RP11-688I9.4,0.0,0,False
KIRREL3-AS2,0.0,0,False
RP11-688I9.2,0.0,0,False
KIRREL3-AS3,0.0,0,False
RP11-168K9.1,0.0,0,False
RP11-168K9.2,0.0,0,False
CTD-2234N14.2,0.0,0,False
CTD-2234N14.1,0.0,0,False
RP11-480C22.1,0.0,0,False
RP11-702B10.2,2.0,2,False
RP11-702B10.1,0.0,0,False
ETS1,342.0,276,False
RP11-1007G5.2,0.0,0,False
RP11-264E20.2,0.0,0,False
RP11-264E20.1,0.0,0,False
RP11-744N12.3,1.0,1,False
FLI1,350.0,313,False
SENCR,37.0,32,False
KCNJ1,0.0,0,False
KCNJ5,0.0,0,False
C11orf45,0.0,0,False
TP53AIP1,0.0,0,False
ARHGAP32,9.0,9,False
BARX2,1.0,1,False
TMEM45B,9.0,9,False
NFRKB,87.0,85,False
PRDM10,3.0,3,False
LINC00167,2.0,2,False
AP003041.2,0.0,0,False
APLP2,576.0,445,False
ST14,21.0,21,False
ZBTB44,63.0,62,False
RP11-121M22.1,0.0,0,False
ADAMTS8,0.0,0,False
ADAMTS15,0.0,0,False
C11orf44,0.0,0,False
RP11-890B15.2,2.0,2,False
RP11-890B15.3,6.0,6,False
SNX19,54.0,53,False
AP002856.4,0.0,0,False
AP002856.6,0.0,0,False
AP002856.7,0.0,0,False
AP002856.5,0.0,0,False
NTM,0.0,0,False
AP003025.2,0.0,0,False
RP11-217L21.1,0.0,0,False
AP003039.3,0.0,0,False
AP004372.1,0.0,0,False
RP11-697E14.2,0.0,0,False
OPCML,0.0,0,False
RP11-448P19.1,0.0,0,False
SPATA19,0.0,0,False
IGSF9B,6.0,6,False
RP11-713P17.5,0.0,0,False
RP11-713P17.3,5.0,5,False
RP11-713P17.4,0.0,0,False
JAM3,7.0,7,False
NCAPD3,27.0,27,False
RP11-700F16.3,0.0,0,False
VPS26B,248.0,196,False
THYN1,482.0,360,False
ACAD8,78.0,76,False
GLB1L3,2.0,2,False
GLB1L2,1.0,1,False
B3GAT1,9.0,9,False
AP004550.1,0.0,0,False
RP11-469N6.3,0.0,0,False
RP11-469N6.2,0.0,0,False
RP11-469N6.1,0.0,0,False
RP11-555G19.1,0.0,0,False
AP003062.1,0.0,0,False
AP005135.2,0.0,0,False
RP11-598F7.1,0.0,0,False
AC026369.1,0.0,0,False
FAM138D,0.0,0,False
IQSEC3,1.0,1,False
RP11-598F7.3,10.0,8,False
RP11-598F7.4,0.0,0,False
RP11-598F7.5,1.0,1,False
RP11-598F7.6,0.0,0,False
SLC6A12,6.0,5,False
RP11-283I3.1,0.0,0,False
RP11-283I3.2,0.0,0,False
SLC6A13,0.0,0,False
KDM5A,203.0,189,False
CCDC77,39.0,38,False
B4GALNT3,8.0,8,False
NINJ2,84.0,77,False
RP5-1154L15.1,0.0,0,False
RP11-218M22.1,25.0,22,False
RP11-218M22.2,1.0,1,False
WNK1,299.0,239,False
RAD52,7.0,7,False
RP11-359B12.2,6.0,6,False
ERC1,20.0,20,False
RP5-951N9.1,0.0,0,False
LINC00942,0.0,0,False
WNT5B,5.0,4,False
FBXL14,9.0,9,False
ADIPOR2,88.0,55,False
CACNA2D4,87.0,82,False
LRTM2,0.0,0,False
RP5-1096D14.3,1.0,1,False
LINC00940,0.0,0,False
DCP1B,38.0,37,False
CACNA1C,3.0,3,False
RP5-1096D14.6,0.0,0,False
CACNA1C-AS4,0.0,0,False
CACNA1C-AS3,0.0,0,False
CACNA1C-AS2,23.0,23,False
CACNA1C-AS1,4.0,4,False
RP11-885B4.1,0.0,0,False
RP11-885B4.2,0.0,0,False
FKBP4,151.0,143,False
RP4-816N1.6,17.0,17,False
RP4-816N1.7,0.0,0,False
ITFG2,168.0,157,False
NRIP2,2.0,2,False
AC005841.1,0.0,0,False
FOXM1,6.0,3,False
RHNO1,136.0,133,False
TULP3,20.0,18,False
TEAD4,0.0,0,False
TSPAN9,2.0,2,False
RP5-1063M23.1,0.0,0,False
RP5-1063M23.2,0.0,0,False
RP11-476M19.2,0.0,0,False
PRMT8,0.0,0,False
RP11-476M19.3,0.0,0,False
EFCAB4B,52.0,50,False
PARP11,99.0,98,False
RP11-664D1.1,170.0,151,False
RP11-320N7.2,0.0,0,False
CCND2-AS1,2.0,2,False
CCND2-AS2,0.0,0,False
CCND2,196.0,164,False
C12orf5,54.0,54,False
FGF23,1.0,1,False
FGF6,0.0,0,False
C12orf4,46.0,46,False
RAD51AP1,9.0,8,False
DYRK4,146.0,134,False
RP11-500M8.7,0.0,0,False
AKAP3,0.0,0,False
NDUFA9,440.0,365,False
RP11-234B24.6,0.0,0,False
RP11-234B24.2,0.0,0,False
GALNT8,0.0,0,False
RP11-234B24.4,0.0,0,False
KCNA6,0.0,0,False
KCNA1,0.0,0,False
RP11-429A20.3,0.0,0,False
RP11-429A20.4,0.0,0,False
KCNA5,2.0,2,False
RP11-319E16.1,0.0,0,False
RP11-1038A11.3,0.0,0,False
RP11-319E16.2,0.0,0,False
RP11-1038A11.2,0.0,0,False
RP11-1038A11.1,0.0,0,False
NTF3,0.0,0,False
ANO2,0.0,0,False
VWF,1.0,1,False
RP3-454B23.1,0.0,0,False
CD9,142.0,78,False
PLEKHG6,0.0,0,False
TNFRSF1A,337.0,249,False
SCNN1A,1.0,1,False
LTBR,70.0,67,False
RP1-102E24.8,0.0,0,False
CD27-AS1,67.0,59,False
CD27,945.0,643,False
TAPBPL,181.0,170,False
VAMP1,56.0,56,False
MRPL51,720.0,548,False
NCAPD2,44.0,42,False
RP5-940J5.3,0.0,0,False
GAPDH,10678.0,2274,False
RP5-940J5.9,78.0,76,False
IFFO1,123.0,88,False
RP5-940J5.8,0.0,0,False
NOP2,76.0,70,False
CHD4,206.0,190,False
RP5-940J5.6,3.0,3,False
LPAR5,58.0,51,False
ACRBP,106.0,33,False
ING4,285.0,262,False
RP4-761J14.8,1.0,1,False
ZNF384,92.0,87,False
PIANP,0.0,0,False
RP4-761J14.9,0.0,0,False
COPS7A,102.0,99,False
RP4-761J14.10,0.0,0,False
MLF2,417.0,378,False
PTMS,88.0,76,False
LAG3,107.0,86,False
CD4,376.0,314,False
GPR162,15.0,15,False
GNB3,0.0,0,False
CDCA3,3.0,2,False
USP5,138.0,108,False
TPI1,2625.0,1362,False
SPSB2,165.0,145,False
LRRC23,38.0,38,False
ENO2,61.0,57,False
ATN1,19.0,19,False
C12orf57,1126.0,815,False
U47924.31,6.0,6,False
PTPN6,1205.0,788,False
EMG1,344.0,273,False
U47924.27,0.0,0,False
U47924.29,0.0,0,False
PHB2,636.0,544,False
LPCAT3,107.0,100,False
U47924.30,9.0,9,False
C1S,1.0,1,False
C1R,6.0,5,False
C1RL,39.0,39,False
C1RL-AS1,18.0,18,False
RBP5,2.0,2,False
RP11-273B20.1,0.0,0,False
CLSTN3,39.0,34,False
RP11-273B20.3,0.0,0,False
PEX5,37.0,37,False
ACSM4,0.0,0,False
CD163L1,0.0,0,False
CD163,39.0,36,False
APOBEC1,0.0,0,False
GDF3,0.0,0,False
DPPA3,0.0,0,False
CLEC4C,15.0,8,False
NANOGNB,0.0,0,False
NANOG,0.0,0,False
SLC2A14,1.0,1,False
SLC2A3,991.0,673,False
FOXJ2,30.0,30,False
C3AR1,72.0,65,False
NECAP1,137.0,134,False
CLEC4A,102.0,91,False
ZNF705A,0.0,0,False
FAM66C,5.0,5,False
FAM90A1,1.0,1,False
RP11-266K4.9,1.0,1,False
LINC00937,39.0,35,False
RP11-90D4.3,5.0,5,False
CLEC6A,2.0,2,False
CLEC4D,29.0,27,False
CLEC4E,84.0,74,False
RP11-561P12.5,0.0,0,False
AICDA,3.0,2,False
MFAP5,0.0,0,False
RP11-20D14.3,0.0,0,False
RIMKLB,21.0,21,False
A2ML1-AS1,0.0,0,False
RP11-20D14.6,0.0,0,False
A2ML1-AS2,0.0,0,False
A2ML1,0.0,0,False
PHC1,28.0,28,False
M6PR,789.0,596,False
KLRG1,495.0,313,False
RP11-259O18.4,0.0,0,False
A2M-AS1,32.0,30,False
A2M,8.0,8,False
PZP,10.0,10,False
LINC00987,31.0,31,False
RP11-118B22.4,2.0,2,False
RP13-735L24.1,0.0,0,False
KLRB1,228.0,152,False
RP11-705C15.4,0.0,0,False
CLEC2D,251.0,233,False
RP11-75L1.1,0.0,0,False
CLECL1,3.0,3,False
CD69,1722.0,969,False
KLRF1,73.0,62,False
CLEC2B,364.0,249,False
RP11-290C10.1,0.0,0,False
KLRF2,0.0,0,False
CLEC2A,0.0,0,False
AC091814.2,0.0,0,False
AC091814.3,0.0,0,False
CLEC12A,119.0,102,False
CLEC1B,25.0,13,False
CLEC12B,2.0,2,False
RP11-133L14.5,0.0,0,False
CLEC9A,3.0,1,False
CLEC1A,2.0,2,False
CLEC7A,227.0,182,False
OLR1,1.0,1,False
TMEM52B,1.0,1,False
GABARAPL1,190.0,175,False
RP11-656E20.5,3.0,3,False
KLRD1,226.0,159,False
RP11-277P12.10,0.0,0,False
RP11-277P12.9,0.0,0,False
RP11-277P12.20,4.0,4,False
KLRC4-KLRK1,2.0,2,False
KLRK1,6.0,6,False
KLRC4,9.0,9,False
NKG2-E,0.0,0,False
KLRC3,1.0,1,False
KLRC2,21.0,18,False
KLRC1,68.0,51,False
EIF2S3L,0.0,0,False
RP11-291B21.2,138.0,98,False
MAGOHB,164.0,147,False
STYK1,2.0,2,False
YBX3,327.0,280,False
RP13-81N3.2,0.0,0,False
TAS2R7,0.0,0,False
TAS2R8,0.0,0,False
TAS2R9,0.0,0,False
PRR4,134.0,120,False
TAS2R10,0.0,0,False
PRH1,0.0,0,False
TAS2R13,0.0,0,False
PRH2,0.0,0,False
TAS2R14,8.0,8,False
TAS2R50,0.0,0,False
TAS2R20,0.0,0,False
TAS2R19,0.0,0,False
TAS2R31,0.0,0,False
AC018630.1,0.0,0,False
TAS2R46,0.0,0,False
TAS2R43,0.0,0,False
TAS2R30,3.0,3,False
TAS2R42,0.0,0,False
RP11-711K1.8,0.0,0,False
PRB3,0.0,0,False
PRB4,0.0,0,False
PRB1,0.0,0,False
PRB2,0.0,0,False
RP11-434C1.2,0.0,0,False
RP11-434C1.1,17.0,16,False
ETV6,84.0,81,False
BCL2L14,5.0,5,False
LRP6,7.0,7,False
MANSC1,6.0,6,False
LOH12CR2,50.0,45,False
LOH12CR1,128.0,125,False
DUSP16,19.0,19,False
RP11-253I19.3,0.0,0,False
CREBL2,142.0,137,False
GPR19,2.0,2,False
RP11-180M15.3,0.0,0,False
CDKN1B,360.0,326,False
RP11-180M15.4,1.0,1,False
APOLD1,67.0,63,False
DDX47,70.0,70,False
GPRC5A,1.0,1,False
RP11-392P7.6,4.0,4,False
GPRC5D,0.0,0,False
RP11-392P7.7,0.0,0,False
HEBP1,190.0,180,False
RP11-377D9.3,1.0,1,False
KIAA1467,7.0,7,False
GSG1,0.0,0,False
EMP1,3.0,3,False
C12orf36,0.0,0,False
GRIN2B,0.0,0,False
RP11-134N1.2,1.0,1,False
ATF7IP,119.0,116,False
PLBD1,381.0,235,False
RP11-502N13.2,0.0,0,False
RP11-695J4.2,0.0,0,False
GUCY2C,0.0,0,False
RP11-174G6.1,0.0,0,False
HIST4H4,34.0,34,False
H2AFJ,492.0,411,False
WBP11,252.0,242,False
C12orf60,6.0,6,False
SMCO3,2.0,2,False
ART4,1.0,1,False
RP11-233G1.4,0.0,0,False
MGP,1.0,1,False
ERP27,15.0,15,False
ARHGDIB,9600.0,2451,False
PDE6H,1.0,1,False
RP11-508P1.2,0.0,0,False
RERG,0.0,0,False
RERG-AS1,0.0,0,False
PTPRO,24.0,23,False
EPS8,17.0,17,False
RP11-6B19.1,0.0,0,False
RP11-6B19.2,0.0,0,False
STRAP,534.0,466,False
DERA,162.0,150,False
SLC15A5,0.0,0,False
MGST1,89.0,77,False
LMO3,0.0,0,False
RP11-424M22.3,0.0,0,False
RP11-69C13.1,0.0,0,False
RP11-239A17.1,0.0,0,False
RP11-871F6.3,0.0,0,False
RP11-606D9.1,0.0,0,False
RERGL,0.0,0,False
PIK3C2G,0.0,0,False
PLCZ1,0.0,0,False
RP11-361I14.2,0.0,0,False
CAPZA3,0.0,0,False
PLEKHA5,15.0,15,False
AEBP2,19.0,19,False
RP11-405A12.2,0.0,0,False
RP11-664H17.1,0.0,0,False
CTC-465D4.1,0.0,0,False
RP11-284H19.1,0.0,0,False
PDE3A,0.0,0,False
SLCO1C1,0.0,0,False
SLCO1B3,0.0,0,False
LST3,0.0,0,False
SLCO1B7,0.0,0,False
RP11-125O5.2,0.0,0,False
SLCO1B1,0.0,0,False
SLCO1A2,1.0,1,False
IAPP,0.0,0,False
PYROXD1,70.0,68,False
RECQL,193.0,182,False
GOLT1B,186.0,164,False
C12orf39,5.0,5,False
GYS2,1.0,1,False
LDHB,5324.0,1810,False
RP11-59N23.3,0.0,0,False
RP11-59N23.1,0.0,0,False
KCNJ8,1.0,1,False
ABCC9,0.0,0,False
RP11-729I10.2,0.0,0,False
CMAS,182.0,176,False
ST8SIA1,14.0,14,False
RP11-73M14.1,0.0,0,False
C2CD5,43.0,42,False
RP11-359J14.2,0.0,0,False
RP11-268P4.5,0.0,0,False
RP11-268P4.4,0.0,0,False
ETNK1,153.0,147,False
RP11-114G22.1,0.0,0,False
RP11-449P1.1,0.0,0,False
RP11-153K16.1,0.0,0,False
RP11-153K16.2,0.0,0,False
SOX5,1.0,1,False
RP11-437F6.1,0.0,0,False
RP11-444D3.1,2.0,2,False
RP11-778H2.1,0.0,0,False
LINC00477,0.0,0,False
RP11-625L16.1,0.0,0,False
BCAT1,8.0,8,False
RP11-625L16.3,0.0,0,False
AC026310.1,2.0,2,False
RP11-662I13.2,0.0,0,False
C12orf77,4.0,1,False
RP11-713N11.5,0.0,0,False
LRMP,156.0,140,False
RP11-713N11.4,0.0,0,False
CASC1,1.0,1,False
LYRM5,236.0,205,False
KRAS,265.0,242,False
AC087239.1,0.0,0,False
IFLTD1,0.0,0,False
RP11-443N24.2,0.0,0,False
RP11-443N24.3,0.0,0,False
RP11-443N24.4,0.0,0,False
RASSF8-AS1,0.0,0,False
RASSF8,0.0,0,False
BHLHE41,1.0,1,False
SSPN,14.0,12,False
RP11-283G6.3,0.0,0,False
RP11-283G6.4,0.0,0,False
RP11-283G6.5,0.0,0,False
RP11-612B6.1,0.0,0,False
RP11-513G19.1,0.0,0,False
RP11-612B6.2,1.0,1,False
ITPR2,32.0,31,False
RP11-666F17.1,0.0,0,False
ASUN,71.0,67,False
FGFR1OP2,518.0,434,False
RP11-421F16.3,2.0,2,False
TM7SF3,163.0,127,False
MED21,42.0,41,False
C12orf71,0.0,0,False
RP11-582E3.2,0.0,0,False
STK38L,72.0,66,False
ARNTL2,0.0,0,False
RP11-165P7.1,0.0,0,False
SMCO2,0.0,0,False
PPFIBP1,6.0,6,False
RP11-709A23.1,1.0,1,False
RP11-1060J15.4,8.0,8,False
REP15,0.0,0,False
RP11-1060J15.7,0.0,0,False
MRPS35,318.0,296,False
MANSC4,0.0,0,False
RP11-860B13.1,0.0,0,False
KLHL42,56.0,56,False
RP11-860B13.3,0.0,0,False
PTHLH,0.0,0,False
RP11-993B23.3,0.0,0,False
CCDC91,368.0,284,False
RP11-967K21.1,2.0,2,False
RP11-977P2.1,0.0,0,False
RP11-946L16.1,0.0,0,False
FAR2,32.0,31,False
RP11-996F15.2,3.0,3,False
ERGIC2,157.0,147,False
OVCH1-AS1,4.0,3,False
OVCH1,0.0,0,False
TMTC1,6.0,6,False
RP11-310I24.1,0.0,0,False
RP11-776A13.1,0.0,0,False
RP11-776A13.3,0.0,0,False
RP11-155I9.1,0.0,0,False
IPO8,35.0,35,False
CAPRIN2,21.0,21,False
RP11-77I22.2,0.0,0,False
LINC00941,0.0,0,False
TSPAN11,0.0,0,False
RP11-551L14.4,0.0,0,False
RP11-551L14.6,0.0,0,False
DDX11-AS1,7.0,7,False
DDX11,16.0,16,False
FAM60A,225.0,215,False
AC024940.1,3.0,3,False
RP11-771K4.1,0.0,0,False
DENND5B,39.0,13,False
DENND5B-AS1,0.0,0,False
METTL20,14.0,14,False
AMN1,45.0,44,False
H3F3C,27.0,27,False
RP11-428G5.5,39.0,31,False
KIAA1551,251.0,239,False
RP11-843B15.2,0.0,0,False
BICD1,22.0,22,False
FGD4,37.0,36,False
DNM1L,69.0,68,False
YARS2,98.0,97,False
PKP2,1.0,1,False
RP11-267D19.1,0.0,0,False
SYT10,0.0,0,False
RP11-438D14.2,0.0,0,False
RP11-847H18.2,2.0,2,False
ALG10,15.0,15,False
RP11-847H18.3,0.0,0,False
RP11-313F23.3,0.0,0,False
RP11-313F23.4,0.0,0,False
ALG10B,2.0,2,False
RP11-804F13.1,0.0,0,False
CPNE8,16.0,16,False
RP11-396F22.1,0.0,0,False
RP11-554L12.1,0.0,0,False
KIF21A,36.0,34,False
ABCD2,8.0,8,False
C12orf40,0.0,0,False
SLC2A13,57.0,27,False
RP11-476D10.1,0.0,0,False
AC079630.2,0.0,0,False
AC079630.4,0.0,0,False
LRRK2,43.0,41,False
MUC19,0.0,0,False
RP11-115F18.1,0.0,0,False
CNTN1,0.0,0,False
PDZRN4,0.0,0,False
RP11-413B19.2,0.0,0,False
RP11-630C16.1,0.0,0,False
RP11-630C16.2,0.0,0,False
GXYLT1,38.0,38,False
YAF2,206.0,185,False
AC020629.1,0.0,0,False
PPHLN1,571.0,495,False
ZCRB1,321.0,288,False
PRICKLE1,8.0,7,False
RP11-328C8.4,2.0,2,False
RP11-609L23.1,0.0,0,False
RP11-25I15.2,0.0,0,False
RP11-25I15.3,0.0,0,False
RP11-547C5.1,0.0,0,False
RP11-547C5.2,0.0,0,False
RP11-118A3.1,0.0,0,False
ADAMTS20,0.0,0,False
RP11-350F4.2,7.0,7,False
PUS7L,42.0,42,False
IRAK4,194.0,170,False
TWF1,67.0,65,False
TMEM117,7.0,7,False
RP11-46I1.1,0.0,0,False
NELL2,215.0,174,False
DBX2,0.0,0,False
RP11-478B9.1,0.0,0,False
ANO6,32.0,31,False
RP11-352M15.1,0.0,0,False
LINC00938,136.0,130,False
ARID2,104.0,99,False
SCAF11,498.0,422,False
SLC38A1,362.0,331,False
SLC38A2,272.0,240,False
RP11-474P2.2,0.0,0,False
RP11-96H19.1,2.0,2,False
RP11-474P2.4,1.0,1,False
RP11-446N19.1,10.0,10,False
SLC38A4,0.0,0,False
AMIGO2,31.0,31,False
PCED1B,176.0,158,False
RP11-493L12.3,0.0,0,False
RP11-493L12.4,14.0,5,False
RP11-493L12.5,0.0,0,False
RP1-90J4.1,0.0,0,False
RPAP3,98.0,95,False
RP1-197B17.3,28.0,27,False
ENDOU,0.0,0,False
RAPGEF3,3.0,3,False
SLC48A1,91.0,25,False
HDAC7,149.0,140,False
AC004466.1,1.0,1,False
RP5-1057I20.2,0.0,0,False
VDR,12.0,12,False
RP11-89H19.1,2.0,2,False
TMEM106C,173.0,157,False
COL2A1,0.0,0,False
RP1-228P16.3,0.0,0,False
RP1-228P16.4,0.0,0,False
RP1-228P16.5,0.0,0,False
SENP1,13.0,13,False
PFKM,32.0,32,False
ASB8,283.0,197,False
C12orf68,10.0,10,False
DKFZP779L1853,12.0,12,False
OR10AD1,0.0,0,False
RP11-370I10.2,0.0,0,False
H1FNT,0.0,0,False
ZNF641,39.0,38,False
RP11-370I10.6,0.0,0,False
AC024257.1,0.0,0,False
ANP32D,0.0,0,False
C12orf54,0.0,0,False
RP11-722P11.4,0.0,0,False
OR8S1,0.0,0,False
LALBA,0.0,0,False
KANSL2,95.0,93,False
CCNT1,53.0,52,False
LINC00935,0.0,0,False
ADCY6,0.0,0,False
RP11-579D7.2,0.0,0,False
RP11-579D7.4,0.0,0,False
CACNB3,1.0,1,False
DDX23,126.0,123,False
RND1,3.0,3,False
RP11-302B13.5,3.0,3,False
CCDC65,84.0,80,False
FKBP11,446.0,363,False
AC073610.5,0.0,0,False
ARF3,265.0,244,False
WNT10B,3.0,3,False
WNT1,1.0,1,False
DDN,0.0,0,False
RP11-386G11.3,0.0,0,False
RP11-386G11.5,19.0,19,False
PRKAG1,295.0,260,False
KMT2D,64.0,63,False
RHEBL1,54.0,41,False
DHH,0.0,0,False
RP11-386G11.8,0.0,0,False
LMBR1L,110.0,105,False
RP11-386G11.10,30.0,30,False
TUBA1B,2288.0,1156,False
TUBA1A,2321.0,1240,False
TUBA1C,172.0,151,False
RP11-977B10.2,0.0,0,False
RP11-161H23.5,1.0,1,False
RP11-161H23.9,0.0,0,False
PRPH,0.0,0,False
TROAP,7.0,4,False
C1QL4,0.0,0,False
DNAJC22,0.0,0,False
SPATS2,48.0,48,False
KCNH3,3.0,3,False
MCRS1,245.0,227,False
PRPF40B,8.0,8,False
RP11-133N21.10,0.0,0,False
FAM186B,0.0,0,False
FMNL3,39.0,38,False
TMBIM6,2223.0,1382,False
NCKAP5L,31.0,31,False
BCDIN3D-AS1,0.0,0,False
BCDIN3D,47.0,38,False
RP11-70F11.7,0.0,0,False
FAIM2,0.0,0,False
RP11-70F11.11,0.0,0,False
RP11-70F11.8,0.0,0,False
AQP2,0.0,0,False
RP11-469H8.6,0.0,0,False
RP11-469H8.8,0.0,0,False
AQP5,0.0,0,False
AQP6,0.0,0,False
RACGAP1,19.0,18,False
ASIC1,0.0,0,False
SMARCD1,110.0,101,False
GPD1,0.0,0,False
COX14,627.0,535,False
CERS5,100.0,98,False
LIMA1,31.0,31,False
RP3-405J10.4,0.0,0,False
AC140061.12,0.0,0,False
FAM186A,0.0,0,False
LARP4,27.0,25,False
DIP2B,38.0,38,False
ATF1,229.0,217,False
TMPRSS12,0.0,0,False
METTL7A,95.0,91,False
HIGD1C,0.0,0,False
SLC11A2,47.0,46,False
LETMD1,258.0,241,False
CSRNP2,14.0,14,False
TFCP2,61.0,58,False
POU6F1,10.0,10,False
AC139768.1,0.0,0,False
DAZAP2,1156.0,902,False
SMAGP,97.0,91,False
BIN2,1494.0,993,False
CELA1,18.0,16,False
GALNT6,45.0,43,False
SLC4A8,6.0,6,False
RP11-607P23.1,0.0,0,False
SCN8A,0.0,0,False
RP11-923I11.3,1.0,1,False
AC068987.1,0.0,0,False
RP11-923I11.6,1.0,1,False
RP11-923I11.4,0.0,0,False
RP11-923I11.5,0.0,0,False
ANKRD33,0.0,0,False
ACVRL1,1.0,1,False
ACVR1B,18.0,18,False
GRASP,29.0,29,False
NR4A1,343.0,290,False
RP11-1100L3.8,15.0,15,False
C12orf44,234.0,225,False
RP11-1100L3.7,1.0,1,False
KRT80,0.0,0,False
C12orf80,0.0,0,False
LINC00592,0.0,0,False
KRT7,19.0,15,False
RP3-416H24.1,0.0,0,False
KRT86,3.0,3,False
RP11-845M18.7,0.0,0,False
KRT81,2.0,2,False
RP11-845M18.6,0.0,0,False
KRT83,0.0,0,False
AC121757.1,0.0,0,False
KRT85,0.0,0,False
KRT84,0.0,0,False
RP3-416H24.4,0.0,0,False
KRT82,0.0,0,False
RP11-1020M18.10,0.0,0,False
KRT75,0.0,0,False
KRT6B,0.0,0,False
KRT6C,0.0,0,False
KRT6A,0.0,0,False
KRT5,0.0,0,False
AC055736.1,0.0,0,False
KRT71,0.0,0,False
KRT74,0.0,0,False
KRT72,8.0,8,False
RP11-641A6.2,5.0,5,False
KRT73,4.0,4,False
KRT2,5.0,5,False
KRT1,63.0,44,False
KRT77,0.0,0,False
RP11-641A6.3,0.0,0,False
KRT76,0.0,0,False
KRT3,0.0,0,False
KRT4,0.0,0,False
KRT79,0.0,0,False
KRT78,0.0,0,False
KRT8,4.0,4,False
KRT18,32.0,31,False
EIF4B,782.0,640,False
RP11-983P16.4,2.0,2,False
TENC1,0.0,0,False
SPRYD3,66.0,65,False
IGFBP6,11.0,11,False
SOAT2,2.0,2,False
CSAD,61.0,58,False
RP11-1136G11.8,0.0,0,False
ZNF740,27.0,27,False
ITGB7,477.0,377,False
RARG,45.0,44,False
MFSD5,69.0,67,False
ESPL1,1.0,1,False
PFDN5,10096.0,2490,False
RP11-680A11.5,10.0,10,False
C12orf10,382.0,306,False
AAAS,108.0,97,False
SP7,0.0,0,False
SP1,66.0,64,False
AMHR2,0.0,0,False
PRR13,2043.0,1297,False
PCBP2,2243.0,1395,False
MAP3K12,11.0,11,False
RP11-793H13.11,6.0,6,False
TARBP2,64.0,63,False
RP11-793H13.10,3.0,3,False
NPFF,0.0,0,False
ATF7,82.0,77,False
RP11-793H13.3,7.0,7,False
ATP5G2,6337.0,2206,False
CALCOCO1,93.0,92,False
RP11-686F15.3,0.0,0,False
RP11-686F15.2,1.0,1,False
HOXC13-AS,0.0,0,False
HOXC13,0.0,0,False
HOXC12,0.0,0,False
AC012531.23,0.0,0,False
HOTAIR,0.0,0,False
HOXC11,0.0,0,False
HOXC-AS3,0.0,0,False
HOXC10,0.0,0,False
RP11-834C11.12,0.0,0,False
HOXC6,0.0,0,False
HOXC-AS2,0.0,0,False
HOXC9,0.0,0,False
HOXC-AS1,0.0,0,False
HOXC8,0.0,0,False
HOXC4,0.0,0,False
AC012531.25,0.0,0,False
HOXC5,0.0,0,False
HOXC4-1,0.0,0,False
RP11-834C11.3,0.0,0,False
RP11-834C11.6,0.0,0,False
RP11-834C11.4,0.0,0,False
RP11-834C11.11,0.0,0,False
RP11-834C11.10,0.0,0,False
RP11-834C11.8,0.0,0,False
SMUG1,103.0,100,False
CBX5,146.0,118,False
RP11-968A15.2,1.0,1,False
HNRNPA1,10674.0,2492,False
NFE2,107.0,76,False
COPZ1,618.0,519,False
RP11-753H16.3,0.0,0,False
RP11-753H16.5,1.0,1,False
GPR84,7.0,7,False
ZNF385A,149.0,133,False
ITGA5,56.0,56,False
LINC01154,0.0,0,False
GTSF1,43.0,43,False
NCKAP1L,350.0,285,False
RP11-1049A21.2,1.0,1,False
PDE1B,7.0,7,False
PPP1R1A,0.0,0,False
LACRT,0.0,0,False
DCD,0.0,0,False
RP11-850F7.7,0.0,0,False
MUCL1,0.0,0,False
TESPA1,201.0,186,False
RP11-616L12.1,0.0,0,False
NEUROD4,0.0,0,False
OR9K2,0.0,0,False
OR10A7,0.0,0,False
OR6C74,0.0,0,False
OR6C6,0.0,0,False
OR6C1,0.0,0,False
OR6C3,0.0,0,False
OR6C75,0.0,0,False
OR6C65,0.0,0,False
OR6C76,0.0,0,False
RP11-110A12.2,46.0,41,False
OR6C2,0.0,0,False
OR6C70,0.0,0,False
OR6C68,0.0,0,False
OR6C4,0.0,0,False
OR2AP1,0.0,0,False
OR10P1,0.0,0,False
RP11-644F5.16,5.0,5,False
METTL7B,1.0,1,False
ITGA7,1.0,1,False
RP11-644F5.10,1.0,1,False
BLOC1S1,1313.0,839,False
RDH5,42.0,41,False
CD63,1686.0,929,False
RP11-644F5.11,13.0,13,False
GDF11,10.0,10,False
SARNP,143.0,136,False
RP11-762I7.5,0.0,0,False
ORMDL2,323.0,255,False
DNAJC14,51.0,49,False
MMP19,0.0,0,False
WIBG,269.0,226,False
DGKA,208.0,190,False
PMEL,0.0,0,False
CDK2,26.0,26,False
RP11-973D8.4,1.0,1,False
RAB5B,133.0,126,False
SUOX,5.0,4,False
IKZF4,7.0,7,False
RP11-603J24.4,0.0,0,False
RPS26,9289.0,2459,False
ERBB3,2.0,2,False
RP11-603J24.9,0.0,0,False
PA2G4,803.0,646,False
RP11-603J24.17,0.0,0,False
RPL41,2271.0,1455,False
ZC3H10,18.0,18,False
ESYT1,331.0,264,False
RP11-603J24.6,0.0,0,False
RP11-603J24.5,7.0,7,False
RP11-603J24.14,0.0,0,False
MYL6B,72.0,66,False
MYL6,8307.0,2294,False
SMARCC2,156.0,116,False
RNF41,108.0,104,False
NABP2,144.0,135,False
SLC39A5,0.0,0,False
ANKRD52,27.0,26,False
COQ10A,67.0,64,False
RP11-977G19.14,0.0,0,False
CS,122.0,121,False
RP11-977G19.10,0.0,0,False
RP11-977G19.11,28.0,28,False
RP11-977G19.12,3.0,3,False
CNPY2,591.0,481,False
PAN2,37.0,34,False
IL23A,182.0,120,False
STAT2,177.0,165,False
APOF,1.0,1,False
TIMELESS,18.0,18,False
MIP,0.0,0,False
SPRYD4,24.0,23,False
GLS2,3.0,3,False
RBMS2,4.0,4,False
BAZ2A,275.0,197,False
ATP5B,1690.0,1090,False
PTGES3,1729.0,1092,False
NACA,17417.0,2616,False
PRIM1,56.0,55,False
HSD17B6,1.0,1,False
SDR9C7,0.0,0,False
RDH16,2.0,2,False
GPR182,0.0,0,False
HBCBP,0.0,0,False
ZBTB39,6.0,6,False
TAC3,0.0,0,False
MYO1A,0.0,0,False
TMEM194A,24.0,20,False
NAB2,19.0,19,False
STAT6,290.0,265,False
LRP1,102.0,95,False
RP11-545N8.3,2.0,2,False
NXPH4,5.0,5,False
SHMT2,175.0,159,False
NDUFA4L2,1.0,1,False
STAC3,85.0,81,False
R3HDM2,105.0,66,False
RP11-123K3.4,0.0,0,False
AC126614.1,0.0,0,False
RP11-756H6.1,1.0,1,False
INHBC,0.0,0,False
INHBE,0.0,0,False
GLI1,2.0,2,False
ARHGAP9,420.0,381,False
MARS,124.0,119,False
DDIT3,236.0,216,False
MBD6,61.0,60,False
DCTN2,388.0,343,False
KIF5A,0.0,0,False
PIP4K2C,43.0,41,False
DTX3,35.0,26,False
ARHGEF25,0.0,0,False
AC025165.8,0.0,0,False
SLC26A10,0.0,0,False
B4GALNT1,0.0,0,False
OS9,403.0,365,False
RP11-571M6.7,3.0,3,False
AGAP2,36.0,35,False
AGAP2-AS1,0.0,0,False
TSPAN31,131.0,127,False
CDK4,212.0,198,False
MARCH9,46.0,45,False
CYP27B1,2.0,2,False
METTL1,26.0,25,False
METTL21B,7.0,7,False
RP11-571M6.15,0.0,0,False
TSFM,144.0,136,False
AVIL,8.0,8,False
RP11-571M6.17,0.0,0,False
RP11-571M6.18,0.0,0,False
CTDSP2,319.0,294,False
RP11-620J15.1,0.0,0,False
RP11-620J15.2,0.0,0,False
RP11-620J15.3,46.0,45,False
XRCC6BP1,53.0,51,False
RP11-58A17.4,0.0,0,False
RP11-362K2.2,0.0,0,False
RP11-767I20.1,0.0,0,False
LRIG3,0.0,0,False
RP11-150C16.1,0.0,0,False
RP11-272B17.1,0.0,0,False
RP11-272B17.2,0.0,0,False
SLC16A7,67.0,64,False
RP11-316A16.1,0.0,0,False
FAM19A2,24.0,24,False
USP15,351.0,311,False
MON2,49.0,49,False
RP11-863H1.1,0.0,0,False
C12orf61,10.0,10,False
RP11-631N16.2,2.0,2,False
PPM1H,2.0,2,False
RP11-848D3.5,0.0,0,False
AVPR1A,0.0,0,False
RP11-1022B3.1,0.0,0,False
DPY19L2,4.0,4,False
RP11-415I12.3,0.0,0,False
TMEM5,81.0,79,False
TMEM5-AS1,0.0,0,False
SRGAP1,4.0,3,False
RP11-196H14.2,0.0,0,False
RP11-196H14.4,0.0,0,False
RP11-196H14.3,0.0,0,False
C12orf66,44.0,40,False
C12orf56,0.0,0,False
XPOT,125.0,98,False
TBK1,97.0,90,False
RP11-439H13.2,0.0,0,False
RP11-338E21.1,0.0,0,False
RASSF3,202.0,187,False
RP11-338E21.3,1.0,1,False
AC025262.1,0.0,0,False
GNS,163.0,120,False
RP11-629N8.3,0.0,0,False
TBC1D30,6.0,6,False
RP11-766N7.3,0.0,0,False
RP11-766N7.4,0.0,0,False
RP11-168J19.2,0.0,0,False
WIF1,0.0,0,False
LEMD3,50.0,50,False
MSRB3,6.0,6,False
RP11-230G5.2,0.0,0,False
RP11-221N13.2,0.0,0,False
RP11-221N13.3,0.0,0,False
RP11-221N13.4,0.0,0,False
HMGA2,1.0,1,False
RP11-366L20.2,0.0,0,False
AC090673.2,0.0,0,False
RP11-366L20.3,0.0,0,False
RP11-366L20.4,0.0,0,False
LLPH,237.0,219,False
TMBIM4,0.0,0,False
TMBIM4-1,1038.0,782,False
RP11-745O10.2,0.0,0,False
IRAK3,55.0,53,False
RP11-335I12.2,0.0,0,False
HELB,34.0,34,False
GRIP1,2.0,2,False
RP11-123O10.4,0.0,0,False
RP11-123O10.3,0.0,0,False
CAND1,224.0,187,False
RP11-473M14.3,0.0,0,False
RP11-542B15.1,0.0,0,False
RP11-335O4.1,0.0,0,False
DYRK2,64.0,63,False
RP11-335O4.3,1.0,1,False
RP11-43N5.1,0.0,0,False
GS1-410F4.4,0.0,0,False
IFNG-AS1,43.0,40,False
IFNG,83.0,66,False
IL26,1.0,1,False
IL22,0.0,0,False
MDM1,66.0,64,False
RP11-81H14.2,63.0,60,False
RP11-71J4.2,0.0,0,False
RAP1B,1466.0,976,False
RP11-637A17.2,16.0,15,False
NUP107,165.0,158,False
SLC35E3,57.0,56,False
AC124890.1,2.0,2,False
MDM2,44.0,44,False
RP11-611O2.1,1.0,1,False
RP11-611O2.5,1.0,1,False
CPM,29.0,28,False
RP11-324P9.1,0.0,0,False
CPSF6,231.0,219,False
LYZ,27666.0,1631,False
RP11-1143G9.4,584.0,520,False
YEATS4,201.0,187,False
RP11-956E11.1,0.0,0,False
FRS2,30.0,29,False
CCT2,547.0,410,False
LRRC10,0.0,0,False
BEST3,0.0,0,False
RP11-588G21.2,3.0,3,False
RAB3IP,48.0,46,False
AC025263.3,0.0,0,False
MYRFL,0.0,0,False
RP11-611E13.2,107.0,100,False
RP11-611E13.3,0.0,0,False
RP11-320P7.2,0.0,0,False
RP11-320P7.1,2.0,2,False
CNOT2,240.0,227,False
KCNMB4,13.0,13,False
RP11-588H23.3,2.0,2,False
PTPRB,1.0,1,False
PTPRR,0.0,0,False
CTD-2021H9.1,0.0,0,False
CTD-2021H9.3,0.0,0,False
TSPAN8,0.0,0,False
LGR5,0.0,0,False
RP11-186F10.2,0.0,0,False
ZFC3H1,94.0,93,False
THAP2,127.0,108,False
RP11-293I14.2,0.0,0,False
TMEM19,100.0,99,False
RP11-498M15.1,0.0,0,False
RAB21,86.0,71,False
RP11-2H8.2,1.0,1,False
TBC1D15,107.0,88,False
TPH2,0.0,0,False
RP11-89M22.3,0.0,0,False
TRHDE,0.0,0,False
RP11-12K6.2,0.0,0,False
RP11-314D7.2,0.0,0,False
RP11-314D7.3,0.0,0,False
RP11-295G12.1,0.0,0,False
RP11-711C17.1,0.0,0,False
RP11-711C17.2,0.0,0,False
RP11-81H3.2,0.0,0,False
RP11-274M17.3,0.0,0,False
ATXN7L3B,129.0,109,False
RP11-56G10.2,3.0,3,False
RP11-81K13.1,1.0,1,False
KCNC2,0.0,0,False
RP11-560G2.1,0.0,0,False
CAPS2,5.0,5,False
GLIPR1L1,1.0,1,False
GLIPR1L2,3.0,3,False
GLIPR1,713.0,553,False
RP11-585P4.5,2.0,2,False
KRR1,195.0,186,False
RP11-114H23.1,0.0,0,False
RP11-114H23.2,0.0,0,False
RP11-290L1.5,0.0,0,False
PHLDA1,64.0,58,False
RP11-290L1.3,3.0,3,False
NAP1L1,3068.0,1547,False
RP11-54A9.1,0.0,0,False
BBS10,7.0,7,False
OSBPL8,201.0,183,False
RP11-20E24.1,0.0,0,False
ZDHHC17,37.0,37,False
CSRP2,3.0,3,False
RP11-461F16.3,0.0,0,False
E2F7,0.0,0,False
RP1-81P11.1,0.0,0,False
RP1-34H18.1,0.0,0,False
RP1-97G4.1,0.0,0,False
AC073528.1,0.0,0,False
RP11-781A6.1,0.0,0,False
NAV3,0.0,0,False
RP11-136F16.1,0.0,0,False
RP11-38F22.1,0.0,0,False
RP11-754N21.1,0.0,0,False
RP11-90C1.1,0.0,0,False
RP11-171L9.1,0.0,0,False
RP11-123M21.1,0.0,0,False
SYT1,2.0,2,False
RP11-390N6.1,0.0,0,False
RP1-78O14.1,0.0,0,False
RP11-359M6.1,0.0,0,False
PAWR,27.0,26,False
RP11-530C5.1,1.0,1,False
PPP1R12A,475.0,417,False
AC073569.1,0.0,0,False
RP11-530C5.2,0.0,0,False
RP11-84G21.1,0.0,0,False
OTOGL,0.0,0,False
PTPRQ,0.0,0,False
RP11-272K23.3,0.0,0,False
MYF6,0.0,0,False
MYF5,0.0,0,False
RP11-540D4.3,0.0,0,False
LIN7A,19.0,17,False
ACSS3,0.0,0,False
RP11-543H12.1,0.0,0,False
PPFIA2,0.0,0,False
RP11-121G22.3,0.0,0,False
RP11-315E17.1,0.0,0,False
RP11-362A1.1,1.0,1,False
CCDC59,477.0,405,False
METTL25,43.0,40,False
RP11-263K4.5,0.0,0,False
RP11-263K4.4,0.0,0,False
RP11-263K4.3,0.0,0,False
TMTC2,13.0,12,False
RP11-87P13.2,0.0,0,False
RP11-384P14.1,0.0,0,False
RP11-788H18.1,0.0,0,False
SLC6A15,0.0,0,False
TSPAN19,0.0,0,False
LRRIQ1,0.0,0,False
RP11-193M21.1,0.0,0,False
ALX1,0.0,0,False
RP11-408B11.2,0.0,0,False
RASSF9,0.0,0,False
NTS,0.0,0,False
RP11-18J9.3,0.0,0,False
MGAT4C,0.0,0,False
RP11-202H2.1,0.0,0,False
RP11-248E9.5,0.0,0,False
RP11-248E9.6,0.0,0,False
C12orf50,0.0,0,False
C12orf29,87.0,87,False
CEP290,53.0,52,False
TMTC3,7.0,7,False
KITLG,1.0,1,False
RP11-13A1.1,2.0,2,False
RP11-13A1.3,0.0,0,False
DUSP6,317.0,247,False
RP11-1109F11.3,0.0,0,False
RP11-1109F11.5,0.0,0,False
POC1B,54.0,53,False
GALNT4,1.0,1,False
POC1B-GALNT4,0.0,0,False
RP11-734K2.4,11.0,11,False
RP11-981P6.1,1.0,1,False
ATP2B1,301.0,268,False
LINC00936,1232.0,749,False
RP11-654D12.2,0.0,0,False
RP11-654D12.3,0.0,0,False
RP11-567C2.1,0.0,0,False
RP11-753N8.1,0.0,0,False
RP11-632B21.1,0.0,0,False
RP11-20L19.1,0.0,0,False
CCER1,0.0,0,False
LINC00615,0.0,0,False
EPYC,0.0,0,False
KERA,0.0,0,False
LUM,0.0,0,False
DCN,0.0,0,False
RP11-121E16.1,0.0,0,False
RP11-1041F24.1,0.0,0,False
RP11-587P21.2,0.0,0,False
RP11-587P21.3,0.0,0,False
C12orf79,90.0,88,False
BTG1,8766.0,2366,False
RP11-796E2.4,406.0,342,False
CLLU1OS,0.0,0,False
RP11-693J15.4,0.0,0,False
CLLU1,1.0,1,False
RP11-693J15.5,48.0,47,False
C12orf74,2.0,2,False
PLEKHG7,1.0,1,False
EEA1,72.0,68,False
RP11-511B23.1,5.0,4,False
RP11-511B23.2,0.0,0,False
RP11-202G11.2,0.0,0,False
RP11-511B23.3,0.0,0,False
RP11-486A14.2,0.0,0,False
NUDT4,57.0,56,False
UBE2N,580.0,503,False
MRPL42,169.0,135,False
SOCS2,62.0,60,False
CRADD,73.0,72,False
RP11-887P2.5,1.0,1,False
RP11-1060G2.1,0.0,0,False
RP11-1060G2.2,0.0,0,False
PLXNC1,50.0,48,False
RP11-74K11.2,0.0,0,False
RP11-1105G2.4,0.0,0,False
RP11-1105G2.3,1.0,1,False
CCDC41,25.0,25,False
RP11-778J16.3,0.0,0,False
TMCC3,8.0,8,False
NDUFA12,857.0,592,False
NR2C1,84.0,50,False
FGD6,7.0,7,False
VEZT,86.0,85,False
RP11-167N24.6,0.0,0,False
RP11-167N24.5,0.0,0,False
RP11-167N24.4,0.0,0,False
METAP2,363.0,330,False
USP44,13.0,13,False
NTN4,2.0,2,False
RP11-536G4.2,0.0,0,False
RP11-536G4.1,0.0,0,False
SNRPF,518.0,446,False
CCDC38,1.0,1,False
AMDHD1,8.0,7,False
HAL,12.0,11,False
RP11-256L6.3,1.0,1,False
LTA4H,536.0,438,False
RP11-256L6.2,0.0,0,False
ELK3,88.0,87,False
RP11-394J1.2,0.0,0,False
CDK17,85.0,83,False
RP11-510I5.4,0.0,0,False
C12orf55,2.0,2,False
NEDD1,76.0,75,False
RP11-541G9.1,0.0,0,False
RP11-397H6.1,0.0,0,False
RP11-541G9.2,0.0,0,False
RP11-690J15.1,0.0,0,False
RP11-181C3.1,8.0,8,False
TMPO-AS1,26.0,25,False
TMPO,214.0,193,False
SLC25A3,2496.0,1405,False
IKBIP,172.0,149,False
APAF1,56.0,55,False
ANKS1B,6.0,6,False
RP11-473C19.1,0.0,0,False
RP11-406H4.1,0.0,0,False
FAM71C,0.0,0,False
UHRF1BP1L,48.0,46,False
RP11-175P13.2,0.0,0,False
ACTR6,120.0,93,False
DEPDC4,1.0,1,False
SCYL2,65.0,63,False
SLC17A8,0.0,0,False
NR1H4,0.0,0,False
GAS2L3,0.0,0,False
ANO4,0.0,0,False
RP11-263E1.1,0.0,0,False
RP11-350G24.1,0.0,0,False
SLC5A8,1.0,1,False
UTP20,18.0,18,False
ARL1,159.0,156,False
RP11-321F8.4,0.0,0,False
SPIC,0.0,0,False
MYBPC1,0.0,0,False
RP11-755O11.2,0.0,0,False
CHPT1,351.0,319,False
SYCP3,4.0,4,False
GNPTAB,140.0,127,False
DRAM1,46.0,43,False
RP11-512N21.3,0.0,0,False
RP11-554E23.2,0.0,0,False
CCDC53,319.0,288,False
RP11-554E23.4,0.0,0,False
NUP37,85.0,82,False
PARPBP,9.0,9,False
PMCH,1.0,1,False
IGF1,0.0,0,False
LINC00485,0.0,0,False
PAH,2.0,2,False
ASCL1,0.0,0,False
RP11-328J6.1,0.0,0,False
RP11-552I14.1,0.0,0,False
C12orf42,25.0,25,False
RP11-626I20.3,0.0,0,False
STAB2,0.0,0,False
RP11-341G23.2,0.0,0,False
RP11-341G23.3,0.0,0,False
RP11-341G23.4,0.0,0,False
NT5DC3,6.0,6,False
RP11-650K20.2,0.0,0,False
RP11-650K20.3,0.0,0,False
HSP90B1,906.0,666,False
C12orf73,46.0,45,False
TDG,178.0,153,False
GLT8D2,0.0,0,False
HCFC2,62.0,31,False
NFYB,70.0,67,False
RP11-818F20.4,0.0,0,False
TXNRD1,90.0,83,False
RP11-818F20.5,0.0,0,False
EID3,60.0,58,False
CHST11,186.0,176,False
SLC41A2,5.0,5,False
C12orf45,128.0,108,False
ALDH1L2,0.0,0,False
RP11-61E11.1,0.0,0,False
RP11-61E11.2,0.0,0,False
KIAA1033,169.0,162,False
APPL2,22.0,22,False
C12orf75,537.0,375,False
RP11-474B16.1,0.0,0,False
CASC18,0.0,0,False
RP11-114F10.2,0.0,0,False
NUAK1,4.0,4,False
RP11-114F10.3,0.0,0,False
CKAP4,93.0,89,False
TCP11L2,63.0,59,False
POLR3B,10.0,10,False
RP11-144F15.1,1.0,1,False
RFX4,3.0,2,False
RP11-482D24.2,0.0,0,False
RP11-482D24.3,1.0,1,False
RIC8B,24.0,23,False
RP11-412D9.4,31.0,27,False
C12orf23,90.0,86,False
MTERFD3,33.0,33,False
CRY1,31.0,31,False
RP11-797M17.1,0.0,0,False
BTBD11,29.0,28,False
RP11-128P10.1,0.0,0,False
PWP1,219.0,171,False
PRDM4,56.0,54,False
RP11-864J10.4,0.0,0,False
ASCL4,1.0,1,False
RP11-554D14.7,0.0,0,False
RP11-554D14.6,0.0,0,False
WSCD2,0.0,0,False
CMKLR1,24.0,24,False
RP11-13G14.4,0.0,0,False
FICD,13.0,13,False
SART3,47.0,46,False
ISCU,1590.0,1132,False
TMEM119,1.0,1,False
SELPLG,585.0,482,False
RP11-689B22.2,2.0,2,False
CORO1C,149.0,127,False
SNORA40-1,4.0,4,False
SSH1,25.0,24,False
DAO,0.0,0,False
RP11-423G4.7,0.0,0,False
SVOP,0.0,0,False
USP30,36.0,16,False
USP30-AS1,74.0,71,False
ALKBH2,88.0,86,False
UNG,79.0,74,False
ACACB,5.0,5,False
FOXN4,0.0,0,False
MYO1H,0.0,0,False
RP11-256L11.1,0.0,0,False
RP11-256L11.3,0.0,0,False
KCTD10,42.0,32,False
UBE3B,67.0,67,False
MMAB,125.0,119,False
MVK,35.0,34,False
FAM222A,0.0,0,False
FAM222A-AS1,0.0,0,False
TRPV4,2.0,2,False
GLTP,178.0,137,False
RP1-7G5.6,1.0,1,False
TCHP,66.0,66,False
GIT2,361.0,295,False
ANKRD13A,182.0,170,False
C12orf76,143.0,138,False
IFT81,4.0,4,False
ATP2A2,55.0,54,False
ANAPC7,81.0,76,False
ARPC3,7140.0,2190,False
GPN3,179.0,171,False
FAM216A,26.0,26,False
VPS29,690.0,531,False
RAD9B,1.0,1,False
PPTC7,50.0,49,False
TCTN1,45.0,44,False
HVCN1,466.0,331,False
PPP1CC,778.0,638,False
RP1-74B13.2,0.0,0,False
CCDC63,0.0,0,False
MYL2,1.0,1,False
RP1-46F2.2,0.0,0,False
RP1-46F2.3,0.0,0,False
CUX2,1.0,1,False
FAM109A,20.0,20,False
RP3-473L9.4,5.0,5,False
SH2B3,113.0,99,False
ATXN2,93.0,87,False
RP11-686G8.2,0.0,0,False
BRAP,77.0,76,False
ACAD10,26.0,26,False
RP11-162P23.2,0.0,0,False
ALDH2,523.0,296,False
RP3-462E2.3,0.0,0,False
MAPKAPK5-AS1,346.0,309,False
MAPKAPK5,125.0,122,False
RP3-462E2.5,3.0,3,False
TMEM116,84.0,71,False
ERP29,2504.0,1508,False
NAA25,51.0,43,False
RP1-267L14.3,0.0,0,False
TRAFD1,150.0,141,False
HECTD4,46.0,44,False
RP3-521E19.2,0.0,0,False
RPL6,29927.0,2682,False
PTPN11,36.0,36,False
RPH3A,8.0,8,False
OAS1,767.0,526,False
RP1-71H24.1,0.0,0,False
OAS3,238.0,197,False
OAS2,272.0,245,False
DTX1,18.0,18,False
RASAL1,3.0,3,False
CCDC42B,1.0,1,False
DDX54,201.0,171,False
RITA1,80.0,78,False
RP11-545P7.4,0.0,0,False
IQCD,2.0,2,False
TPCN1,52.0,51,False
SLC8B1,76.0,75,False
PLBD2,24.0,24,False
SDS,3.0,3,False
SDSL,36.0,35,False
LHX5,0.0,0,False
RP11-82C23.2,0.0,0,False
RP11-438N16.1,0.0,0,False
RBM19,34.0,34,False
RP11-780K2.1,0.0,0,False
RP11-100F15.1,0.0,0,False
RP11-100F15.2,0.0,0,False
RP11-139B1.1,0.0,0,False
TBX5,0.0,0,False
TBX5-AS1,0.0,0,False
RP11-162N7.1,0.0,0,False
TBX3,0.0,0,False
RP4-601P9.2,0.0,0,False
RP4-601P9.1,0.0,0,False
RP11-25E2.1,0.0,0,False
RP11-116D17.2,0.0,0,False
RP11-116D17.3,0.0,0,False
RP11-116D17.1,0.0,0,False
RP11-1028N23.3,0.0,0,False
RP11-1028N23.2,0.0,0,False
RP11-1028N23.4,0.0,0,False
RP11-110L15.1,0.0,0,False
RP11-110L15.2,0.0,0,False
MED13L,60.0,57,False
RP11-493P1.2,0.0,0,False
RP11-148B3.2,0.0,0,False
RP11-148B3.1,0.0,0,False
RP11-809C9.2,2.0,2,False
MAP1LC3B2,133.0,122,False
RP11-497G19.3,0.0,0,False
RP11-497G19.1,0.0,0,False
RP11-497G19.2,0.0,0,False
C12orf49,72.0,71,False
RNFT2,6.0,6,False
HRK,6.0,6,False
FBXW8,20.0,19,False
RP11-231I16.1,2.0,2,False
TESC,282.0,215,False
RP11-103B5.2,0.0,0,False
FBXO21,152.0,105,False
NOS1,0.0,0,False
KSR2,1.0,1,False
RP11-227B21.2,0.0,0,False
RP11-465L8.1,0.0,0,False
RFC5,91.0,70,False
WSB2,24.0,24,False
VSIG10,1.0,1,False
PEBP1,1483.0,1020,False
TAOK3,393.0,329,False
RP11-131L12.2,0.0,0,False
SUDS3,98.0,93,False
RP11-121J20.1,0.0,0,False
RP11-3L23.2,0.0,0,False
RP11-357K6.1,0.0,0,False
RP11-357K6.2,0.0,0,False
RP11-357K6.3,0.0,0,False
SRRM4,0.0,0,False
RP11-364C11.2,0.0,0,False
RP11-64B16.3,0.0,0,False
HSPB8,0.0,0,False
RP11-64B16.4,0.0,0,False
RP11-64B16.5,0.0,0,False
CCDC60,0.0,0,False
RP11-768F21.1,0.0,0,False
TMEM233,0.0,0,False
PRKAB1,52.0,52,False
CIT,3.0,3,False
RP1-127H14.3,0.0,0,False
CCDC64,39.0,38,False
RAB35,98.0,94,False
GCN1L1,37.0,37,False
RPLP0,16184.0,2559,False
PXN-AS1,32.0,31,False
PXN,205.0,193,False
SIRT4,10.0,10,False
PLA2G1B,3.0,3,False
MSI1,0.0,0,False
RP1-166H1.2,0.0,0,False
COX6A1,2040.0,1285,False
AL021546.6,0.0,0,False
TRIAP1,228.0,211,False
GATC,34.0,34,False
SRSF9,1104.0,827,False
DYNLL1,1346.0,913,False
DYNLL1-AS1,5.0,5,False
COQ5,130.0,123,False
RNF10,233.0,218,False
POP5,350.0,322,False
RP11-728G15.1,0.0,0,False
CABP1,1.0,1,False
MLEC,197.0,160,False
RP11-173P15.3,2.0,2,False
UNC119B,17.0,17,False
RP11-173P15.5,1.0,1,False
ACADS,77.0,74,False
RP11-173P15.7,0.0,0,False
SPPL3,74.0,72,False
HNF1A-AS1,0.0,0,False
AC079602.1,0.0,0,False
HNF1A,1.0,1,False
RP11-216P16.2,1.0,1,False
C12orf43,82.0,80,False
OASL,150.0,126,False
P2RX7,23.0,23,False
P2RX4,102.0,98,False
CAMKK2,103.0,99,False
ANAPC5,450.0,385,False
RP11-711D18.2,0.0,0,False
RNF34,165.0,156,False
KDM2B,118.0,112,False
RP13-941N14.1,0.0,0,False
ORAI1,307.0,246,False
MORN3,31.0,29,False
TMEM120B,56.0,55,False
RHOF,555.0,465,False
AC084018.1,71.0,69,False
RP11-347I19.8,0.0,0,False
SETD1B,70.0,58,False
HPD,3.0,3,False
RP11-7M8.2,0.0,0,False
PSMD9,575.0,496,False
RP11-87C12.2,26.0,26,False
WDR66,3.0,3,False
RP11-87C12.5,0.0,0,False
BCL7A,52.0,49,False
MLXIP,164.0,151,False
LRRC43,2.0,2,False
IL31,0.0,0,False
B3GNT4,4.0,4,False
DIABLO,104.0,101,False
RP11-512M8.5,0.0,0,False
VPS33A,109.0,105,False
CLIP1,103.0,92,False
RP11-450K4.1,0.0,0,False
ZCCHC8,57.0,56,False
RSRC2,428.0,376,False
KNTC1,4.0,4,False
HCAR1,0.0,0,False
RP11-324E6.6,2.0,2,False
HCAR2,44.0,41,False
HCAR3,60.0,47,False
RP11-324E6.9,0.0,0,False
DENR,338.0,317,False
CCDC62,3.0,3,False
HIP1R,26.0,26,False
RP11-463O12.3,2.0,2,False
VPS37B,148.0,141,False
ABCB9,6.0,6,False
OGFOD2,74.0,70,False
ARL6IP4,2233.0,1345,False
PITPNM2,11.0,11,False
RP11-197N18.7,2.0,1,False
MPHOSPH9,99.0,93,False
C12orf65,178.0,159,False
RP11-282O18.3,4.0,4,False
CDK2AP1,33.0,32,False
RP11-282O18.7,0.0,0,False
RP11-282O18.6,0.0,0,False
SBNO1,171.0,155,False
hsa-mir-8072,34.0,33,False
SETD8,27.0,25,False
RILPL2,686.0,509,False
SNRNP35,181.0,131,False
RILPL1,4.0,4,False
RP11-486O12.2,2.0,2,False
TMED2,918.0,738,False
DDX55,69.0,67,False
EIF2B1,314.0,235,False
GTF2H3,41.0,40,False
TCTN2,7.0,7,False
RP11-338K17.8,0.0,0,False
ATP6V0A2,50.0,48,False
DNAH10,1.0,1,False
CCDC92,48.0,48,False
RP11-380L11.4,1.0,1,False
DNAH10OS,0.0,0,False
RP11-380L11.3,1.0,1,False
ZNF664,34.0,34,False
FAM101A,0.0,0,False
RP11-214K3.24,1.0,1,False
RP11-522N14.2,0.0,0,False
NCOR2,174.0,77,False
RP11-83B20.1,1.0,1,False
SCARB1,16.0,14,False
UBC,7469.0,2292,False
DHX37,30.0,29,False
BRI3BP,61.0,59,False
AACS,23.0,22,False
RP11-158L12.5,0.0,0,False
TMEM132B,0.0,0,False
LINC00939,0.0,0,False
RP5-916L7.2,0.0,0,False
RP3-446N13.1,0.0,0,False
RP1-116K23.1,0.0,0,False
RP4-765H13.1,0.0,0,False
RP4-809F18.2,0.0,0,False
RP4-809F18.1,0.0,0,False
RP5-944M2.1,0.0,0,False
RP5-944M2.2,0.0,0,False
RP5-944M2.3,0.0,0,False
RP11-407A16.3,0.0,0,False
RP11-407A16.4,0.0,0,False
RP11-407A16.7,0.0,0,False
LINC00943,2.0,2,False
LINC00944,19.0,19,False
RP11-983C2.2,0.0,0,False
RP11-983C2.3,0.0,0,False
RP11-575F12.1,0.0,0,False
RP11-575F12.2,0.0,0,False
RP11-955H22.1,0.0,0,False
RP11-955H22.3,0.0,0,False
RP11-351O2.1,0.0,0,False
RP11-526P6.1,0.0,0,False
RP11-749H20.1,0.0,0,False
RP11-749H20.4,0.0,0,False
LINC00507,0.0,0,False
LINC00508,0.0,0,False
RP11-349K16.1,0.0,0,False
RP13-653N12.1,0.0,0,False
RP13-653N12.2,0.0,0,False
TMEM132C,0.0,0,False
RP11-553N19.1,0.0,0,False
SLC15A4,65.0,62,False
GLT1D1,32.0,32,False
TMEM132D,0.0,0,False
RP11-669N7.2,0.0,0,False
RP11-669N7.3,0.0,0,False
RP11-337L12.1,0.0,0,False
RP11-174M13.2,0.0,0,False
RP11-572C21.1,0.0,0,False
RP11-474D1.4,0.0,0,False
RP11-474D1.3,0.0,0,False
RP11-474D1.1,0.0,0,False
RP11-474D1.2,0.0,0,False
FZD10,0.0,0,False
RP11-143E21.6,0.0,0,False
PIWIL1,4.0,4,False
RIMBP2,0.0,0,False
RP11-117L5.4,0.0,0,False
RP11-662M24.2,0.0,0,False
RP11-662M24.1,0.0,0,False
STX2,32.0,32,False
RP11-989F5.1,0.0,0,False
RP11-989F5.3,0.0,0,False
RAN,2172.0,1301,False
GPR133,5.0,5,False
RP11-243M5.1,0.0,0,False
RP11-76C10.5,0.0,0,False
AC078925.1,0.0,0,False
RP11-76C10.2,0.0,0,False
RP11-638F5.1,0.0,0,False
AC092850.1,0.0,0,False
RP11-495K9.3,1.0,1,False
RP13-507P19.2,0.0,0,False
RP13-507P19.1,0.0,0,False
RP11-897M7.1,0.0,0,False
RP11-495K9.9,0.0,0,False
RP11-495K9.7,0.0,0,False
RP11-495K9.6,0.0,0,False
SFSWAP,130.0,124,False
RP11-495K9.5,0.0,0,False
MMP17,28.0,27,False
RP11-417L19.2,0.0,0,False
ULK1,33.0,33,False
RP11-417L19.4,0.0,0,False
PUS1,69.0,64,False
EP400,57.0,56,False
RP13-820C6.2,0.0,0,False
EP400NL,38.0,37,False
DDX51,23.0,21,False
NOC4L,153.0,113,False
RP13-977J11.2,57.0,56,False
RP13-977J11.8,1.0,1,False
GALNT9,0.0,0,False
RP13-895J2.2,0.0,0,False
RP13-895J2.3,0.0,0,False
RP13-895J2.7,0.0,0,False
RP11-503G7.1,0.0,0,False
RP11-503G7.2,0.0,0,False
MUC8,0.0,0,False
FBRSL1,46.0,45,False
LRCOL1,0.0,0,False
P2RX2,0.0,0,False
POLE,14.0,14,False
PXMP2,56.0,54,False
RP13-672B3.2,0.0,0,False
PGAM5,13.0,13,False
ANKLE2,116.0,107,False
GOLGA3,60.0,59,False
CHFR,114.0,107,False
RP11-46H11.12,2.0,2,False
RP11-46H11.3,4.0,4,False
ZNF605,11.0,11,False
ZNF26,1.0,1,False
RP11-386I8.6,0.0,0,False
ZNF84,3.0,3,False
ZNF140,62.0,62,False
CTD-2140B24.6,1.0,1,False
ZNF891,1.0,1,False
ZNF10,21.0,21,False
ZNF268,43.0,43,False
CTD-2140B24.4,0.0,0,False
AC226150.4,0.0,0,False
ANHX,0.0,0,False
LINC00349,0.0,0,False
LINC00388,0.0,0,False
LINC00387,0.0,0,False
LINC00418,0.0,0,False
RP11-38M15.11,0.0,0,False
LINC00408,0.0,0,False
RP11-442J17.3,0.0,0,False
LINC00442,0.0,0,False
RP11-301J16.7,0.0,0,False
TUBA3C,0.0,0,False
RP11-408E5.4,0.0,0,False
RP11-408E5.5,0.0,0,False
LINC00421,0.0,0,False
RP11-385E5.5,0.0,0,False
TPTE2,0.0,0,False
LINC00350,0.0,0,False
MPHOSPH8,657.0,577,False
RP11-523H24.3,0.0,0,False
PSPC1,222.0,200,False
AL354808.2,0.0,0,False
ZMYM5,70.0,69,False
RP11-61K9.2,0.0,0,False
ZMYM2,180.0,173,False
LINC01072,0.0,0,False
GJA3,1.0,1,False
LINC00556,0.0,0,False
GJB2,0.0,0,False
GJB6,1.0,1,False
CRYL1,165.0,162,False
IFT88,32.0,31,False
IL17D,0.0,0,False
N6AMT2,41.0,41,False
XPO4,58.0,57,False
LATS2,12.0,12,False
LATS2-AS1,3.0,3,False
SAP18,1954.0,1286,False
SKA3,3.0,3,False
MRP63,685.0,544,False
LINC01046,0.0,0,False
RP11-101P17.11,0.0,0,False
LINC00422,8.0,8,False
ZDHHC20,17.0,17,False
MICU2,227.0,213,False
FGF9,3.0,3,False
RP11-363G2.4,0.0,0,False
LINC00621,0.0,0,False
RP11-124N19.3,0.0,0,False
LINC00362,0.0,0,False
SGCG,0.0,0,False
SACS,18.0,18,False
SACS-AS1,0.0,0,False
LINC00327,0.0,0,False
LINC00352,0.0,0,False
TNFRSF19,1.0,1,False
MIPEP,15.0,14,False
AL139080.1,0.0,0,False
C1QTNF9B-AS1,2.0,2,False
C1QTNF9B,0.0,0,False
RP11-307N16.6,0.0,0,False
SPATA13,77.0,77,False
RP11-309I15.1,0.0,0,False
SPATA13-AS1,1.0,1,False
C1QTNF9,0.0,0,False
C1QTNF9-AS1,0.0,0,False
AL359736.1,0.0,0,False
LINC00566,0.0,0,False
PARP4,117.0,111,False
ATP12A,0.0,0,False
RNF17,0.0,0,False
CENPJ,12.0,11,False
LSP1-1,0.0,0,False
PABPC3,5.0,5,False
AMER2,0.0,0,False
AMER2-AS1,0.0,0,False
LINC01053,0.0,0,False
LINC01076,0.0,0,False
MTMR6,64.0,64,False
RP11-271M24.2,2.0,1,False
NUPL1,76.0,74,False
ATP8A2,4.0,4,False
AL138815.1,0.0,0,False
AL138815.2,0.0,0,False
SHISA2,0.0,0,False
LINC00415,0.0,0,False
RNF6,143.0,138,False
CDK8,50.0,50,False
WASF3,0.0,0,False
WASF3-AS1,0.0,0,False
GPR12,0.0,0,False
USP12,54.0,53,False
USP12-AS1,0.0,0,False
USP12-AS2,3.0,3,False
LINC00412,0.0,0,False
RPL21,35001.0,2675,False
RASL11A,13.0,12,False
LINC01079,0.0,0,False
GTF3A,2294.0,1400,False
MTIF3,395.0,307,False
LNX2,18.0,18,False
POLR1D,1061.0,795,False
GSX1,0.0,0,False
PDX1-AS1,0.0,0,False
PDX1,0.0,0,False
ATP5EP2,956.0,757,False
LINC00543,0.0,0,False
CDX2,0.0,0,False
URAD,0.0,0,False
FLT3,10.0,9,False
PAN3-AS1,1.0,1,False
PAN3,77.0,76,False
FLT1,1.0,1,False
POMP,491.0,424,False
SLC46A3,65.0,64,False
MTUS2,1.0,1,False
MTUS2-AS2,0.0,0,False
MTUS2-AS1,0.0,0,False
SLC7A1,14.0,14,False
UBL3,234.0,220,False
LINC00297,0.0,0,False
LINC00572,0.0,0,False
LINC00544,13.0,13,False
RP11-629E24.2,0.0,0,False
LINC00365,0.0,0,False
LINC00384,0.0,0,False
LINC00385,0.0,0,False
KATNAL1,18.0,17,False
LINC00427,0.0,0,False
LINC00426,35.0,33,False
LINC01058,0.0,0,False
HMGB1,3337.0,1704,False
USPL1,45.0,44,False
ALOX5AP,907.0,633,False
LINC00398,0.0,0,False
TEX26-AS1,0.0,0,False
LINC00545,0.0,0,False
MEDAG,0.0,0,False
TEX26,0.0,0,False
RP11-252M21.6,0.0,0,False
LINC01066,0.0,0,False
HSPH1,95.0,91,False
B3GALTL,21.0,21,False
RXFP2,0.0,0,False
LINC01073,0.0,0,False
FRY-AS1,33.0,20,False
FRY,29.0,29,False
RP11-37E23.5,0.0,0,False
ZAR1L,0.0,0,False
BRCA2,8.0,8,False
N4BP2L1,413.0,336,False
N4BP2L2,524.0,467,False
PDS5B,70.0,69,False
LINC00423,0.0,0,False
KL,1.0,1,False
STARD13,1.0,1,False
RP11-141M1.1,0.0,0,False
RP11-141M1.3,0.0,0,False
RP11-37L2.1,0.0,0,False
RP11-179A7.2,0.0,0,False
RFC3,27.0,24,False
RP11-16D22.2,0.0,0,False
LINC00457,0.0,0,False
RP11-266E6.3,0.0,0,False
RP11-307O13.1,0.0,0,False
NBEA,0.0,0,False
MAB21L1,0.0,0,False
LINC00445,0.0,0,False
DCLK1,0.0,0,False
SOHLH2,0.0,0,False
CCDC169-SOHLH2,0.0,0,False
CCDC169,1.0,1,False
SPG20,155.0,133,False
SPG20OS,1.0,1,False
CCNA1,0.0,0,False
SERTM1,0.0,0,False
RFXAP,55.0,53,False
SMAD9,0.0,0,False
ALG5,233.0,186,False
EXOSC8,319.0,259,False
SUPT20H,199.0,192,False
CSNK1A1L,0.0,0,False
LINC01048,0.0,0,False
POSTN,0.0,0,False
TRPC4,0.0,0,False
LINC00571,1.0,1,False
UFM1,266.0,247,False
LINC00437,0.0,0,False
LINC00366,0.0,0,False
FREM2,0.0,0,False
FREM2-AS1,0.0,0,False
STOML3,0.0,0,False
PROSER1,70.0,68,False
NHLRC3,217.0,204,False
LHFP,3.0,3,False
COG6,47.0,47,False
LINC00332,0.0,0,False
RP11-172E9.2,0.0,0,False
LINC00598,0.0,0,False
AL133318.1,0.0,0,False
FOXO1,75.0,72,False
MRPS31,234.0,220,False
SLC25A15,13.0,12,False
ELF1,396.0,358,False
WBP4,110.0,108,False
KBTBD6,12.0,12,False
KBTBD7,23.0,22,False
MTRF1,72.0,34,False
NAA16,108.0,105,False
RGCC,893.0,620,False
VWA8,26.0,24,False
DGKH,13.0,13,False
RP11-187A9.3,0.0,0,False
AKAP11,30.0,30,False
TNFSF11,0.0,0,False
FAM216B,0.0,0,False
LINC01050,0.0,0,False
LINC00428,0.0,0,False
EPSTI1,672.0,484,False
DNAJC15,570.0,391,False
LINC00400,0.0,0,False
ENOX1,0.0,0,False
ENOX1-AS2,0.0,0,False
ENOX1-AS1,0.0,0,False
RP11-168P13.1,0.0,0,False
CCDC122,7.0,7,False
LACC1,15.0,15,False
LINC00284,0.0,0,False
LINC00390,0.0,0,False
SMIM2-AS1,1.0,1,False
SMIM2,0.0,0,False
RP11-478K15.6,0.0,0,False
SERP2,1.0,1,False
LINC01071,0.0,0,False
TSC22D1,150.0,51,False
LINC00407,1.0,1,False
LINC00330,0.0,0,False
NUFIP1,39.0,37,False
RP11-321C24.1,0.0,0,False
GPALPP1,63.0,61,False
GTF2F2,162.0,138,False
KCTD4,0.0,0,False
TPT1,27182.0,2657,False
RP11-290D2.6,85.0,85,False
TPT1-AS1,72.0,70,False
RP11-290D2.3,3.0,3,False
SLC25A30,9.0,9,False
SLC25A30-AS1,1.0,1,False
COG3,62.0,57,False
FAM194B,0.0,0,False
LINC01055,0.0,0,False
SPERT,5.0,5,False
SIAH3,0.0,0,False
ZC3H13,229.0,211,False
CPB2-AS1,1.0,1,False
CPB2,0.0,0,False
LCP1,1617.0,1041,False
LRRC63,1.0,1,False
LINC00563,1.0,1,False
KIAA0226L,63.0,57,False
RP11-189B4.6,0.0,0,False
LRCH1,34.0,34,False
ESD,300.0,263,False
HTR2A,0.0,0,False
HTR2A-AS1,0.0,0,False
RP11-279N8.1,0.0,0,False
LINC00444,1.0,1,False
LINC00562,3.0,3,False
SUCLA2,127.0,121,False
SUCLA2-AS1,0.0,0,False
NUDT15,52.0,50,False
MED4,611.0,520,False
MED4-AS1,5.0,5,False
ITM2B,5566.0,2123,False
LINC00441,0.0,0,False
RB1,129.0,125,False
LPAR6,189.0,172,False
RCBTB2,190.0,168,False
LINC01077,0.0,0,False
LINC00462,0.0,0,False
CYSLTR2,6.0,6,False
FNDC3A,74.0,73,False
MLNR,0.0,0,False
CDADC1,69.0,64,False
CAB39L,12.0,12,False
AL136218.1,0.0,0,False
SETDB2,115.0,107,False
PHF11,414.0,359,False
RCBTB1,24.0,24,False
ARL11,65.0,61,False
EBPL,323.0,286,False
KPNA3,133.0,125,False
SPRYD7,58.0,58,False
TRIM13,81.0,79,False
KCNRG,2.0,2,False
DLEU1,50.0,46,False
RP11-175B12.2,0.0,0,False
DLEU7,11.0,11,False
DLEU7-AS1,0.0,0,False
RNASEH2B-AS1,1.0,1,False
RNASEH2B,554.0,445,False
LINC00371,0.0,0,False
FAM124A,0.0,0,False
SERPINE3,2.0,2,False
INTS6,86.0,85,False
INTS6-AS1,45.0,44,False
WDFY2,51.0,51,False
DHRS12,111.0,103,False
RP11-327P2.5,38.0,37,False
CCDC70,0.0,0,False
ATP7B,0.0,0,False
ALG11,16.0,16,False
UTP14C,14.0,14,False
NEK5,0.0,0,False
NEK3,26.0,26,False
RP13-444H2.1,0.0,0,False
THSD1,0.0,0,False
VPS36,183.0,172,False
CKAP2,54.0,53,False
LINC00345,0.0,0,False
RP11-78J21.4,0.0,0,False
HNRNPA1L2,47.0,47,False
SUGT1,335.0,301,False
LECT1,0.0,0,False
PCDH8,0.0,0,False
OLFM4,0.0,0,False
LINC01065,0.0,0,False
LINC00558,0.0,0,False
LINC00458,0.0,0,False
PRR20A,0.0,0,False
PRR20B,0.0,0,False
PRR20C,0.0,0,False
PRR20D,0.0,0,False
PRR20E,0.0,0,False
PCDH17,0.0,0,False
LINC00374,0.0,0,False
DIAPH3,1.0,1,False
DIAPH3-AS1,0.0,0,False
DIAPH3-AS2,0.0,0,False
LINC00434,0.0,0,False
TDRD3,60.0,58,False
LINC00378,0.0,0,False
RP11-196P2.1,0.0,0,False
PCDH20,0.0,0,False
LINC00358,0.0,0,False
LINC01075,0.0,0,False
LINC01074,0.0,0,False
LINC00459,0.0,0,False
LINC00448,0.0,0,False
LINC00376,0.0,0,False
LINC00395,0.0,0,False
AL445989.1,0.0,0,False
RP11-473M10.3,0.0,0,False
RP11-394A14.2,0.0,0,False
RP11-394A14.4,0.0,0,False
LINC00355,1.0,1,False
LINC01052,0.0,0,False
PCDH9,29.0,29,False
PCDH9-AS1,1.0,1,False
PCDH9-AS2,0.0,0,False
PCDH9-AS3,0.0,0,False
PCDH9-AS4,0.0,0,False
LINC00364,0.0,0,False
LINC00383,0.0,0,False
LINC00401,0.0,0,False
KLHL1,0.0,0,False
ATXN8OS,0.0,0,False
LINC00348,0.0,0,False
DACH1,2.0,2,False
MZT1,188.0,169,False
BORA,31.0,30,False
DIS3,95.0,72,False
PIBF1,105.0,95,False
KLF5,12.0,12,False
LINC00393,0.0,0,False
LINC00392,0.0,0,False
KLF12,152.0,142,False
LINC00402,87.0,85,False
AL355390.1,0.0,0,False
LINC00381,0.0,0,False
LINC00347,0.0,0,False
LINC01078,0.0,0,False
TBC1D4,103.0,98,False
TBC1D4-AS1,0.0,0,False
COMMD6,2815.0,1614,False
UCHL3,220.0,204,False
RP11-173B14.5,1.0,1,False
LMO7,28.0,27,False
C13orf45,0.0,0,False
LINC00561,0.0,0,False
LINC01034,0.0,0,False
KCTD12,82.0,78,False
IRG1,0.0,0,False
CLN5,109.0,109,False
FBXL3,160.0,153,False
MYCBP2,322.0,224,False
MYCBP2-AS1,3.0,3,False
SCEL,0.0,0,False
SCEL-AS1,0.0,0,False
SLAIN1,21.0,20,False
EDNRB-AS1,0.0,0,False
EDNRB,0.0,0,False
RNF219-AS1,7.0,7,False
RP11-318G21.4,0.0,0,False
LINC01069,0.0,0,False
LINC00446,0.0,0,False
RP11-203P2.2,0.0,0,False
RP11-52L5.6,0.0,0,False
POU4F1,0.0,0,False
RNF219,40.0,40,False
LINC00331,0.0,0,False
RBM26,106.0,101,False
RBM26-AS1,44.0,15,False
NDFIP2-AS1,0.0,0,False
NDFIP2,26.0,26,False
LINC01068,0.0,0,False
LINC01038,0.0,0,False
LINC00382,0.0,0,False
SPRY2,2.0,2,False
RP11-521J24.1,0.0,0,False
LINC00564,0.0,0,False
RP11-452B18.2,0.0,0,False
SLITRK1,0.0,0,False
LINC00333,0.0,0,False
LINC00375,0.0,0,False
LINC00351,0.0,0,False
SLITRK6,0.0,0,False
RP11-30L8.1,0.0,0,False
LINC00430,0.0,0,False
RP11-342C20.2,0.0,0,False
MIR4500HG,0.0,0,False
RP11-29P20.1,0.0,0,False
SLITRK5,0.0,0,False
LINC00397,0.0,0,False
RP11-471M2.3,0.0,0,False
RP11-545P6.2,0.0,0,False
LINC00433,0.0,0,False
LINC00560,0.0,0,False
LINC01047,0.0,0,False
LINC00440,0.0,0,False
LINC01040,0.0,0,False
LINC00353,0.0,0,False
RP11-75N6.3,0.0,0,False
LINC00559,0.0,0,False
LINC01049,0.0,0,False
LINC00410,0.0,0,False
LINC00380,0.0,0,False
LINC00379,1.0,1,False
GPC5,0.0,0,False
GPC5-AS2,0.0,0,False
GPC5-AS1,0.0,0,False
LINC00363,0.0,0,False
GPC6,0.0,0,False
GPC6-AS2,0.0,0,False
GPC6-AS1,0.0,0,False
DCT,0.0,0,False
TGDS,58.0,55,False
GPR180,27.0,27,False
LINC00391,0.0,0,False
SOX21,0.0,0,False
SOX21-AS1,0.0,0,False
LINC00557,0.0,0,False
ABCC4,7.0,7,False
CLDN10,0.0,0,False
CLDN10-AS1,0.0,0,False
DZIP1,0.0,0,False
DNAJC3-AS1,14.0,14,False
DNAJC3,103.0,97,False
UGGT2,5.0,5,False
HS6ST3,0.0,0,False
LINC00359,0.0,0,False
RP11-65L19.4,0.0,0,False
OXGR1,0.0,0,False
LINC00456,0.0,0,False
MBNL2,59.0,54,False
RAP2A,19.0,19,False
RP11-120E13.1,0.0,0,False
RP11-383H17.4,0.0,0,False
IPO5,87.0,86,False
FARP1,0.0,0,False
RNF113B,0.0,0,False
RP11-261P24.2,0.0,0,False
FARP1-AS1,1.0,1,False
STK24,118.0,110,False
STK24-AS1,0.0,0,False
SLC15A1,0.0,0,False
DOCK9,42.0,40,False
DOCK9-AS1,0.0,0,False
DOCK9-AS2,10.0,10,False
UBAC2-AS1,9.0,9,False
UBAC2,456.0,357,False
GPR18,125.0,117,False
GPR183,482.0,325,False
LINC00449,2.0,2,False
TM9SF2,204.0,193,False
LINC01039,0.0,0,False
CLYBL,62.0,48,False
CLYBL-AS2,0.0,0,False
CLYBL-AS1,0.0,0,False
ZIC5,0.0,0,False
ZIC2,0.0,0,False
LINC00554,0.0,0,False
PCCA,32.0,32,False
PCCA-AS1,0.0,0,False
GGACT,20.0,20,False
TMTC4,21.0,21,False
NALCN-AS1,0.0,0,False
LINC00411,0.0,0,False
NALCN,0.0,0,False
ITGBL1,0.0,0,False
RP11-397O8.7,0.0,0,False
FGF14,0.0,0,False
FGF14-IT1,0.0,0,False
FGF14-AS1,0.0,0,False
FGF14-AS2,3.0,3,False
LINC00555,0.0,0,False
TPP2,125.0,121,False
RP11-29B2.5,0.0,0,False
METTL21C,0.0,0,False
CCDC168,0.0,0,False
LINC00283,0.0,0,False
TEX30,51.0,49,False
KDELC1,3.0,3,False
BIVM,20.0,20,False
BIVM-ERCC5,0.0,0,False
ERCC5,95.0,93,False
RP11-255P5.2,0.0,0,False
SLC10A2,0.0,0,False
RP11-123H22.1,0.0,0,False
DAOA-AS1,0.0,0,False
DAOA,0.0,0,False
LINC00460,0.0,0,False
EFNB2,1.0,1,False
ARGLU1,598.0,482,False
LINC00551,0.0,0,False
LINC00443,0.0,0,False
FAM155A,0.0,0,False
LIG4,3.0,3,False
ABHD13,124.0,114,False
TNFSF13B,775.0,433,False
MYO16,3.0,3,False
MYO16-AS2,0.0,0,False
MYO16-AS1,0.0,0,False
LINC00370,0.0,0,False
LINC01067,0.0,0,False
LINC00399,0.0,0,False
LINC00676,0.0,0,False
IRS2,106.0,98,False
LINC00396,0.0,0,False
COL4A1,0.0,0,False
COL4A2,0.0,0,False
COL4A2-AS2,0.0,0,False
COL4A2-AS1,0.0,0,False
RAB20,55.0,49,False
CARKD,48.0,46,False
CARS2,254.0,223,False
ING1,83.0,80,False
LINC00567,0.0,0,False
LINC00346,0.0,0,False
ANKRD10,195.0,184,False
LINC00431,0.0,0,False
LINC00368,0.0,0,False
ARHGEF7-AS2,0.0,0,False
ARHGEF7,54.0,50,False
ARHGEF7-AS1,0.0,0,False
TEX29,1.0,1,False
RP11-65D24.2,0.0,0,False
LINC00354,0.0,0,False
SOX1,0.0,0,False
RP11-450H6.3,0.0,0,False
LINC00404,0.0,0,False
LINC00403,0.0,0,False
LINC01070,0.0,0,False
LINC01043,0.0,0,False
LINC01044,0.0,0,False
SPACA7,0.0,0,False
TUBGCP3,51.0,51,False
C13orf35,0.0,0,False
ATP11A,76.0,75,False
ATP11A-AS1,1.0,1,False
MCF2L,9.0,9,False
RP11-120K24.3,0.0,0,False
MCF2L-AS1,18.0,18,False
AL137002.1,0.0,0,False
F7,0.0,0,False
F10,0.0,0,False
F10-AS1,0.0,0,False
PROZ,2.0,2,False
RP11-98F14.11,0.0,0,False
PCID2,287.0,261,False
CUL4A,154.0,148,False
LAMP1,627.0,548,False
GRTP1,0.0,0,False
GRTP1-AS1,0.0,0,False
ADPRHL1,0.0,0,False
DCUN1D2,13.0,12,False
DCUN1D2-AS,0.0,0,False
TMCO3,61.0,60,False
TFDP1,174.0,160,False
ATP4B,0.0,0,False
GRK1,0.0,0,False
TMEM255B,13.0,13,False
GAS6-AS1,0.0,0,False
GAS6,15.0,12,False
GAS6-AS2,0.0,0,False
RP11-199F6.4,0.0,0,False
LINC00454,0.0,0,False
LINC00452,0.0,0,False
LINC00565,1.0,1,False
RASA3,251.0,236,False
CDC16,109.0,86,False
UPF3A,290.0,262,False
CHAMP1,48.0,47,False
LINC01054,0.0,0,False
RP11-536C10.4,0.0,0,False
OR11H12,0.0,0,False
RP11-536C10.7,0.0,0,False
RP11-536C10.16,0.0,0,False
CTD-2311B13.1,0.0,0,False
CTD-2311B13.2,0.0,0,False
POTEG,0.0,0,False
CTD-2311B13.5,0.0,0,False
CTD-2314B22.1,0.0,0,False
AL589743.1,0.0,0,False
BMS1P17,0.0,0,False
RP11-496I2.2,0.0,0,False
RP11-146E13.4,0.0,0,False
CTD-2314B22.3,0.0,0,False
BMS1P18,0.0,0,False
CTD-2311B13.7,0.0,0,False
POTEM,0.0,0,False
RP11-244H18.1,0.0,0,False
RP11-244H18.3,0.0,0,False
RP11-597A11.6,0.0,0,False
RP11-597A11.2,0.0,0,False
OR4N2,0.0,0,False
OR4Q3,0.0,0,False
OR4M1,0.0,0,False
OR4K2,0.0,0,False
OR4K5,0.0,0,False
OR4K1,0.0,0,False
OR4K15,0.0,0,False
OR4K14,0.0,0,False
OR4K13,0.0,0,False
OR4L1,0.0,0,False
OR4K17,0.0,0,False
OR4N5,0.0,0,False
OR11G2,0.0,0,False
OR11H6,0.0,0,False
OR11H4,0.0,0,False
TTC5,97.0,95,False
CTD-2292M16.8,1.0,1,False
CTD-2292M16.7,0.0,0,False
CCNB1IP1,162.0,156,False
RPPH1,27.0,23,False
PARP2,38.0,38,False
RP11-203M5.2,0.0,0,False
TEP1,30.0,29,False
KLHL33,1.0,1,False
OSGEP,212.0,201,False
RP11-203M5.7,0.0,0,False
APEX1,821.0,646,False
TMEM55B,196.0,184,False
PNP,144.0,137,False
RP11-203M5.8,0.0,0,False
RNASE10,0.0,0,False
RNASE9,0.0,0,False
RNASE11,0.0,0,False
RNASE11-1,0.0,0,False
RP11-14J7.6,0.0,0,False
RNASE12,0.0,0,False
OR6S1,0.0,0,False
RNASE4,28.0,25,False
ANG,27.0,25,False
AL163636.6,0.0,0,False
RP11-903H12.3,0.0,0,False
EDDM3A,0.0,0,False
EDDM3B,0.0,0,False
RNASE6,354.0,274,False
RP11-219E7.1,2.0,2,False
RNASE1,6.0,6,False
RP11-219E7.3,0.0,0,False
RP11-219E7.2,0.0,0,False
RNASE3,4.0,4,False
RP11-219E7.4,0.0,0,False
RP11-84C10.3,0.0,0,False
RP11-84C10.2,9.0,9,False
RNASE2,68.0,62,False
METTL17,150.0,142,False
RP11-84C10.4,0.0,0,False
SLC39A2,0.0,0,False
NDRG2,63.0,56,False
TPPP2,1.0,1,False
AL161668.5,0.0,0,False
RP11-998D10.1,0.0,0,False
RNASE13,0.0,0,False
RNASE7,0.0,0,False
RNASE8,0.0,0,False
ARHGEF40,185.0,148,False
ZNF219,4.0,4,False
RP11-998D10.7,0.0,0,False
TMEM253,0.0,0,False
RP11-998D10.4,0.0,0,False
OR5AU1,0.0,0,False
HNRNPC,1521.0,1077,False
RPGRIP1,1.0,1,False
SUPT16H,130.0,125,False
RP11-524O1.4,0.0,0,False
CHD8,77.0,74,False
RAB2B,19.0,19,False
TOX4,240.0,209,False
METTL3,132.0,98,False
SALL2,7.0,7,False
AE000658.22,0.0,0,False
OR10G3,0.0,0,False
OR10G2,0.0,0,False
OR4E2,0.0,0,False
AE000658.31,0.0,0,False
AE000661.50,0.0,0,False
AE000662.93,0.0,0,False
AE000662.92,4.0,4,False
DAD1,1298.0,991,False
CTD-2555K7.4,0.0,0,False
ABHD4,10.0,10,False
OR6J1,0.0,0,False
OXA1L,658.0,544,False
SLC7A7,598.0,365,False
AL135998.1,0.0,0,False
MRPL52,459.0,378,False
MMP14,6.0,6,False
LRP10,296.0,280,False
REM2,7.0,7,False
RBM23,467.0,405,False
PRMT5-AS1,8.0,8,False
PRMT5,67.0,63,False
RP11-298I3.1,0.0,0,False
HAUS4,204.0,191,False
RP11-298I3.5,0.0,0,False
AJUBA,0.0,0,False
RP11-298I3.4,0.0,0,False
C14orf93,38.0,38,False
PSMB5,309.0,283,False
PSMB11,0.0,0,False
CDH24,1.0,1,False
ACIN1,162.0,148,False
C14orf119,342.0,291,False
CEBPE,10.0,10,False
SLC7A8,0.0,0,False
C14orf164,0.0,0,False
HOMEZ,35.0,34,False
PPP1R3E,87.0,82,False
BCL2L2,8.0,8,False
BCL2L2-PABPN1,0.0,0,False
PABPN1,251.0,227,False
AL049829.1,0.0,0,False
SLC22A17,10.0,10,False
EFS,0.0,0,False
RP11-124D2.3,0.0,0,False
IL25,0.0,0,False
CMTM5,27.0,14,False
MYH6,0.0,0,False
MYH7,0.0,0,False
CTD-2201G16.1,0.0,0,False
NGDN,240.0,229,False
RP11-66N24.4,87.0,86,False
ZFHX2,1.0,1,False
THTPA,4.0,4,False
AP1G2,173.0,162,False
RP11-66N24.3,23.0,21,False
JPH4,2.0,2,False
DHRS2,0.0,0,False
LINC00596,0.0,0,False
DHRS4-AS1,1.0,1,False
DHRS4,83.0,64,False
DHRS4L2,398.0,322,False
LRRC16B,3.0,3,False
CPNE6,0.0,0,False
NRL,17.0,16,False
PCK2,86.0,84,False
DCAF11,213.0,200,False
RP11-468E2.6,0.0,0,False
FITM1,6.0,6,False
PSME1,4607.0,1978,False
EMC9,83.0,81,False
RP11-468E2.5,38.0,38,False
PSME2,2964.0,1488,False
RNF31,18.0,18,False
RP11-468E2.4,96.0,63,False
IRF9,456.0,333,False
REC8,93.0,84,False
IPO4,47.0,46,False
RP11-468E2.2,0.0,0,False
TM9SF1,22.0,21,False
TM9SF1-1,0.0,0,False
TSSK4,1.0,1,False
CHMP4A,1212.0,835,False
MDP1,128.0,93,False
NEDD8-MDP1,1.0,1,False
NEDD8,2069.0,1343,False
GMPR2,412.0,334,False
TINF2,428.0,364,False
TGM1,7.0,7,False
RABGGTA,131.0,127,False
DHRS1,157.0,147,False
NOP9,32.0,31,False
CIDEB,90.0,74,False
LTB4R2,1.0,1,False
LTB4R2-1,3.0,3,False
LTB4R,121.0,104,False
ADCY4,10.0,10,False
RP11-934B9.3,0.0,0,False
RIPK3,54.0,50,False
NFATC4,2.0,1,False
NYNRIN,2.0,2,False
CBLN3,8.0,7,False
KHNYN,94.0,91,False
SDR39U1,207.0,186,False
RP11-80A15.1,0.0,0,False
CMA1,0.0,0,False
CTSG,0.0,0,False
RP11-104E19.1,0.0,0,False
GZMH,1004.0,269,False
GZMB,1975.0,326,False
STXBP6,0.0,0,False
RP11-89K22.1,0.0,0,False
RP11-314P15.2,0.0,0,False
NOVA1,2.0,2,False
NOVA1-AS1,0.0,0,False
RP11-626P14.1,0.0,0,False
RP11-626P14.2,0.0,0,False
RP11-384J4.2,0.0,0,False
RP11-384J4.1,0.0,0,False
LINC00645,0.0,0,False
CTD-2591A6.2,0.0,0,False
RP11-412H8.2,0.0,0,False
RP11-966I7.1,0.0,0,False
FOXG1,0.0,0,False
C14orf23,2.0,2,False
RP11-966I7.2,0.0,0,False
RP11-966I7.3,0.0,0,False
CTD-2384A14.1,1.0,1,False
RP11-148E17.1,0.0,0,False
CTD-2384A14.2,0.0,0,False
RP11-260G13.1,0.0,0,False
PRKD1,0.0,0,False
CTD-2503I6.1,0.0,0,False
RP11-269C4.2,0.0,0,False
CTD-2251F13.1,0.0,0,False
RP11-1103G16.1,0.0,0,False
G2E3,41.0,41,False
SCFD1,250.0,204,False
RP11-159L20.2,0.0,0,False
COCH,21.0,18,False
RP11-829H16.3,1.0,1,False
STRN3,22.0,21,False
AP4S1,37.0,30,False
HECTD1,216.0,177,False
RP11-596D21.1,1.0,1,False
HEATR5A,21.0,19,False
RP11-176H8.1,9.0,9,False
CTD-2213F21.2,0.0,0,False
DTD2,43.0,42,False
NUBPL,26.0,26,False
CTD-2213F21.4,0.0,0,False
CTD-2213F21.3,1.0,1,False
RP11-159D23.2,0.0,0,False
RP11-187E13.1,0.0,0,False
RP11-187E13.2,0.0,0,False
ARHGAP5-AS1,6.0,6,False
ARHGAP5,67.0,66,False
AKAP6,0.0,0,False
RP11-320M16.2,0.0,0,False
NPAS3,0.0,0,False
EGLN3,15.0,13,False
EGLN3-AS1,0.0,0,False
SPTSSA,190.0,176,False
EAPP,541.0,447,False
RP11-671J11.6,0.0,0,False
RP11-671J11.4,0.0,0,False
SNX6,502.0,415,False
CFL2,30.0,29,False
BAZ1A,707.0,579,False
RP11-73E17.2,30.0,30,False
SRP54,184.0,173,False
FAM177A1,343.0,311,False
PPP2R3C,260.0,209,False
KIAA0391,2.0,2,False
KIAA0391-1,10.0,10,False
PSMA6,260.0,243,False
RP11-561B11.3,0.0,0,False
NFKBIA,2753.0,1227,False
RP11-561B11.6,0.0,0,False
INSM2,0.0,0,False
RALGAPA1,64.0,62,False
RP11-317N8.5,3.0,3,False
BRMS1L,27.0,27,False
RP11-317N8.3,0.0,0,False
RP11-116N8.2,0.0,0,False
RP11-116N8.4,0.0,0,False
LINC00609,0.0,0,False
PTCSC3,0.0,0,False
RP11-259K15.2,0.0,0,False
MBIP,100.0,96,False
SFTA3,0.0,0,False
NKX2-1,0.0,0,False
NKX2-1-AS1,0.0,0,False
NKX2-8,0.0,0,False
RP11-964E11.2,0.0,0,False
PAX9,0.0,0,False
SLC25A21,0.0,0,False
RP11-81F13.1,0.0,0,False
RP11-81F13.2,0.0,0,False
SLC25A21-AS1,1.0,1,False
MIPOL1,0.0,0,False
RP11-356O9.2,0.0,0,False
RP11-356O9.1,0.0,0,False
FOXA1,0.0,0,False
TTC6,0.0,0,False
LINC00517,0.0,0,False
CTD-2058B24.3,0.0,0,False
CTD-2058B24.2,0.0,0,False
CTD-2142D14.1,0.0,0,False
SSTR1,0.0,0,False
CLEC14A,0.0,0,False
RP11-96D24.1,0.0,0,False
LINC00639,0.0,0,False
SEC23A,118.0,115,False
RP11-545M17.1,1.0,1,False
GEMIN2,54.0,53,False
TRAPPC6B,83.0,81,False
RP11-407N17.4,1.0,1,False
PNN,418.0,372,False
MIA2,0.0,0,False
RP11-407N17.3,0.0,0,False
CTAGE5,30.0,30,False
RP11-407N17.5,21.0,18,False
FBXO33,88.0,72,False
RP11-111A21.1,0.0,0,False
RP11-662J14.1,0.0,0,False
RP11-662J14.2,0.0,0,False
RP11-129M6.1,0.0,0,False
CTD-2298J14.2,0.0,0,False
LRFN5,0.0,0,False
RP11-313C4.1,0.0,0,False
RP11-214N1.1,0.0,0,False
RP11-305B6.3,0.0,0,False
RP11-99L13.2,0.0,0,False
RP11-99L13.1,0.0,0,False
FSCB,0.0,0,False
RP11-163M18.1,0.0,0,False
RP11-398E10.1,0.0,0,False
RP11-857B24.1,0.0,0,False
C14orf28,42.0,40,False
RP11-857B24.5,0.0,0,False
KLHL28,88.0,85,False
FAM179B,41.0,40,False
CTD-3028N15.1,0.0,0,False
PRPF39,45.0,44,False
FKBP3,382.0,292,False
FANCM,11.0,11,False
MIS18BP1,237.0,168,False
RP11-454K7.3,0.0,0,False
RP11-454K7.1,0.0,0,False
RP11-945F5.1,0.0,0,False
RP11-369C8.1,0.0,0,False
LINC00871,0.0,0,False
RPL10L,0.0,0,False
MDGA2,0.0,0,False
MDGA2-1,0.0,0,False
LINC00648,0.0,0,False
RP11-2G1.1,0.0,0,False
RP11-816J8.1,0.0,0,False
RPS29,11183.0,2492,False
RN7SL1,24.0,24,False
AL139099.1,19.0,19,False
LRR1,56.0,52,False
RPL36AL,4835.0,2029,False
MGAT2,174.0,167,False
RP11-649E7.5,16.0,15,False
DNAAF2,151.0,145,False
POLE2,6.0,6,False
KLHDC1,11.0,11,False
RP11-831F12.2,0.0,0,False
KLHDC2,265.0,242,False
NEMF,426.0,320,False
AL627171.2,0.0,0,False
AL627171.1,0.0,0,False
ARF6,1309.0,944,False
RP11-58E21.4,0.0,0,False
C14orf182,14.0,14,False
RP11-58E21.3,33.0,33,False
RP11-58E21.5,1.0,1,False
RP11-58E21.7,0.0,0,False
C14orf183,0.0,0,False
VCPKMT,83.0,78,False
SOS2,29.0,29,False
L2HGDH,12.0,11,False
ATP5S,172.0,163,False
RP11-247L20.4,2.0,2,False
CDKL1,11.0,11,False
RP11-247L20.3,0.0,0,False
MAP4K5,54.0,51,False
RP11-406H23.2,1.0,1,False
ATL1,3.0,3,False
SAV1,23.0,20,False
NIN,113.0,105,False
RP11-286O18.1,0.0,0,False
RP11-218E20.2,0.0,0,False
PYGL,114.0,104,False
ABHD12B,0.0,0,False
RP11-218E20.5,0.0,0,False
RP11-218E20.3,0.0,0,False
TRIM9,1.0,1,False
RP11-1140I5.1,0.0,0,False
TMX1,301.0,277,False
LINC00519,0.0,0,False
LINC00640,0.0,0,False
RP11-255G12.2,0.0,0,False
RP11-255G12.3,0.0,0,False
FRMD6-AS2,0.0,0,False
FRMD6,0.0,0,False
RP11-280K24.1,0.0,0,False
GNG2,388.0,336,False
RP11-463J10.2,1.0,1,False
RP11-463J10.3,10.0,10,False
AL358333.1,1.0,1,False
RP11-463J10.4,0.0,0,False
C14orf166,1196.0,822,False
NID2,1.0,1,False
RP11-1033H12.1,0.0,0,False
PTGDR,192.0,127,False
PTGER2,445.0,370,False
TXNDC16,18.0,17,False
GPR137C,2.0,2,False
ERO1L,57.0,56,False
RP11-841O20.2,12.0,11,False
PSMC6,306.0,240,False
STYX,95.0,94,False
GNPNAT1,52.0,51,False
RP11-589M4.1,0.0,0,False
RP11-589M4.3,0.0,0,False
FERMT2,0.0,0,False
RP11-368P15.3,0.0,0,False
DDHD1,60.0,60,False
RP11-547D23.1,2.0,2,False
AL163953.3,0.0,0,False
AL163953.2,0.0,0,False
AL162759.1,0.0,0,False
BMP4,0.0,0,False
CDKN3,24.0,22,False
CNIH1,387.0,347,False
RP11-794A8.1,0.0,0,False
GMFB,95.0,94,False
CGRRF1,176.0,113,False
SAMD4A,50.0,48,False
GCH1,234.0,196,False
WDHD1,6.0,6,False
SOCS4,26.0,26,False
MAPK1IP1L,379.0,309,False
LGALS3,1582.0,662,False
DLGAP5,2.0,2,False
RP11-698F20.3,0.0,0,False
RP11-665C16.6,2.0,2,False
FBXO34,76.0,75,False
RP11-665C16.5,0.0,0,False
ATG14,30.0,30,False
TBPL2,0.0,0,False
KTN1-AS1,3.0,3,False
KTN1,412.0,354,False
RP11-813I20.2,0.0,0,False
RP11-1012E15.1,0.0,0,False
PELI2,11.0,11,False
RP11-930O11.2,0.0,0,False
RP11-930O11.1,0.0,0,False
TMEM260,29.0,29,False
RP11-624J12.1,0.0,0,False
RP11-1085N6.2,0.0,0,False
RP11-1085N6.3,0.0,0,False
RP11-1085N6.4,0.0,0,False
RP11-1085N6.6,0.0,0,False
OTX2,0.0,0,False
OTX2-AS1,0.0,0,False
RP11-1085N6.5,0.0,0,False
RP11-108M12.3,0.0,0,False
EXOC5,92.0,89,False
AL391152.1,0.0,0,False
AP5M1,120.0,115,False
RP11-932A10.1,0.0,0,False
NAA30,49.0,48,False
C14orf105,0.0,0,False
SLC35F4,0.0,0,False
RP11-409I10.2,0.0,0,False
C14orf37,0.0,0,False
ACTR10,304.0,278,False
PSMA3,515.0,412,False
RP11-349A22.5,345.0,288,False
AL132989.1,1.0,1,False
ARID4A,348.0,292,False
RP11-517O13.3,0.0,0,False
TOMM20L,1.0,1,False
RP11-517O13.1,0.0,0,False
TIMM9,307.0,262,False
KIAA0586,26.0,26,False
DACT1,3.0,3,False
RP11-112J1.2,0.0,0,False
DAAM1,48.0,46,False
GPR135,2.0,2,False
L3HYPDH,37.0,36,False
JKAMP,131.0,119,False
CCDC175,0.0,0,False
RTN1,15.0,15,False
RP11-62H20.1,0.0,0,False
LRRC9,1.0,1,False
RP11-16B13.1,0.0,0,False
PCNXL4,38.0,38,False
DHRS7,1179.0,855,False
CTD-2184C24.2,3.0,2,False
PPM1A,134.0,126,False
CTD-2568P8.1,0.0,0,False
C14orf39,0.0,0,False
SIX6,0.0,0,False
RP11-1042B17.3,0.0,0,False
RP11-1042B17.5,0.0,0,False
SIX1,0.0,0,False
SIX4,0.0,0,False
MNAT1,156.0,100,False
TRMT5,26.0,25,False
SLC38A6,35.0,35,False
PRKCH,374.0,337,False
TMEM30B,19.0,19,False
RP11-47I22.4,0.0,0,False
RP11-47I22.1,0.0,0,False
RP11-47I22.2,2.0,2,False
RP11-47I22.3,0.0,0,False
HIF1A-AS1,1.0,1,False
HIF1A,148.0,140,False
HIF1A-AS2,2.0,2,False
SNAPC1,66.0,65,False
CTD-2277K2.1,0.0,0,False
SYT16,0.0,0,False
RP11-355I22.5,0.0,0,False
RP11-355I22.2,0.0,0,False
RP11-355I22.6,0.0,0,False
LINC00643,0.0,0,False
LINC00644,0.0,0,False
KCNH5,0.0,0,False
RP11-1112J20.2,0.0,0,False
RHOJ,0.0,0,False
RP11-696D21.2,0.0,0,False
PPP2R5E,121.0,116,False
CTD-2302E22.4,8.0,5,False
WDR89,36.0,36,False
CTD-2302E22.2,0.0,0,False
SGPP1,71.0,70,False
SYNE2,250.0,211,False
ESR2,3.0,3,False
RP11-544I20.2,1.0,1,False
CTD-2555O16.1,0.0,0,False
MTHFD1,62.0,60,False
CTD-2555O16.2,0.0,0,False
CTD-2555O16.4,4.0,4,False
ZBTB25,138.0,133,False
CTD-2555O16.3,0.0,0,False
AKAP5,12.0,12,False
ZBTB1,145.0,137,False
RP11-973N13.4,0.0,0,False
HSPA2,6.0,6,False
PPP1R36,0.0,0,False
RP11-973N13.3,0.0,0,False
PLEKHG3,40.0,40,False
SPTB,2.0,2,False
CHURC1,590.0,520,False
FNTB,19.0,18,False
CHURC1-FNTB,0.0,0,False
GPX2,0.0,0,False
RAB15,3.0,3,False
RP11-840I19.5,1.0,1,False
MAX,535.0,417,False
RP11-840I19.3,2.0,2,False
CTD-2509G16.2,0.0,0,False
CTD-2509G16.5,1.0,1,False
FUT8,42.0,41,False
CTD-2014B16.3,0.0,0,False
RP11-783L4.1,0.0,0,False
RP11-72M17.1,6.0,6,False
GPHN,14.0,14,False
RP11-862P13.1,0.0,0,False
FAM71D,88.0,87,False
MPP5,19.0,18,False
ATP6V1D,244.0,212,False
EIF2S1,294.0,241,False
PLEK2,6.0,5,False
TMEM229B,33.0,29,False
PLEKHH1,1.0,1,False
PIGH,144.0,137,False
ARG2,14.0,11,False
VTI1B,410.0,336,False
RP11-1012A1.4,1.0,1,False
RDH11,215.0,204,False
RDH12,0.0,0,False
ZFYVE26,25.0,24,False
RAD51B,79.0,35,False
CTD-2566J3.1,0.0,0,False
CTD-2325P2.4,0.0,0,False
CTD-2325P2.3,0.0,0,False
ZFP36L1,872.0,650,False
ACTN1,219.0,195,False
ACTN1-AS1,1.0,1,False
DCAF5,171.0,132,False
RP11-363J20.1,0.0,0,False
EXD2,15.0,15,False
RP11-363J20.2,0.0,0,False
GALNT16,0.0,0,False
ERH,1301.0,913,False
SLC39A9,40.0,40,False
PLEKHD1,1.0,1,False
CCDC177,0.0,0,False
CCDC177-1,0.0,0,False
KIAA0247,74.0,73,False
SRSF5,4526.0,1968,False
SLC10A1,3.0,3,False
SMOC1,0.0,0,False
SLC8A3,2.0,2,False
RP11-486O13.2,0.0,0,False
RP11-718G2.5,0.0,0,False
COX16,421.0,381,False
SYNJ2BP,97.0,91,False
RP11-486O13.4,0.0,0,False
ADAM21,0.0,0,False
ADAM20P1,2.0,2,False
ADAM20,0.0,0,False
MED6,206.0,198,False
CTD-2540L5.5,0.0,0,False
CTD-2540L5.6,1.0,1,False
TTC9,33.0,33,False
RP6-65G23.1,0.0,0,False
MAP3K9,8.0,8,False
RP6-65G23.3,2.0,2,False
PCNX,102.0,84,False
RP6-91H8.3,18.0,15,False
RP6-91H8.2,0.0,0,False
RP6-91H8.1,0.0,0,False
AC004817.1,0.0,0,False
RP6-91H8.5,0.0,0,False
RP1-261D10.2,4.0,4,False
SIPA1L1,97.0,92,False
RP6-114E22.1,0.0,0,False
RGS6,1.0,1,False
AC005477.1,0.0,0,False
RP3-514A23.2,0.0,0,False
DPF3,3.0,3,False
DCAF4,36.0,36,False
ZFYVE1,26.0,25,False
RP11-109N23.4,0.0,0,False
RBM25,562.0,451,False
PSEN1,101.0,96,False
PAPLN,0.0,0,False
RP4-647C14.2,0.0,0,False
RP4-647C14.3,5.0,5,False
NUMB,254.0,216,False
HEATR4,2.0,2,False
RP3-414A15.2,0.0,0,False
ACOT1,1.0,1,False
ACOT2,80.0,78,False
ACOT4,38.0,38,False
ACOT6,0.0,0,False
RP3-414A15.10,1.0,1,False
DNAL1,15.0,15,False
RP4-693M11.3,0.0,0,False
PNMA1,101.0,87,False
ELMSAN1,47.0,46,False
RP5-1021I20.1,8.0,8,False
RP5-1021I20.2,0.0,0,False
PTGR2,19.0,19,False
RP5-1021I20.4,0.0,0,False
ZNF410,19.0,18,False
RP5-1021I20.5,1.0,1,False
FAM161B,20.0,20,False
COQ6,91.0,86,False
ENTPD5,17.0,16,False
CCDC176,12.0,12,False
ALDH6A1,38.0,36,False
LIN52,61.0,30,False
VSX2,0.0,0,False
ABCD4,112.0,101,False
VRTN,0.0,0,False
SYNDIG1L,0.0,0,False
RP3-449M8.9,0.0,0,False
RP3-449M8.6,1.0,1,False
NPC2,3129.0,1121,False
ISCA2,366.0,256,False
LTBP2,0.0,0,False
CTD-2207P18.1,0.0,0,False
CTD-2207P18.2,0.0,0,False
AREL1,33.0,33,False
AC007956.1,0.0,0,False
FCF1,36.0,33,False
YLPM1,77.0,73,False
RP11-316E14.6,0.0,0,False
PROX2,2.0,2,False
DLST,125.0,104,False
RPS6KL1,25.0,7,False
PGF,4.0,3,False
EIF2B2,108.0,105,False
RP11-950C14.3,8.0,8,False
MLH3,63.0,60,False
ACYP1,129.0,126,False
ZC2HC1C,0.0,0,False
NEK9,54.0,54,False
RP11-950C14.7,0.0,0,False
TMED10,615.0,515,False
RP11-293M10.1,0.0,0,False
RP11-293M10.2,2.0,2,False
FOS,15579.0,2473,False
RP11-293M10.5,25.0,23,False
RP11-293M10.6,2.0,2,False
JDP2,36.0,34,False
BATF,241.0,219,False
AC007182.6,1.0,1,False
FLVCR2,16.0,16,False
TTLL5,38.0,37,False
C14orf1,360.0,267,False
RP11-270M14.4,0.0,0,False
IFT43,100.0,95,False
TGFB3,6.0,6,False
RP11-270M14.5,0.0,0,False
GPATCH2L,95.0,93,False
RP11-516J2.1,0.0,0,False
ESRRB,0.0,0,False
RP11-187O7.3,0.0,0,False
RP11-99E15.2,0.0,0,False
VASH1,11.0,11,False
RP11-488C13.6,0.0,0,False
RP11-488C13.7,0.0,0,False
RP11-488C13.5,44.0,24,False
ANGEL1,26.0,26,False
C14orf166B,0.0,0,False
RP11-488C13.4,0.0,0,False
RP11-7F17.7,1.0,1,False
IRF2BPL,76.0,75,False
RP11-7F17.5,2.0,2,False
RP11-7F17.4,0.0,0,False
RP11-7F17.3,0.0,0,False
CIPC,16.0,16,False
RP11-463C8.4,0.0,0,False
TMEM63C,3.0,3,False
ZDHHC22,0.0,0,False
AC007375.1,0.0,0,False
NGB,0.0,0,False
POMT2,4.0,4,False
GSTZ1,82.0,72,False
TMED8,32.0,31,False
SAMD15,1.0,1,False
NOXRED1,0.0,0,False
FKSG61,0.0,0,False
VIPAS39,45.0,44,False
AHSA1,399.0,321,False
ISM2,0.0,0,False
SPTLC2,128.0,122,False
ALKBH1,36.0,36,False
SLIRP,357.0,313,False
SNW1,471.0,379,False
C14orf178,0.0,0,False
AC008372.1,0.0,0,False
ADCK1,12.0,12,False
NRXN3,0.0,0,False
RP11-332E19.2,0.0,0,False
RP11-232C2.3,0.0,0,False
RP11-232C2.2,0.0,0,False
RP11-232C2.1,0.0,0,False
CTD-2243E23.1,0.0,0,False
RP11-588P7.2,0.0,0,False
RP11-242P2.2,0.0,0,False
RP11-242P2.1,0.0,0,False
RP11-526N18.1,0.0,0,False
DIO2,0.0,0,False
DIO2-AS1,0.0,0,False
CEP128,46.0,12,False
TSHR,1.0,1,False
RP11-114N19.3,0.0,0,False
GTF2A1,35.0,35,False
STON2,4.0,4,False
RP11-299L17.3,0.0,0,False
SEL1L,76.0,70,False
RP11-799P8.1,0.0,0,False
RP11-226P1.2,0.0,0,False
RP11-666E17.1,0.0,0,False
RP11-406A9.2,0.0,0,False
RP11-11K13.1,0.0,0,False
RP11-452D21.2,0.0,0,False
RP11-452D21.1,0.0,0,False
RP11-353P15.1,0.0,0,False
RP11-789A21.1,0.0,0,False
CTD-2128A3.2,0.0,0,False
CTD-2128A3.3,0.0,0,False
LINC00911,0.0,0,False
RP11-497E19.1,0.0,0,False
RP11-497E19.2,0.0,0,False
FLRT2,0.0,0,False
CTD-2341M24.1,25.0,25,False
RP11-1079H9.1,0.0,0,False
RP11-26L16.1,0.0,0,False
RP11-322L20.1,0.0,0,False
RP11-736P16.1,0.0,0,False
RP11-1141N12.1,0.0,0,False
RP11-594C13.2,0.0,0,False
RP11-594C13.1,0.0,0,False
RP11-325D8.1,0.0,0,False
CTD-2007A10.1,0.0,0,False
RP11-1152H15.1,0.0,0,False
RP11-804L24.2,0.0,0,False
GALC,30.0,30,False
GPR65,150.0,143,False
RP11-300J18.2,0.0,0,False
RP11-300J18.1,0.0,0,False
LINC01146,5.0,4,False
RP11-753D20.1,0.0,0,False
RP11-753D20.4,0.0,0,False
RP11-753D20.3,1.0,1,False
KCNK10,0.0,0,False
SPATA7,10.0,8,False
PTPN21,1.0,1,False
RP11-507K2.2,0.0,0,False
RP11-507K2.3,0.0,0,False
ZC3H14,101.0,99,False
EML5,6.0,6,False
TTC8,44.0,6,False
FOXN3,287.0,267,False
RP11-356K23.1,1.0,1,False
RP11-356K23.2,0.0,0,False
RP11-33N16.2,0.0,0,False
FOXN3-AS1,3.0,3,False
FOXN3-AS2,0.0,0,False
RP11-944C7.1,0.0,0,False
EFCAB11,17.0,17,False
TDP1,90.0,86,False
KCNK13,1.0,1,False
PSMC1,47.0,47,False
NRDE2,50.0,46,False
CALM1,4284.0,1821,False
RP11-471B22.2,1.0,1,False
RP11-1078H9.1,1.0,1,False
LINC00642,0.0,0,False
RP11-1078H9.6,0.0,0,False
TTC7B,1.0,1,False
RP11-1078H9.2,0.0,0,False
RP11-1078H9.5,1.0,1,False
RP11-661G16.1,0.0,0,False
RP11-661G16.2,0.0,0,False
CTD-3035D6.2,0.0,0,False
RPS6KA5,82.0,81,False
C14orf159,145.0,140,False
GPR68,23.0,22,False
CTD-2547L24.3,2.0,2,False
CTD-2547L24.4,6.0,5,False
CCDC88C,240.0,225,False
RP11-895M11.3,0.0,0,False
SMEK1,167.0,156,False
AL133373.1,0.0,0,False
CATSPERB,1.0,1,False
TC2N,321.0,282,False
FBLN5,130.0,121,False
TRIP11,119.0,83,False
ATXN3,189.0,147,False
NDUFB1,561.0,483,False
CPSF2,75.0,74,False
RP11-472N19.3,0.0,0,False
SLC24A4,49.0,46,False
RIN3,284.0,263,False
LGMN,43.0,40,False
GOLGA5,62.0,62,False
RP11-862G15.1,0.0,0,False
RP11-862G15.2,0.0,0,False
CHGA,0.0,0,False
ITPK1,104.0,95,False
ITPK1-AS1,1.0,1,False
MOAP1,253.0,234,False
TMEM251,167.0,123,False
RP11-371E8.4,0.0,0,False
C14orf142,115.0,101,False
UBR7,48.0,48,False
BTBD7,58.0,57,False
UNC79,2.0,2,False
COX8C,0.0,0,False
PRIMA1,0.0,0,False
FAM181A,0.0,0,False
ASB2,17.0,16,False
RP11-131H24.4,0.0,0,False
OTUB2,0.0,0,False
DDX24,809.0,631,False
IFI27L1,57.0,51,False
IFI27,213.0,90,False
IFI27L2,542.0,442,False
PPP4R4,1.0,1,False
SERPINA10,0.0,0,False
SERPINA6,0.0,0,False
SERPINA1,1707.0,659,False
RP11-349I1.2,0.0,0,False
SERPINA11,0.0,0,False
SERPINA9,0.0,0,False
SERPINA12,0.0,0,False
SERPINA4,0.0,0,False
SERPINA5,0.0,0,False
RP11-986E7.7,0.0,0,False
SERPINA3,0.0,0,False
GSC,0.0,0,False
RP11-991C1.1,0.0,0,False
RP11-991C1.2,0.0,0,False
DICER1,108.0,93,False
DICER1-AS1,10.0,10,False
CLMN,37.0,37,False
RP11-725G5.2,0.0,0,False
LINC00341,15.0,14,False
SYNE3,34.0,33,False
RP11-1070N10.3,21.0,15,False
SNHG10,46.0,45,False
GLRX5,326.0,277,False
RP11-1070N10.4,0.0,0,False
RP11-1070N10.5,0.0,0,False
RP11-1070N10.7,0.0,0,False
TCL1B,12.0,9,False
TCL1A,786.0,268,False
RP11-164H13.1,28.0,22,False
RP11-185P18.2,0.0,0,False
LINC00617,0.0,0,False
C14orf132,4.0,4,False
BDKRB2,0.0,0,False
RP11-404P21.8,0.0,0,False
RP11-404P21.1,0.0,0,False
BDKRB1,0.0,0,False
RP11-404P21.3,0.0,0,False
DKFZP434O1614,0.0,0,False
ATG2B,23.0,23,False
GSKIP,105.0,102,False
AK7,1.0,1,False
RP11-872J21.3,15.0,15,False
PAPOLA,704.0,591,False
RP11-433J8.1,5.0,5,False
RP11-433J8.2,0.0,0,False
VRK1,142.0,133,False
LINC00618,1.0,1,False
RP11-907D1.1,0.0,0,False
RP11-907D1.2,0.0,0,False
RP11-359N5.1,0.0,0,False
CTD-2506J14.1,1.0,1,False
RP11-76E12.1,2.0,1,False
RP11-204N11.1,0.0,0,False
RP11-204N11.2,0.0,0,False
C14orf64,157.0,146,False
RP11-61O1.1,1.0,1,False
RP11-61O1.2,1.0,1,False
RP11-1082A3.1,0.0,0,False
C14orf177,0.0,0,False
AL132796.1,0.0,0,False
RP11-1127D7.1,0.0,0,False
AL162151.4,0.0,0,False
BCL11B,250.0,219,False
AL109767.1,0.0,0,False
CTD-2200A16.1,0.0,0,False
SETD3,150.0,146,False
CCNK,175.0,165,False
CCDC85C,5.0,5,False
RP11-688G15.3,0.0,0,False
RP11-543C4.1,2.0,2,False
HHIPL1,0.0,0,False
CYP46A1,2.0,1,False
RP11-543C4.3,0.0,0,False
EML1,0.0,0,False
EVL,2572.0,1432,False
RP11-436M15.3,0.0,0,False
CTD-2376I20.1,0.0,0,False
DEGS2,9.0,9,False
RP11-638I2.4,1.0,1,False
YY1,365.0,334,False
SLC25A29,16.0,16,False
RP11-638I2.6,0.0,0,False
SLC25A47,0.0,0,False
WARS,618.0,364,False
RP11-638I2.8,0.0,0,False
RP11-638I2.9,0.0,0,False
WDR25,32.0,32,False
BEGAIN,1.0,1,False
CTD-2062F14.3,0.0,0,False
LINC00523,0.0,0,False
RP11-566J3.2,0.0,0,False
DLK1,2.0,2,False
RP11-566J3.4,0.0,0,False
MEG3,4.0,3,False
AL117190.2,0.0,0,False
RP11-123M6.2,0.0,0,False
RTL1,0.0,0,False
AL117190.3,0.0,0,False
MEG8,0.0,0,False
AL132709.5,0.0,0,False
AL132709.8,0.0,0,False
RP11-909M7.3,0.0,0,False
MIR381HG,0.0,0,False
MEG9,0.0,0,False
AL132709.1,0.0,0,False
RP11-8L8.2,5.0,5,False
CTD-2561F5.1,0.0,0,False
RP11-168L7.1,0.0,0,False
LINC00524,0.0,0,False
RP11-168L7.3,0.0,0,False
RP11-1029J19.2,0.0,0,False
DIO3OS,0.0,0,False
DIO3,0.0,0,False
RP11-1029J19.4,0.0,0,False
RP11-1029J19.5,0.0,0,False
RP11-796G6.2,21.0,19,False
PPP2R5C,896.0,656,False
CTD-2017C7.2,0.0,0,False
CTD-2017C7.1,3.0,3,False
RP11-1017G21.5,17.0,17,False
RP11-1017G21.6,0.0,0,False
DYNC1H1,148.0,147,False
RP11-1017G21.4,0.0,0,False
HSP90AA1,2761.0,1439,False
WDR20,86.0,85,False
MOK,3.0,3,False
ZNF839,22.0,21,False
CINP,207.0,186,False
TECPR2,23.0,22,False
ANKRD9,16.0,15,False
CTD-2555C10.3,3.0,3,False
RCOR1,32.0,32,False
RP11-661D19.3,0.0,0,False
TRAF3,93.0,89,False
AMN,16.0,16,False
CDC42BPB,13.0,13,False
RP11-365N19.2,0.0,0,False
EXOC3L4,0.0,0,False
LINC00677,1.0,1,False
TNFAIP2,247.0,175,False
LINC00605,0.0,0,False
RP11-45P15.4,2.0,2,False
EIF5,1012.0,743,False
MARK3,263.0,236,False
CKB,112.0,72,False
RP11-600F24.7,3.0,3,False
TRMT61A,69.0,48,False
RP11-894P9.2,0.0,0,False
BAG5,117.0,81,False
KLC1,125.0,124,False
RP11-73M18.2,0.0,0,False
APOPT1,287.0,271,False
RP11-894P9.1,10.0,9,False
RP11-73M18.10,1.0,1,False
XRCC3,9.0,9,False
AL049840.1,0.0,0,False
RP11-73M18.9,1.0,1,False
ZFYVE21,116.0,108,False
PPP1R13B,14.0,14,False
LINC00637,0.0,0,False
CTD-2134A5.4,0.0,0,False
CTD-2134A5.3,0.0,0,False
C14orf2,573.0,456,False
TDRD9,4.0,4,False
RD3L,0.0,0,False
ASPG,0.0,0,False
CTD-2223O18.1,0.0,0,False
KIF26A,1.0,1,False
RP11-260M19.2,0.0,0,False
C14orf144,0.0,0,False
RP11-260M19.1,0.0,0,False
TMEM179,0.0,0,False
C14orf180,0.0,0,False
RP11-614O9.1,0.0,0,False
RP11-982M15.7,0.0,0,False
RP11-982M15.8,1.0,1,False
RP11-982M15.6,0.0,0,False
INF2,66.0,64,False
RP11-982M15.5,0.0,0,False
ADSSL1,17.0,16,False
SIVA1,879.0,599,False
RP11-982M15.2,0.0,0,False
AKT1,75.0,72,False
ZBTB42,5.0,5,False
LINC00638,1.0,1,False
CTD-3051D23.1,0.0,0,False
CTD-3051D23.4,0.0,0,False
CEP170B,4.0,4,False
CTD-3051D23.3,0.0,0,False
PLD4,173.0,126,False
AHNAK2,0.0,0,False
C14orf79,4.0,4,False
CDCA4,77.0,73,False
GPR132,59.0,58,False
RP11-44N21.1,1.0,1,False
JAG2,0.0,0,False
NUDT14,60.0,58,False
BRF1,54.0,51,False
BTBD6,22.0,22,False
PACS2,31.0,30,False
TEX22,5.0,5,False
RP11-521B24.3,1.0,1,False
MTA1,126.0,121,False
RP11-521B24.5,0.0,0,False
CRIP2,216.0,160,False
CRIP1,1718.0,992,False
CRIP1-1,3.0,3,False
C14orf80,95.0,63,False
TMEM121,22.0,22,False
AL928742.12,7.0,3,False
RP11-731F5.1,0.0,0,False
RP11-731F5.2,0.0,0,False
AL928768.3,69.0,19,False
AL122127.25,0.0,0,False
KIAA0125,128.0,93,False
ADAM6,0.0,0,False
AB019440.50,0.0,0,False
LINC00226,0.0,0,False
LINC00221,2.0,2,False
RP11-173D3.1,1.0,1,False
RP11-509A17.3,0.0,0,False
GOLGA6L6,0.0,0,False
RP11-403B2.7,0.0,0,False
RP11-403B2.6,0.0,0,False
RP11-403B2.5,0.0,0,False
AC012414.1,0.0,0,False
POTEB2,0.0,0,False
CT60,0.0,0,False
RP11-854K16.3,0.0,0,False
RP11-32B5.7,0.0,0,False
DKFZP547L112,0.0,0,False
POTEB,0.0,0,False
RP11-928F19.5,0.0,0,False
OR4M2,0.0,0,False
OR4N4,0.0,0,False
RP11-2F9.4,0.0,0,False
AC010760.1,0.0,0,False
GOLGA6L1,0.0,0,False
TUBGCP5,27.0,26,False
CYFIP1,54.0,42,False
NIPA2,193.0,182,False
NIPA1,14.0,14,False
GOLGA8I,0.0,0,False
RP11-467N20.5,0.0,0,False
GOLGA8S,0.0,0,False
GOLGA6L2,0.0,0,False
MKRN3,1.0,1,False
RP11-73C9.1,0.0,0,False
MAGEL2,0.0,0,False
NDN,4.0,4,False
RP11-484P15.1,0.0,0,False
PWRN4,0.0,0,False
PWRN2,0.0,0,False
RP11-580I1.1,0.0,0,False
RP11-580I1.2,0.0,0,False
RP11-350A1.2,0.0,0,False
RP11-107D24.2,0.0,0,False
PWRN3,0.0,0,False
PWRN1,0.0,0,False
NPAP1,0.0,0,False
SNRPN,86.0,85,False
SNURF,22.0,21,False
SNURF-1,0.0,0,False
RP11-701H24.3,0.0,0,False
PWAR6,6.0,6,False
SNORD116-20,0.0,0,False
UBE3A,176.0,143,False
AC124997.1,0.0,0,False
ATP10A,16.0,15,False
RP11-2C7.1,0.0,0,False
RP11-1084I9.1,0.0,0,False
RP11-1084I9.2,0.0,0,False
LINC00929,0.0,0,False
AC009878.2,0.0,0,False
GABRB3,0.0,0,False
AC011196.3,0.0,0,False
GABRA5,0.0,0,False
GABRG3,0.0,0,False
AC136896.1,0.0,0,False
RP11-100M12.1,0.0,0,False
RP11-100M12.3,0.0,0,False
RP11-30G8.2,0.0,0,False
RP11-30G8.1,0.0,0,False
OCA2,0.0,0,False
AC090696.2,0.0,0,False
HERC2,69.0,67,False
GOLGA8F,0.0,0,False
GOLGA8G,0.0,0,False
GOLGA8M,0.0,0,False
RP11-578F21.6,0.0,0,False
APBA2,158.0,140,False
RP13-126C7.1,0.0,0,False
FAM189A1,0.0,0,False
NDNL2,568.0,449,False
RP11-300A12.2,0.0,0,False
RP11-680F8.1,1.0,1,False
TJP1,0.0,0,False
RP11-680F8.3,0.0,0,False
RP11-143J24.1,0.0,0,False
CTD-2022H16.1,0.0,0,False
GOLGA8J,0.0,0,False
GOLGA8T,0.0,0,False
RP11-932O9.4,0.0,0,False
AC026150.5,0.0,0,False
RP11-382B18.4,0.0,0,False
CHRFAM7A,0.0,0,False
GOLGA8R,0.0,0,False
AC026150.8,0.0,0,False
GOLGA8Q,0.0,0,False
GOLGA8H,0.0,0,False
RP11-932O9.8,0.0,0,False
RP11-932O9.9,0.0,0,False
RP11-932O9.7,4.0,4,False
ARHGAP11B,17.0,16,False
RP11-932O9.10,1.0,1,False
FAN1,10.0,10,False
MTMR10,45.0,42,False
TRPM1,0.0,0,False
RP11-348B17.1,0.0,0,False
RP11-16E12.1,8.0,8,False
RP11-16E12.2,15.0,15,False
KLF13,226.0,195,False
OTUD7A,4.0,4,False
CHRNA7,0.0,0,False
RP11-717I24.1,0.0,0,False
GOLGA8K,0.0,0,False
AC139426.2,0.0,0,False
GOLGA8O,0.0,0,False
AC135983.2,0.0,0,False
RP11-1000B6.3,7.0,7,False
GOLGA8N,0.0,0,False
AC123768.4,4.0,4,False
RP11-1000B6.5,1.0,1,False
ARHGAP11A,12.0,5,False
SCG5,0.0,0,False
RP11-1000B6.2,0.0,0,False
RP11-758N13.1,0.0,0,False
GREM1,0.0,0,False
FMN1,46.0,46,False
RP11-489D6.2,0.0,0,False
RYR3,0.0,0,False
RP11-3D4.3,0.0,0,False
RP11-3D4.2,0.0,0,False
AVEN,3.0,3,False
CHRM5,1.0,1,False
EMC7,598.0,478,False
PGBD4,12.0,12,False
KATNBL1,171.0,160,False
EMC4,651.0,563,False
SLC12A6,37.0,36,False
RP11-1084A12.2,2.0,2,False
NOP10,1187.0,796,False
NUTM1,0.0,0,False
LPCAT4,70.0,66,False
GOLGA8A,20.0,20,False
GOLGA8B,22.0,21,False
CTD-2125J1.1,0.0,0,False
GJD2,0.0,0,False
RP11-814P5.1,0.0,0,False
ACTC1,0.0,0,False
AQR,49.0,47,False
ZNF770,70.0,69,False
AC114546.1,1.0,1,False
RP11-463I20.3,0.0,0,False
RP11-463I20.2,0.0,0,False
RP11-323I15.5,0.0,0,False
DPH6,113.0,61,False
DPH6-AS1,0.0,0,False
RP11-184D12.1,0.0,0,False
RP11-684B21.1,0.0,0,False
RP11-475A13.2,0.0,0,False
RP11-475A13.1,0.0,0,False
C15orf41,18.0,18,False
RP11-16L14.2,0.0,0,False
MEIS2,0.0,0,False
RP11-128A17.1,0.0,0,False
RP11-720L8.1,0.0,0,False
TMCO5A,0.0,0,False
RP11-1008C21.1,10.0,9,False
RP11-1008C21.2,1.0,1,False
RP11-346D14.1,0.0,0,False
SPRED1,4.0,4,False
FAM98B,40.0,40,False
RASGRP1,92.0,89,False
RP11-102L12.2,0.0,0,False
RP11-275I4.1,8.0,7,False
RP11-275I4.2,2.0,2,False
C15orf53,2.0,2,False
RP11-326N17.1,0.0,0,False
RP11-624L4.1,1.0,1,False
RP11-62C7.2,0.0,0,False
RP11-265N7.2,0.0,0,False
RP11-265N7.1,0.0,0,False
C15orf54,2.0,1,False
RP11-462P6.1,0.0,0,False
RP11-624L4.2,0.0,0,False
RP11-27M9.1,0.0,0,False
THBS1,8.0,8,False
CTD-2033D15.1,0.0,0,False
FSIP1,5.0,5,False
RP11-37C7.3,2.0,2,False
GPR176,0.0,0,False
RP11-325N19.3,0.0,0,False
EIF2AK4,129.0,80,False
SRP14,4732.0,2097,False
SRP14-AS1,38.0,38,False
RP11-521C20.2,0.0,0,False
BMF,35.0,34,False
RP11-521C20.3,0.0,0,False
BUB1B,0.0,0,False
PAK6,1.0,1,False
RP11-133K1.2,0.0,0,False
C15orf56,0.0,0,False
PLCB2,139.0,126,False
ANKRD63,0.0,0,False
PLCB2-AS1,0.0,0,False
RP11-133K1.6,0.0,0,False
LINC00984,6.0,6,False
C15orf52,3.0,3,False
PHGR1,0.0,0,False
DISP2,0.0,0,False
RP11-64K12.4,0.0,0,False
LINC00594,0.0,0,False
KNSTRN,34.0,33,False
IVD,93.0,86,False
BAHD1,22.0,22,False
RP11-64K12.9,0.0,0,False
RP11-64K12.8,0.0,0,False
CHST14,24.0,24,False
RP11-111A22.1,15.0,14,False
C15orf57,289.0,214,False
RPUSD2,154.0,68,False
CASC5,3.0,3,False
RAD51,20.0,13,False
RMDN3,141.0,109,False
GCHFR,319.0,278,False
DNAJC17,104.0,95,False
C15orf62,1.0,1,False
ZFYVE19,50.0,48,False
PPP1R14D,0.0,0,False
RP11-532F12.5,3.0,3,False
SPINT1,35.0,34,False
RHOV,0.0,0,False
VPS18,34.0,34,False
RP11-540O11.1,0.0,0,False
DLL4,0.0,0,False
CHAC1,0.0,0,False
INO80,68.0,66,False
RP11-540O11.6,3.0,3,False
RP11-540O11.7,0.0,0,False
RP11-540O11.4,0.0,0,False
EXD1,0.0,0,False
CHP1,93.0,89,False
OIP5,9.0,9,False
NUSAP1,14.0,11,False
NDUFAF1,120.0,114,False
RTF1,507.0,422,False
ITPKA,0.0,0,False
LTK,11.0,11,False
RPAP1,23.0,22,False
TYRO3,0.0,0,False
RP11-380D11.2,0.0,0,False
MGA,92.0,63,False
RP11-107F6.3,0.0,0,False
MAPKBP1,12.0,12,False
AC073657.1,1.0,1,False
RP11-23P13.4,0.0,0,False
PLA2G4B,0.0,0,False
JMJD7,1.0,1,False
JMJD7-PLA2G4B,4.0,4,False
SPTBN5,2.0,2,False
RP11-23P13.6,23.0,21,False
RP11-23P13.7,3.0,3,False
EHD4,170.0,151,False
CTD-2382E5.4,0.0,0,False
CTD-2382E5.1,0.0,0,False
PLA2G4E,0.0,0,False
CTD-2382E5.2,0.0,0,False
PLA2G4D,0.0,0,False
PLA2G4F,0.0,0,False
VPS39,54.0,54,False
RP11-546B15.1,1.0,1,False
TMEM87A,244.0,196,False
GANC,39.0,39,False
CAPN3,16.0,16,False
ZNF106,262.0,205,False
SNAP23,459.0,383,False
RP11-265N6.1,15.0,15,False
LRRC57,36.0,36,False
HAUS2,57.0,57,False
RP11-265N6.2,0.0,0,False
STARD9,8.0,8,False
CDAN1,10.0,10,False
TTBK2,50.0,50,False
CTD-2036P10.3,1.0,1,False
UBR1,37.0,36,False
EPB42,9.0,9,False
TMEM62,43.0,31,False
RP11-473C18.3,0.0,0,False
CCNDBP1,621.0,528,False
TGM5,0.0,0,False
TGM7,0.0,0,False
RP11-402F9.3,0.0,0,False
LCMT2,12.0,12,False
ADAL,65.0,54,False
ZSCAN29,22.0,22,False
TUBGCP4,38.0,37,False
TP53BP1,27.0,26,False
MAP1A,3.0,3,False
PPIP5K1,4.0,4,False
CKMT1B,0.0,0,False
STRC,0.0,0,False
CATSPER2,17.0,17,False
CKMT1A,0.0,0,False
PDIA3,1285.0,905,False
ELL3,0.0,0,False
RP11-296A16.1,0.0,0,False
SERF2,7132.0,2309,False
AC018512.1,0.0,0,False
SERINC4,4.0,4,False
HYPK,28.0,28,False
MFAP1,96.0,93,False
WDR76,37.0,34,False
FRMD5,1.0,1,False
CASC4,145.0,125,False
RP11-616K22.2,0.0,0,False
RP11-516C1.1,1.0,1,False
CTDSPL2,84.0,82,False
CTD-2329K10.1,0.0,0,False
EIF3J-AS1,109.0,107,False
EIF3J,317.0,293,False
SPG11,112.0,106,False
PATL2,142.0,129,False
B2M,121363.0,2699,False
TRIM69,268.0,239,False
CTD-2008A1.1,0.0,0,False
C15orf43,0.0,0,False
SORD,33.0,32,False
RP11-109D20.1,0.0,0,False
RP11-109D20.2,0.0,0,False
DUOX2,0.0,0,False
DUOXA2,0.0,0,False
DUOXA1,0.0,0,False
DUOX1,6.0,5,False
CTD-2651B20.1,1.0,1,False
SHF,5.0,5,False
RP11-519G16.2,0.0,0,False
SNORA11,0.0,0,False
CTD-2651B20.3,3.0,3,False
SLC28A2,0.0,0,False
GATM,13.0,13,False
SPATA5L1,25.0,23,False
C15orf48,15.0,11,False
RP11-519G16.5,0.0,0,False
RP11-519G16.3,0.0,0,False
SLC30A4,8.0,8,False
RP11-96O20.2,0.0,0,False
BLOC1S6,174.0,168,False
RP11-96O20.4,0.0,0,False
SQRDL,463.0,385,False
RP11-718O11.1,0.0,0,False
RP11-627D16.1,0.0,0,False
FKSG62,0.0,0,False
SEMA6D,0.0,0,False
CTD-2050N2.1,0.0,0,False
RP11-142J21.1,0.0,0,False
RP11-552E10.1,0.0,0,False
RP11-198M11.2,0.0,0,False
RP11-208K4.1,0.0,0,False
CTD-2007H18.1,0.0,0,False
SLC24A5,1.0,1,False
MYEF2,20.0,20,False
RP11-605F22.2,0.0,0,False
CTXN2,0.0,0,False
SLC12A1,0.0,0,False
RP11-605F22.1,0.0,0,False
RP11-154J22.1,6.0,6,False
DUT,996.0,706,False
FBN1,0.0,0,False
RP11-227D13.1,0.0,0,False
CEP152,21.0,21,False
RP11-227D13.4,4.0,4,False
RP11-485O10.2,0.0,0,False
RP11-485O10.3,0.0,0,False
SHC4,0.0,0,False
EID1,1715.0,1153,False
RP11-138E16.1,0.0,0,False
SECISBP2L,54.0,54,False
RP11-325E5.1,0.0,0,False
COPS2,160.0,153,False
GALK2,93.0,89,False
FAM227B,29.0,29,False
FGF7,0.0,0,False
DTWD1,81.0,79,False
ATP8B4,5.0,5,False
CTD-2647E9.3,0.0,0,False
SLC27A2,5.0,4,False
HDC,0.0,0,False
GABPB1,81.0,77,False
CTD-3110H11.1,0.0,0,False
USP8,140.0,122,False
RP11-562A8.5,0.0,0,False
RP11-562A8.4,0.0,0,False
USP50,0.0,0,False
TRPM7,54.0,54,False
RP11-120K9.2,0.0,0,False
SPPL2A,193.0,150,False
RP11-507J18.2,0.0,0,False
AP4E1,15.0,15,False
RP11-108K3.1,0.0,0,False
TNFAIP8L3,0.0,0,False
CYP19A1,0.0,0,False
RP11-108K3.2,0.0,0,False
GLDN,0.0,0,False
RP11-707P17.1,0.0,0,False
DMXL2,63.0,62,False
RP11-707P17.2,1.0,1,False
SCG3,0.0,0,False
RP11-313P18.2,0.0,0,False
RP11-313P18.1,1.0,1,False
LYSMD2,618.0,528,False
TMOD2,20.0,19,False
TMOD3,179.0,170,False
RP11-56B16.5,1.0,1,False
RP11-56B16.4,3.0,3,False
LEO1,86.0,83,False
MAPK6,38.0,37,False
CTD-2650P22.1,0.0,0,False
CTD-2184D3.5,0.0,0,False
CTD-2184D3.3,0.0,0,False
BCL2L10,0.0,0,False
CTD-2184D3.6,1.0,1,False
GNB5,102.0,97,False
CTD-2184D3.7,1.0,1,False
RP11-430B1.2,22.0,19,False
MYO5C,3.0,3,False
MYO5A,40.0,38,False
ARPP19,302.0,254,False
RP11-23N2.4,1.0,1,False
FAM214A,29.0,27,False
ONECUT1,0.0,0,False
RP11-209K10.2,0.0,0,False
RP11-209E8.1,0.0,0,False
WDR72,0.0,0,False
RP11-643A5.2,0.0,0,False
UNC13C,0.0,0,False
RP11-548M13.1,0.0,0,False
RSL24D1,635.0,552,False
RAB27A,232.0,206,False
RP11-139H15.1,319.0,247,False
PIGB,48.0,47,False
CCPG1,142.0,125,False
C15orf65,1.0,1,False
DYX1C1,3.0,3,False
PYGO1,0.0,0,False
PRTG,0.0,0,False
RP11-420M1.2,0.0,0,False
NEDD4,4.0,4,False
RFX7,23.0,23,False
TEX9,2.0,2,False
RP11-48G14.2,0.0,0,False
RP11-48G14.1,0.0,0,False
MNS1,1.0,1,False
ZNF280D,53.0,52,False
TCF12,67.0,63,False
LINC00926,393.0,218,False
RP11-358M11.3,0.0,0,False
CGNL1,0.0,0,False
CTD-2515H24.3,0.0,0,False
CTD-2515H24.4,0.0,0,False
GCOM1,0.0,0,False
MYZAP,1.0,1,False
POLR2M,167.0,160,False
RP11-344A16.2,2.0,2,False
ALDH1A2,2.0,2,False
CTD-2330J20.2,0.0,0,False
AQP9,13.0,13,False
LIPC,4.0,4,False
RP11-355N15.1,1.0,1,False
RP11-50C13.1,0.0,0,False
ADAM10,161.0,139,False
RP11-30K9.6,0.0,0,False
FAM63B,89.0,85,False
RP11-30K9.5,0.0,0,False
RNF111,49.0,49,False
SLTM,464.0,399,False
AC025918.2,0.0,0,False
CCNB2,9.0,4,False
MYO1E,8.0,8,False
C15ORF31,0.0,0,False
LDHAL6B,0.0,0,False
FAM81A,5.0,5,False
GCNT3,1.0,1,False
GTF2A2,540.0,464,False
BNIP2,391.0,310,False
RP11-361D15.2,3.0,3,False
FOXB1,0.0,0,False
RP11-82L7.4,0.0,0,False
ANXA2,2724.0,1173,False
NARG2,128.0,107,False
RP11-219B17.1,7.0,7,False
RORA,380.0,316,False
CTD-2501E16.2,1.0,1,False
RP11-219B17.2,0.0,0,False
RP11-554D20.1,0.0,0,False
RP11-39M21.1,0.0,0,False
RP11-39M21.2,0.0,0,False
RP11-507B12.2,0.0,0,False
RP11-259A24.1,0.0,0,False
RP11-507B12.1,0.0,0,False
RP11-162I7.1,0.0,0,False
RP11-16B9.1,0.0,0,False
VPS13C,167.0,128,False
RP11-643M14.1,4.0,4,False
C2CD4A,1.0,1,False
C2CD4B,0.0,0,False
RP11-299H22.1,0.0,0,False
RP11-1O10.1,0.0,0,False
RP11-299H22.6,0.0,0,False
RP11-299H22.7,0.0,0,False
TLN2,0.0,0,False
RP11-625H11.1,0.0,0,False
RP11-625H11.2,0.0,0,False
RP11-1069G10.1,0.0,0,False
RP11-1069G10.2,0.0,0,False
TPM1,94.0,75,False
RP11-244F12.3,0.0,0,False
RP11-244F12.2,0.0,0,False
RP11-69G7.1,0.0,0,False
LACTB,227.0,202,False
RPS27L,757.0,596,False
RAB8B,161.0,143,False
APH1B,130.0,113,False
CA12,0.0,0,False
RP11-321G12.1,0.0,0,False
AC007950.1,0.0,0,False
USP3,283.0,231,False
USP3-AS1,8.0,8,False
FBXL22,3.0,3,False
HERC1,138.0,131,False
RP11-317G6.1,1.0,1,False
DAPK2,4.0,4,False
RP11-111E14.1,0.0,0,False
FAM96A,366.0,277,False
SNX1,217.0,204,False
SNX22,88.0,82,False
PPIB,2336.0,1275,False
CSNK1G1,21.0,20,False
CTD-2116N17.1,0.0,0,False
KIAA0101,52.0,17,False
TRIP4,135.0,127,False
ZNF609,62.0,58,False
OAZ2,622.0,438,False
AC100830.4,0.0,0,False
AC100830.5,1.0,1,False
AC100830.3,1.0,1,False
RBPMS2,0.0,0,False
PIF1,10.0,10,False
AC069368.3,0.0,0,False
PLEKHO2,85.0,79,False
ANKDD1A,7.0,7,False
SPG21,553.0,473,False
MTFMT,91.0,89,False
SLC51B,0.0,0,False
RASL12,0.0,0,False
KBTBD13,0.0,0,False
UBAP1L,11.0,10,False
PDCD7,238.0,223,False
CLPX,100.0,80,False
CILP,0.0,0,False
PARP16,41.0,41,False
IGDCC3,0.0,0,False
IGDCC4,0.0,0,False
DPP8,92.0,88,False
PTPLAD1,94.0,90,False
VWA9,67.0,65,False
SLC24A1,9.0,9,False
DENND4A,40.0,40,False
RAB11A,367.0,328,False
MEGF11,1.0,1,False
RP11-653J6.1,0.0,0,False
DIS3L,71.0,70,False
RP11-352G18.2,0.0,0,False
TIPIN,35.0,35,False
MAP2K1,297.0,281,False
CTD-3185P2.2,0.0,0,False
CTD-3185P2.1,29.0,29,False
SNAPC5,257.0,235,False
RPL4,15607.0,2594,False
ZWILCH,24.0,21,False
LCTL,0.0,0,False
RP11-321F6.1,0.0,0,False
SMAD6,1.0,1,False
RP11-798K3.4,0.0,0,False
RP11-798K3.3,0.0,0,False
RP11-798K3.2,0.0,0,False
SMAD3,110.0,105,False
RP11-342M21.2,0.0,0,False
AAGAB,123.0,93,False
IQCH,1.0,1,False
IQCH-AS1,13.0,13,False
C15orf61,222.0,195,False
RP11-502I4.3,5.0,5,False
MAP2K5,49.0,47,False
SKOR1,0.0,0,False
RP11-34F13.2,0.0,0,False
PIAS1,190.0,182,False
CALML4,20.0,20,False
RP11-315D16.2,0.0,0,False
CLN6,89.0,86,False
RP11-315D16.4,0.0,0,False
FEM1B,101.0,80,False
RP11-709B3.2,0.0,0,False
ITGA11,0.0,0,False
CORO2B,2.0,2,False
ANP32A,642.0,530,False
SPESP1,7.0,7,False
NOX5,0.0,0,False
RP11-809H16.4,0.0,0,False
LINC00277,0.0,0,False
RP11-809H16.5,0.0,0,False
GLCE,5.0,5,False
RP11-352D13.5,0.0,0,False
PAQR5,0.0,0,False
RP11-253M7.1,0.0,0,False
KIF23,10.0,10,False
RPLP1,47450.0,2692,False
RP11-253M7.4,0.0,0,False
RP11-279F6.1,0.0,0,False
RP11-279F6.2,0.0,0,False
RP11-279F6.3,4.0,4,False
RP11-19J5.2,0.0,0,False
LINC00593,0.0,0,False
TLE3,75.0,72,False
AC011648.1,0.0,0,False
RP11-543G18.1,0.0,0,False
RP11-96C21.1,0.0,0,False
UACA,5.0,5,False
RP11-138H8.2,0.0,0,False
RP11-138H8.3,0.0,0,False
RP11-138H8.7,0.0,0,False
LARP6,0.0,0,False
LRRC49,1.0,1,False
THAP10,0.0,0,False
THSD4,0.0,0,False
CT62,0.0,0,False
RP11-673C5.2,0.0,0,False
CTD-2524L6.3,0.0,0,False
MYO9A,62.0,59,False
RP11-390D11.1,0.0,0,False
SENP8,4.0,4,False
RP11-2I17.4,0.0,0,False
GRAMD2,0.0,0,False
PKM,1877.0,1137,False
PARP6,54.0,53,False
CELF6,0.0,0,False
RP11-106M3.3,3.0,3,False
CELF6-1,1.0,1,False
HEXA,287.0,266,False
HEXA-AS1,2.0,2,False
TMEM202,0.0,0,False
RP11-1007O24.3,13.0,13,False
RP11-1007O24.2,1.0,1,False
ARIH1,52.0,51,False
RP11-1006G14.2,0.0,0,False
RP11-1006G14.1,2.0,2,False
GOLGA6B,0.0,0,False
HIGD2B,1.0,1,False
BBS4,22.0,22,False
ADPGK,311.0,283,False
ADPGK-AS1,28.0,28,False
NEO1,11.0,11,False
RP11-272D12.2,0.0,0,False
HCN4,0.0,0,False
RP11-272D12.1,0.0,0,False
C15orf60,1.0,1,False
NPTN,21.0,21,False
CD276,0.0,0,False
C15orf59,0.0,0,False
RP11-8P11.3,0.0,0,False
RP11-24D15.1,0.0,0,False
TBC1D21,0.0,0,False
LOXL1-AS1,31.0,30,False
LOXL1,9.0,9,False
STOML1,29.0,28,False
PML,150.0,149,False
GOLGA6A,0.0,0,False
ISLR2,0.0,0,False
RP11-247C2.2,0.0,0,False
RP11-665J16.1,0.0,0,False
ISLR,0.0,0,False
STRA6,0.0,0,False
RP11-60L3.1,0.0,0,False
CCDC33,0.0,0,False
CYP11A1,0.0,0,False
CTD-2311M21.3,0.0,0,False
SEMA7A,7.0,7,False
UBL7,263.0,246,False
UBL7-AS1,40.0,39,False
RP11-10O17.3,0.0,0,False
ARID3B,51.0,51,False
CLK3,226.0,200,False
CTD-3154N5.1,3.0,3,False
EDC3,50.0,39,False
CYP1A1,0.0,0,False
CYP1A2,0.0,0,False
CSK,730.0,595,False
LMAN1L,0.0,0,False
CPLX3,0.0,0,False
ULK3,102.0,97,False
SCAMP2,409.0,370,False
MPI,95.0,94,False
FAM219B,91.0,89,False
CTD-2235H24.2,1.0,1,False
COX5A,1439.0,945,False
RPP25,34.0,33,False
SCAMP5,2.0,2,False
PPCDC,108.0,103,False
C15orf39,148.0,142,False
RP11-69H7.3,0.0,0,False
RP11-69H7.2,0.0,0,False
GOLGA6C,0.0,0,False
GOLGA6D,0.0,0,False
COMMD4,215.0,176,False
NEIL1,46.0,39,False
RP11-817O13.6,2.0,2,False
MAN2C1,93.0,86,False
RP11-817O13.8,17.0,17,False
SIN3A,98.0,89,False
PTPN9,79.0,76,False
SNUPN,125.0,116,False
CTD-2026K11.3,0.0,0,False
CTD-2026K11.2,2.0,2,False
IMP3,706.0,579,False
SNX33,5.0,5,False
CSPG4,0.0,0,False
CTD-2026K11.1,0.0,0,False
AC105020.1,0.0,0,False
ODF3L1,1.0,1,False
DNM1P35,0.0,0,False
AC019294.1,0.0,0,False
MIR4313,0.0,0,False
UBE2Q2,181.0,172,False
FBXO22,100.0,97,False
NRG4,0.0,0,False
C15orf27,0.0,0,False
RP11-593F23.1,0.0,0,False
ETFA,414.0,359,False
ISL2,1.0,1,False
RP11-685G9.2,0.0,0,False
RP11-685G9.4,0.0,0,False
SCAPER,120.0,85,False
RCN2,416.0,355,False
PSTPIP1,357.0,307,False
RP11-797A18.4,1.0,1,False
RP11-797A18.3,0.0,0,False
TSPAN3,167.0,159,False
PEAK1,12.0,11,False
HMG20A,46.0,39,False
RP11-307C19.1,0.0,0,False
RP11-307C19.2,0.0,0,False
LINGO1,0.0,0,False
RP11-307C19.3,0.0,0,False
CTD-2632K10.1,0.0,0,False
CTD-2071N1.1,0.0,0,False
RP11-114H24.7,0.0,0,False
RP11-114H24.3,0.0,0,False
TBC1D2B,50.0,49,False
RP11-114H24.6,0.0,0,False
SH2D7,0.0,0,False
CIB2,4.0,4,False
IDH3A,133.0,127,False
RP11-285A1.1,0.0,0,False
ACSBG1,8.0,8,False
RP11-762H8.3,0.0,0,False
DNAJA4,14.0,14,False
WDR61,343.0,311,False
RP11-762H8.1,0.0,0,False
CRABP1,0.0,0,False
IREB2,130.0,122,False
RP11-650L12.1,0.0,0,False
HYKK,8.0,8,False
AC027228.1,0.0,0,False
PSMA4,463.0,385,False
CHRNA5,1.0,1,False
RP11-650L12.2,0.0,0,False
CHRNA3,0.0,0,False
CHRNB4,0.0,0,False
RP11-335K5.2,0.0,0,False
ADAMTS7,0.0,0,False
MORF4L1,1581.0,1116,False
CTSH,723.0,477,False
RASGRF1,2.0,2,False
RP11-16K12.1,0.0,0,False
RP11-17L5.4,0.0,0,False
ANKRD34C,0.0,0,False
TMED3,300.0,266,False
RP11-358L4.1,1.0,1,False
KIAA1024,0.0,0,False
RP11-38G5.2,0.0,0,False
MTHFS,370.0,335,False
RP11-38G5.4,1.0,1,False
ST20-MTHFS,1.0,1,False
ST20,57.0,46,False
C15orf37,0.0,0,False
C15ORF37,0.0,0,False
BCL2A1,131.0,110,False
ZFAND6,531.0,443,False
FAH,43.0,39,False
RP11-2E17.2,0.0,0,False
RP11-2E17.1,0.0,0,False
LINC00927,0.0,0,False
RP11-210M15.2,0.0,0,False
ARNT2,0.0,0,False
RP11-210M15.1,0.0,0,False
RP11-379K22.2,0.0,0,False
RP11-379K22.3,0.0,0,False
ABHD17C,2.0,2,False
RP11-28H5.2,0.0,0,False
KIAA1199,1.0,1,False
RP11-351M8.1,0.0,0,False
MESDC2,397.0,312,False
RP11-775C24.3,0.0,0,False
MESDC1,143.0,139,False
C15orf26,4.0,4,False
IL16,556.0,463,False
STARD5,15.0,15,False
RP11-761I4.3,5.0,5,False
TMC3,0.0,0,False
CTD-2240J17.1,1.0,1,False
CTD-2034I4.1,0.0,0,False
CTD-2034I4.2,0.0,0,False
RP11-499F3.1,0.0,0,False
RP11-499F3.2,0.0,0,False
RP11-276M12.1,0.0,0,False
MEX3B,4.0,4,False
RP11-597K23.2,0.0,0,False
EFTUD1,34.0,34,False
FAM154B,5.0,4,False
GOLGA6L10,0.0,0,False
GOLGA6L9,0.0,0,False
RPS17,70.0,65,False
GOLGA6L18,0.0,0,False
GOLGA6L19,0.0,0,False
GOLGA6L20,0.0,0,False
RPS17L,106.0,104,False
RP11-152F13.10,0.0,0,False
RP11-379H8.1,0.0,0,False
CPEB1,1.0,1,False
RP11-752G15.3,0.0,0,False
AP3B2,0.0,0,False
AC105339.1,0.0,0,False
RP11-752G15.8,2.0,2,False
RP11-752G15.6,95.0,94,False
FSD2,1.0,1,False
WHAMM,199.0,158,False
HOMER2,7.0,7,False
RP11-382A20.5,0.0,0,False
FAM103A1,112.0,93,False
C15orf40,226.0,205,False
RP11-382A20.7,0.0,0,False
BTBD1,102.0,97,False
RP11-382A20.6,0.0,0,False
TM6SF1,19.0,19,False
RP11-382A20.2,0.0,0,False
HDGFRP3,4.0,4,False
RP11-382A20.4,0.0,0,False
BNC1,0.0,0,False
SH3GL3,0.0,0,False
ADAMTSL3,0.0,0,False
RP13-262C2.3,0.0,0,False
UBE2Q2L,2.0,2,False
GOLGA6L4,1.0,1,False
RP11-182J1.13,0.0,0,False
RP11-182J1.10,0.0,0,False
ZSCAN2,27.0,27,False
RP11-182J1.5,0.0,0,False
RP11-182J1.1,2.0,2,False
WDR73,70.0,68,False
NMB,45.0,43,False
SEC11A,1292.0,885,False
RP11-245C17.2,0.0,0,False
ZNF592,61.0,58,False
ALPK3,1.0,1,False
SLC28A1,0.0,0,False
PDE8A,49.0,49,False
AKAP13,521.0,441,False
RP11-815J21.2,8.0,8,False
RP11-815J21.4,1.0,1,False
RP11-815J21.3,0.0,0,False
RP11-158M2.2,1.0,1,False
RP11-158M2.3,5.0,5,False
RP11-158M2.4,0.0,0,False
RP11-158M2.5,0.0,0,False
KLHL25,3.0,3,False
RP11-553E24.3,0.0,0,False
RP11-553E24.2,0.0,0,False
AGBL1,0.0,0,False
AGBL1-AS1,0.0,0,False
RP11-182L7.1,0.0,0,False
RP11-133L19.1,0.0,0,False
RP11-138H10.2,0.0,0,False
RP11-648K4.2,0.0,0,False
LINC00052,0.0,0,False
NTRK3,0.0,0,False
NTRK3-AS1,0.0,0,False
MRPL46,183.0,176,False
MRPS11,323.0,287,False
DET1,25.0,25,False
RP11-97O12.2,0.0,0,False
AEN,72.0,68,False
ISG20,2122.0,1236,False
RP11-343B18.2,0.0,0,False
ACAN,0.0,0,False
HAPLN3,105.0,87,False
MFGE8,52.0,50,False
RP11-326A19.4,0.0,0,False
RP11-326A19.3,0.0,0,False
ABHD2,87.0,86,False
RLBP1,0.0,0,False
FANCI,17.0,16,False
POLG,99.0,89,False
RP11-217B1.2,2.0,2,False
LINC00925,6.0,6,False
RHCG,0.0,0,False
LINC00928,0.0,0,False
RP11-429B14.4,0.0,0,False
TICRR,0.0,0,False
RP11-429B14.3,0.0,0,False
KIF7,0.0,0,False
PLIN1,0.0,0,False
PEX11A,7.0,7,False
WDR93,1.0,1,False
MESP1,2.0,2,False
MESP2,0.0,0,False
ANPEP,9.0,9,False
AP3S2,46.0,45,False
C15orf38-AP3S2,0.0,0,False
C15orf38,12.0,12,False
ZNF710,29.0,28,False
RP11-617F23.1,2.0,2,False
IDH2,725.0,493,False
CTD-2315E11.1,0.0,0,False
SEMA4B,37.0,37,False
CIB1,1528.0,1105,False
GDPGP1,3.0,3,False
RP11-697E2.4,0.0,0,False
TTLL13,0.0,0,False
RP11-697E2.6,0.0,0,False
NGRN,60.0,59,False
GABARAPL3,0.0,0,False
ZNF774,0.0,0,False
IQGAP1,328.0,298,False
RP11-154B12.3,0.0,0,False
CRTC3,194.0,189,False
CTD-3065B20.2,0.0,0,False
CTD-3065B20.3,0.0,0,False
RP11-387D10.2,1.0,1,False
BLM,77.0,24,False
FURIN,53.0,51,False
FES,139.0,125,False
MAN2A2,41.0,41,False
AC068831.15,1.0,1,False
UNC45A,166.0,108,False
HDDC3,202.0,168,False
AC068831.3,0.0,0,False
AC068831.6,1.0,1,False
RCCD1,44.0,43,False
PRC1,15.0,15,False
PRC1-AS1,0.0,0,False
VPS33B,39.0,38,False
AC068831.10,2.0,2,False
SV2B,0.0,0,False
RP11-661P17.1,2.0,2,False
RP11-692C24.1,0.0,0,False
RP11-692C24.2,0.0,0,False
SLCO3A1,94.0,89,False
RP11-152L20.3,1.0,1,False
RP11-24J19.1,0.0,0,False
ST8SIA2,0.0,0,False
RP11-763K15.1,0.0,0,False
C15orf32,0.0,0,False
LINC00930,0.0,0,False
RP11-386M24.3,0.0,0,False
RP11-386M24.6,0.0,0,False
RP11-386M24.9,0.0,0,False
FAM174B,10.0,10,False
CHD2,439.0,360,False
RGMA,0.0,0,False
AC112693.2,0.0,0,False
RP11-326A13.1,0.0,0,False
RP11-266O8.1,0.0,0,False
RP11-164C12.2,0.0,0,False
RP11-739G5.1,0.0,0,False
CTD-3049M7.1,0.0,0,False
RP11-76E17.2,0.0,0,False
RP11-76E17.3,10.0,9,False
RP11-76E17.4,0.0,0,False
CTD-2643K12.2,0.0,0,False
CTD-2643K12.3,0.0,0,False
MCTP2,66.0,65,False
RP11-4F5.2,19.0,18,False
RP11-57P19.1,0.0,0,False
CTD-2576F9.2,0.0,0,False
RP11-255M2.1,0.0,0,False
RP11-255M2.2,0.0,0,False
CTD-2536I1.1,0.0,0,False
LINC00924,2.0,2,False
RP11-398J10.2,0.0,0,False
RP11-4G2.1,0.0,0,False
RP11-236L14.1,0.0,0,False
NR2F2-AS1,0.0,0,False
RP11-327J17.2,0.0,0,False
RP11-327J17.1,0.0,0,False
AC016251.1,0.0,0,False
NR2F2,0.0,0,False
RP11-522B15.3,0.0,0,False
AC087477.1,0.0,0,False
RP11-522B15.4,0.0,0,False
RP11-522B15.5,0.0,0,False
RP11-522B15.7,0.0,0,False
SPATA8-AS1,0.0,0,False
SPATA8,0.0,0,False
RP11-315L6.1,0.0,0,False
CTD-2147F2.1,0.0,0,False
CTD-2147F2.2,0.0,0,False
RP11-461F11.1,0.0,0,False
RP11-461F11.3,0.0,0,False
LINC00923,0.0,0,False
RP11-753A21.2,0.0,0,False
ARRDC4,29.0,17,False
RP11-753A21.1,0.0,0,False
AC144835.1,0.0,0,False
CTD-2544M6.1,0.0,0,False
CTD-2544M6.2,0.0,0,False
RP11-183E24.2,0.0,0,False
RP11-167B3.1,0.0,0,False
FAM169B,0.0,0,False
RP11-35O15.1,0.0,0,False
IGF1R,18.0,17,False
RP11-654A16.1,0.0,0,False
RP11-654A16.3,0.0,0,False
PGPEP1L,0.0,0,False
SYNM,4.0,4,False
RP11-6O2.4,0.0,0,False
TTC23,0.0,0,False
RP11-6O2.3,0.0,0,False
LRRC28,88.0,84,False
AC022819.2,0.0,0,False
RP11-20G13.3,0.0,0,False
RP11-20G13.2,0.0,0,False
RP11-20G13.1,0.0,0,False
MEF2A,90.0,88,False
AC015660.1,0.0,0,False
LYSMD4,16.0,12,False
DKFZP779J2370,0.0,0,False
CTD-2054N24.2,4.0,4,False
CTD-3076O17.1,0.0,0,False
ADAMTS17,1.0,1,False
CTD-3076O17.2,0.0,0,False
RP11-90E5.1,0.0,0,False
SPATA41,17.0,17,False
RP11-168G16.2,0.0,0,False
CERS3,0.0,0,False
RP11-526I2.5,2.0,2,False
RP11-526I2.1,0.0,0,False
LINS,146.0,138,False
ASB7,40.0,35,False
RP11-66B24.5,0.0,0,False
RP11-66B24.2,4.0,4,False
RP11-66B24.7,0.0,0,False
RP11-66B24.1,0.0,0,False
RP11-66B24.8,0.0,0,False
ALDH1A3,0.0,0,False
RP11-66B24.4,2.0,2,False
LRRK1,18.0,16,False
RP11-505E24.3,0.0,0,False
RP11-505E24.2,0.0,0,False
RP11-424I19.1,0.0,0,False
RP11-424I19.2,2.0,2,False
CHSY1,34.0,34,False
VIMP,505.0,413,False
SNRPA1,481.0,431,False
RP11-299G20.2,1.0,1,False
PCSK6,3.0,3,False
RP11-299G20.3,0.0,0,False
TM2D3,244.0,225,False
TARSL2,124.0,105,False
RP11-89K11.1,6.0,6,False
OR4F6,0.0,0,False
OR4F15,0.0,0,False
OR4F4,0.0,0,False
FAM138E,0.0,0,False
MIR1302-11,0.0,0,False
WASH4P,40.0,40,False
WASIR2,0.0,0,False
POLR3K,365.0,293,False
SNRNP25,201.0,161,False
RHBDF1,0.0,0,False
MPG,460.0,391,False
NPRL3,88.0,82,False
Z69720.2,0.0,0,False
Z69666.2,1.0,1,False
HBZ,0.0,0,False
HBM,0.0,0,False
HBA2,2.0,1,False
HBA1,81.0,24,False
HBQ1,7.0,6,False
LA16c-OS12.2,2.0,2,False
LUC7L,157.0,121,False
ITFG3,54.0,54,False
ITFG3-1,0.0,0,False
RGS11,0.0,0,False
ARHGDIG,4.0,1,False
PDIA2,1.0,1,False
AXIN1,57.0,54,False
MRPL28,348.0,280,False
TMEM8A,47.0,46,False
NME4,380.0,335,False
DECR2,23.0,23,False
RAB11FIP3,6.0,6,False
CAPN15,35.0,34,False
LA16c-366D1.3,0.0,0,False
C16orf11,0.0,0,False
PIGQ,26.0,26,False
NHLRC4,14.0,14,False
RAB40C,29.0,26,False
WFIKKN1,7.0,7,False
C16orf13,695.0,484,False
FAM195A,207.0,188,False
AL022341.3,0.0,0,False
WDR90,1.0,1,False
LA16c-349E10.1,0.0,0,False
RHOT2,202.0,194,False
RHBDL1,7.0,7,False
LA16c-313D11.9,0.0,0,False
STUB1,840.0,629,False
JMJD8,73.0,73,False
WDR24,26.0,26,False
FBXL16,14.0,14,False
LA16c-380A1.1,0.0,0,False
METRN,21.0,21,False
FAM173A,351.0,287,False
CCDC78,3.0,3,False
HAGHL,76.0,74,False
NARFL,61.0,59,False
MSLN,0.0,0,False
MSLNL,0.0,0,False
RPUSD1,129.0,112,False
CHTF18,9.0,9,False
GNG13,0.0,0,False
PRR25,0.0,0,False
LMF1,53.0,52,False
LA16c-306A4.1,0.0,0,False
LA16c-366D3.1,0.0,0,False
RP11-161M6.2,13.0,13,False
AC009041.2,0.0,0,False
SOX8,2.0,2,False
RP11-161M6.3,3.0,3,False
RP11-161M6.5,0.0,0,False
SSTR5,0.0,0,False
C1QTNF8,0.0,0,False
LA16c-381G6.1,0.0,0,False
CACNA1H,2.0,2,False
RP11-616M22.1,0.0,0,False
RP11-616M22.2,0.0,0,False
RP11-616M22.3,0.0,0,False
TPSG1,0.0,0,False
TPSAB1,0.0,0,False
TPSD1,0.0,0,False
PRSS29P,0.0,0,False
RP11-616M22.7,0.0,0,False
UBE2I,1252.0,902,False
LA16c-358B7.3,3.0,3,False
BAIAP3,10.0,10,False
TSR3,284.0,267,False
GNPTG,184.0,177,False
LA16c-316G12.2,0.0,0,False
UNKL,30.0,30,False
LA16c-312E8.2,0.0,0,False
C16orf91,133.0,127,False
CCDC154,8.0,8,False
CLCN7,68.0,65,False
LA16c-390E6.5,1.0,1,False
LA16c-390E6.4,0.0,0,False
PTX4,0.0,0,False
TELO2,55.0,55,False
IFT140,6.0,6,False
LA16c-385E7.1,1.0,1,False
TMEM204,229.0,208,False
LA16c-395F10.2,0.0,0,False
CRAMP1L,26.0,26,False
LA16c-395F10.1,0.0,0,False
LA16c-431H6.6,2.0,2,False
HN1L,38.0,38,False
MAPK8IP3,42.0,41,False
LA16c-329F2.1,1.0,1,False
LA16c-361A3.3,0.0,0,False
NME3,501.0,408,False
MRPS34,677.0,569,False
EME2,21.0,21,False
SPSB3,356.0,325,False
NUBP2,296.0,269,False
IGFALS,0.0,0,False
HAGH,455.0,304,False
FAHD1,84.0,83,False
MEIOB,0.0,0,False
XX-DJ76P10__A.2,0.0,0,False
HS3ST6,0.0,0,False
MSRB1,342.0,291,False
RPL3L,0.0,0,False
NDUFB10,1305.0,892,False
RPS2,65155.0,2691,False
SNHG9,233.0,219,False
RNF151,0.0,0,False
TBL3,77.0,77,False
NOXO1,0.0,0,False
AC005606.1,0.0,0,False
GFER,223.0,174,False
AC005606.14,0.0,0,False
SYNGR3,1.0,1,False
AC005606.15,0.0,0,False
ZNF598,28.0,27,False
NPW,1.0,1,False
SLC9A3R2,17.0,17,False
NTHL1,101.0,95,False
TSC2,101.0,98,False
PKD1,25.0,25,False
RP11-304L19.4,0.0,0,False
RP11-304L19.2,1.0,1,False
RAB26,1.0,1,False
RP11-304L19.5,75.0,72,False
TRAF7,118.0,110,False
CASKIN1,0.0,0,False
MLST8,120.0,116,False
BRICD5,12.0,12,False
RP11-304L19.8,1.0,1,False
PGP,188.0,174,False
E4F1,54.0,50,False
RP11-304L19.12,0.0,0,False
DNASE1L2,0.0,0,False
ECI1,81.0,77,False
RP11-304L19.11,2.0,2,False
RNPS1,837.0,645,False
AC009065.1,22.0,22,False
MIR940,8.0,8,False
ABCA3,5.0,5,False
CCNF,5.0,5,False
RP11-715J22.3,0.0,0,False
RP11-715J22.4,0.0,0,False
C16orf59,2.0,2,False
RP11-715J22.2,0.0,0,False
NTN3,0.0,0,False
TBC1D24,9.0,9,False
RP11-20I23.1,0.0,0,False
ATP6V0C,18.0,18,False
ATP6C,0.0,0,False
AMDHD2,99.0,89,False
CEMP1,3.0,3,False
PDPK1,103.0,98,False
RP11-20I23.13,2.0,2,False
RP11-20I23.8,0.0,0,False
RP11-20I23.6,0.0,0,False
RP11-20I23.7,0.0,0,False
CTD-3126B10.1,1.0,1,False
CTD-3126B10.4,0.0,0,False
KCTD5,92.0,88,False
PRSS27,1.0,1,False
SRRM2-AS1,2.0,2,False
SRRM2,632.0,542,False
TCEB2,2123.0,1316,False
PRSS33,0.0,0,False
PRSS21,1.0,1,False
ZG16B,41.0,40,False
PRSS22,2.0,1,False
LA16c-325D7.1,0.0,0,False
LA16c-325D7.2,1.0,1,False
FLYWCH2,233.0,206,False
FLYWCH1,48.0,47,False
LA16c-321D4.2,0.0,0,False
KREMEN2,2.0,2,False
PKMYT1,4.0,3,False
PAQR4,15.0,15,False
LINC00514,0.0,0,False
LA16c-380H5.3,0.0,0,False
LA16c-380H5.4,0.0,0,False
LA16c-380H5.5,0.0,0,False
CLDN9,0.0,0,False
CLDN6,0.0,0,False
TNFRSF12A,10.0,10,False
HCFC1R1,157.0,151,False
THOC6,253.0,217,False
CCDC64B,0.0,0,False
RP11-473M20.5,0.0,0,False
MMP25,6.0,6,False
RP11-473M20.7,65.0,64,False
IL32,5708.0,1496,False
RP11-473M20.9,43.0,41,False
ZSCAN10,0.0,0,False
ZNF205-AS1,3.0,3,False
ZNF205,3.0,3,False
RP11-473M20.14,33.0,33,False
ZNF213,15.0,15,False
CASP16,1.0,1,False
RP11-473M20.16,6.0,6,False
AJ003147.8,0.0,0,False
AJ003147.9,0.0,0,False
OR1F1,0.0,0,False
ZNF200,32.0,31,False
MEFV,74.0,70,False
ZNF263,164.0,102,False
TIGD7,6.0,6,False
ZNF75A,183.0,137,False
LA16c-360H6.3,0.0,0,False
OR2C1,0.0,0,False
NAA60,9.0,9,False
MTRNR2L4,0.0,0,False
ZSCAN32,23.0,22,False
ZNF174,31.0,29,False
ZNF597,2.0,2,False
NAA60-1,21.0,21,False
C16orf90,0.0,0,False
CLUAP1,76.0,71,False
RP11-461A8.1,0.0,0,False
SLX4,13.0,13,False
DNASE1,27.0,27,False
TRAP1,132.0,123,False
CREBBP,134.0,125,False
ADCY9,11.0,10,False
RP11-462G12.4,0.0,0,False
RP11-95P2.3,0.0,0,False
SRL,0.0,0,False
RP11-95P2.1,4.0,4,False
TFAP4,58.0,56,False
GLIS2,0.0,0,False
AC005356.1,0.0,0,False
PAM16,29.0,29,False
CORO7-PAM16,1.0,1,False
CORO7,219.0,173,False
VASN,0.0,0,False
DNAJA3,157.0,125,False
NMRAL1,99.0,95,False
HMOX2,578.0,491,False
CDIP1,125.0,116,False
C16orf96,0.0,0,False
RP11-709D24.5,0.0,0,False
UBALD1,102.0,96,False
MGRN1,126.0,115,False
RP11-709D24.6,0.0,0,False
NUDT16L1,365.0,286,False
ANKS3,63.0,62,False
C16orf71,1.0,1,False
ZNF500,28.0,28,False
SEPT12,0.0,0,False
SMIM22,0.0,0,False
RP11-127I20.5,0.0,0,False
ROGDI,138.0,123,False
GLYR1,128.0,121,False
UBN1,150.0,144,False
PPL,1.0,1,False
SEC14L5,3.0,3,False
NAGPA,133.0,127,False
ALG1,42.0,41,False
C16orf89,0.0,0,False
FAM86A,58.0,55,False
RP11-10K17.6,0.0,0,False
RP11-382N13.2,0.0,0,False
RP11-124K4.1,0.0,0,False
RBFOX1,0.0,0,False
RP11-26O3.1,0.0,0,False
CTD-2535I10.1,0.0,0,False
RP11-279O17.2,0.0,0,False
RP11-279O17.1,0.0,0,False
RP11-279O17.3,0.0,0,False
RP11-568A19.1,0.0,0,False
RP11-483K5.3,0.0,0,False
TMEM114,0.0,0,False
METTL22,44.0,43,False
ABAT,25.0,25,False
TMEM186,48.0,48,False
PMM2,22.0,22,False
RP11-152P23.2,0.0,0,False
RP11-77H9.2,3.0,3,False
CARHSP1,432.0,328,False
RP11-77H9.5,0.0,0,False
RP11-77H9.6,0.0,0,False
USP7,110.0,84,False
RP11-77H9.8,4.0,4,False
RP11-473I1.6,0.0,0,False
C16orf72,33.0,32,False
RP11-473I1.5,23.0,23,False
RP11-243A14.1,0.0,0,False
RP11-243A14.2,0.0,0,False
RP11-243A14.3,0.0,0,False
RP11-418I22.2,0.0,0,False
RP11-297M9.1,0.0,0,False
RP11-297M9.2,0.0,0,False
GRIN2A,0.0,0,False
RP11-895K13.2,0.0,0,False
ATF7IP2,259.0,201,False
RP11-609N14.1,0.0,0,False
RP11-27M24.3,0.0,0,False
EMP2,0.0,0,False
RP11-27M24.1,0.0,0,False
TEKT5,0.0,0,False
RP11-109M19.1,0.0,0,False
NUBP1,230.0,213,False
TVP23A,4.0,4,False
RP11-876N24.2,5.0,5,False
CIITA,84.0,84,False
DEXI,204.0,150,False
RP11-876N24.4,10.0,10,False
CLEC16A,36.0,36,False
RP11-66H6.3,2.0,2,False
RP11-396B14.2,0.0,0,False
RMI2,24.0,21,False
SOCS1,157.0,146,False
TNP2,0.0,0,False
PRM3,0.0,0,False
PRM2,0.0,0,False
PRM1,0.0,0,False
RP11-485G7.5,0.0,0,False
RP11-485G7.6,0.0,0,False
CTD-3088G3.8,3.0,3,False
CTD-3088G3.6,0.0,0,False
LITAF,1171.0,838,False
SNN,219.0,179,False
TXNDC11,141.0,132,False
RP11-490O6.2,17.0,17,False
ZC3H7A,119.0,115,False
BCAR4,0.0,0,False
RSL1D1,1196.0,882,False
RP11-166B2.8,3.0,3,False
GSPT1,248.0,225,False
RP11-166B2.5,1.0,1,False
RP11-166B2.1,1.0,1,False
TNFRSF17,49.0,23,False
AC007216.2,0.0,0,False
SNX29,87.0,84,False
RP11-166B2.7,0.0,0,False
RP11-276H1.3,1.0,1,False
RP11-276H1.2,0.0,0,False
RP11-165M1.3,0.0,0,False
CTD-3037G24.4,0.0,0,False
CTD-3037G24.3,0.0,0,False
CPPED1,363.0,276,False
CTD-2583P5.1,1.0,1,False
CTD-2583P5.3,3.0,3,False
SHISA9,0.0,0,False
AC009134.1,0.0,0,False
U91319.1,0.0,0,False
AC003009.1,0.0,0,False
U95743.1,0.0,0,False
ERCC4,55.0,53,False
CTD-2135D7.2,0.0,0,False
CTD-2135D7.3,0.0,0,False
CTD-2135D7.5,3.0,3,False
CTD-2135D7.4,0.0,0,False
MKL2,29.0,29,False
CTA-276F8.2,0.0,0,False
RP11-65J21.3,1.0,1,False
RP11-65J21.1,0.0,0,False
RP11-65J21.4,0.0,0,False
PARN,82.0,81,False
AC092291.2,0.0,0,False
BFAR,266.0,233,False
PLA2G10,0.0,0,False
RP11-82O18.2,0.0,0,False
NPIPA3,0.0,0,False
RP11-719K4.6,0.0,0,False
NPIPA2,1.0,1,False
NOMO1,81.0,80,False
MIR3179-1,0.0,0,False
MIR3180-1,0.0,0,False
NPIPA1,16.0,16,False
PDXDC1,101.0,65,False
RP11-680G24.5,5.0,5,False
NTAN1,190.0,174,False
RRN3,67.0,66,False
RP11-72I8.1,0.0,0,False
MIR3180-4,0.0,0,False
NPIPA5,8.0,8,False
RP11-1021N1.1,0.0,0,False
MPV17L,1.0,1,False
C16orf45,27.0,26,False
KIAA0430,87.0,85,False
CTB-193M12.1,0.0,0,False
NDE1,145.0,138,False
MYH11,8.0,8,False
AF001548.5,2.0,2,False
AF001548.6,0.0,0,False
FOPNL,181.0,148,False
CTA-972D3.2,0.0,0,False
ABCC1,49.0,49,False
ABCC6,3.0,3,False
RP11-517A5.7,1.0,1,False
NOMO3,1.0,1,False
RP11-517A5.5,0.0,0,False
RP11-517A5.4,0.0,0,False
MIR3179-2,0.0,0,False
MIR3180-2,0.0,0,False
NPIPA7,0.0,0,False
NPIPA7-1,0.0,0,False
RP11-14N9.2,0.0,0,False
XYLT1,23.0,23,False
CTD-2576D5.4,11.0,11,False
RP11-916L7.1,0.0,0,False
CTD-3229J4.1,0.0,0,False
CTA-481E9.4,0.0,0,False
CTA-481E9.3,0.0,0,False
NPIPA8,0.0,0,False
NPIPA7-2,0.0,0,False
MIR3180-3,0.0,0,False
MIR3179-3,0.0,0,False
NOMO2,1.0,1,False
RP11-457I16.2,0.0,0,False
RPS15A,33154.0,2661,False
RP11-1035H13.3,0.0,0,False
ARL6IP1,619.0,513,False
RP11-1035H13.2,0.0,0,False
SMG1,106.0,100,False
CTD-2288F12.1,8.0,8,False
TMC7,0.0,0,False
RP11-626G11.5,1.0,1,False
RP11-626G11.1,0.0,0,False
COQ7,454.0,324,False
RP11-626G11.4,0.0,0,False
ITPRIPL2,7.0,7,False
CTD-2349B8.1,0.0,0,False
RP11-626G11.3,0.0,0,False
SYT17,19.0,19,False
CLEC19A,0.0,0,False
CTA-363E6.2,0.0,0,False
TMC5,0.0,0,False
CTA-363E6.5,0.0,0,False
CTA-363E6.6,0.0,0,False
CTA-363E6.7,2.0,2,False
GDE1,159.0,152,False
CCP110,62.0,38,False
C16orf62,76.0,75,False
KNOP1,112.0,102,False
AC002550.5,1.0,1,False
IQCK,6.0,6,False
CTD-2380F24.1,0.0,0,False
GPRC5B,0.0,0,False
GPR139,0.0,0,False
RP11-204E4.3,0.0,0,False
GP2,0.0,0,False
UMOD,0.0,0,False
PDILT,0.0,0,False
RP11-429K17.1,0.0,0,False
ACSM5,1.0,1,False
CTD-2194A8.2,0.0,0,False
ACSM2A,0.0,0,False
AC137056.1,0.0,0,False
ACSM2B,0.0,0,False
RP11-143N13.2,0.0,0,False
ACSM3,36.0,31,False
ACSM1,2.0,2,False
THUMPD1,186.0,171,False
AC004381.7,0.0,0,False
ERI2,6.0,6,False
AC004381.6,3.0,3,False
DCUN1D3,4.0,4,False
LYRM1,204.0,196,False
DNAH3,1.0,1,False
CTC-508F8.1,1.0,1,False
TMEM159,81.0,79,False
AF001550.7,0.0,0,False
ZP2,0.0,0,False
ANKS4B,0.0,0,False
CRYM,3.0,3,False
CRYM-AS1,1.0,1,False
NPIPB3,6.0,6,False
METTL9,878.0,678,False
IGSF6,443.0,290,False
OTOA,4.0,4,False
RP11-645C24.5,0.0,0,False
NPIPB4,12.0,12,False
UQCRC2,961.0,754,False
PDZD9,0.0,0,False
C16orf52,18.0,14,False
RP11-101E7.2,0.0,0,False
VWA3A,0.0,0,False
SDR42E2,52.0,52,False
EEF2K,13.0,13,False
RP11-141O15.1,0.0,0,False
POLR3E,92.0,80,False
CDR2,50.0,47,False
RP11-21M24.3,1.0,1,False
RP11-21M24.2,1.0,1,False
NPIPB5,13.0,13,False
RP11-105C19.2,0.0,0,False
RP11-105C19.1,2.0,2,False
HS3ST2,0.0,0,False
RP11-20G6.2,0.0,0,False
USP31,7.0,7,False
SCNN1G,0.0,0,False
CTC-391G2.1,0.0,0,False
SCNN1B,0.0,0,False
COG7,35.0,35,False
CTD-2270L9.4,16.0,16,False
GGA2,196.0,157,False
EARS2,41.0,14,False
UBFD1,39.0,38,False
NDUFAB1,631.0,549,False
PALB2,11.0,11,False
CTD-2196E14.3,0.0,0,False
DCTN5,61.0,59,False
CTD-2196E14.9,1.0,1,False
CTD-2196E14.4,3.0,3,False
PLK1,7.0,7,False
CTD-2196E14.5,0.0,0,False
ERN2,0.0,0,False
CTD-2385L22.1,0.0,0,False
CHP2,0.0,0,False
PRKCB,557.0,377,False
AC004125.3,0.0,0,False
CACNG3,0.0,0,False
CTD-2313J23.1,0.0,0,False
RBBP6,408.0,333,False
CTD-2540M10.1,0.0,0,False
AC012317.1,0.0,0,False
TNRC6A,84.0,80,False
CTD-2515A14.1,0.0,0,False
SLC5A11,0.0,0,False
ARHGAP17,118.0,116,False
RP11-266L9.5,1.0,1,False
RP11-449H11.1,2.0,2,False
LCMT1,200.0,183,False
RP11-266L9.2,1.0,1,False
AQP8,0.0,0,False
ZKSCAN2,4.0,4,False
CTD-2547G23.2,0.0,0,False
CTA-249B10.1,0.0,0,False
HS3ST4,0.0,0,False
AC009158.1,0.0,0,False
AC002331.1,2.0,2,False
RP11-142A12.1,0.0,0,False
C16orf82,0.0,0,False
RP11-673P17.2,0.0,0,False
RP11-673P17.4,0.0,0,False
KDM8,9.0,9,False
CTD-3203P2.1,1.0,1,False
NSMCE1,623.0,511,False
CTD-3203P2.2,5.0,5,False
IL4R,192.0,160,False
IL21R,55.0,55,False
IL21R-AS1,6.0,6,False
GTF3C1,78.0,74,False
KIAA0556,15.0,14,False
CTD-2049O4.1,0.0,0,False
GSG1L,0.0,0,False
XPO6,120.0,115,False
RP11-57A19.2,0.0,0,False
SBK1,25.0,25,False
NPIPB6,4.0,4,False
EIF3CL,2.0,2,False
RP11-57A19.5,0.0,0,False
NPIPB7,0.0,0,False
CLN3,0.0,0,False
CLN3-1,209.0,192,False
APOBR,118.0,113,False
IL27,5.0,5,False
NUPR1,1.0,1,False
CCDC101,225.0,212,False
SULT1A2,2.0,2,False
SULT1A1,195.0,166,False
NPIPB8,0.0,0,False
EIF3C,6.0,6,False
NPIPB9,0.0,0,False
RP11-1348G14.4,0.0,0,False
RP11-1348G14.5,6.0,6,False
ATXN2L,216.0,201,False
RP11-24N18.1,0.0,0,False
TUFM,817.0,656,False
SH2B1,73.0,70,False
RP11-22P6.2,22.0,21,False
ATP2A1,3.0,3,False
RP11-22P6.3,5.0,5,False
RABEP2,106.0,74,False
CD19,115.0,97,False
NFATC2IP,187.0,170,False
RP11-264B17.2,1.0,1,False
SPNS1,216.0,181,False
RP11-264B17.4,1.0,1,False
LAT,783.0,590,False
RP11-264B17.5,0.0,0,False
CTB-134H23.2,0.0,0,False
RP11-426C22.5,11.0,11,False
RP11-426C22.4,2.0,2,False
SNX29P2,109.0,93,False
RP11-426C22.6,2.0,2,False
NPIPB11,21.0,19,False
RP11-345J4.5,32.0,32,False
BOLA2,0.0,0,False
SLX1B,1.0,1,False
SULT1A4,7.0,7,False
RP11-345J4.3,0.0,0,False
RP11-231C14.4,0.0,0,False
SPN,492.0,390,False
QPRT,16.0,14,False
C16orf54,156.0,140,False
AC009133.17,1.0,1,False
ZG16,0.0,0,False
AC009133.21,0.0,0,False
KIF22,196.0,178,False
MAZ,279.0,259,False
AC009133.15,0.0,0,False
AC009133.14,19.0,18,False
AC009133.20,2.0,2,False
PRRT2,5.0,5,False
PAGR1,11.0,11,False
PAGR1-1,0.0,0,False
AC009133.12,10.0,10,False
MVP,410.0,349,False
CDIPT,268.0,243,False
CDIPT-AS1,0.0,0,False
SEZ6L2,0.0,0,False
ASPHD1,0.0,0,False
KCTD13,65.0,63,False
CTD-2574D22.2,1.0,1,False
TMEM219,1094.0,737,False
TAOK2,48.0,37,False
HIRIP3,107.0,103,False
INO80E,133.0,129,False
DOC2A,1.0,1,False
C16orf92,0.0,0,False
FAM57B,0.0,0,False
ALDOA,4518.0,1890,False
PPP4C,1016.0,784,False
TBX6,1.0,1,False
YPEL3,553.0,442,False
RP11-455F5.3,1.0,1,False
GDPD3,8.0,8,False
RP11-455F5.4,1.0,1,False
MAPK3,108.0,100,False
CORO1A,6126.0,2160,False
RP11-455F5.5,61.0,58,False
BOLA2B,13.0,13,False
SLX1A,4.0,4,False
SULT1A3,33.0,32,False
RP11-347C12.3,2.0,2,False
RP11-347C12.1,3.0,3,False
CD2BP2,313.0,285,False
RP11-347C12.10,0.0,0,False
TBC1D10B,33.0,33,False
MYLPF,20.0,20,False
ZNF48,30.0,30,False
SEPT1,774.0,626,False
SEPT1-1,0.0,0,False
ZNF771,17.0,17,False
DCTPP1,290.0,234,False
SEPHS2,274.0,233,False
ITGAL,316.0,277,False
RP11-297C4.2,0.0,0,False
RP11-297C4.3,0.0,0,False
RP11-297C4.1,2.0,2,False
ZNF768,12.0,12,False
ZNF747,62.0,33,False
ZNF747-1,0.0,0,False
AC002310.13,0.0,0,False
AC002310.12,27.0,27,False
ZNF764,20.0,20,False
ZNF688,281.0,196,False
AC002310.7,1.0,1,False
ZNF785,12.0,12,False
RP11-146F11.5,0.0,0,False
ZNF689,36.0,35,False
PRR14,146.0,138,False
FBRS,94.0,92,False
RP11-146F11.1,23.0,22,False
SRCAP,81.0,77,False
RP11-2C24.4,0.0,0,False
PHKG2,186.0,171,False
C16orf93,15.0,13,False
RNF40,70.0,67,False
RP11-2C24.6,0.0,0,False
ZNF629,6.0,6,False
BCL7C,199.0,188,False
MIR4519,53.0,52,False
CTF1,1.0,1,False
FBXL19-AS1,1.0,1,False
FBXL19,10.0,10,False
ORAI3,215.0,180,False
SETD1A,35.0,35,False
HSD3B7,1.0,1,False
AC135048.1,0.0,0,False
STX1B,1.0,1,False
STX4,328.0,269,False
RP11-196G11.2,3.0,3,False
ZNF668,29.0,29,False
ZNF668-1,1.0,1,False
AC135050.5,0.0,0,False
ZNF646,21.0,20,False
PRSS53,4.0,4,False
RP11-196G11.1,0.0,0,False
VKORC1,433.0,344,False
BCKDK,156.0,145,False
KAT8,185.0,175,False
RP11-388M20.2,0.0,0,False
PRSS8,0.0,0,False
PRSS36,8.0,8,False
FUS,1154.0,748,False
RP11-388M20.6,3.0,3,False
RP11-388M20.1,5.0,5,False
PYCARD,2176.0,998,False
C16orf98,35.0,34,False
TRIM72,0.0,0,False
PYDC1,0.0,0,False
RP11-388M20.9,0.0,0,False
ITGAM,124.0,114,False
ITGAX,86.0,78,False
ITGAD,0.0,0,False
COX6A2,0.0,0,False
ZNF843,0.0,0,False
RP11-452L6.1,8.0,8,False
RP11-452L6.5,6.0,6,False
ARMC5,28.0,28,False
TGFB1I1,7.0,7,False
SLC5A2,11.0,11,False
AC026471.6,6.0,6,False
C16orf58,50.0,41,False
RP11-452L6.7,7.0,6,False
AHSP,0.0,0,False
CTD-2014E2.2,0.0,0,False
CTD-2014E2.6,0.0,0,False
CTD-2358C21.3,0.0,0,False
CTD-2358C21.4,1.0,1,False
ZNF720,89.0,85,False
ZNF267,101.0,98,False
AC142381.1,0.0,0,False
RP11-17M15.1,0.0,0,False
RP11-56L13.7,0.0,0,False
TP53TG3D,2.0,2,False
RP11-56L13.1,0.0,0,False
RP11-626K17.3,0.0,0,False
RP11-586K12.11,0.0,0,False
RP11-586K12.10,0.0,0,False
TP53TG3,0.0,0,False
RP11-586K12.8,0.0,0,False
RP11-586K12.4,0.0,0,False
RP11-67H24.2,0.0,0,False
RP11-989E6.3,0.0,0,False
RP11-989E6.8,0.0,0,False
RP11-19N8.4,0.0,0,False
RP11-19N8.7,0.0,0,False
RP11-1437A8.3,0.0,0,False
TP53TG3C,0.0,0,False
RP11-1437A8.4,0.0,0,False
RP11-1437A8.6,0.0,0,False
TP53TG3B,0.0,0,False
RP11-1437A8.5,0.0,0,False
RP11-23E10.3,0.0,0,False
RP11-989E6.10,0.0,0,False
RP11-23E10.2,0.0,0,False
RP11-812E19.9,0.0,0,False
RP11-812E19.7,0.0,0,False
LINC00273,0.0,0,False
CTD-2144E22.8,0.0,0,False
CTD-2144E22.5,0.0,0,False
CTD-2144E22.6,0.0,0,False
RP11-244B22.11,0.0,0,False
RP11-488I20.9,0.0,0,False
RP11-244B22.6,0.0,0,False
RP11-488I20.8,0.0,0,False
RP11-488I20.3,0.0,0,False
RP11-80F22.14,0.0,0,False
RP11-80F22.4,0.0,0,False
RP11-80F22.15,0.0,0,False
RP11-14K3.7,0.0,0,False
5S_rRNA,0.0,0,False
RP11-352B15.2,0.0,0,False
SHCBP1,3.0,3,False
RP11-46D6.1,3.0,3,False
VPS35,256.0,238,False
ORC6,19.0,18,False
RP11-480G7.1,0.0,0,False
MYLK3,0.0,0,False
C16orf87,138.0,130,False
GPT2,6.0,5,False
DNAJA2,376.0,299,False
RP11-169E6.1,2.0,2,False
RP11-169E6.4,0.0,0,False
NETO2,9.0,9,False
RP11-329J18.2,1.0,1,False
ITFG1,175.0,168,False
RP11-329J18.3,0.0,0,False
RP11-474B12.1,2.0,2,False
PHKB,109.0,107,False
RP11-523L20.2,0.0,0,False
AC140542.2,0.0,0,False
RP11-523L20.1,0.0,0,False
ABCC12,0.0,0,False
ABCC11,1.0,1,False
LONP2,134.0,129,False
SIAH1,39.0,39,False
N4BP1,69.0,65,False
RP11-44I10.3,0.0,0,False
CTC-527H23.2,0.0,0,False
RP11-42I10.1,6.0,6,False
CTC-527H23.3,0.0,0,False
CTC-527H23.4,0.0,0,False
RP11-22D3.1,0.0,0,False
RP11-22D3.2,0.0,0,False
CBLN1,0.0,0,False
RP11-491F9.1,0.0,0,False
RP11-491F9.8,0.0,0,False
RP11-491F9.6,0.0,0,False
RP11-491F9.5,0.0,0,False
C16orf78,0.0,0,False
RP11-189E14.5,0.0,0,False
RP11-189E14.3,0.0,0,False
RP11-189E14.4,0.0,0,False
ZNF423,0.0,0,False
RP11-305A4.3,0.0,0,False
CNEP1R1,76.0,55,False
RP11-429P3.3,0.0,0,False
HEATR3,36.0,35,False
RP11-429P3.5,0.0,0,False
PAPD5,44.0,44,False
ADCY7,136.0,131,False
BRD7,185.0,172,False
RP11-21B23.1,0.0,0,False
RP11-21B23.2,0.0,0,False
RP11-21B23.3,0.0,0,False
NKD1,4.0,4,False
RP11-401P9.1,0.0,0,False
RP11-401P9.6,0.0,0,False
RP11-401P9.4,0.0,0,False
RP11-401P9.5,1.0,1,False
SNX20,294.0,242,False
NOD2,25.0,24,False
RP11-327F22.2,5.0,5,False
RP11-327F22.1,1.0,1,False
CYLD,375.0,306,False
RP11-327F22.4,1.0,1,False
RP11-327F22.5,0.0,0,False
CTD-2034I21.1,0.0,0,False
CTD-2034I21.2,0.0,0,False
RP11-883G14.1,0.0,0,False
RP11-883G14.2,0.0,0,False
RP11-883G14.3,0.0,0,False
RP11-883G14.4,0.0,0,False
SALL1,0.0,0,False
AC009166.5,0.0,0,False
RP11-437L7.1,0.0,0,False
RP11-7O14.1,0.0,0,False
C16orf97,0.0,0,False
RP11-152O14.4,0.0,0,False
LINC00919,0.0,0,False
RP11-152O14.1,0.0,0,False
RP11-142G1.3,0.0,0,False
RP11-142G1.1,0.0,0,False
RP11-142G1.2,0.0,0,False
TOX3,0.0,0,False
CASC16,0.0,0,False
RP11-297L17.2,0.0,0,False
RP11-297L17.3,0.0,0,False
RP11-297L17.4,0.0,0,False
RP11-467J12.4,0.0,0,False
CHD9,188.0,171,False
RP11-44F14.2,2.0,2,False
RP11-44F14.8,1.0,1,False
RBL2,391.0,340,False
AKTIP,205.0,163,False
RPGRIP1L,4.0,4,False
FTO,44.0,44,False
RP11-357N13.3,0.0,0,False
RP11-357N13.2,1.0,1,False
RP11-357N13.1,1.0,1,False
RP11-324D17.2,0.0,0,False
RP11-324D17.1,0.0,0,False
IRX3,2.0,2,False
RP11-434E6.2,0.0,0,False
RP11-1136G4.1,0.0,0,False
CRNDE,1.0,1,False
IRX5,0.0,0,False
CTD-3032H12.2,0.0,0,False
CTD-3032H12.1,0.0,0,False
RP11-26L20.3,0.0,0,False
IRX6,0.0,0,False
RP11-26L20.4,0.0,0,False
MMP2,0.0,0,False
RP11-212I21.2,2.0,2,False
LPCAT2,29.0,28,False
RP11-212I21.4,3.0,3,False
CAPNS2,0.0,0,False
SLC6A2,0.0,0,False
CES1,32.0,31,False
CES5A,0.0,0,False
RP11-461O7.1,0.0,0,False
RP11-355E10.1,0.0,0,False
CTD-2050B12.1,0.0,0,False
GNAO1,5.0,5,False
CTD-2050B12.2,0.0,0,False
RP11-441F2.5,0.0,0,False
AMFR,75.0,71,False
RP11-413H22.2,13.0,13,False
NUDT21,302.0,286,False
OGFOD1,73.0,70,False
BBS2,52.0,43,False
MT4,0.0,0,False
MT3,9.0,7,False
MT2A,1731.0,851,False
RP11-249C24.10,0.0,0,False
MT1E,54.0,47,False
AC026461.1,0.0,0,False
MT1M,1.0,1,False
MT1A,0.0,0,False
MT1B,0.0,0,False
MT1F,168.0,147,False
MT1G,1.0,1,False
MT1H,0.0,0,False
MT1X,244.0,216,False
RP11-343H19.1,1.0,1,False
NUP93,137.0,130,False
SLC12A3,0.0,0,False
HERPUD1,705.0,571,False
CETP,12.0,11,False
NLRC5,182.0,171,False
RP11-322D14.2,0.0,0,False
RP11-407G23.1,0.0,0,False
CPNE2,99.0,64,False
FAM192A,260.0,237,False
RSPRY1,101.0,96,False
ARL2BP,437.0,371,False
RP11-407G23.3,5.0,5,False
PLLP,8.0,8,False
CCL22,0.0,0,False
CX3CL1,0.0,0,False
CCL17,0.0,0,False
CIAPIN1,235.0,180,False
COQ9,111.0,105,False
POLR2C,380.0,341,False
DOK4,5.0,5,False
CCDC102A,31.0,31,False
GPR114,41.0,39,False
GPR56,120.0,94,False
RP11-405F3.5,0.0,0,False
GPR97,2.0,2,False
RP11-405F3.4,0.0,0,False
CCDC135,0.0,0,False
KATNB1,50.0,50,False
KIFC3,10.0,10,False
CTD-2600O9.1,0.0,0,False
CNGB1,0.0,0,False
TEPP,15.0,15,False
ZNF319,27.0,27,False
USB1,197.0,188,False
MMP15,0.0,0,False
C16orf80,229.0,174,False
CTB-134F13.1,0.0,0,False
RP11-459F6.3,1.0,1,False
CSNK2A2,32.0,30,False
RP11-459F6.1,0.0,0,False
CCDC113,2.0,2,False
PRSS54,0.0,0,False
GINS3,11.0,11,False
RP11-481J2.1,0.0,0,False
RP11-481J2.2,1.0,1,False
NDRG4,0.0,0,False
SETD6,40.0,38,False
CNOT1,220.0,207,False
SLC38A7,19.0,18,False
GOT2,120.0,91,False
RP11-410D17.2,0.0,0,False
RP11-700H13.1,0.0,0,False
RP11-105C20.2,0.0,0,False
RP11-430C1.1,0.0,0,False
RP11-354I13.2,0.0,0,False
RP11-354I13.1,0.0,0,False
CDH8,0.0,0,False
CTC-420A11.2,0.0,0,False
AC009110.1,0.0,0,False
RP11-368L12.1,0.0,0,False
RP11-2K6.2,0.0,0,False
RP11-370P15.2,0.0,0,False
RP11-21L1.1,0.0,0,False
RP11-744D14.2,0.0,0,False
AC012322.1,0.0,0,False
RP11-467L24.1,0.0,0,False
RP11-439I14.2,0.0,0,False
CDH11,0.0,0,False
RP11-95H3.1,0.0,0,False
RP11-256I9.2,0.0,0,False
RP11-256I9.3,0.0,0,False
LINC00922,0.0,0,False
RP11-351A20.1,0.0,0,False
RP11-351A20.2,0.0,0,False
RP11-513N24.1,0.0,0,False
CDH5,0.0,0,False
LINC00920,19.0,19,False
BEAN1,0.0,0,False
CTD-2258A20.5,0.0,0,False
RP11-403P17.5,0.0,0,False
AC132186.1,0.0,0,False
TK2,39.0,39,False
RP11-403P17.3,1.0,1,False
Y_RNA-1,0.0,0,False
CKLF,720.0,577,False
CKLF-CMTM1,0.0,0,False
CMTM1,2.0,2,False
CMTM2,14.0,13,False
RP11-403P17.2,0.0,0,False
CMTM3,519.0,421,False
CMTM4,3.0,3,False
DYNC1LI2,98.0,93,False
RP11-63M22.2,1.0,1,False
RP11-63M22.1,0.0,0,False
RP11-61A14.4,0.0,0,False
CCDC79,0.0,0,False
NAE1,269.0,250,False
RP11-61A14.1,2.0,2,False
CA7,0.0,0,False
PDP2,9.0,9,False
RP11-61A14.2,0.0,0,False
RP11-61A14.3,2.0,2,False
CDH16,0.0,0,False
RRAD,2.0,2,False
FAM96B,973.0,710,False
CES2,100.0,95,False
CES3,0.0,0,False
CES4A,50.0,22,False
CBFB,155.0,150,False
C16orf70,38.0,37,False
B3GNT9,4.0,4,False
TRADD,634.0,477,False
FBXL8,65.0,63,False
HSF4,4.0,4,False
RP11-5A19.5,0.0,0,False
NOL3,12.0,12,False
KIAA0895L,5.0,5,False
EXOC3L1,23.0,20,False
E2F4,215.0,206,False
ELMO3,10.0,10,False
LRRC29,17.0,17,False
AC040160.1,0.0,0,False
TMEM208,474.0,343,False
FHOD1,76.0,72,False
SLC9A5,2.0,2,False
PLEKHG4,9.0,9,False
KCTD19,1.0,1,False
LRRC36,2.0,2,False
TPPP3,159.0,117,False
ZDHHC1,72.0,63,False
HSD11B2,1.0,1,False
RP11-297D21.2,0.0,0,False
ATP6V0D1,587.0,470,False
AGRP,0.0,0,False
FAM65A,61.0,59,False
CTD-2012K14.2,2.0,2,False
CTD-2012K14.3,1.0,1,False
CTD-2012K14.4,0.0,0,False
CTD-2012K14.6,6.0,6,False
CTD-2012K14.7,6.0,6,False
CTCF,132.0,125,False
AC009095.4,1.0,1,False
RLTPR,36.0,36,False
ACD,148.0,114,False
PARD6A,53.0,52,False
ENKD1,5.0,5,False
C16orf86,25.0,25,False
GFOD2,40.0,38,False
RANBP10,20.0,20,False
TSNAXIP1,0.0,0,False
CENPT,114.0,103,False
THAP11,234.0,200,False
NUTF2,625.0,510,False
EDC4,14.0,14,False
CTC-479C5.10,1.0,1,False
NRN1L,3.0,3,False
PSKH1,33.0,32,False
CTRL,4.0,3,False
CTC-479C5.12,166.0,157,False
PSMB10,1332.0,955,False
LCAT,10.0,10,False
SLC12A4,13.0,13,False
CTC-479C5.17,0.0,0,False
DPEP3,3.0,3,False
DPEP2,256.0,227,False
DUS2,81.0,72,False
CTC-479C5.6,0.0,0,False
DDX28,75.0,72,False
NFATC3,310.0,272,False
RP11-96D1.5,0.0,0,False
RP11-96D1.11,4.0,4,False
ESRP2,0.0,0,False
PLA2G15,25.0,25,False
RP11-96D1.7,0.0,0,False
SLC7A6,126.0,122,False
SLC7A6OS,93.0,85,False
PRMT7,78.0,76,False
SMPD3,10.0,9,False
ZFP90,54.0,53,False
RP11-615I2.1,0.0,0,False
CDH3,0.0,0,False
RP11-615I2.2,0.0,0,False
CDH1,4.0,3,False
RP11-354M1.2,0.0,0,False
TANGO6,45.0,39,False
RP11-521L9.1,0.0,0,False
HAS3,3.0,3,False
CHTF8,261.0,193,False
CHTF8-1,0.0,0,False
CIRH1A,125.0,110,False
SNTB2,34.0,34,False
RP11-343C2.11,0.0,0,False
VPS4A,213.0,198,False
COG8,39.0,38,False
PDF,1.0,1,False
RP11-343C2.12,0.0,0,False
RP11-343C2.9,0.0,0,False
RP11-343C2.7,0.0,0,False
NIP7,165.0,153,False
TMED6,0.0,0,False
TERF2,28.0,27,False
CYB5B,339.0,258,False
NFAT5,106.0,91,False
NQO1,23.0,23,False
CTD-2033A16.1,1.0,1,False
CTD-2033A16.3,3.0,3,False
NOB1,305.0,283,False
WWP2,91.0,87,False
CLEC18A,0.0,0,False
PDPR,15.0,15,False
RP11-296I10.3,0.0,0,False
CLEC18C,0.0,0,False
AC009060.1,0.0,0,False
FKSG63,0.0,0,False
EXOSC6,102.0,99,False
AARS,60.0,59,False
DDX19B,187.0,180,False
RP11-529K1.3,0.0,0,False
DDX19A,109.0,105,False
ST3GAL2,103.0,84,False
RP11-529K1.4,3.0,3,False
FUK,17.0,17,False
COG4,118.0,103,False
SF3B3,124.0,118,False
RP11-49C24.1,1.0,1,False
IL34,0.0,0,False
MTSS1L,4.0,4,False
FLJ00418,0.0,0,False
VAC14,66.0,63,False
RP11-394B2.6,0.0,0,False
VAC14-AS1,0.0,0,False
RP11-424M24.5,0.0,0,False
HYDIN,0.0,0,False
RP11-23E19.1,0.0,0,False
RP11-23E19.2,0.0,0,False
CMTR2,94.0,86,False
CTD-2520I13.1,0.0,0,False
CALB2,0.0,0,False
RP11-510M2.1,0.0,0,False
ZNF23,13.0,13,False
AC010547.9,1.0,1,False
RP11-510M2.2,0.0,0,False
ZNF19,8.0,8,False
RP11-510M2.6,0.0,0,False
CHST4,0.0,0,False
TAT,2.0,2,False
RP11-432I5.1,9.0,7,False
RP11-432I5.2,0.0,0,False
MARVELD3,1.0,1,False
PHLPP2,12.0,12,False
RP11-432I5.6,0.0,0,False
RP11-432I5.8,0.0,0,False
RP11-432I5.4,0.0,0,False
AP1G1,29.0,29,False
ATXN1L,110.0,60,False
IST1,176.0,160,False
ZNF821,61.0,60,False
RP11-498D10.5,1.0,1,False
RP11-498D10.6,0.0,0,False
DHODH,42.0,41,False
TXNL4B,53.0,47,False
HP,7.0,7,False
HPR,0.0,0,False
RP11-384M15.3,0.0,0,False
DHX38,72.0,70,False
PMFBP1,0.0,0,False
RP11-328J14.1,0.0,0,False
AC004158.2,4.0,4,False
AC004158.3,0.0,0,False
RP5-991G20.1,0.0,0,False
ZFHX3,49.0,45,False
RP5-991G20.4,2.0,2,False
RP5-991G20.2,0.0,0,False
RP11-346C20.4,0.0,0,False
RP11-346C20.3,1.0,1,False
HCCAT5,0.0,0,False
C16orf47,0.0,0,False
AC140912.1,0.0,0,False
RP11-140I24.1,0.0,0,False
RP11-44L9.1,0.0,0,False
RP11-44L9.2,0.0,0,False
RP11-44L9.3,0.0,0,False
CTD-2009A10.1,0.0,0,False
RP11-53L24.1,0.0,0,False
AC009120.4,0.0,0,False
AC009120.10,7.0,7,False
PSMD7,673.0,536,False
AC009120.6,5.0,5,False
AC009120.5,1.0,1,False
RP11-252A24.3,5.0,5,False
NPIPB15,1.0,1,False
CLEC18B,0.0,0,False
RP11-252A24.5,0.0,0,False
RP11-252A24.7,20.0,20,False
GLG1,359.0,317,False
RFWD3,54.0,51,False
MLKL,98.0,91,False
FA2H,3.0,3,False
WDR59,65.0,64,False
ZNRF1,12.0,12,False
RP11-252E2.1,0.0,0,False
LDHD,9.0,9,False
RP11-252E2.2,0.0,0,False
ZFP1,25.0,24,False
CTRB2,0.0,0,False
CTRB1,0.0,0,False
BCAR1,0.0,0,False
CFDP1,328.0,288,False
RP11-77K12.1,0.0,0,False
TMEM170A,166.0,161,False
RP11-77K12.4,0.0,0,False
CHST6,0.0,0,False
RP11-77K12.7,0.0,0,False
CHST5,0.0,0,False
TMEM231,1.0,1,False
GABARAPL2,1390.0,978,False
ADAT1,49.0,48,False
KARS,763.0,553,False
TERF2IP,799.0,613,False
AC025287.1,0.0,0,False
RP11-2C15.1,0.0,0,False
RP11-293N14.1,0.0,0,False
RP11-150D5.2,0.0,0,False
CNTNAP4,0.0,0,False
RP11-58C22.1,0.0,0,False
RP11-96P7.1,0.0,0,False
CTD-2336H13.2,0.0,0,False
MON1B,66.0,61,False
SYCE1L,26.0,23,False
RP11-538I12.2,0.0,0,False
RP11-538I12.3,1.0,1,False
ADAMTS18,0.0,0,False
RP11-449J10.1,0.0,0,False
RP11-571O6.1,0.0,0,False
NUDT7,52.0,47,False
RP11-264M12.2,0.0,0,False
VAT1L,0.0,0,False
RP11-281J9.2,0.0,0,False
CLEC3A,0.0,0,False
WWOX,47.0,45,False
RP11-190D6.2,0.0,0,False
RP11-264L1.4,3.0,3,False
PIH1,0.0,0,False
RP11-556H2.4,0.0,0,False
RP11-679B19.2,0.0,0,False
RP11-467I17.1,0.0,0,False
MAF,47.0,46,False
RP11-345M22.1,0.0,0,False
RP11-345M22.2,1.0,1,False
RP11-345M22.3,0.0,0,False
RP11-148M9.1,0.0,0,False
RP11-525K10.1,0.0,0,False
RP11-525K10.3,0.0,0,False
RP11-525K10.2,0.0,0,False
DYNLRB2,1.0,1,False
RP11-109P11.1,0.0,0,False
RP11-18F14.1,0.0,0,False
CDYL2,5.0,5,False
CTD-2055G21.1,0.0,0,False
RP11-314O13.1,3.0,3,False
CMC2,215.0,198,False
CENPN,50.0,41,False
RP11-303E16.3,0.0,0,False
ATMIN,37.0,37,False
C16orf46,5.0,5,False
RP11-303E16.5,2.0,2,False
RP11-303E16.6,0.0,0,False
RP11-303E16.7,2.0,2,False
GCSH,13.0,12,False
BCMO1,0.0,0,False
RP11-55K13.1,0.0,0,False
GAN,7.0,7,False
RP11-391L3.1,0.0,0,False
CMIP,108.0,104,False
RP11-960L18.1,8.0,8,False
PLCG2,82.0,77,False
7SK-2,10.0,9,False
SDR42E1,10.0,10,False
HSD17B2,0.0,0,False
RP11-510J16.5,2.0,2,False
MPHOSPH6,246.0,228,False
CTD-2588J6.2,0.0,0,False
RP11-481E4.2,0.0,0,False
RP11-2L4.1,0.0,0,False
CDH13,0.0,0,False
CTD-3253I12.1,0.0,0,False
RP11-543N12.1,0.0,0,False
RP11-298D21.3,0.0,0,False
RP11-298D21.1,0.0,0,False
RP11-298D21.2,0.0,0,False
RP11-483P21.2,5.0,5,False
RP11-483P21.3,0.0,0,False
HSBP1,600.0,434,False
MLYCD,45.0,42,False
RP11-505K9.4,0.0,0,False
RP11-483P21.6,0.0,0,False
OSGIN1,9.0,9,False
NECAB2,0.0,0,False
SLC38A8,0.0,0,False
MBTPS1,130.0,126,False
RP11-505K9.1,19.0,18,False
HSDL1,37.0,37,False
DNAAF1,8.0,8,False
TAF1C,32.0,32,False
ADAD2,0.0,0,False
RP11-486L19.2,0.0,0,False
KCNG4,0.0,0,False
RP11-558A11.1,0.0,0,False
WFDC1,0.0,0,False
RP11-558A11.2,0.0,0,False
RP11-558A11.3,0.0,0,False
ATP2C2,0.0,0,False
RP11-517C16.2,1.0,1,False
TLDC1,15.0,15,False
RP11-517C16.4,0.0,0,False
COTL1,8075.0,1689,False
RP11-61F12.1,2.0,2,False
KLHL36,136.0,130,False
USP10,272.0,219,False
CRISPLD2,17.0,17,False
RP11-254F19.3,0.0,0,False
ZDHHC7,178.0,166,False
KIAA0513,52.0,50,False
FAM92B,0.0,0,False
CTC-786C10.1,0.0,0,False
LINC00311,0.0,0,False
RP11-680G10.1,0.0,0,False
RP11-118F19.1,0.0,0,False
CTD-2542L18.1,2.0,2,False
GSE1,33.0,33,False
GINS2,35.0,20,False
C16orf74,179.0,128,False
RP11-568J23.4,0.0,0,False
EMC8,215.0,203,False
RP11-568J23.5,1.0,1,False
RP11-568J23.6,0.0,0,False
COX4I1,8889.0,2428,False
IRF8,434.0,296,False
RP11-542M13.3,20.0,19,False
RP11-542M13.2,0.0,0,False
RP11-805I24.1,4.0,4,False
RP11-805I24.4,0.0,0,False
RP11-805I24.3,0.0,0,False
LINC01082,0.0,0,False
RP11-514D23.3,0.0,0,False
LINC01081,0.0,0,False
RP11-514D23.1,0.0,0,False
LINC00917,0.0,0,False
RP11-158I3.3,0.0,0,False
FENDRR,0.0,0,False
FOXF1,0.0,0,False
RP11-463O9.9,1.0,1,False
MTHFSD,27.0,26,False
RP11-463O9.5,0.0,0,False
FOXC2,0.0,0,False
FOXL1,0.0,0,False
RP11-463O9.6,0.0,0,False
RP11-58A18.1,0.0,0,False
CTD-2015G9.1,0.0,0,False
CTD-2015G9.2,0.0,0,False
RP11-134D3.2,0.0,0,False
C16orf95,20.0,19,False
RP11-899L11.1,0.0,0,False
RP11-899L11.3,0.0,0,False
RP11-178L8.4,0.0,0,False
RP11-178L8.7,3.0,3,False
RP11-178L8.8,0.0,0,False
FBXO31,26.0,26,False
RP11-178L8.9,0.0,0,False
MAP1LC3B,808.0,675,False
RP11-178L8.3,1.0,1,False
ZCCHC14,13.0,13,False
RP11-482M8.1,0.0,0,False
RP11-482M8.3,0.0,0,False
JPH3,0.0,0,False
AC010536.1,0.0,0,False
KLHDC4,74.0,72,False
FLJ00104,24.0,22,False
RP4-536B24.4,0.0,0,False
RP4-536B24.3,3.0,3,False
SLC7A5,23.0,23,False
RP4-536B24.2,0.0,0,False
CA5A,0.0,0,False
BANP,79.0,63,False
RP11-863P13.5,0.0,0,False
RP11-863P13.6,0.0,0,False
RP11-863P13.4,0.0,0,False
RP11-863P13.1,0.0,0,False
RP11-863P13.3,3.0,2,False
RP11-863P13.2,3.0,3,False
LA16c-444G7.2,1.0,1,False
LA16c-444G7.1,0.0,0,False
ZNF469,2.0,2,False
ZFPM1,4.0,4,False
RP11-21B21.4,0.0,0,False
ZC3H18,86.0,81,False
IL17C,2.0,2,False
CYBA,10411.0,2277,False
MVD,171.0,135,False
SNAI3-AS1,6.0,6,False
SNAI3,81.0,77,False
RNF166,545.0,450,False
RP5-1142A6.5,0.0,0,False
CTU2,37.0,37,False
PIEZO1,103.0,98,False
RP5-1142A6.9,1.0,1,False
RP5-1142A6.2,3.0,3,False
RP5-1142A6.7,0.0,0,False
RP5-1142A6.8,3.0,3,False
CDT1,15.0,8,False
APRT,2779.0,1553,False
GALNS,40.0,36,False
AC092384.1,0.0,0,False
TRAPPC2L,521.0,446,False
PABPN1L,0.0,0,False
CBFA2T3,43.0,40,False
RP11-830F9.5,2.0,2,False
RP11-830F9.6,3.0,3,False
CTD-2555A7.1,0.0,0,False
CTD-2555A7.2,1.0,1,False
ACSF3,122.0,116,False
CTD-2555A7.3,0.0,0,False
LINC00304,4.0,4,False
RP11-46C24.3,0.0,0,False
CDH15,0.0,0,False
SLC22A31,0.0,0,False
RP11-46C24.7,15.0,15,False
ZNF778,7.0,7,False
RP11-46C24.6,0.0,0,False
RP11-46C24.5,0.0,0,False
ANKRD11,214.0,190,False
AC137932.1,3.0,3,False
AC137932.5,0.0,0,False
AC137932.6,6.0,5,False
SPG7,191.0,143,False
RP11-104N10.1,9.0,9,False
RPL13,77111.0,2693,False
CPNE7,13.0,12,False
DPEP1,0.0,0,False
CHMP1A,190.0,175,False
SPATA33,27.0,26,False
CDK10,120.0,113,False
RP11-368I7.4,1.0,1,False
SPATA2L,49.0,47,False
VPS9D1,24.0,23,False
VPS9D1-AS1,4.0,4,False
ZNF276,178.0,154,False
FANCA,36.0,36,False
SPIRE2,10.0,10,False
TCF25,868.0,680,False
MC1R,7.0,7,False
TUBB3,0.0,0,False
RP11-566K11.4,0.0,0,False
TUBB3-1,1.0,1,False
DEF8,160.0,148,False
RP11-566K11.5,3.0,3,False
CENPBD1,25.0,25,False
DBNDD1,13.0,12,False
GAS8,3.0,3,False
C16orf3,0.0,0,False
PRDM7,0.0,0,False
RP11-356C4.3,3.0,3,False
RP11-356C4.5,0.0,0,False
AC137934.1,3.0,3,False
DOC2B,0.0,0,False
AC108004.2,0.0,0,False
RPH3AL,13.0,13,False
RP11-1260E13.1,0.0,0,False
RP11-1260E13.2,0.0,0,False
RP11-1260E13.3,0.0,0,False
AC108004.3,0.0,0,False
C17orf97,2.0,2,False
FAM101B,49.0,48,False
RP5-1029F21.3,0.0,0,False
VPS53,86.0,84,False
RP5-1029F21.4,0.0,0,False
RP5-1029F21.2,0.0,0,False
FAM57A,1.0,1,False
GEMIN4,31.0,29,False
GLOD4,396.0,366,False
RP11-676J12.4,2.0,2,False
RNMTL1,97.0,94,False
RP11-676J12.8,0.0,0,False
NXN,0.0,0,False
RP11-676J12.6,0.0,0,False
RP11-676J12.7,0.0,0,False
TIMM22,153.0,133,False
ABR,100.0,98,False
AC016292.1,0.0,0,False
AC144836.1,0.0,0,False
BHLHA9,0.0,0,False
TUSC5,0.0,0,False
YWHAE,514.0,384,False
CRK,113.0,105,False
RP11-818O24.3,0.0,0,False
MYO1C,36.0,34,False
INPP5K,155.0,151,False
PITPNA-AS1,193.0,134,False
PITPNA,79.0,76,False
SLC43A2,120.0,112,False
SCARF1,7.0,7,False
RILP,56.0,54,False
PRPF8,319.0,245,False
TLCD2,0.0,0,False
MIR22HG,51.0,50,False
WDR81,39.0,38,False
RP11-961A15.1,0.0,0,False
SERPINF2,8.0,8,False
SERPINF1,43.0,22,False
SMYD4,61.0,56,False
RPA1,178.0,174,False
RTN4RL1,0.0,0,False
CTD-2545H1.2,0.0,0,False
AC099684.1,0.0,0,False
DPH1,17.0,16,False
OVCA2,0.0,0,False
RP11-667K14.4,2.0,2,False
RP11-667K14.3,0.0,0,False
HIC1,6.0,6,False
SMG6,30.0,30,False
RP11-667K14.5,0.0,0,False
AC090617.1,0.0,0,False
AL450226.2,0.0,0,False
SRR,20.0,20,False
TSR1,54.0,54,False
SGSM2,31.0,28,False
RP1-59D14.5,0.0,0,False
MNT,66.0,63,False
RP1-59D14.1,1.0,1,False
METTL16,59.0,57,False
AC006435.1,0.0,0,False
PAFAH1B1,212.0,178,False
RP11-74E22.5,1.0,1,False
RP11-74E22.6,1.0,1,False
CLUH,28.0,28,False
RP11-74E22.3,9.0,9,False
hsa-mir-1253,0.0,0,False
RAP1GAP2,75.0,72,False
CTD-3060P21.1,1.0,1,False
OR1D5,0.0,0,False
OR1D2,0.0,0,False
OR1G1,0.0,0,False
CTD-2309O5.3,0.0,0,False
OR1A2,0.0,0,False
OR1A1,0.0,0,False
OR3A2,0.0,0,False
OR3A1,0.0,0,False
OR1E1,0.0,0,False
OR3A3,0.0,0,False
OR1E2,0.0,0,False
SPATA22,0.0,0,False
ASPA,0.0,0,False
TRPV3,4.0,4,False
SHPK,2.0,2,False
TRPV1,0.0,0,False
SHPK-1,8.0,7,False
CTNS,25.0,23,False
RP11-235E17.6,0.0,0,False
TAX1BP3,206.0,187,False
P2RX5-TAX1BP3,20.0,20,False
EMC6,415.0,369,False
P2RX5,190.0,145,False
ITGAE,334.0,295,False
CTD-3195I5.3,0.0,0,False
GSG2,1.0,1,False
CTD-3195I5.4,0.0,0,False
CTD-3195I5.5,1.0,1,False
CTD-3195I5.1,7.0,7,False
C17orf85,90.0,87,False
CAMKK1,9.0,9,False
P2RX1,71.0,65,False
ATP2A3,185.0,174,False
RP11-459C13.1,0.0,0,False
ZZEF1,78.0,73,False
CYB5D2,82.0,79,False
ANKFY1,92.0,91,False
RP11-810M2.2,0.0,0,False
UBE2G1,290.0,258,False
SPNS3,81.0,79,False
RP13-580F15.2,24.0,22,False
AC118754.4,0.0,0,False
SPNS2,0.0,0,False
MYBBP1A,39.0,37,False
GGT6,1.0,1,False
RP11-141J13.3,0.0,0,False
SMTNL2,0.0,0,False
RP11-141J13.5,0.0,0,False
ALOX15,0.0,0,False
PELP1,71.0,70,False
AC091153.4,0.0,0,False
RP11-314A20.2,1.0,1,False
ARRB2,1085.0,689,False
MED11,238.0,219,False
RP11-314A20.5,0.0,0,False
CXCL16,179.0,135,False
ZMYND15,12.0,12,False
TM4SF5,0.0,0,False
VMO1,46.0,29,False
GLTPD2,0.0,0,False
PSMB6,1037.0,749,False
RP11-81A22.5,3.0,3,False
PLD2,21.0,21,False
MINK1,59.0,57,False
CHRNE,15.0,15,False
C17orf107,6.0,6,False
GP1BA,20.0,15,False
SLC25A11,437.0,344,False
RNF167,538.0,464,False
PFN1,14394.0,2545,False
ENO3,42.0,41,False
SPAG7,678.0,559,False
CAMTA2,48.0,46,False
RP5-1050D4.3,9.0,9,False
RP5-1050D4.2,0.0,0,False
RP5-1050D4.4,2.0,2,False
RP5-1050D4.5,0.0,0,False
INCA1,0.0,0,False
KIF1C,27.0,26,False
AC109333.10,4.0,4,False
SLC52A1,0.0,0,False
RP11-46I8.3,0.0,0,False
ZFP3,6.0,6,False
ZNF232,35.0,23,False
USP6,0.0,0,False
ZNF594,5.0,5,False
RP11-333E1.1,7.0,6,False
SCIMP,271.0,217,False
RP11-333E1.2,1.0,1,False
RABEP1,101.0,95,False
NUP88,124.0,122,False
RP11-420A6.2,3.0,3,False
RPAIN,423.0,383,False
CTC-524C5.2,118.0,111,False
C1QBP,1453.0,999,False
DHX33,28.0,28,False
CTC-524C5.5,0.0,0,False
DERL2,298.0,267,False
MIS12,109.0,99,False
NLRP1,181.0,166,False
WSCD1,0.0,0,False
AIPL1,0.0,0,False
FAM64A,1.0,1,False
PITPNM3,0.0,0,False
KIAA0753,7.0,7,False
TXNDC17,374.0,303,False
MED31,77.0,73,False
C17orf100,13.0,13,False
CTC-281F24.1,1.0,1,False
SLC13A5,0.0,0,False
XAF1,714.0,564,False
FBXO39,0.0,0,False
TEKT1,0.0,0,False
AC027763.2,87.0,82,False
RP11-530N7.3,0.0,0,False
RP11-589P10.7,0.0,0,False
RP11-589P10.5,11.0,11,False
ALOX12,13.0,11,False
RNASEK,138.0,133,False
AC040977.1,28.0,28,False
RNASEK-C17orf49,0.0,0,False
C17orf49,298.0,266,False
MIR497HG,9.0,9,False
BCL6B,0.0,0,False
SLC16A13,9.0,9,False
SLC16A11,23.0,23,False
CLEC10A,137.0,63,False
ASGR2,54.0,51,False
ASGR1,306.0,212,False
DLG4,16.0,16,False
ACADVL,339.0,278,False
DVL2,60.0,58,False
PHF23,81.0,78,False
GABARAP,2928.0,1315,False
CTD-2545G14.7,0.0,0,False
CTDNEP1,173.0,162,False
RP1-4G17.5,0.0,0,False
ELP5,199.0,179,False
CLDN7,16.0,16,False
SLC2A4,0.0,0,False
RP1-4G17.2,0.0,0,False
YBX2,0.0,0,False
EIF5A,602.0,508,False
GPS2,211.0,200,False
RP11-542C16.2,1.0,1,False
NEURL4,5.0,5,False
ACAP1,1176.0,817,False
KCTD11,14.0,14,False
RP11-542C16.1,0.0,0,False
TMEM95,0.0,0,False
TNK1,15.0,15,False
TMEM256-PLSCR3,49.0,49,False
C17orf61-PLSCR3,0.0,0,False
TMEM256,509.0,443,False
NLGN2,1.0,1,False
SPEM1,0.0,0,False
C17orf74,0.0,0,False
TMEM102,73.0,59,False
RP11-104H15.9,0.0,0,False
FGF11,2.0,2,False
RP11-104H15.8,0.0,0,False
CHRNB1,98.0,95,False
ZBTB4,61.0,60,False
SLC35G6,0.0,0,False
POLR2A,222.0,200,False
TNFSF12,161.0,143,False
TNFSF12-TNFSF13,0.0,0,False
TNFSF13,11.0,11,False
SENP3,14.0,14,False
EIF4A1,4497.0,1832,False
CD68,1430.0,591,False
AC113189.5,45.0,38,False
MPDU1,162.0,154,False
SOX15,9.0,9,False
FXR2,20.0,18,False
AC007421.1,0.0,0,False
SHBG,0.0,0,False
SAT2,612.0,458,False
ATP1B2,0.0,0,False
TP53,94.0,91,False
WRAP53,52.0,51,False
EFNB3,0.0,0,False
DNAH2,0.0,0,False
KDM6B,150.0,144,False
TMEM88,9.0,9,False
LSMD1,590.0,473,False
CYB5D1,12.0,12,False
CHD3,138.0,131,False
AC025335.1,10.0,9,False
KCNAB3,4.0,4,False
RP11-1099M24.7,0.0,0,False
TRAPPC1,1828.0,1205,False
CNTROB,23.0,23,False
GUCY2D,0.0,0,False
ALOX15B,2.0,2,False
RP11-599B13.3,0.0,0,False
ALOX12B,0.0,0,False
AC129492.6,3.0,3,False
ALOXE3,1.0,1,False
HES7,0.0,0,False
PER1,137.0,130,False
RP11-599B13.6,0.0,0,False
VAMP2,1814.0,1220,False
TMEM107,139.0,132,False
RP11-599B13.7,0.0,0,False
C17orf59,192.0,118,False
AURKB,17.0,11,False
LINC00324,110.0,104,False
RP11-849F2.8,13.0,13,False
CTC1,44.0,44,False
PFAS,17.0,15,False
RP11-849F2.9,1.0,1,False
SLC25A35,18.0,18,False
RANGRF,240.0,223,False
ARHGEF15,0.0,0,False
AC135178.7,0.0,0,False
RP11-849F2.4,0.0,0,False
ODF4,0.0,0,False
AC135178.1,1.0,1,False
RP11-849F2.5,2.0,2,False
KRBA2,10.0,10,False
RP11-849F2.7,3.0,3,False
RPL26,27247.0,2679,False
RNF222,3.0,3,False
NDEL1,153.0,146,False
MYH10,5.0,5,False
CCDC42,0.0,0,False
SPDYE4,0.0,0,False
MFSD6L,0.0,0,False
PIK3R6,8.0,8,False
PIK3R5,114.0,111,False
CTB-41I6.1,1.0,1,False
CTB-41I6.2,2.0,2,False
NTN1,0.0,0,False
RP11-85B7.2,0.0,0,False
STX8,393.0,354,False
RP11-85B7.4,2.0,2,False
AC087501.1,0.0,0,False
RP11-565F19.4,0.0,0,False
RP11-565F19.3,0.0,0,False
WDR16,0.0,0,False
RP11-55L4.2,0.0,0,False
USP43,0.0,0,False
RP11-55L4.1,0.0,0,False
DHRS7C,0.0,0,False
RP11-477N12.3,0.0,0,False
GLP2R,0.0,0,False
RCVRN,1.0,1,False
GAS7,113.0,102,False
AC000003.2,5.0,5,False
RP11-401O9.4,0.0,0,False
MYH13,0.0,0,False
RP11-401O9.3,0.0,0,False
RP11-799N11.1,0.0,0,False
CTC-297N7.11,0.0,0,False
MYH8,0.0,0,False
MYH4,0.0,0,False
MYH1,0.0,0,False
MYH2,0.0,0,False
CTC-297N7.7,0.0,0,False
MYH3,16.0,16,False
CTC-297N7.1,1.0,1,False
CTC-297N7.8,8.0,7,False
SCO1,66.0,64,False
CTC-297N7.10,0.0,0,False
ADPRM,148.0,116,False
TMEM220,20.0,20,False
CTC-297N7.5,9.0,8,False
CTC-297N7.9,0.0,0,False
RP11-963H4.5,0.0,0,False
LINC00675,0.0,0,False
PIRT,0.0,0,False
RP11-963H4.3,0.0,0,False
SHISA6,0.0,0,False
RP11-680C21.1,0.0,0,False
DNAH9,0.0,0,False
RP11-628O18.1,0.0,0,False
RP11-1096G20.5,1.0,1,False
ZNF18,22.0,22,False
MAP2K4,78.0,77,False
RP11-471L13.2,0.0,0,False
LINC00670,0.0,0,False
MYOCD,0.0,0,False
AC005358.3,0.0,0,False
AC005358.1,0.0,0,False
RP11-1090M7.1,2.0,2,False
ARHGAP44,1.0,1,False
RP11-597M12.1,0.0,0,False
ELAC2,92.0,90,False
RP11-488L1.1,0.0,0,False
AC003664.1,0.0,0,False
HS3ST3A1,0.0,0,False
RP11-131K5.2,0.0,0,False
AC005304.1,1.0,1,False
RP11-131K5.1,0.0,0,False
COX10,47.0,45,False
AC005224.2,2.0,2,False
CDRT15,0.0,0,False
RP11-214O1.1,0.0,0,False
HS3ST3B1,29.0,29,False
RP11-214O1.2,2.0,2,False
RP11-214O1.3,15.0,15,False
AC022816.2,0.0,0,False
AC013248.2,0.0,0,False
AC005863.1,0.0,0,False
AC005863.2,0.0,0,False
AC005772.2,0.0,0,False
CDRT7,0.0,0,False
CDRT8,0.0,0,False
PMP22,3.0,3,False
RP11-849N15.1,0.0,0,False
AC005703.3,0.0,0,False
AC005703.2,0.0,0,False
TEKT3,0.0,0,False
RP11-849N15.4,1.0,1,False
CDRT4,2.0,2,False
TVP23C-CDRT4,0.0,0,False
TVP23C,9.0,9,False
RP11-385D13.3,9.0,9,False
CDRT1,0.0,0,False
CDRT1-1,0.0,0,False
RP11-385D13.1,0.0,0,False
TRIM16,41.0,39,False
RP11-640I15.1,0.0,0,False
ZNF286A,9.0,9,False
ZNF286A-1,0.0,0,False
TBC1D26,0.0,0,False
AC005324.6,0.0,0,False
AC005324.7,0.0,0,False
CTD-3157E16.1,0.0,0,False
AC015922.6,6.0,6,False
ADORA2B,4.0,4,False
ZSWIM7,274.0,254,False
TTC19,228.0,216,False
NCOR1,938.0,742,False
AC002553.1,0.0,0,False
PIGL,48.0,39,False
CENPV,62.0,58,False
UBB,5628.0,2094,False
RP11-138I1.4,22.0,22,False
RP11-138I1.2,2.0,2,False
TRPV2,187.0,164,False
RP11-138I1.3,0.0,0,False
FAM211A,110.0,107,False
ZNF287,24.0,23,False
ZNF624,6.0,6,False
RP11-92B11.4,0.0,0,False
CCDC144A,2.0,2,False
RP11-219A15.1,0.0,0,False
RP11-92B11.3,0.0,0,False
RP11-219A15.2,0.0,0,False
TNFRSF13B,53.0,38,False
AC104024.1,0.0,0,False
AC104024.2,0.0,0,False
RP11-416I2.1,0.0,0,False
MPRIP,150.0,138,False
MPRIP-AS1,1.0,1,False
RP11-45M22.3,2.0,2,False
PLD6,37.0,30,False
RP11-45M22.4,0.0,0,False
FLCN,43.0,43,False
RP11-45M22.5,1.0,1,False
COPS3,302.0,280,False
NT5M,7.0,7,False
MED9,59.0,36,False
RASD1,56.0,21,False
PEMT,100.0,60,False
RP11-524F11.1,0.0,0,False
RP11-524F11.2,0.0,0,False
SMCR2,0.0,0,False
RAI1,17.0,17,False
RAI1-AS1,0.0,0,False
SMCR5,26.0,25,False
SREBF1,73.0,38,False
TOM1L2,69.0,66,False
LRRC48,9.0,9,False
ATPAF2,115.0,114,False
GID4,46.0,45,False
DRG2,135.0,130,False
MYO15A,2.0,2,False
RP11-258F1.1,14.0,12,False
ALKBH5,333.0,312,False
LLGL1,35.0,34,False
FLII,215.0,206,False
MIEF2,17.0,17,False
RP1-178F10.1,0.0,0,False
TOP3A,46.0,46,False
SMCR8,5.0,5,False
RP1-178F10.3,1.0,1,False
SHMT1,53.0,50,False
EVPLL,0.0,0,False
RP1-37N7.1,0.0,0,False
RP1-37N7.3,0.0,0,False
LGALS9C,10.0,10,False
FAM106A,4.0,3,False
TBC1D28,0.0,0,False
ZNF286B,4.0,4,False
TRIM16L,18.0,16,False
FBXW10,0.0,0,False
TVP23B,47.0,47,False
CTD-2145A24.3,0.0,0,False
PRPSAP2,205.0,196,False
CTD-2145A24.4,0.0,0,False
SLC5A10,10.0,9,False
AC090286.4,0.0,0,False
FAM83G,4.0,4,False
GRAP,109.0,86,False
SNORD3B-1,101.0,95,False
SNORD3B-2,58.0,55,False
RP11-160E2.17,0.0,0,False
RP11-160E2.19,0.0,0,False
AC007952.5,1.0,1,False
SNORD3D,96.0,94,False
GRAPL,0.0,0,False
AC007952.1,0.0,0,False
CTC-457L16.2,0.0,0,False
AC007952.6,0.0,0,False
RP11-160E2.11,0.0,0,False
AC007952.4,0.0,0,False
SNORD3A,3.0,3,False
SNORD3C,0.0,0,False
RP11-160E2.16,0.0,0,False
EPN2,4.0,4,False
AC106017.1,0.0,0,False
EPN2-AS1,0.0,0,False
RP11-135L13.4,0.0,0,False
B9D1,7.0,7,False
MAPK7,36.0,33,False
MFAP4,0.0,0,False
RNF112,2.0,2,False
CTB-187M2.2,0.0,0,False
AC004448.2,0.0,0,False
AC004448.5,0.0,0,False
CTB-187M2.1,0.0,0,False
CTB-187M2.3,0.0,0,False
SLC47A1,0.0,0,False
RP11-1113L8.1,0.0,0,False
ALDH3A2,84.0,83,False
Y_RNA-2,0.0,0,False
SLC47A2,0.0,0,False
RP11-311F12.1,0.0,0,False
RP11-311F12.2,0.0,0,False
ALDH3A1,0.0,0,False
ULK2,52.0,52,False
RP11-78O7.2,8.0,8,False
AKAP10,116.0,112,False
RP11-209D14.2,0.0,0,False
SPECC1,43.0,42,False
AC004702.2,0.0,0,False
RP11-434D2.2,0.0,0,False
LGALS9B,17.0,16,False
RP11-434D2.7,0.0,0,False
AC008088.4,0.0,0,False
RP11-434D2.3,0.0,0,False
RP11-434D2.12,0.0,0,False
CDRT15L2,0.0,0,False
AC087499.10,0.0,0,False
RP11-283C24.1,0.0,0,False
CCDC144NL,2.0,2,False
RP11-344E13.4,0.0,0,False
RP11-344E13.3,0.0,0,False
RP11-381P6.1,1.0,1,False
USP22,111.0,107,False
RP11-746M1.1,1.0,1,False
AC087393.1,0.0,0,False
DHRS7B,99.0,94,False
TMEM11,233.0,220,False
AC087294.2,2.0,2,False
C17orf103,14.0,14,False
MAP2K3,468.0,381,False
KCNJ12,0.0,0,False
RP11-728E14.3,0.0,0,False
RP11-728E14.2,0.0,0,False
RP11-822E23.7,0.0,0,False
C17orf51,6.0,6,False
RP11-822E23.2,0.0,0,False
UBBP4,74.0,74,False
RP11-1109M24.16,0.0,0,False
RP11-1109M24.5,0.0,0,False
FAM27L,0.0,0,False
RP11-744K17.9,0.0,0,False
RP11-744K17.1,0.0,0,False
RP11-744K17.2,0.0,0,False
MTRNR2L1,0.0,0,False
RP11-846F4.12,0.0,0,False
RP11-285M22.3,0.0,0,False
RP11-285M22.1,0.0,0,False
RP11-260A9.6,0.0,0,False
RP11-663N22.1,0.0,0,False
WSB1,577.0,489,False
RP11-173M1.8,4.0,4,False
RP11-173M1.4,2.0,2,False
KSR1,36.0,35,False
AC015688.3,0.0,0,False
RP11-19P22.8,0.0,0,False
LGALS9,647.0,468,False
RP11-19P22.5,0.0,0,False
NOS2,0.0,0,False
RP1-66C13.4,0.0,0,False
RP11-138P22.1,3.0,3,False
LYRM9,125.0,122,False
RP11-218F4.1,0.0,0,False
NLK,21.0,21,False
CTD-2008P7.10,0.0,0,False
CTD-2008P7.9,0.0,0,False
CTD-2008P7.8,0.0,0,False
CTD-2008P7.3,0.0,0,False
CTD-2008P7.1,0.0,0,False
AC061975.10,0.0,0,False
TMEM97,24.0,21,False
IFT20,367.0,310,False
TNFAIP1,30.0,28,False
POLDIP2,273.0,229,False
TMEM199,203.0,159,False
CTB-96E2.7,3.0,3,False
VTN,0.0,0,False
CTB-96E2.2,0.0,0,False
SARM1,24.0,20,False
SLC46A1,8.0,8,False
CTD-2350C19.1,1.0,1,False
CTD-2350C19.2,4.0,4,False
RP11-192H23.4,6.0,6,False
SLC13A2,0.0,0,False
FOXN1,0.0,0,False
UNC119,313.0,275,False
PIGS,118.0,116,False
ALDOC,82.0,79,False
RP11-192H23.5,0.0,0,False
SPAG5,12.0,11,False
RP11-192H23.6,18.0,18,False
SGK494,2.0,2,False
KIAA0100,68.0,67,False
RP11-192H23.7,0.0,0,False
SDF2,384.0,354,False
SUPT6H,81.0,81,False
AC010761.13,0.0,0,False
PROCA1,22.0,19,False
RAB34,138.0,114,False
RPL23A,32711.0,2672,False
AC010761.8,12.0,12,False
TLCD1,12.0,12,False
NEK8,73.0,28,False
AC010761.14,0.0,0,False
AC010761.6,0.0,0,False
TRAF4,63.0,57,False
AC010761.9,0.0,0,False
AC010761.10,0.0,0,False
FAM222B,24.0,23,False
ERAL1,67.0,66,False
MIR451B,0.0,0,False
FLOT2,277.0,257,False
RP11-20B24.7,0.0,0,False
RP11-20B24.4,1.0,1,False
DHRS13,47.0,44,False
PHF12,138.0,96,False
RP11-20B24.5,3.0,3,False
RP11-20B24.6,0.0,0,False
PIPOX,1.0,1,False
SEZ6,4.0,4,False
RP11-321A17.5,0.0,0,False
MYO18A,6.0,6,False
TIAF1,0.0,0,False
RP11-321A17.4,0.0,0,False
CRYBA1,0.0,0,False
NUFIP2,74.0,73,False
RP11-296K13.4,0.0,0,False
MIR4523,2.0,2,False
TAOK1,57.0,57,False
ABHD15,35.0,34,False
RP11-68I3.2,0.0,0,False
TP53I13,90.0,86,False
GIT1,34.0,34,False
ANKRD13B,1.0,1,False
RP11-68I3.7,0.0,0,False
CORO6,5.0,5,False
SSH2,225.0,206,False
RP11-68I3.5,0.0,0,False
RP11-82O19.1,1.0,1,False
RP11-338L22.2,0.0,0,False
EFCAB5,2.0,2,False
AC104984.4,0.0,0,False
RP11-1148O4.2,0.0,0,False
NSRP1,181.0,164,False
RP11-354P11.3,20.0,20,False
RP11-354P11.8,1.0,1,False
SLC6A4,3.0,3,False
RP11-354P11.4,0.0,0,False
RP11-354P11.2,0.0,0,False
BLMH,74.0,70,False
TMIGD1,0.0,0,False
CPD,18.0,18,False
GOSR1,115.0,108,False
RP11-218M11.3,0.0,0,False
TBC1D29,0.0,0,False
RP11-218M11.6,0.0,0,False
RP11-218M11.1,0.0,0,False
CTD-2349P21.6,0.0,0,False
CTD-2349P21.5,0.0,0,False
CRLF3,314.0,297,False
CTD-2349P21.9,1.0,1,False
ATAD5,20.0,20,False
CTD-2349P21.11,0.0,0,False
RP13-753N3.1,6.0,5,False
TEFM,63.0,63,False
ADAP2,98.0,87,False
AC091177.1,2.0,2,False
RP11-848P1.3,2.0,2,False
RNF135,154.0,140,False
RP11-848P1.4,1.0,1,False
RP11-848P1.5,0.0,0,False
NF1,53.0,48,False
OMG,3.0,3,False
EVI2B,1280.0,875,False
CTD-2370N5.3,0.0,0,False
EVI2A,445.0,379,False
RAB11FIP4,68.0,66,False
AC003101.1,0.0,0,False
RP1-41C23.1,0.0,0,False
RP11-805L22.3,0.0,0,False
CTC-542B22.1,0.0,0,False
COPRS,80.0,76,False
UTP6,191.0,152,False
CTC-542B22.2,0.0,0,False
SUZ12,65.0,63,False
LRRC37B,24.0,24,False
AC090616.2,2.0,2,False
RHOT1,137.0,132,False
AC116407.2,0.0,0,False
RHBDL3,0.0,0,False
RP11-443G13.2,0.0,0,False
C17orf75,50.0,50,False
RP11-227G15.2,0.0,0,False
ZNF207,578.0,492,False
RP11-227G15.8,0.0,0,False
RP11-227G15.9,0.0,0,False
PSMD11,312.0,274,False
CDK5R1,6.0,6,False
MYO1D,9.0,9,False
RP11-466A19.1,0.0,0,False
RP11-466A19.3,0.0,0,False
RP11-220C2.1,0.0,0,False
AC084809.2,0.0,0,False
AC084809.3,0.0,0,False
TMEM98,0.0,0,False
SPACA3,0.0,0,False
ASIC2,0.0,0,False
RP11-40A13.1,0.0,0,False
RP11-31I22.4,0.0,0,False
RP11-31I22.3,0.0,0,False
RP11-31I22.2,0.0,0,False
RP11-118G23.2,0.0,0,False
RP11-118G23.1,0.0,0,False
RP11-17M24.2,0.0,0,False
CTC-304I17.2,0.0,0,False
CTC-304I17.5,0.0,0,False
RP11-215E13.1,0.0,0,False
RP11-215E13.2,0.0,0,False
AC005549.3,0.0,0,False
CCL2,12.0,11,False
CCL7,0.0,0,False
CCL11,0.0,0,False
CCL8,2.0,2,False
CCL13,0.0,0,False
CCL1,0.0,0,False
AC011193.1,0.0,0,False
C17orf102,0.0,0,False
TMEM132E,2.0,2,False
RP11-212E8.1,0.0,0,False
RP11-642M2.1,0.0,0,False
CCT6B,13.0,12,False
ZNF830,121.0,118,False
LIG3,34.0,34,False
RFFL,70.0,68,False
RAD51L3-RFFL,0.0,0,False
RP5-837J1.4,0.0,0,False
RAD51D,28.0,25,False
FNDC8,0.0,0,False
NLE1,42.0,41,False
UNC45B,4.0,4,False
RP11-799D4.3,0.0,0,False
SLC35G3,0.0,0,False
RP11-799D4.4,34.0,34,False
SLFN5,302.0,235,False
RP11-47L3.1,78.0,74,False
SLFN11,34.0,34,False
RP11-686D22.5,1.0,1,False
RP11-686D22.4,2.0,2,False
SLFN12,21.0,21,False
SLFN13,24.0,22,False
SLFN12L,68.0,63,False
RP11-686D22.9,0.0,0,False
RP11-1094M14.10,1.0,1,False
SLFN14,0.0,0,False
RP11-1094M14.12,0.0,0,False
RP11-1094M14.14,0.0,0,False
RP11-1094M14.11,179.0,163,False
PEX12,7.0,7,False
AP2B1,173.0,168,False
CTC-507E2.1,3.0,3,False
RASL10B,0.0,0,False
GAS2L2,0.0,0,False
MMP28,12.0,12,False
C17orf50,1.0,1,False
AC015849.12,0.0,0,False
TAF15,292.0,266,False
AC015849.19,6.0,6,False
C17orf66,0.0,0,False
AC015849.2,1.0,1,False
CCL5,5491.0,862,False
AC015849.16,1.0,1,False
RDM1,1.0,1,False
LYZL6,0.0,0,False
CCL16,1.0,1,False
CCL14,0.0,0,False
CCL15-CCL14,0.0,0,False
CTB-186H2.3,0.0,0,False
CCL15,0.0,0,False
RP11-104J23.1,0.0,0,False
RP11-104J23.2,0.0,0,False
CCL23,1.0,1,False
CCL18,0.0,0,False
AC069363.1,8.0,8,False
CCL3,1224.0,375,False
CCL4,930.0,307,False
CTB-91J4.1,3.0,3,False
TBC1D3B,1.0,1,False
AC131056.3,5.0,5,False
CCL3L3,69.0,54,False
CCL4L1,36.0,26,False
AC131056.5,0.0,0,False
TBC1D3C,0.0,0,False
TBC1D3H,0.0,0,False
CCL3L1,3.0,3,False
CCL4L2,9.0,9,False
TBC1D3G,0.0,0,False
ZNHIT3,558.0,463,False
MYO19,56.0,54,False
PIGW,17.0,17,False
GGNBP2,625.0,470,False
DHRS11,16.0,15,False
MRM1,57.0,24,False
CTB-75G16.3,0.0,0,False
CTD-3194G12.1,0.0,0,False
CTD-3194G12.2,0.0,0,False
RP11-445F12.1,0.0,0,False
LHX1,0.0,0,False
RP11-445F12.2,0.0,0,False
AATF,376.0,294,False
CTC-268N12.2,0.0,0,False
ACACA,39.0,38,False
C17orf78,0.0,0,False
TADA2A,66.0,32,False
RP11-378E13.4,0.0,0,False
DUSP14,44.0,44,False
SYNRG,175.0,161,False
DDX52,116.0,111,False
RP11-697E22.1,1.0,1,False
RP11-697E22.2,0.0,0,False
RP11-697E22.3,0.0,0,False
HNF1B,0.0,0,False
RP11-115K3.1,0.0,0,False
AC091199.1,0.0,0,False
TBC1D3F,0.0,0,False
TBC1D3,0.0,0,False
RP11-1407O15.2,18.0,18,False
MRPL45,195.0,184,False
GPR179,0.0,0,False
SOCS7,1.0,1,False
ARHGAP23,0.0,0,False
SRCIN1,0.0,0,False
CTB-58E17.2,0.0,0,False
C17orf96,0.0,0,False
CTB-58E17.1,46.0,45,False
CTB-58E17.3,0.0,0,False
MLLT6,164.0,147,False
CTB-58E17.9,0.0,0,False
AC006449.1,1.0,1,False
CISD3,449.0,349,False
PCGF2,0.0,0,False
CTB-58E17.5,0.0,0,False
PSMB3,1445.0,1027,False
PIP4K2B,26.0,26,False
CWC25,209.0,185,False
C17orf98,0.0,0,False
RPL23,7069.0,2300,False
LASP1,274.0,253,False
RP1-56K13.2,2.0,2,False
RP1-56K13.3,2.0,2,False
LINC00672,19.0,18,False
FBXO47,0.0,0,False
RP1-56K13.5,0.0,0,False
CTD-2206N4.2,0.0,0,False
PLXDC1,24.0,24,False
ARL5C,0.0,0,False
RP5-906A24.2,0.0,0,False
CACNB1,5.0,5,False
RPL19,49028.0,2685,False
STAC2,0.0,0,False
RP11-690G19.3,34.0,33,False
FBXL20,24.0,24,False
CTB-131K11.1,0.0,0,False
MED1,64.0,62,False
CDK12,87.0,78,False
NEUROD2,4.0,4,False
AC087491.2,1.0,1,False
PPP1R1B,0.0,0,False
STARD3,142.0,134,False
TCAP,3.0,3,False
PNMT,1.0,1,False
PGAP3,32.0,32,False
ERBB2,15.0,15,False
MIEN1,550.0,487,False
GRB7,0.0,0,False
RP11-94L15.2,153.0,136,False
IKZF3,43.0,43,False
ZPBP2,0.0,0,False
GSDMB,30.0,29,False
ORMDL3,314.0,281,False
RP11-387H17.4,1.0,1,False
LRRC3C,0.0,0,False
GSDMA,2.0,2,False
PSMD3,235.0,217,False
RP11-387H17.6,0.0,0,False
CSF3,0.0,0,False
MED24,83.0,78,False
THRA,60.0,58,False
NR1D1,56.0,55,False
MSL1,102.0,97,False
CASC3,149.0,114,False
RAPGEFL1,4.0,4,False
WIPF2,120.0,113,False
CDC6,4.0,3,False
CTD-2267D19.6,0.0,0,False
RARA,138.0,106,False
CTD-2267D19.2,49.0,40,False
CTD-2267D19.3,0.0,0,False
GJD3,0.0,0,False
TOP2A,13.0,8,False
IGFBP4,30.0,17,False
TNS4,1.0,1,False
RP5-1028K7.2,77.0,47,False
CCR7,730.0,523,False
SMARCE1,396.0,347,False
KRT222,0.0,0,False
KRT222-1,0.0,0,False
KRT24,0.0,0,False
KRT25,0.0,0,False
KRT26,0.0,0,False
KRT27,0.0,0,False
KRT28,0.0,0,False
RP11-605F20.1,0.0,0,False
KRT10,800.0,654,False
TMEM99,47.0,46,False
RP5-1110E20.1,0.0,0,False
KRT12,0.0,0,False
KRT20,0.0,0,False
AC004231.2,0.0,0,False
KRT23,4.0,3,False
KRT39,0.0,0,False
KRT40,0.0,0,False
KRTAP3-3,0.0,0,False
KRTAP3-2,0.0,0,False
KRTAP3-1,0.0,0,False
KRTAP1-5,0.0,0,False
KRTAP1-4,0.0,0,False
KRTAP1-3,0.0,0,False
KRTAP1-1,0.0,0,False
KRTAP2-1,0.0,0,False
KRTAP2-2,0.0,0,False
KRTAP2-3,0.0,0,False
KRTAP2-4,0.0,0,False
KRTAP4-7,0.0,0,False
KRTAP4-8,0.0,0,False
KRTAP4-16P,0.0,0,False
KRTAP4-9,0.0,0,False
KRTAP4-11,0.0,0,False
KRTAP4-12,0.0,0,False
KRTAP4-6,0.0,0,False
KRTAP4-5,0.0,0,False
KRTAP4-4,0.0,0,False
KRTAP4-3,0.0,0,False
KRTAP4-2,0.0,0,False
KRTAP4-1,0.0,0,False
KRTAP9-1,0.0,0,False
KRTAP9-2,0.0,0,False
KRTAP9-3,0.0,0,False
KRTAP9-8,0.0,0,False
KRTAP9-4,0.0,0,False
KRTAP9-9,0.0,0,False
KRTAP9-6,0.0,0,False
KRTAP9-7,0.0,0,False
KRTAP29-1,0.0,0,False
KRTAP16-1,1.0,1,False
KRTAP17-1,0.0,0,False
KRT33A,0.0,0,False
KRT33B,0.0,0,False
KRT34,0.0,0,False
KRT31,0.0,0,False
AC003958.2,0.0,0,False
KRT37,0.0,0,False
KRT38,0.0,0,False
KRT32,0.0,0,False
KRT35,0.0,0,False
KRT36,0.0,0,False
KRT13,0.0,0,False
AC019349.5,0.0,0,False
KRT15,2.0,2,False
KRT19,0.0,0,False
LINC00974,0.0,0,False
KRT9,0.0,0,False
KRT14,0.0,0,False
KRT16,0.0,0,False
KRT17,0.0,0,False
JUP,64.0,57,False
EIF1,18028.0,2651,False
GAST,0.0,0,False
HAP1,2.0,2,False
LEPREL4,17.0,17,False
FKBP10,0.0,0,False
NT5C3B,83.0,80,False
KLHL10,0.0,0,False
KLHL11,4.0,4,False
ACLY,100.0,96,False
CNP,148.0,139,False
DNAJC7,547.0,424,False
NKIRAS2,147.0,122,False
ZNF385C,0.0,0,False
DHX58,91.0,88,False
KAT2A,59.0,56,False
CTD-2132N18.3,0.0,0,False
HSPB9,4.0,4,False
RAB5C,951.0,753,False
RP11-358B23.1,0.0,0,False
KCNH4,0.0,0,False
HCRT,2.0,2,False
GHDC,62.0,60,False
STAT5B,106.0,102,False
RP11-358B23.5,1.0,1,False
STAT5A,136.0,133,False
STAT3,546.0,473,False
PTRF,3.0,3,False
ATP6V0A1,62.0,61,False
NAGLU,20.0,19,False
HSD17B1,5.0,5,False
RP11-400F19.6,53.0,37,False
COASY,170.0,163,False
MLX,391.0,318,False
PSMC3IP,17.0,17,False
FAM134C,134.0,126,False
TUBG1,39.0,36,False
TUBG2,10.0,9,False
PLEKHH3,0.0,0,False
CCR10,34.0,27,False
CTD-3193K9.4,9.0,9,False
CNTNAP1,0.0,0,False
CTD-3193K9.3,0.0,0,False
EZH1,67.0,64,False
RAMP2-AS1,1.0,1,False
RAMP2,1.0,1,False
VPS25,304.0,207,False
WNK4,0.0,0,False
COA3,363.0,329,False
CNTD1,26.0,26,False
BECN1,234.0,229,False
PSME3,154.0,146,False
AOC2,2.0,2,False
AOC3,0.0,0,False
LINC00671,1.0,1,False
G6PC,0.0,0,False
PTGES3L-AARSD1,0.0,0,False
AARSD1,71.0,69,False
PTGES3L,1.0,1,False
RUNDC1,76.0,57,False
RPL27,13742.0,2580,False
IFI35,691.0,487,False
VAT1,30.0,30,False
RND2,1.0,1,False
CTD-3199J23.4,0.0,0,False
BRCA1,6.0,6,False
RP11-242D8.1,3.0,3,False
NBR1,222.0,161,False
TMEM106A,74.0,71,False
LINC00910,23.0,22,False
ARL4D,30.0,28,False
MIR2117,0.0,0,False
DHX8,65.0,55,False
ETV4,0.0,0,False
RP11-392O1.4,0.0,0,False
MEOX1,12.0,10,False
CTC-501O10.1,0.0,0,False
SOST,0.0,0,False
DUSP3,60.0,59,False
C17orf105,0.0,0,False
RP5-905N1.2,0.0,0,False
MPP3,0.0,0,False
CD300LG,0.0,0,False
MPP2,0.0,0,False
RP11-527L4.5,27.0,7,False
FAM215A,0.0,0,False
RP11-527L4.6,0.0,0,False
RP11-527L4.2,0.0,0,False
PPY,0.0,0,False
PYY,0.0,0,False
NAGS,9.0,9,False
TMEM101,221.0,210,False
LSM12,28.0,28,False
G6PC3,65.0,62,False
HDAC5,172.0,112,False
RP11-546M21.6,1.0,1,False
C17orf53,2.0,2,False
ASB16,0.0,0,False
ASB16-AS1,86.0,81,False
TMUB2,156.0,144,False
ATXN7L3,35.0,35,False
CTB-175E5.7,0.0,0,False
UBTF,158.0,148,False
RP5-882C2.2,33.0,32,False
SLC4A1,0.0,0,False
AC003102.1,0.0,0,False
AC003043.1,0.0,0,False
AC003102.3,1.0,1,False
RUNDC3A,0.0,0,False
SLC25A39,336.0,309,False
RP5-1067M6.3,0.0,0,False
GRN,1371.0,648,False
FAM171A2,0.0,0,False
ITGA2B,34.0,17,False
GPATCH8,249.0,228,False
FZD2,5.0,5,False
RP11-1072C15.2,0.0,0,False
C17orf104,1.0,1,False
CCDC43,83.0,79,False
RP11-1072C15.4,0.0,0,False
DBF4B,9.0,9,False
ADAM11,0.0,0,False
CTC-296K1.3,0.0,0,False
CTC-296K1.4,0.0,0,False
GJC1,1.0,1,False
HIGD1B,1.0,1,False
EFTUD2,114.0,108,False
CCDC103,0.0,0,False
FAM187A,0.0,0,False
AC015936.3,0.0,0,False
GFAP,0.0,0,False
KIF18B,0.0,0,False
CTD-2534I21.8,0.0,0,False
C1QL1,0.0,0,False
CTD-2534I21.9,0.0,0,False
DCAKD,46.0,45,False
NMT1,174.0,161,False
PLCD3,1.0,1,False
ACBD4,35.0,34,False
HEXIM1,94.0,91,False
AC002117.1,42.0,41,False
HEXIM2,39.0,33,False
RP13-890H12.2,1.0,1,False
CTD-2020K17.1,61.0,59,False
FMNL1,801.0,604,False
CTD-2020K17.3,2.0,2,False
CTD-2020K17.4,17.0,16,False
MAP3K14-AS1,3.0,3,False
SPATA32,0.0,0,False
CTB-39G8.2,0.0,0,False
ARHGAP27,180.0,162,False
CTB-39G8.3,0.0,0,False
PLEKHM1,63.0,61,False
AC091132.1,0.0,0,False
RP11-798G7.5,0.0,0,False
RP11-798G7.8,0.0,0,False
RP11-798G7.6,9.0,9,False
CRHR1,0.0,0,False
RP11-293E1.2,0.0,0,False
RP11-293E1.1,0.0,0,False
MAPT-AS1,0.0,0,False
SPPL2C,0.0,0,False
MAPT,2.0,2,False
RP11-669E14.4,0.0,0,False
STH,0.0,0,False
KANSL1,169.0,163,False
RP11-669E14.6,0.0,0,False
KANSL1-AS1,80.0,79,False
ARL17B,20.0,20,False
LRRC37A,5.0,5,False
LRRC37A2,3.0,3,False
ARL17A,9.0,9,False
NSF,58.0,56,False
WNT3,1.0,1,False
WNT9B,0.0,0,False
RP11-63A1.2,0.0,0,False
RP11-63A1.1,0.0,0,False
GOSR2,157.0,119,False
RP11-156P1.2,0.0,0,False
RPRML,0.0,0,False
CDC27,42.0,42,False
RP5-867C24.5,0.0,0,False
MYL4,0.0,0,False
ITGB3,9.0,6,False
ITGB3-1,0.0,0,False
RP11-290H9.4,0.0,0,False
EFCAB13,10.0,10,False
CTD-2026D20.2,0.0,0,False
NPEPPS,84.0,83,False
RP11-580I16.2,4.0,4,False
KPNB1,364.0,322,False
RP11-138C9.1,1.0,1,False
TBKBP1,15.0,15,False
TBX21,136.0,121,False
OSBPL7,48.0,32,False
MRPL10,225.0,209,False
LRRC46,4.0,4,False
SCRN2,134.0,128,False
SP6,0.0,0,False
RP11-6N17.1,0.0,0,False
RP11-6N17.2,0.0,0,False
SP2,80.0,78,False
AC003665.1,0.0,0,False
RP11-6N17.3,0.0,0,False
PNPO,28.0,28,False
RP11-6N17.6,1.0,1,False
PRR15L,0.0,0,False
CDK5RAP3,314.0,287,False
RP11-6N17.10,1.0,1,False
COPZ2,8.0,8,False
NFE2L1,56.0,56,False
RP5-890E16.4,1.0,1,False
CBX1,172.0,157,False
SNX11,106.0,104,False
SKAP1,437.0,382,False
RP11-456D7.1,4.0,4,False
AC090627.1,0.0,0,False
RP11-433M22.2,0.0,0,False
HOXB1,0.0,0,False
HOXB2,105.0,102,False
HOXB-AS1,34.0,30,False
HOXB3,3.0,3,False
HOXB-AS3,0.0,0,False
HOXB-AS2,0.0,0,False
HOXB4,26.0,25,False
HOXB5,1.0,1,False
HOXB6,0.0,0,False
HOXB7,2.0,2,False
HOXB8,0.0,0,False
HOXB9,1.0,1,False
HOXB-AS4,0.0,0,False
RP11-357H14.17,2.0,2,False
CTD-2377D24.8,0.0,0,False
CTD-2377D24.6,0.0,0,False
PRAC1,0.0,0,False
PRAC2,0.0,0,False
HOXB13,0.0,0,False
CTD-2377D24.4,0.0,0,False
TTLL6,0.0,0,False
CALCOCO2,405.0,345,False
ATP5G1,652.0,559,False
UBE2Z,107.0,100,False
SNF8,636.0,515,False
AC091133.1,0.0,0,False
GIP,0.0,0,False
RP11-501C14.5,0.0,0,False
IGF2BP1,0.0,0,False
RP11-501C14.6,0.0,0,False
B4GALNT2,0.0,0,False
RP11-708H21.4,0.0,0,False
GNGT2,63.0,61,False
ABI3,809.0,478,False
PHOSPHO1,1.0,1,False
ZNF652,89.0,86,False
RP11-1079K10.3,1.0,1,False
RP11-81K2.1,0.0,0,False
RP11-1079K10.2,0.0,0,False
PHB,698.0,580,False
RP11-1079K10.4,4.0,4,False
RP11-1079K10.5,0.0,0,False
NGFR,1.0,1,False
RP5-1029K10.2,0.0,0,False
RP5-1029K10.4,0.0,0,False
NXPH3,0.0,0,False
SPOP,284.0,263,False
SLC35B1,196.0,184,False
RP11-613C6.2,1.0,1,False
FAM117A,71.0,68,False
KAT7,97.0,94,False
RP11-304F15.7,0.0,0,False
TAC4,0.0,0,False
RP11-304F15.3,1.0,1,False
RP11-304F15.4,0.0,0,False
RP11-304F15.6,0.0,0,False
DLX4,2.0,2,False
DLX3,0.0,0,False
RP11-1094H24.3,0.0,0,False
RP11-1094H24.4,0.0,0,False
ITGA3,9.0,9,False
PDK2,137.0,85,False
RP5-875H18.4,0.0,0,False
SAMD14,4.0,4,False
PPP1R9B,98.0,93,False
AC002401.1,1.0,1,False
RP11-893F2.13,0.0,0,False
RP11-893F2.14,0.0,0,False
SGCA,9.0,9,False
COL1A1,0.0,0,False
RP11-893F2.5,0.0,0,False
RP11-893F2.15,0.0,0,False
RP11-893F2.6,0.0,0,False
TMEM92,0.0,0,False
RP11-893F2.9,0.0,0,False
XYLT2,10.0,10,False
MRPL27,310.0,277,False
EME1,0.0,0,False
LRRC59,232.0,170,False
RP1-117B12.4,0.0,0,False
ACSF2,35.0,35,False
CHAD,0.0,0,False
RSAD1,123.0,123,False
RP11-94C24.6,2.0,1,False
MYCBPAP,6.0,6,False
EPN3,0.0,0,False
SPATA20,70.0,68,False
CACNA1G-AS1,0.0,0,False
CACNA1G,0.0,0,False
RP11-94C24.11,0.0,0,False
CTB-22K21.2,0.0,0,False
ABCC3,19.0,16,False
ANKRD40,26.0,26,False
RP11-294J22.6,5.0,5,False
LUC7L3,590.0,469,False
WFIKKN2,1.0,1,False
RP11-506D12.5,0.0,0,False
TOB1,411.0,336,False
RP11-700H6.4,0.0,0,False
RP11-700H6.1,6.0,6,False
RP11-700H6.2,0.0,0,False
SPAG9,48.0,46,False
RP11-481C4.1,0.0,0,False
NME1,225.0,185,False
NME1-NME2,181.0,171,False
NME2,52.0,51,False
MBTD1,17.0,17,False
UTP18,189.0,174,False
RP11-1018N14.1,1.0,1,False
RP11-1018N14.3,0.0,0,False
RP11-1018N14.4,0.0,0,False
RP11-1018N14.2,0.0,0,False
RP11-1018N14.5,0.0,0,False
CA10,0.0,0,False
RP11-429O1.1,0.0,0,False
AC102948.2,0.0,0,False
C17orf112,0.0,0,False
KIF2B,0.0,0,False
TOM1L1,2.0,2,False
COX11,340.0,313,False
STXBP4,6.0,6,False
CTC-462L7.1,0.0,0,False
HLF,2.0,2,False
RP11-515O17.2,0.0,0,False
RP11-515O17.3,1.0,1,False
MMD,100.0,56,False
RP11-515E23.2,0.0,0,False
RP11-515E23.1,0.0,0,False
TMEM100,0.0,0,False
PCTP,62.0,59,False
RP11-763E3.1,0.0,0,False
ANKFN1,0.0,0,False
NOG,36.0,29,False
C17orf67,14.0,14,False
DGKE,45.0,45,False
RP11-670E13.2,2.0,2,False
TRIM25,95.0,88,False
RP11-670E13.5,0.0,0,False
COIL,87.0,82,False
RP5-1107A17.3,1.0,1,False
SCPEP1,534.0,363,False
RP11-166P13.3,19.0,19,False
AKAP1,48.0,48,False
RP11-166P13.4,18.0,17,False
MSI2,97.0,90,False
RP11-118E18.2,0.0,0,False
RP11-118E18.4,0.0,0,False
CCDC182,0.0,0,False
RP11-60A24.3,0.0,0,False
MRPS23,384.0,309,False
CUEDC1,15.0,13,False
RP11-343K8.3,0.0,0,False
VEZF1,105.0,101,False
RP11-159D12.5,4.0,4,False
RP11-159D12.2,12.0,12,False
SRSF1,409.0,362,False
RP11-159D12.10,1.0,1,False
DYNLL2,156.0,110,False
OR4D1,0.0,0,False
OR4D2,0.0,0,False
EPX,0.0,0,False
MKS1,29.0,28,False
LPO,0.0,0,False
MPO,5.0,5,False
BZRAP1,8.0,8,False
BZRAP1-AS1,115.0,104,False
MIR142,571.0,455,False
SUPT4H1,1134.0,778,False
RNF43,10.0,10,False
HSF5,4.0,4,False
MTMR4,59.0,58,False
RP11-112H10.4,2.0,2,False
SEPT4,5.0,5,False
C17orf47,0.0,0,False
TEX14,3.0,3,False
RAD51C,108.0,104,False
PPM1E,0.0,0,False
TRIM37,30.0,29,False
AC099850.1,3.0,3,False
SKA2,65.0,63,False
PRR11,15.0,14,False
CTD-2510F5.6,0.0,0,False
CTD-2510F5.4,0.0,0,False
SMG8,10.0,10,False
GDPD1,21.0,14,False
YPEL2,112.0,60,False
RP11-567L7.5,0.0,0,False
RP11-567L7.6,1.0,1,False
DHX40,26.0,25,False
CLTC,90.0,87,False
PTRH2,55.0,51,False
VMP1,448.0,365,False
TUBD1,66.0,65,False
RPS6KB1,70.0,69,False
RP11-178C3.1,0.0,0,False
RNFT1,143.0,142,False
TBC1D3P1-DHX40P1,0.0,0,False
RP11-178C3.2,3.0,3,False
HEATR6,21.0,20,False
CTD-2319I12.2,3.0,3,False
CTD-2319I12.5,0.0,0,False
CA4,0.0,0,False
USP32,66.0,62,False
C17orf64,1.0,1,False
APPBP2,67.0,66,False
RP11-15E18.1,1.0,1,False
RP11-15E18.4,0.0,0,False
PPM1D,39.0,39,False
BCAS3,37.0,35,False
RP11-264B14.1,0.0,0,False
RP11-264B14.2,0.0,0,False
RP11-136H19.1,0.0,0,False
RP11-332H18.5,0.0,0,False
RP11-332H18.4,0.0,0,False
TBX2,0.0,0,False
C17orf82,0.0,0,False
TBX4,0.0,0,False
RP11-15K2.2,0.0,0,False
NACA2,61.0,60,False
BRIP1,1.0,1,False
INTS2,24.0,15,False
MED13,47.0,46,False
RP11-51L5.7,0.0,0,False
EFCAB3,0.0,0,False
METTL2A,44.0,41,False
TLK2,39.0,38,False
MRC2,2.0,2,False
RP11-156L14.1,0.0,0,False
MARCH10,2.0,2,False
RP11-453A12.1,0.0,0,False
RP11-180P8.1,0.0,0,False
RP11-180P8.3,1.0,1,False
TANC2,14.0,14,False
RP11-556O9.2,0.0,0,False
AC037445.1,0.0,0,False
RP11-269G24.2,0.0,0,False
AC015923.1,0.0,0,False
RP11-269G24.3,0.0,0,False
RP11-269G24.4,0.0,0,False
CYB561,75.0,62,False
RP11-269G24.6,0.0,0,False
ACE,4.0,4,False
ACE-1,0.0,0,False
KCNH6,0.0,0,False
DCAF7,228.0,214,False
TACO1,110.0,108,False
MAP3K3,117.0,107,False
LIMD2,3770.0,1769,False
STRADA,31.0,31,False
RP11-51F16.8,0.0,0,False
CCDC47,124.0,118,False
DDX42,119.0,116,False
FTSJ3,102.0,97,False
PSMC5,1071.0,777,False
SMARCD2,58.0,57,False
CSH2,0.0,0,False
GH2,0.0,0,False
CSH1,0.0,0,False
CSHL1,0.0,0,False
GH1,1.0,1,False
CD79B,1694.0,654,False
SCN4A,0.0,0,False
CTC-264K15.6,0.0,0,False
RP11-214C8.2,2.0,2,False
C17orf72,19.0,19,False
ICAM2,925.0,647,False
ERN1,140.0,131,False
SNORA76,237.0,223,False
TEX2,7.0,7,False
MILR1,55.0,53,False
POLG2,70.0,69,False
DDX5,6063.0,2187,False
CEP95,69.0,69,False
SMURF2,25.0,25,False
LRRC37A3,0.0,0,False
RP11-927P21.1,2.0,2,False
RP11-927P21.2,0.0,0,False
RP11-583F2.2,0.0,0,False
GNA13,106.0,101,False
RP11-583F2.5,0.0,0,False
RP11-160O5.1,5.0,5,False
RGS9,8.0,8,False
CTD-2535L24.3,0.0,0,False
AXIN2,8.0,8,False
CTD-2535L24.2,0.0,0,False
CEP112,6.0,6,False
APOH,0.0,0,False
PRKCA,126.0,119,False
RP11-4F22.2,0.0,0,False
CACNG5,0.0,0,False
CACNG4,0.0,0,False
RP11-349A8.3,0.0,0,False
AC005544.1,0.0,0,False
RP11-74H8.1,0.0,0,False
CACNG1,0.0,0,False
HELZ,150.0,141,False
RP11-401F2.4,0.0,0,False
RP11-401F2.3,16.0,15,False
PSMD12,196.0,182,False
PITPNC1,227.0,213,False
NOL11,178.0,139,False
BPTF,198.0,177,False
RP11-855A2.3,0.0,0,False
C17orf58,18.0,17,False
RP11-855A2.5,0.0,0,False
KPNA2,137.0,119,False
AC145343.2,0.0,0,False
RP11-147L13.8,12.0,2,False
RP11-147L13.2,36.0,35,False
AMZ2,248.0,226,False
ARSG,74.0,62,False
SLC16A6,10.0,10,False
WIPI1,75.0,68,False
PRKAR1A,531.0,468,False
FAM20A,1.0,1,False
AC079210.1,1.0,1,False
RP11-120M18.5,0.0,0,False
RP11-118B18.1,0.0,0,False
RP11-118B18.2,0.0,0,False
ABCA8,0.0,0,False
ABCA9,0.0,0,False
ABCA9-AS1,0.0,0,False
ABCA6,1.0,1,False
ABCA10,0.0,0,False
ABCA5,31.0,29,False
MAP2K6,55.0,53,False
RP1-193H18.3,0.0,0,False
RP1-193H18.2,2.0,2,False
AC003051.1,0.0,0,False
AC004562.1,0.0,0,False
AC002539.1,0.0,0,False
LINC01028,0.0,0,False
KCNJ16,0.0,0,False
KCNJ2-AS1,1.0,1,False
KCNJ2,2.0,2,False
CTD-2378E21.1,0.0,0,False
RP11-238F2.1,0.0,0,False
CASC17,0.0,0,False
AC118653.2,0.0,0,False
AC005152.3,0.0,0,False
LINC01152,0.0,0,False
RP11-84E24.2,0.0,0,False
AC007461.1,0.0,0,False
AC007461.2,0.0,0,False
SOX9,0.0,0,False
LINC00511,3.0,3,False
RP11-1124B17.1,0.0,0,False
RP11-57A1.1,0.0,0,False
CTD-3010D24.3,0.0,0,False
SLC39A11,43.0,43,False
RP11-171G2.1,0.0,0,False
SSTR2,0.0,0,False
RP11-143K11.1,0.0,0,False
COG1,70.0,70,False
FAM104A,265.0,235,False
C17orf80,14.0,14,False
CPSF4L,0.0,0,False
CDC42EP4,24.0,24,False
SDK2,5.0,5,False
RP11-449L23.2,0.0,0,False
RP11-449L23.3,0.0,0,False
RP11-277J6.2,0.0,0,False
RP11-277J6.3,0.0,0,False
CTD-2532D12.4,0.0,0,False
LINC00469,0.0,0,False
AC125421.1,0.0,0,False
CTD-2532D12.5,0.0,0,False
CTD-2582D11.1,0.0,0,False
RP11-101O21.1,0.0,0,False
RPL38,8118.0,2404,False
CTD-2514K5.2,4.0,4,False
TTYH2,40.0,38,False
CTD-2514K5.4,0.0,0,False
DNAI2,2.0,2,False
RP11-647F2.2,0.0,0,False
KIF19,10.0,10,False
AC103809.2,1.0,1,False
BTBD17,0.0,0,False
GPR142,0.0,0,False
GPRC5C,9.0,7,False
CD300A,424.0,339,False
CD300LB,31.0,30,False
CD300C,156.0,131,False
CD300LD,0.0,0,False
C17orf77,0.0,0,False
CTD-2006K23.1,119.0,84,False
CD300E,205.0,166,False
RAB37,188.0,166,False
CTD-2006K23.2,3.0,3,False
CD300LF,191.0,161,False
MIR3615,3.0,3,False
SLC9A3R1,538.0,442,False
NAT9,255.0,174,False
TMEM104,36.0,30,False
GRIN2C,1.0,1,False
FDXR,23.0,22,False
FADS6,0.0,0,False
USH1G,0.0,0,False
OTOP2,0.0,0,False
OTOP3,0.0,0,False
HID1,5.0,5,False
RP11-309N17.4,0.0,0,False
CDR2L,2.0,2,False
ICT1,202.0,189,False
KCTD2,18.0,18,False
ATP5H,1472.0,960,False
SLC16A5,15.0,13,False
ARMC7,106.0,71,False
NT5C,447.0,341,False
HN1,993.0,655,False
RP11-649A18.7,1.0,1,False
SUMO2,2879.0,1606,False
NUP85,67.0,67,False
GGA3,90.0,48,False
MRPS7,520.0,428,False
MIF4GD,332.0,298,False
RP11-649A18.12,1.0,1,False
SLC25A19,54.0,52,False
GRB2,611.0,497,False
RP11-16C1.3,0.0,0,False
RP11-16C1.1,0.0,0,False
KIAA0195,42.0,41,False
CASKIN2,2.0,2,False
TSEN54,185.0,178,False
LLGL2,32.0,31,False
MYO15B,55.0,52,False
RECQL5,21.0,21,False
SMIM5,11.0,6,False
SMIM6,0.0,0,False
SAP30BP,306.0,280,False
RP11-474I11.8,0.0,0,False
RP11-474I11.7,0.0,0,False
ITGB4,2.0,2,False
GALK1,184.0,145,False
H3F3B,14036.0,2591,False
UNK,65.0,64,False
RP11-552F3.4,0.0,0,False
UNC13D,164.0,158,False
WBP2,493.0,411,False
TRIM47,41.0,40,False
RP11-552F3.9,1.0,1,False
TRIM65,56.0,54,False
RP11-552F3.10,2.0,2,False
MRPL38,102.0,100,False
RP11-552F3.12,0.0,0,False
FBF1,18.0,17,False
ACOX1,31.0,31,False
RP11-552F3.13,0.0,0,False
TEN1,221.0,187,False
CDK3,11.0,11,False
EVPL,1.0,1,False
SRP68,171.0,167,False
ZACN,3.0,3,False
GALR2,9.0,9,False
EXOC7,252.0,234,False
FOXJ1,2.0,2,False
RNF157-AS1,5.0,5,False
RNF157,51.0,48,False
UBALD2,345.0,294,False
QRICH2,3.0,3,False
PRPSAP1,201.0,195,False
SPHK1,19.0,18,False
UBE2O,27.0,27,False
AANAT,1.0,1,False
RHBDF2,125.0,120,False
CYGB,1.0,1,False
PRCD,11.0,10,False
RP11-666A8.8,0.0,0,False
ST6GALNAC2,30.0,29,False
RP11-666A8.9,0.0,0,False
ST6GALNAC1,9.0,8,False
RP11-318A15.2,5.0,5,False
MXRA7,4.0,4,False
JMJD6,179.0,163,False
METTL23,482.0,388,False
RP11-318A15.7,0.0,0,False
SRSF2,1563.0,1057,False
MFSD11,135.0,129,False
CTD-2246P4.1,0.0,0,False
LINC00868,0.0,0,False
MGAT5B,0.0,0,False
RP11-87G24.6,0.0,0,False
SEC14L1,156.0,147,False
RP11-285E9.6,0.0,0,False
RP11-285E9.5,0.0,0,False
SEPT9,1231.0,909,False
RP11-936I5.1,57.0,55,False
RP11-75C10.9,2.0,2,False
RP11-13K12.2,0.0,0,False
RP11-13K12.1,0.0,0,False
RP11-13K12.5,0.0,0,False
RP11-316M20.1,0.0,0,False
FLJ45079,6.0,6,False
TNRC6C,146.0,133,False
TMC6,423.0,368,False
TMC8,429.0,366,False
C17orf99,0.0,0,False
SYNGR2,442.0,364,False
TK1,45.0,17,False
AFMID,16.0,16,False
BIRC5,26.0,8,False
AC087645.1,0.0,0,False
TMEM235,0.0,0,False
RP11-219G17.4,1.0,1,False
AC061992.2,13.0,12,False
SOCS3,646.0,469,False
RP11-806H10.4,1.0,1,False
PGS1,111.0,106,False
DNAH17,2.0,2,False
AC061992.1,0.0,0,False
RP11-559N14.5,1.0,1,False
DNAH17-AS1,0.0,0,False
CTD-2357A8.3,2.0,2,False
CYTH1,482.0,439,False
USP36,129.0,107,False
TIMP2,57.0,55,False
RP11-323N12.5,1.0,1,False
DDC8,1.0,1,False
CTD-2373H9.5,0.0,0,False
LGALS3BP,230.0,171,False
CANT1,62.0,59,False
C1QTNF1-AS1,0.0,0,False
C1QTNF1,0.0,0,False
ENGASE,45.0,45,False
RBFOX3,2.0,2,False
RP11-398J5.1,0.0,0,False
CTD-2116F7.1,0.0,0,False
ENPP7,0.0,0,False
CBX2,3.0,3,False
CBX8,11.0,11,False
RP11-353N14.1,0.0,0,False
RP11-353N14.2,0.0,0,False
CBX4,47.0,46,False
RP11-353N14.3,0.0,0,False
RP11-353N14.5,0.0,0,False
RP11-353N14.4,0.0,0,False
TBC1D16,0.0,0,False
CTD-2529O21.2,0.0,0,False
CCDC40,1.0,1,False
GAA,85.0,79,False
EIF4A3,406.0,325,False
CARD14,0.0,0,False
RP11-334C17.5,18.0,18,False
SGSH,49.0,48,False
SLC26A11,39.0,39,False
RNF213,829.0,611,False
CTD-2047H16.4,5.0,5,False
ENDOV,106.0,96,False
CTD-2526A2.2,0.0,0,False
NPTX1,0.0,0,False
RPTOR,43.0,43,False
RP11-28G8.1,0.0,0,False
CTD-2561B21.4,0.0,0,False
CTD-2561B21.3,0.0,0,False
CTD-2561B21.5,2.0,2,False
CHMP6,162.0,154,False
CTD-2561B21.7,0.0,0,False
AC127496.1,0.0,0,False
CTD-2561B21.11,0.0,0,False
CTD-2561B21.10,0.0,0,False
BAIAP2-AS1,16.0,16,False
BAIAP2,25.0,24,False
AATK,9.0,5,False
RP11-149I9.2,0.0,0,False
AATK-AS1,0.0,0,False
AZI1,7.0,7,False
RP11-455O6.2,0.0,0,False
ENTHD2,66.0,65,False
AC027601.1,2.0,2,False
C17orf89,431.0,386,False
SLC38A10,141.0,134,False
LINC00482,4.0,4,False
TMEM105,3.0,3,False
RP11-1055B8.2,0.0,0,False
RP11-1055B8.3,0.0,0,False
RP11-1055B8.4,3.0,3,False
RP11-1055B8.6,0.0,0,False
RP11-1055B8.7,5.0,5,False
RP11-1055B8.8,0.0,0,False
ACTG1,10497.0,2323,False
RP13-766D20.2,1.0,1,False
FSCN2,1.0,1,False
C17orf70,51.0,51,False
NPLOC4,68.0,65,False
PDE6G,30.0,30,False
OXLD1,330.0,250,False
CCDC137,90.0,89,False
ARL16,162.0,149,False
HGS,99.0,97,False
RP13-1032I1.7,78.0,75,False
MRPL12,285.0,228,False
SLC25A10,0.0,0,False
SLC25A10-1,15.0,15,False
GCGR,0.0,0,False
FAM195B,37.0,37,False
AC174470.1,0.0,0,False
PPP1R27,0.0,0,False
P4HB,810.0,637,False
RP11-498C9.2,3.0,3,False
RP11-498C9.3,14.0,14,False
ARHGDIA,1117.0,781,False
RP11-498C9.15,7.0,7,False
RP11-498C9.16,0.0,0,False
ALYREF,42.0,41,False
ANAPC11,898.0,660,False
NPB,2.0,2,False
PCYT2,85.0,84,False
SIRT7,242.0,231,False
MAFG,60.0,57,False
RP11-498C9.12,0.0,0,False
MAFG-AS1,0.0,0,False
PYCR1,4.0,4,False
RP11-498C9.13,0.0,0,False
MYADML2,0.0,0,False
AC137723.5,0.0,0,False
NOTUM,0.0,0,False
RP11-498C9.17,0.0,0,False
ASPSCR1,168.0,157,False
STRA13,377.0,295,False
LRRC45,40.0,38,False
RAC3,5.0,5,False
DCXR,557.0,476,False
RP13-650J16.1,2.0,2,False
RFNG,79.0,46,False
GPS1,205.0,155,False
DUS1L,85.0,82,False
FASN,23.0,23,False
CCDC57,249.0,233,False
RP11-1376P16.2,0.0,0,False
RP11-1376P16.1,0.0,0,False
RP13-516M14.2,2.0,2,False
SLC16A3,272.0,194,False
CSNK1D,236.0,221,False
AC132872.2,19.0,18,False
RP13-516M14.4,24.0,23,False
RP13-516M14.1,9.0,9,False
CD7,1909.0,990,False
SECTM1,75.0,67,False
TEX19,0.0,0,False
UTS2R,0.0,0,False
RP13-20L14.1,0.0,0,False
OGFOD3,141.0,132,False
HEXDC,67.0,66,False
C17orf62,558.0,417,False
RP13-20L14.6,1.0,1,False
NARF,233.0,221,False
RP13-991F5.2,0.0,0,False
FOXK2,41.0,41,False
RP13-638C3.3,0.0,0,False
RP13-638C3.4,6.0,6,False
WDR45B,186.0,178,False
RAB40B,29.0,29,False
RP11-388C12.1,0.0,0,False
FN3KRP,187.0,153,False
RP11-388C12.5,0.0,0,False
FN3K,19.0,19,False
TBCD,100.0,96,False
RP11-567O16.1,0.0,0,False
ZNF750,0.0,0,False
RP11-497H17.1,0.0,0,False
B3GNTL1,38.0,37,False
RP11-1197K16.2,0.0,0,False
METRNL,55.0,54,False
AC144831.1,1.0,1,False
AC139099.4,0.0,0,False
AC139099.6,0.0,0,False
AC139099.5,0.0,0,False
AP005530.1,0.0,0,False
AP005530.2,0.0,0,False
RP11-683L23.1,0.0,0,False
USP14,173.0,165,False
THOC1,77.0,76,False
RP11-705O1.8,10.0,10,False
RP11-720L2.4,0.0,0,False
RP11-720L2.3,0.0,0,False
COLEC12,1.0,1,False
RP11-14P20.1,0.0,0,False
CETN1,0.0,0,False
CLUL1,0.0,0,False
C18orf56,0.0,0,False
RP11-806L2.2,1.0,1,False
TYMS,57.0,16,False
ENOSF1,76.0,74,False
RP11-806L2.6,0.0,0,False
YES1,25.0,7,False
RP11-769O8.1,0.0,0,False
RP11-769O8.2,0.0,0,False
RP11-672L10.6,9.0,9,False
RP11-672L10.3,0.0,0,False
ADCYAP1,0.0,0,False
RP11-672L10.1,0.0,0,False
RP11-689C9.1,0.0,0,False
RP11-78F17.1,0.0,0,False
LINC00470,0.0,0,False
RP11-476K15.1,0.0,0,False
CTD-2015H3.2,0.0,0,False
CTD-2015H3.1,0.0,0,False
RP11-161I6.2,0.0,0,False
METTL4,68.0,67,False
NDC80,21.0,20,False
SMCHD1,384.0,322,False
RP11-703M24.5,0.0,0,False
EMILIN2,89.0,80,False
LPIN2,136.0,126,False
RP11-737O24.5,1.0,1,False
RP11-737O24.2,2.0,2,False
RP11-737O24.1,0.0,0,False
MYOM1,4.0,4,False
RP13-270P17.2,2.0,2,False
RP13-270P17.3,42.0,36,False
MYL12A,8368.0,2348,False
RP13-270P17.1,4.0,4,False
MYL12B,4013.0,1881,False
RP11-838N2.5,0.0,0,False
RP11-838N2.3,0.0,0,False
TGIF1,204.0,193,False
RP11-838N2.4,1.0,1,False
DLGAP1,0.0,0,False
DLGAP1-AS1,71.0,67,False
DLGAP1-AS2,4.0,4,False
RP11-874J12.4,1.0,1,False
DLGAP1-AS3,0.0,0,False
DLGAP1-AS4,0.0,0,False
DLGAP1-AS5,0.0,0,False
RP11-172F10.1,0.0,0,False
RP11-92G19.2,0.0,0,False
C18orf42,0.0,0,False
RP11-190I17.2,0.0,0,False
RP11-835E18.5,0.0,0,False
LINC00667,211.0,203,False
LINC00526,35.0,35,False
ZBTB14,59.0,59,False
CTD-3096M3.1,0.0,0,False
CTD-3096M3.2,0.0,0,False
EPB41L3,62.0,55,False
RP11-286N3.1,0.0,0,False
RP11-286N3.2,0.0,0,False
RP11-945C19.1,0.0,0,False
TMEM200C,0.0,0,False
RP11-945C19.4,0.0,0,False
L3MBTL4,3.0,3,False
RP11-793A3.1,0.0,0,False
RP11-793A3.2,0.0,0,False
RP11-760N9.1,0.0,0,False
CTD-2124B20.2,0.0,0,False
C18orf64,0.0,0,False
RP11-91I8.1,0.0,0,False
RP11-91I8.3,0.0,0,False
ARHGAP28,0.0,0,False
RP11-146G7.2,0.0,0,False
LINC00668,0.0,0,False
LAMA1,0.0,0,False
RP11-781P6.1,0.0,0,False
RP11-76K13.3,0.0,0,False
LRRC30,0.0,0,False
PTPRM,3.0,3,False
RP11-678G15.2,0.0,0,False
AP001094.1,0.0,0,False
RP11-789C17.3,0.0,0,False
RP11-789C17.5,0.0,0,False
RAB12,4.0,3,False
RP11-661O13.1,0.0,0,False
RP11-674N23.1,0.0,0,False
SOGA2,0.0,0,False
NDUFV2,976.0,755,False
RP11-143J12.3,2.0,2,False
RP11-143J12.2,100.0,94,False
ANKRD12,999.0,785,False
RP11-888D10.3,0.0,0,False
TWSG1,21.0,21,False
RP11-61L19.2,0.0,0,False
RALBP1,207.0,167,False
PPP4R1,46.0,46,False
RP11-881L2.1,0.0,0,False
RP11-692N5.1,0.0,0,False
RAB31,165.0,139,False
TXNDC2,0.0,0,False
RP11-474N24.6,1.0,1,False
VAPA,1052.0,775,False
RP11-419J16.1,0.0,0,False
RP11-138E9.2,0.0,0,False
RP11-243E13.2,0.0,0,False
RP11-243E13.1,0.0,0,False
APCDD1,0.0,0,False
NAPG,68.0,62,False
RP11-883A18.3,0.0,0,False
RP11-856M7.6,0.0,0,False
RP11-856M7.4,0.0,0,False
RP11-856M7.1,0.0,0,False
PIEZO2,0.0,0,False
RP11-856M7.2,0.0,0,False
RP11-513M1.1,0.0,0,False
RP11-128P17.2,0.0,0,False
RP11-128P17.4,0.0,0,False
RP11-128P17.3,0.0,0,False
RP11-128P17.1,0.0,0,False
RP11-712C7.1,0.0,0,False
RP11-677O4.6,0.0,0,False
RP11-677O4.2,0.0,0,False
GNAL,9.0,9,False
RP11-78A19.2,0.0,0,False
CHMP1B,973.0,697,False
RP11-78A19.3,11.0,11,False
RP11-78A19.4,0.0,0,False
MPPE1,211.0,199,False
RP11-820I16.4,20.0,20,False
RP11-820I16.1,0.0,0,False
IMPA2,94.0,90,False
RP11-820I16.3,0.0,0,False
RP11-703I16.1,0.0,0,False
RP11-815J4.1,0.0,0,False
ANKRD62,0.0,0,False
RP11-64C12.4,0.0,0,False
RP11-64C12.6,0.0,0,False
CIDEA,0.0,0,False
RP11-64C12.8,0.0,0,False
TUBB6,76.0,69,False
AFG3L2,88.0,86,False
SLMO1,2.0,2,False
RP11-861E21.1,0.0,0,False
RP11-861E21.2,0.0,0,False
SPIRE1,3.0,3,False
AP005482.1,0.0,0,False
PSMG2,655.0,499,False
CEP76,10.0,10,False
RP11-973H7.5,0.0,0,False
RP11-973H7.4,15.0,15,False
RP11-973H7.1,8.0,8,False
PTPN2,469.0,429,False
SEH1L,62.0,62,False
RP11-773H22.4,0.0,0,False
CEP192,30.0,30,False
RP11-794M8.2,0.0,0,False
RP11-794M8.1,0.0,0,False
LDLRAD4,80.0,76,False
RP11-756J15.3,0.0,0,False
RP11-691H4.3,0.0,0,False
LDLRAD4-AS1,0.0,0,False
RP11-691H4.4,0.0,0,False
RP11-53B2.1,0.0,0,False
RP11-53B2.5,0.0,0,False
RP11-53B2.3,2.0,2,False
RP11-53B2.4,0.0,0,False
RP11-701H16.4,1.0,1,False
FAM210A,54.0,54,False
RNMT,122.0,117,False
MC5R,0.0,0,False
MC2R,0.0,0,False
ZNF519,13.0,13,False
RP11-411B10.2,0.0,0,False
RP11-411B10.3,1.0,1,False
RP11-757O6.1,0.0,0,False
CYP4F35P,4.0,4,False
CXADRP3,0.0,0,False
POTEC,0.0,0,False
ANKRD30B,0.0,0,False
RP11-1157N2__B.2,0.0,0,False
RP11-527H14.6,0.0,0,False
RP11-527H14.4,0.0,0,False
RP11-527H14.2,0.0,0,False
RP11-527H14.3,0.0,0,False
RP11-527H14.1,0.0,0,False
RP11-805F19.2,0.0,0,False
RP11-805F19.1,0.0,0,False
ROCK1,430.0,389,False
RP11-699A5.2,0.0,0,False
GREB1L,0.0,0,False
RP11-296E23.1,0.0,0,False
ESCO1,52.0,50,False
SNRPD1,700.0,579,False
RP11-13N13.2,1.0,1,False
ABHD3,203.0,186,False
RP11-13N13.6,0.0,0,False
MIB1,18.0,18,False
MIR1-2,1.0,1,False
RP11-268I9.3,0.0,0,False
RP11-595B24.1,0.0,0,False
RP11-595B24.2,0.0,0,False
GATA6-AS1,0.0,0,False
GATA6,1.0,1,False
RP11-627G18.2,0.0,0,False
RP11-627G18.1,0.0,0,False
RP11-627G18.4,0.0,0,False
RP11-535A5.1,15.0,14,False
CTAGE1,0.0,0,False
RP11-739L10.1,0.0,0,False
RP11-370A5.1,2.0,2,False
RBBP8,19.0,17,False
CABLES1,3.0,3,False
TMEM241,8.0,8,False
RP11-17J14.2,2.0,2,False
RIOK3,176.0,164,False
C18orf8,139.0,130,False
NPC1,40.0,38,False
ANKRD29,2.0,2,False
LAMA3,0.0,0,False
RP11-403A21.1,3.0,3,False
TTC39C,417.0,359,False
RP11-403A21.2,64.0,57,False
RP11-403A21.3,0.0,0,False
RP11-799B12.2,0.0,0,False
CABYR,0.0,0,False
RP11-799B12.4,1.0,1,False
OSBPL1A,30.0,12,False
RP11-621L6.2,0.0,0,False
RP11-621L6.3,0.0,0,False
IMPACT,56.0,54,False
HRH4,0.0,0,False
RP11-178F10.2,0.0,0,False
RP11-178F10.3,0.0,0,False
RP11-449D8.1,0.0,0,False
RP11-449D8.2,0.0,0,False
RP11-449D8.5,0.0,0,False
RP11-958F21.1,0.0,0,False
RP11-958F21.3,0.0,0,False
ZNF521,1.0,1,False
CTD-2006O16.2,0.0,0,False
SS18,45.0,45,False
PSMA8,3.0,3,False
TAF4B,24.0,24,False
RP11-107K17.1,0.0,0,False
KCTD1,6.0,6,False
AQP4-AS1,0.0,0,False
U3,0.0,0,False
RP11-17A19.2,0.0,0,False
RP11-552O4.1,0.0,0,False
AQP4,0.0,0,False
CHST9,0.0,0,False
RP11-57J16.1,0.0,0,False
RP11-739N10.1,0.0,0,False
RP11-26N15.2,0.0,0,False
RP11-612A1.1,0.0,0,False
CDH2,0.0,0,False
AC015933.2,0.0,0,False
RP11-510D21.1,0.0,0,False
CTD-2515C13.2,0.0,0,False
RP11-784B15.1,0.0,0,False
RP11-675P14.1,0.0,0,False
RP11-25I11.1,0.0,0,False
DSC3,0.0,0,False
RP11-408H20.1,0.0,0,False
DSC2,4.0,4,False
RP11-408H20.2,0.0,0,False
DSC1,1.0,1,False
RP11-408H20.3,0.0,0,False
DSG1,0.0,0,False
RP11-534N16.1,0.0,0,False
DSG4,0.0,0,False
DSG3,0.0,0,False
RP11-650P15.1,0.0,0,False
DSG2,1.0,1,False
RP11-75N4.2,0.0,0,False
TTR,0.0,0,False
B4GALT6,6.0,6,False
RP11-549B18.1,1.0,1,False
SLC25A52,0.0,0,False
TRAPPC8,52.0,52,False
RP11-210K20.2,0.0,0,False
RP11-326K13.4,28.0,28,False
RNF125,220.0,175,False
RP11-53I6.3,24.0,22,False
RNF138,229.0,218,False
RP11-53I6.4,0.0,0,False
GAREM,0.0,0,False
MEP1B,0.0,0,False
RP11-344B2.2,0.0,0,False
AC021224.1,0.0,0,False
RP11-386P4.1,0.0,0,False
KLHL14,6.0,6,False
AC012123.1,1.0,1,False
RP11-746B8.1,0.0,0,False
CCDC178,0.0,0,False
RP11-680N20.1,0.0,0,False
RP11-258B16.1,0.0,0,False
ASXL3,0.0,0,False
NOL4,0.0,0,False
RP11-379L18.1,0.0,0,False
DTNA,3.0,3,False
RP11-138H11.1,0.0,0,False
MAPRE2,218.0,207,False
ZNF397,55.0,50,False
ZSCAN30,11.0,11,False
RP11-158H5.7,2.0,2,False
ZNF24,321.0,293,False
ZNF396,3.0,3,False
RP11-322E11.5,0.0,0,False
RP11-322E11.6,0.0,0,False
INO80C,154.0,128,False
GALNT1,85.0,78,False
RP11-873E20.1,3.0,3,False
RP11-905K4.1,0.0,0,False
C18orf21,190.0,134,False
RPRD1A,113.0,112,False
SLC39A6,81.0,77,False
ELP2,150.0,145,False
RP11-49I11.1,0.0,0,False
MOCOS,1.0,1,False
FHOD3,0.0,0,False
TPGS2,149.0,141,False
KIAA1328,50.0,49,False
RP11-58G13.1,0.0,0,False
RP11-95O2.1,0.0,0,False
CELF4,0.0,0,False
RP11-95O2.5,0.0,0,False
RP11-797E24.3,0.0,0,False
RP11-687D19.1,0.0,0,False
LINC00669,0.0,0,False
RP11-636O21.1,0.0,0,False
RP11-653G8.2,0.0,0,False
RP11-142I20.1,0.0,0,False
PIK3C3,77.0,77,False
LINC00907,0.0,0,False
RIT2,0.0,0,False
SYT4,0.0,0,False
CTC-782O7.1,0.0,0,False
RP11-456K23.1,1.0,1,False
SETBP1,19.0,19,False
RP11-846C15.2,0.0,0,False
SLC14A2,4.0,4,False
RP11-309E23.2,0.0,0,False
RP11-116O18.3,0.0,0,False
SLC14A1,7.0,7,False
SIGLEC15,0.0,0,False
EPG5,44.0,43,False
PSTPIP2,82.0,79,False
ATP5A1,1752.0,1119,False
HAUS1,225.0,184,False
C18orf25,49.0,48,False
RNF165,6.0,5,False
LOXHD1,2.0,2,False
ST8SIA5,0.0,0,False
RP11-687F6.1,1.0,1,False
PIAS2,41.0,41,False
KATNAL2,1.0,1,False
TCEB3CL2,0.0,0,False
TCEB3CL,0.0,0,False
TCEB3C,0.0,0,False
TCEB3B,0.0,0,False
RP11-49K24.4,0.0,0,False
RP11-49K24.8,2.0,2,False
HDHD2,128.0,120,False
IER3IP1,0.0,0,False
IER3IP1-1,404.0,379,False
SKOR2,0.0,0,False
CTD-2130O13.1,0.0,0,False
RP11-157P23.2,0.0,0,False
SMAD2,181.0,176,False
ZBTB7C,1.0,1,False
AC091150.1,0.0,0,False
CTIF,3.0,3,False
RP11-426J5.2,0.0,0,False
RP11-484L8.1,0.0,0,False
SMAD7,18.0,18,False
RP11-1058N17.1,0.0,0,False
RP11-15F12.1,0.0,0,False
DYM,88.0,82,False
RP11-15F12.3,0.0,0,False
RP11-30L3.2,0.0,0,False
C18orf32,366.0,330,False
RPL17-C18orf32,0.0,0,False
MIR1539,0.0,0,False
RPL17,15413.0,2587,False
RP11-110H1.8,0.0,0,False
LIPG,0.0,0,False
RP11-813F20.2,0.0,0,False
ACAA2,262.0,235,False
RP11-886H22.1,0.0,0,False
SCARNA17,0.0,0,False
MYO5B,2.0,2,False
CCDC11,2.0,1,False
MBD1,108.0,104,False
CXXC1,208.0,163,False
RP11-1030E3.1,0.0,0,False
SKA1,3.0,3,False
MAPK4,0.0,0,False
MRO,0.0,0,False
ME2,176.0,164,False
ELAC1,88.0,85,False
RP11-729L2.2,0.0,0,False
SMAD4,36.0,36,False
MEX3C,32.0,31,False
RP11-267C16.1,0.0,0,False
RP11-25O3.1,0.0,0,False
DCC,0.0,0,False
RP11-671P2.1,0.0,0,False
RP11-202D1.3,0.0,0,False
RP11-202D1.2,0.0,0,False
MBD2,91.0,85,False
POLI,28.0,26,False
STARD6,0.0,0,False
C18orf54,2.0,2,False
DYNAP,0.0,0,False
RAB27B,27.0,23,False
RP11-99A1.2,0.0,0,False
RP11-839G9.1,0.0,0,False
CCDC68,0.0,0,False
CTD-2171N6.1,0.0,0,False
TCF4,88.0,80,False
RP11-619L19.1,0.0,0,False
RP11-619L19.2,0.0,0,False
RP11-397A16.1,0.0,0,False
RP11-397A16.2,1.0,1,False
RP11-397A16.3,0.0,0,False
RP11-214L13.1,0.0,0,False
CTD-2008L17.1,0.0,0,False
CTD-2008L17.2,0.0,0,False
RP11-456O19.2,0.0,0,False
RP11-456O19.5,0.0,0,False
RP11-456O19.4,0.0,0,False
RP11-456O19.3,0.0,0,False
TXNL1,579.0,486,False
WDR7,20.0,19,False
RP11-383D22.1,0.0,0,False
LINC-ROR,0.0,0,False
CTD-2526M8.3,0.0,0,False
BOD1L2,0.0,0,False
CTD-2526M8.2,0.0,0,False
ST8SIA3,0.0,0,False
ONECUT2,0.0,0,False
FECH,59.0,58,False
NARS,308.0,249,False
RP11-35G9.3,105.0,102,False
RP11-35G9.5,0.0,0,False
ATP8B1,6.0,6,False
RP11-693L9.2,0.0,0,False
NEDD4L,7.0,7,False
RP11-718I15.1,0.0,0,False
RP11-845C23.3,0.0,0,False
RP11-1151B14.2,0.0,0,False
RP11-1151B14.3,0.0,0,False
ALPK2,1.0,1,False
RP11-1151B14.4,5.0,4,False
RP11-126O1.2,0.0,0,False
RP11-126O1.5,1.0,1,False
MALT1,172.0,125,False
RP11-126O1.4,0.0,0,False
RP11-108P20.1,12.0,12,False
RP11-108P20.3,0.0,0,False
RP11-108P20.2,0.0,0,False
RP11-108P20.4,0.0,0,False
ZNF532,7.0,7,False
RP11-685A21.1,0.0,0,False
SEC11C,555.0,443,False
GRP,0.0,0,False
RAX,0.0,0,False
CPLX4,0.0,0,False
LMAN1,147.0,135,False
RP11-27G24.1,0.0,0,False
CCBE1,2.0,2,False
RP11-27G24.3,0.0,0,False
RP11-760L24.1,0.0,0,False
RP11-2N1.1,0.0,0,False
RP11-2N1.2,0.0,0,False
PMAIP1,483.0,354,False
RP11-866E20.3,0.0,0,False
RP11-795H16.3,0.0,0,False
RP11-396N11.1,0.0,0,False
MC4R,0.0,0,False
RP11-325K19.1,0.0,0,False
CDH20,3.0,3,False
RP11-879F14.3,0.0,0,False
RP11-879F14.2,9.0,5,False
RP11-879F14.1,1.0,1,False
RP11-1096D5.2,0.0,0,False
RP11-1096D5.1,0.0,0,False
RNF152,0.0,0,False
PIGN,21.0,21,False
KIAA1468,37.0,36,False
RP11-173A16.1,0.0,0,False
TNFRSF11A,3.0,3,False
RP11-640A1.3,0.0,0,False
ZCCHC2,47.0,47,False
PHLPP1,4.0,4,False
AC015989.1,0.0,0,False
AC015989.2,0.0,0,False
BCL2,239.0,209,False
KDSR,140.0,137,False
RP11-635N19.1,24.0,24,False
VPS4B,244.0,232,False
SERPINB5,0.0,0,False
SERPINB12,0.0,0,False
SERPINB13,0.0,0,False
SERPINB4,0.0,0,False
SERPINB3,0.0,0,False
SERPINB7,0.0,0,False
SERPINB2,3.0,3,False
SERPINB10,1.0,1,False
AC009802.1,0.0,0,False
HMSD,0.0,0,False
SERPINB8,45.0,43,False
LINC00305,0.0,0,False
RP11-146N18.1,0.0,0,False
AC100848.1,0.0,0,False
RP11-909B2.1,0.0,0,False
AC007948.1,0.0,0,False
AC007631.1,0.0,0,False
RP11-453M23.1,0.0,0,False
RP11-775G23.1,0.0,0,False
CDH7,0.0,0,False
RP11-389J22.3,0.0,0,False
CDH19,0.0,0,False
CTD-2541J13.1,0.0,0,False
DSEL,13.0,13,False
CTD-2541J13.2,0.0,0,False
RP11-638L3.1,0.0,0,False
RP11-28O3.2,0.0,0,False
RP11-638L3.3,0.0,0,False
RP11-659F24.1,0.0,0,False
RP11-526H11.1,0.0,0,False
RP11-421N8.2,0.0,0,False
RP11-128D14.1,0.0,0,False
TMX3,101.0,80,False
CCDC102B,15.0,15,False
RP11-106E15.1,0.0,0,False
RP11-861L17.3,0.0,0,False
RP11-674P19.2,0.0,0,False
DOK6,5.0,5,False
RP11-465I4.2,0.0,0,False
RP11-543H23.2,0.0,0,False
CD226,52.0,50,False
RTTN,12.0,12,False
SOCS6,13.0,13,False
RP11-41O4.1,0.0,0,False
RP11-484N16.1,0.0,0,False
RP11-41O4.2,0.0,0,False
GTSCR1,11.0,11,False
RP11-384E22.1,0.0,0,False
RP11-47G4.2,0.0,0,False
RP11-510D19.1,0.0,0,False
RP11-723G8.2,0.0,0,False
RP11-723G8.1,0.0,0,False
RP11-736G13.1,0.0,0,False
CBLN2,0.0,0,False
NETO1,2.0,2,False
RP11-676J15.1,2.0,2,False
RP11-169F17.1,0.0,0,False
RP11-126K15.1,0.0,0,False
RP11-25L3.3,0.0,0,False
FBXO15,2.0,2,False
TIMM21,47.0,47,False
RP11-669I1.1,0.0,0,False
CYB5A,292.0,264,False
C18orf63,0.0,0,False
RP11-231E4.2,0.0,0,False
FAM69C,0.0,0,False
CNDP2,348.0,268,False
CNDP1,0.0,0,False
RP11-231E4.3,0.0,0,False
LINC00909,81.0,78,False
ZNF407,15.0,14,False
ZADH2,76.0,73,False
TSHZ1,31.0,31,False
RP11-321M21.3,0.0,0,False
SMIM21,0.0,0,False
RP11-321M21.1,0.0,0,False
RP11-704C2.1,0.0,0,False
RP11-173L6.1,0.0,0,False
RP11-357H3.1,0.0,0,False
RP11-94B19.6,0.0,0,False
RP11-94B19.1,0.0,0,False
RP11-94B19.5,0.0,0,False
RP11-94B19.2,0.0,0,False
RP11-94B19.7,0.0,0,False
RP11-94B19.3,0.0,0,False
RP11-94B19.4,0.0,0,False
ZNF516,31.0,30,False
RP11-504I13.3,0.0,0,False
RP11-17M16.2,2.0,2,False
RP11-17M16.1,4.0,4,False
LINC00908,0.0,0,False
LINC00683,0.0,0,False
RP11-111H3.3,0.0,0,False
AC034110.1,0.0,0,False
RP11-162A12.2,4.0,4,False
ZNF236,44.0,43,False
RP11-862L9.3,7.0,6,False
MBP,300.0,271,False
RP11-751H17.1,0.0,0,False
GALR1,0.0,0,False
RP11-176N18.2,0.0,0,False
RP11-63N3.1,0.0,0,False
LINC01029,0.0,0,False
RP11-671C19.2,0.0,0,False
RP11-100K18.1,0.0,0,False
RP11-451L19.1,0.0,0,False
RP11-123I22.1,0.0,0,False
RP11-715C4.1,0.0,0,False
CTD-2382H12.2,0.0,0,False
CTD-2382H12.1,0.0,0,False
RP11-849I19.1,0.0,0,False
SALL3,0.0,0,False
ATP9B,50.0,48,False
RP11-1136J12.1,1.0,1,False
RP11-800A18.4,0.0,0,False
NFATC1,116.0,98,False
AC018445.1,0.0,0,False
RP11-567M16.2,0.0,0,False
RP11-567M16.3,0.0,0,False
CTDP1,75.0,74,False
RP11-567M16.5,0.0,0,False
RP11-154H12.2,0.0,0,False
RP11-154H12.3,0.0,0,False
KCNG2,1.0,1,False
PQLC1,75.0,73,False
HSBP1L1,90.0,84,False
TXNL4A,440.0,399,False
RP11-795F19.5,0.0,0,False
RBFA,105.0,96,False
ADNP2,22.0,22,False
AC139100.2,3.0,3,False
PARD6G,1.0,1,False
AC139100.3,0.0,0,False
DEFB125,0.0,0,False
DEFB126,0.0,0,False
DEFB127,0.0,0,False
DEFB128,0.0,0,False
DEFB129,0.0,0,False
DEFB132,0.0,0,False
RP5-1103G7.10,0.0,0,False
C20orf96,18.0,18,False
ZCCHC3,31.0,31,False
RP5-1103G7.4,10.0,9,False
SOX12,3.0,3,False
NRSN2,1.0,1,False
TRIB3,35.0,35,False
RBCK1,754.0,562,False
TBC1D20,91.0,91,False
CSNK2A1,148.0,144,False
TCF15,0.0,0,False
SRXN1,6.0,6,False
RP5-850E9.3,0.0,0,False
SCRT2,0.0,0,False
SLC52A3,0.0,0,False
FAM110A,288.0,209,False
ANGPT4,0.0,0,False
RSPO4,0.0,0,False
PSMF1,505.0,420,False
TMEM74B,0.0,0,False
C20orf202,0.0,0,False
RAD21L1,0.0,0,False
SNPH,6.0,5,False
SDCBP2,5.0,5,False
SDCBP2-AS1,25.0,25,False
AL136531.1,1.0,1,False
RP11-314N13.3,8.0,6,False
FKBP1A,2403.0,1247,False
NSFL1C,319.0,284,False
SIRPB2,15.0,14,False
SIRPD,7.0,7,False
RP4-576H24.4,2.0,2,False
SIRPB1,105.0,100,False
SIRPG,188.0,160,False
RP11-77C3.3,0.0,0,False
RP5-968J1.1,0.0,0,False
SIRPA,59.0,56,False
RP4-684O24.5,3.0,3,False
PDYN,0.0,0,False
STK35,17.0,17,False
RP11-128M1.1,6.0,6,False
TGM3,0.0,0,False
TGM6,0.0,0,False
SNRPB,1367.0,929,False
RP4-734P14.4,0.0,0,False
ZNF343,11.0,11,False
TMC2,0.0,0,False
NOP56,464.0,390,False
IDH3B,539.0,468,False
RP4-686C3.7,0.0,0,False
EBF4,1.0,1,False
CPXM1,0.0,0,False
TMEM239,0.0,0,False
TMEM239-1,0.0,0,False
C20orf141,0.0,0,False
PCED1A,43.0,43,False
VPS16,107.0,106,False
PTPRA,186.0,181,False
GNRH2,0.0,0,False
MRPS26,400.0,360,False
OXT,5.0,5,False
AVP,4.0,2,False
UBOX5-AS1,1.0,1,False
UBOX5,28.0,28,False
FASTKD5,43.0,43,False
LZTS3,2.0,2,False
DDRGK1,355.0,322,False
ITPA,460.0,339,False
SLC4A11,0.0,0,False
C20orf194,33.0,32,False
ATRN,23.0,23,False
GFRA4,0.0,0,False
ADAM33,0.0,0,False
SIGLEC1,63.0,59,False
HSPA12B,0.0,0,False
C20orf27,481.0,347,False
SPEF1,0.0,0,False
CENPB,40.0,40,False
CDC25B,283.0,240,False
AP5S1,31.0,30,False
MAVS,32.0,31,False
RP11-119B16.2,24.0,24,False
PANK2,251.0,222,False
RNF24,58.0,58,False
RP11-352D3.2,0.0,0,False
SMOX,18.0,9,False
RP4-779E11.3,0.0,0,False
ADRA1D,0.0,0,False
RP11-307O10.1,0.0,0,False
RP5-1164C1.2,0.0,0,False
PRNP,349.0,281,False
PRND,2.0,2,False
PRNT,0.0,0,False
RASSF2,119.0,113,False
SLC23A2,27.0,26,False
TMEM230,1040.0,836,False
PCNA,249.0,162,False
CDS2,193.0,179,False
PROKR2,0.0,0,False
LINC00658,0.0,0,False
RP5-828H9.1,0.0,0,False
LINC00654,2.0,2,False
RP5-1022P6.7,0.0,0,False
RP5-1022P6.4,0.0,0,False
RP5-1022P6.5,0.0,0,False
GPCPD1,145.0,140,False
C20orf196,77.0,69,False
CHGB,6.0,6,False
TRMT6,91.0,84,False
MCM8,9.0,9,False
CRLS1,210.0,167,False
LRRN4,0.0,0,False
FERMT1,0.0,0,False
CASC20,0.0,0,False
RP5-859D4.3,0.0,0,False
BMP2,0.0,0,False
RP4-764O22.1,0.0,0,False
RP4-764O22.2,0.0,0,False
RP11-19D2.1,0.0,0,False
RP11-19D2.2,0.0,0,False
RP5-988G17.1,0.0,0,False
HAO1,0.0,0,False
TMX4,216.0,198,False
RP5-971N18.3,1.0,1,False
PLCB1,19.0,18,False
PLCB4,0.0,0,False
RP5-1119D9.4,0.0,0,False
LAMP5,5.0,3,False
PAK7,0.0,0,False
RP5-986I17.2,0.0,0,False
RP5-839B4.8,0.0,0,False
ANKEF1,14.0,11,False
SNAP25-AS1,0.0,0,False
RP11-416N4.4,0.0,0,False
RP11-416N4.1,0.0,0,False
SNAP25,1.0,1,False
MKKS,381.0,297,False
SLX4IP,13.0,13,False
JAG1,0.0,0,False
RP11-103J8.1,0.0,0,False
RP1-278O22.1,0.0,0,False
RP1-278O22.2,0.0,0,False
RP4-697P8.3,0.0,0,False
RP11-103J8.2,0.0,0,False
C20orf187,0.0,0,False
RP4-734C18.1,0.0,0,False
RP11-268G13.1,0.0,0,False
LINC00687,0.0,0,False
BTBD3,5.0,5,False
RP4-742J24.2,0.0,0,False
RP4-796I8.1,0.0,0,False
RP11-102J14.1,0.0,0,False
RP5-1069C8.2,0.0,0,False
RP5-1069C8.3,0.0,0,False
RP11-157E14.1,0.0,0,False
SPTLC3,4.0,4,False
ISM1,1.0,1,False
ISM1-AS1,0.0,0,False
RP5-1077I2.3,0.0,0,False
TASP1,106.0,74,False
ESF1,90.0,84,False
NDUFAF5,31.0,31,False
SEL1L2,0.0,0,False
MACROD2,24.0,22,False
FLRT3,0.0,0,False
MACROD2-AS1,0.0,0,False
RP5-974N19.1,0.0,0,False
RP11-388K2.1,0.0,0,False
KIF16B,31.0,27,False
RP4-705D16.3,0.0,0,False
SNRPB2,391.0,355,False
OTOR,0.0,0,False
RP5-1195D24.1,0.0,0,False
PCSK2,0.0,0,False
BFSP1,6.0,6,False
DSTN,624.0,533,False
RRBP1,95.0,87,False
BANF2,0.0,0,False
RP5-905G11.3,0.0,0,False
SNX5,363.0,291,False
OVOL2,0.0,0,False
MGME1,92.0,91,False
RP4-726N1.2,0.0,0,False
PET117,151.0,147,False
CSRP2BP,32.0,32,False
ZNF133,18.0,17,False
RP4-568F9.3,0.0,0,False
RP4-568F9.6,0.0,0,False
LINC00851,0.0,0,False
DZANK1,5.0,5,False
POLR3F,58.0,57,False
RBBP9,6.0,6,False
SEC23B,114.0,108,False
LINC00493,628.0,513,False
DTD1,258.0,247,False
RP11-379J5.5,0.0,0,False
LINC00652,0.0,0,False
RP5-1068E13.7,39.0,38,False
C20orf78,0.0,0,False
SCP2D1,0.0,0,False
SLC24A3,1.0,1,False
RP11-97N19.2,0.0,0,False
RP5-1027G4.3,0.0,0,False
AL121761.2,0.0,0,False
RP1-122P22.2,1.0,1,False
RIN2,6.0,6,False
NAA20,476.0,368,False
CRNKL1,79.0,76,False
C20orf26,0.0,0,False
RP5-1002M8.4,0.0,0,False
RP5-1178H5.2,0.0,0,False
RP5-1096J16.1,0.0,0,False
INSM1,0.0,0,False
RALGAPA2,61.0,58,False
RP5-1177M21.1,0.0,0,False
LINC00237,2.0,2,False
RP5-872K7.7,0.0,0,False
RP4-777D9.2,0.0,0,False
XRN2,436.0,375,False
NKX2-4,0.0,0,False
RP11-227D2.3,0.0,0,False
NKX2-2,0.0,0,False
NKX2-2-AS1,0.0,0,False
RP5-984P4.4,0.0,0,False
PAX1,0.0,0,False
RP5-1185K9.1,0.0,0,False
RP11-125P18.1,0.0,0,False
RP5-1097P24.1,0.0,0,False
RP5-828K20.2,0.0,0,False
RP5-1004I9.1,0.0,0,False
LINC00261,0.0,0,False
FOXA2,0.0,0,False
RP4-788L20.3,0.0,0,False
RP11-359G22.2,0.0,0,False
RP4-753D10.5,0.0,0,False
SSTR4,0.0,0,False
THBD,12.0,12,False
CD93,65.0,46,False
LINC00656,3.0,3,False
RP4-737E23.2,0.0,0,False
RP3-322G13.7,0.0,0,False
AL096677.1,0.0,0,False
NXT1,411.0,363,False
RP3-322G13.5,10.0,10,False
GZF1,31.0,30,False
NAPB,42.0,41,False
CSTL1,0.0,0,False
CST11,1.0,1,False
CST8,0.0,0,False
RP3-333B15.4,0.0,0,False
CST9L,0.0,0,False
CST9,0.0,0,False
CST3,11857.0,1075,False
RP11-218C14.8,0.0,0,False
RP11-218C14.5,0.0,0,False
CST4,0.0,0,False
CST1,0.0,0,False
XXyac-YX60D10.1,0.0,0,False
CST2,0.0,0,False
CST5,0.0,0,False
GGTLC1,0.0,0,False
RP5-1100I6.1,0.0,0,False
RP5-1100I6.2,0.0,0,False
RP4-564O4.1,0.0,0,False
SYNDIG1,0.0,0,False
RP11-526K17.2,0.0,0,False
RP5-860P4.2,0.0,0,False
CST7,1586.0,535,False
APMAP,466.0,331,False
ACSS1,149.0,146,False
VSX1,0.0,0,False
RP4-738P15.1,0.0,0,False
ENTPD6,76.0,75,False
AL035252.1,0.0,0,False
PYGB,49.0,49,False
ABHD12,143.0,89,False
GINS1,2.0,2,False
NINL,1.0,1,False
NANP,10.0,9,False
ZNF337-AS1,17.0,16,False
ZNF337,22.0,22,False
RP13-401N8.1,0.0,0,False
FAM182B,1.0,1,False
RP4-760C5.5,0.0,0,False
RP4-760C5.3,0.0,0,False
RP13-329D4.3,0.0,0,False
RP3-410C9.2,0.0,0,False
RP4-610C12.4,0.0,0,False
RP4-610C12.3,8.0,8,False
RP4-610C12.1,0.0,0,False
FRG1B,308.0,277,False
DEFB115,0.0,0,False
DEFB116,0.0,0,False
DEFB118,0.0,0,False
DEFB119,0.0,0,False
DEFB121,0.0,0,False
DEFB123,0.0,0,False
DEFB124,0.0,0,False
REM1,0.0,0,False
LINC00028,0.0,0,False
HM13,441.0,383,False
HM13-AS1,1.0,1,False
ID1,268.0,164,False
COX4I2,0.0,0,False
BCL2L1,85.0,81,False
RP11-243J16.7,7.0,7,False
AL160175.1,0.0,0,False
TPX2,5.0,5,False
MYLK2,0.0,0,False
FOXS1,0.0,0,False
DUSP15,0.0,0,False
TTLL9,0.0,0,False
PDRG1,117.0,113,False
XKR7,0.0,0,False
CCM2L,0.0,0,False
RP1-310O13.7,0.0,0,False
HCK,692.0,402,False
TM9SF4,99.0,94,False
PLAGL2,94.0,60,False
POFUT1,36.0,36,False
KIF3B,38.0,37,False
ASXL1,165.0,155,False
C20orf112,66.0,66,False
RP5-1184F4.5,0.0,0,False
RP11-410N8.3,0.0,0,False
RP11-410N8.1,0.0,0,False
RP11-410N8.4,0.0,0,False
C20orf203,2.0,2,False
COMMD7,533.0,455,False
DNMT3B,0.0,0,False
MAPRE1,488.0,425,False
RP5-1085F17.4,0.0,0,False
RP5-1085F17.3,9.0,9,False
EFCAB8,0.0,0,False
SUN5,0.0,0,False
BPIFB2,0.0,0,False
BPIFB6,0.0,0,False
BPIFB3,0.0,0,False
BPIFB4,0.0,0,False
BPIFA2,0.0,0,False
RP11-49G10.3,0.0,0,False
BPIFA3,0.0,0,False
AL121901.1,0.0,0,False
BPIFA1,0.0,0,False
BPIFB1,0.0,0,False
CDK5RAP1,101.0,94,False
SNTA1,8.0,7,False
CBFA2T2,88.0,85,False
RP1-63M2.6,0.0,0,False
NECAB3,59.0,30,False
C20orf144,1.0,1,False
ACTL10,16.0,16,False
RP1-63M2.5,0.0,0,False
E2F1,18.0,18,False
PXMP4,83.0,43,False
RP4-553F4.2,0.0,0,False
ZNF341,14.0,12,False
RP4-553F4.6,2.0,2,False
CHMP4B,564.0,472,False
RP5-1125A11.1,10.0,9,False
RALY,871.0,611,False
RP5-1125A11.4,0.0,0,False
RP1-64K7.4,0.0,0,False
EIF2S2,960.0,723,False
ASIP,1.0,1,False
AHCY,161.0,139,False
ITCH,59.0,53,False
ITCH-AS1,2.0,2,False
DYNLRB1,995.0,761,False
MAP1LC3A,39.0,39,False
PIGU,100.0,63,False
NCOA6,42.0,41,False
TP53INP2,15.0,14,False
GGT7,42.0,41,False
ACSS2,37.0,36,False
GSS,96.0,94,False
MYH7B,2.0,2,False
TRPC4AP,174.0,154,False
EDEM2,172.0,164,False
PROCR,20.0,19,False
RP4-614O4.12,2.0,2,False
MMP24-AS1,370.0,330,False
MMP24,0.0,0,False
RP4-614O4.11,1.0,1,False
EIF6,760.0,609,False
FAM83C-AS1,1.0,1,False
FAM83C,0.0,0,False
UQCC1,94.0,66,False
GDF5OS,0.0,0,False
GDF5,0.0,0,False
CEP250,40.0,40,False
RP3-477O4.14,58.0,57,False
RP3-477O4.16,3.0,3,False
C20orf173,0.0,0,False
ERGIC3,922.0,682,False
SPAG4,17.0,17,False
CPNE1,102.0,97,False
RP1-309K20.6,0.0,0,False
RBM12,72.0,68,False
NFS1,44.0,44,False
ROMO1,395.0,353,False
RBM39,1384.0,954,False
PHF20,296.0,272,False
SCAND1,1074.0,815,False
CNBD2,2.0,2,False
LINC00657,151.0,143,False
RP4-550H1.4,0.0,0,False
RP4-550H1.5,0.0,0,False
EPB41L1,0.0,0,False
RP11-234K24.3,0.0,0,False
AL121895.1,0.0,0,False
AAR2,72.0,63,False
DLGAP4,137.0,123,False
RP5-977B1.7,2.0,2,False
MYL9,51.0,27,False
RP5-977B1.11,2.0,2,False
TGIF2,47.0,44,False
TGIF2-C20orf24,0.0,0,False
C20orf24,1143.0,829,False
SLA2,126.0,118,False
NDRG3,92.0,92,False
DSN1,31.0,31,False
SOGA1,17.0,17,False
TLDC2,5.0,5,False
SAMHD1,857.0,653,False
RBL1,30.0,30,False
RBL1-1,3.0,3,False
MROH8,0.0,0,False
RPN2,812.0,602,False
GHRH,0.0,0,False
MANBAL,78.0,76,False
SRC,20.0,20,False
BLCAP,258.0,212,False
NNAT,0.0,0,False
LINC00489,0.0,0,False
RP4-640H8.2,0.0,0,False
CTNNBL1,351.0,275,False
VSTM2L,0.0,0,False
TTI1,36.0,35,False
RPRD1B,24.0,24,False
TGM2,3.0,3,False
KIAA1755,0.0,0,False
BPI,0.0,0,False
CTD-2308N23.2,0.0,0,False
LBP,0.0,0,False
RP4-564F22.5,2.0,2,False
SNORA71B,0.0,0,False
RALGAPB,43.0,43,False
ADIG,0.0,0,False
ARHGAP40,0.0,0,False
SLC32A1,0.0,0,False
ACTR5,27.0,27,False
PPP1R16B,35.0,34,False
FAM83D,3.0,2,False
RP4-616B8.4,1.0,1,False
DHX35,25.0,25,False
RP4-705O1.1,0.0,0,False
RP5-1031J8.1,0.0,0,False
RP11-101E14.2,0.0,0,False
RP11-101E14.3,0.0,0,False
RP1-191L6.2,0.0,0,False
MAFB,410.0,260,False
RP4-644L1.2,0.0,0,False
TOP1,209.0,184,False
RP1-1J6.2,0.0,0,False
PLCG1,80.0,78,False
ZHX3,12.0,12,False
LPIN3,0.0,0,False
EMILIN3,0.0,0,False
CHD6,129.0,122,False
RP5-1121H13.4,0.0,0,False
RP5-1121H13.3,0.0,0,False
PTPRT,0.0,0,False
RP4-753D4.2,0.0,0,False
RP1-269M15.3,0.0,0,False
SRSF6,224.0,179,False
L3MBTL1,9.0,9,False
RP1-138B7.5,0.0,0,False
SGK2,0.0,0,False
IFT52,138.0,124,False
MYBL2,15.0,12,False
GTSF1L,1.0,1,False
RP5-1030M6.3,0.0,0,False
TOX2,6.0,6,False
JPH2,0.0,0,False
OSER1,260.0,240,False
OSER1-AS1,64.0,64,False
GDAP1L1,0.0,0,False
FITM2,5.0,5,False
R3HDML,0.0,0,False
RP5-881L22.5,0.0,0,False
HNF4A,0.0,0,False
HNF4A-AS1,0.0,0,False
RP5-881L22.6,0.0,0,False
RP5-1013A22.5,0.0,0,False
RP5-1013A22.2,0.0,0,False
C20orf62,0.0,0,False
TTPAL,46.0,42,False
SERINC3,226.0,219,False
PKIG,148.0,117,False
Z97053.1,0.0,0,False
ADA,404.0,303,False
RP11-445H22.3,15.0,15,False
RP11-445H22.4,1.0,1,False
WISP2,0.0,0,False
KCNK15,0.0,0,False
RIMS4,0.0,0,False
YWHAB,2467.0,1353,False
PABPC1L,19.0,19,False
TOMM34,38.0,37,False
STK4-AS1,1.0,1,False
STK4,671.0,557,False
KCNS1,0.0,0,False
WFDC5,0.0,0,False
WFDC12,0.0,0,False
PI3,0.0,0,False
SEMG1,0.0,0,False
SEMG2,0.0,0,False
SLPI,1.0,1,False
MATN4,1.0,1,False
RBPJL,0.0,0,False
SDC4,2.0,2,False
SYS1,228.0,203,False
SYS1-DBNDD2,0.0,0,False
TP53TG5,0.0,0,False
DBNDD2,0.0,0,False
PIGT,276.0,223,False
AL031663.2,2.0,2,False
RP3-461P17.10,0.0,0,False
AL031663.1,0.0,0,False
WFDC2,0.0,0,False
RP3-461P17.9,0.0,0,False
SPINT3,0.0,0,False
WFDC6,0.0,0,False
EPPIN-WFDC6,0.0,0,False
EPPIN,0.0,0,False
WFDC8,0.0,0,False
WFDC9,0.0,0,False
WFDC10A,0.0,0,False
WFDC11,0.0,0,False
WFDC10B,0.0,0,False
WFDC13,0.0,0,False
SPINT4,0.0,0,False
WFDC3,1.0,1,False
DNTTIP1,253.0,184,False
UBE2C,19.0,8,False
TNNC2,7.0,7,False
SNX21,17.0,17,False
ACOT8,175.0,167,False
ZSWIM3,11.0,11,False
ZSWIM1,9.0,9,False
SPATA25,0.0,0,False
NEURL2,2.0,2,False
CTSA,500.0,405,False
RP3-337O18.9,1.0,1,False
PLTP,9.0,8,False
PCIF1,78.0,75,False
ZNF335,62.0,60,False
MMP9,6.0,6,False
RP11-465L10.10,0.0,0,False
SLC12A5,3.0,3,False
NCOA5,40.0,39,False
CD40,188.0,164,False
RP5-998H6.2,0.0,0,False
CDH22,0.0,0,False
SLC35C2,168.0,164,False
ELMO2,58.0,58,False
ZNF334,0.0,0,False
OCSTAMP,0.0,0,False
SLC13A3,0.0,0,False
TP53RK,142.0,133,False
RP1-28H20.3,2.0,2,False
SLC2A10,0.0,0,False
EYA2,0.0,0,False
RP11-323C15.2,0.0,0,False
ZMYND8,82.0,81,False
AL031666.2,0.0,0,False
RP4-569M23.2,1.0,1,False
RP1-148H17.1,0.0,0,False
NCOA3,148.0,138,False
SULF2,117.0,98,False
CTD-2653D5.1,0.0,0,False
RP11-347D21.1,0.0,0,False
RP11-347D21.2,0.0,0,False
RP11-347D21.3,0.0,0,False
RP11-347D21.4,0.0,0,False
LINC00494,6.0,6,False
RP1-66N13.1,0.0,0,False
PREX1,185.0,177,False
ARFGEF2,34.0,34,False
RP1-155G6.4,0.0,0,False
CSE1L,64.0,62,False
STAU1,167.0,125,False
DDX27,256.0,237,False
ZNFX1,167.0,154,False
ZFAS1,2023.0,1318,False
KCNB1,0.0,0,False
PTGIS,0.0,0,False
B4GALT5,29.0,29,False
SLC9A8,43.0,41,False
SPATA2,31.0,31,False
RNF114,405.0,363,False
SNAI1,16.0,16,False
TRERNA1,1.0,1,False
TMEM189-UBE2V1,0.0,0,False
UBE2V1,38.0,38,False
TMEM189,137.0,123,False
RP11-112L6.3,0.0,0,False
RP11-112L6.2,0.0,0,False
RP11-112L6.4,0.0,0,False
CEBPB,1996.0,872,False
RP11-290F20.3,602.0,307,False
RP11-290F20.1,0.0,0,False
RP11-290F20.2,0.0,0,False
PTPN1,226.0,198,False
RP4-530I15.9,2.0,2,False
FAM65C,4.0,4,False
RP4-530I15.6,0.0,0,False
PARD6B,6.0,6,False
BCAS4,157.0,144,False
ADNP,31.0,31,False
RP5-914P20.5,10.0,10,False
DPM1,331.0,277,False
MOCS3,26.0,25,False
RP5-955M13.4,0.0,0,False
KCNG1,44.0,23,False
NFATC2,115.0,106,False
ATP9A,6.0,5,False
SALL4,0.0,0,False
RP5-1112F19.2,0.0,0,False
ZFP64,39.0,38,False
RP4-723E3.1,0.0,0,False
RP4-583K8.1,0.0,0,False
RP5-1022J11.2,0.0,0,False
RP4-715N11.2,0.0,0,False
RP11-80K6.2,0.0,0,False
TSHZ2,130.0,108,False
RP11-15M15.1,2.0,2,False
RP11-15M15.2,1.0,1,False
RP4-678D15.1,0.0,0,False
RP4-669H2.1,0.0,0,False
RP5-823G15.5,0.0,0,False
AL354993.1,0.0,0,False
RP4-724E16.2,0.0,0,False
ZNF217,63.0,63,False
AC005808.3,0.0,0,False
AC006076.1,0.0,0,False
BCAS1,1.0,1,False
AC005220.3,1.0,1,False
CYP24A1,2.0,2,False
PFDN4,60.0,57,False
DOK5,0.0,0,False
RP5-1010E17.2,0.0,0,False
RP5-1010E17.1,0.0,0,False
CBLN4,0.0,0,False
MC3R,0.0,0,False
RP11-380D15.3,0.0,0,False
FAM210B,139.0,79,False
AURKA,6.0,6,False
CSTF1,75.0,75,False
CASS4,4.0,4,False
RTFDC1,702.0,566,False
GCNT7,0.0,0,False
FAM209A,3.0,3,False
FAM209B,1.0,1,False
RP5-843L14.1,0.0,0,False
TFAP2C,0.0,0,False
RP5-897D18.1,0.0,0,False
RP11-560A15.4,0.0,0,False
RP11-560A15.3,0.0,0,False
BMP7,0.0,0,False
RP4-813D12.2,0.0,0,False
RP4-813D12.3,0.0,0,False
SPO11,0.0,0,False
RAE1,150.0,144,False
MTRNR2L3,2.0,2,False
RP4-800J21.3,11.0,11,False
RBM38,237.0,212,False
CTCFL,0.0,0,False
PCK1,0.0,0,False
RP4-718J7.4,0.0,0,False
ZBP1,241.0,155,False
PMEPA1,19.0,15,False
RP13-379L11.2,0.0,0,False
RP13-379L11.1,0.0,0,False
C20orf85,0.0,0,False
ANKRD60,0.0,0,False
PPP4R1L,18.0,17,False
RAB22A,133.0,128,False
VAPB,112.0,105,False
APCDD1L,0.0,0,False
RP5-907D15.3,0.0,0,False
MGC4294,0.0,0,False
STX16,281.0,226,False
STX16-NPEPL1,4.0,4,False
NPEPL1,63.0,63,False
RP4-806M20.5,0.0,0,False
MIR296,0.0,0,False
GNAS-AS1,0.0,0,False
RP4-806M20.3,0.0,0,False
GNAS,1062.0,805,False
RP1-309F20.4,0.0,0,False
NELFCD,238.0,221,False
CTSZ,431.0,303,False
TUBB1,147.0,53,False
ATP5E,4647.0,2022,False
SLMO2,306.0,280,False
ZNF831,14.0,14,False
EDN3,0.0,0,False
RP4-614C15.2,0.0,0,False
RP4-614C15.3,0.0,0,False
RP11-164D18.2,0.0,0,False
PHACTR3,0.0,0,False
RP4-719C8.1,0.0,0,False
SYCP2,4.0,4,False
FAM217B,94.0,89,False
PPP1R3D,24.0,24,False
CDH26,5.0,5,False
C20orf197,4.0,4,False
RP5-1043L13.1,4.0,4,False
RP11-151E14.1,0.0,0,False
RP5-827L5.2,0.0,0,False
RP5-827L5.1,0.0,0,False
CDH4,1.0,1,False
RP11-429E11.3,3.0,3,False
RP11-429E11.2,0.0,0,False
TAF4,20.0,20,False
LSM14B,21.0,21,False
PSMA7,2910.0,1511,False
SS18L1,13.0,13,False
MTG2,101.0,96,False
HRH3,0.0,0,False
OSBPL2,80.0,77,False
ADRM1,554.0,475,False
RP11-157P1.4,0.0,0,False
LAMA5,4.0,4,False
RP11-157P1.5,0.0,0,False
RPS21,7372.0,2324,False
CABLES2,7.0,7,False
RBBP8NL,0.0,0,False
RP5-908M14.5,0.0,0,False
GATA5,0.0,0,False
RP13-379O24.3,0.0,0,False
RP13-379O24.2,0.0,0,False
C20orf166-AS1,0.0,0,False
C20orf166,0.0,0,False
WI2-87327B8.1,0.0,0,False
RP13-30A9.1,0.0,0,False
RP13-30A9.2,0.0,0,False
RP11-93B14.6,0.0,0,False
SLCO4A1,3.0,3,False
RP11-93B14.5,0.0,0,False
LINC00686,0.0,0,False
NTSR1,1.0,1,False
RP11-93B14.4,0.0,0,False
LINC00659,3.0,2,False
MRGBP,51.0,49,False
OGFR-AS1,1.0,1,False
OGFR,312.0,283,False
COL9A3,7.0,7,False
TCFL5,5.0,5,False
DIDO1,119.0,100,False
GID8,352.0,283,False
SLC17A9,16.0,15,False
BHLHE23,1.0,1,False
RP11-305P22.9,0.0,0,False
LINC00029,0.0,0,False
LINC01056,0.0,0,False
HAR1B,8.0,8,False
HAR1A,18.0,17,False
RP5-963E22.5,0.0,0,False
RP5-963E22.4,0.0,0,False
YTHDF1,58.0,57,False
BIRC7,0.0,0,False
NKAIN4,0.0,0,False
ARFGAP1,59.0,58,False
COL20A1,0.0,0,False
CHRNA4,0.0,0,False
RP11-261N11.8,0.0,0,False
KCNQ2,2.0,2,False
RP11-358D14.2,0.0,0,False
EEF1A2,0.0,0,False
RP4-697K14.3,0.0,0,False
PPDPF,5498.0,2176,False
PTK6,6.0,6,False
SRMS,0.0,0,False
C20orf195,2.0,2,False
HELZ2,183.0,175,False
GMEB2,28.0,28,False
CTD-3184A7.4,165.0,158,False
STMN3,324.0,285,False
RTEL1,2.0,2,False
RTEL1-TNFRSF6B,3.0,3,False
TNFRSF6B,0.0,0,False
ARFRP1,249.0,232,False
ZGPAT,3.0,3,False
RP4-583P15.15,4.0,4,False
LIME1,6.0,6,False
RP4-583P15.14,0.0,0,False
SLC2A4RG,131.0,123,False
ZBTB46,0.0,0,False
RP4-583P15.10,9.0,9,False
RP4-583P15.11,0.0,0,False
AL158091.1,0.0,0,False
ABHD16B,4.0,4,False
C20ORF135,2.0,2,False
TPD52L2,246.0,210,False
DNAJC5,158.0,148,False
UCKL1,145.0,133,False
AL118506.1,1.0,1,False
ZNF512B,11.0,11,False
SAMD10,24.0,24,False
PRPF6,320.0,280,False
LINC00176,186.0,164,False
SOX18,0.0,0,False
TCEA2,163.0,145,False
RP13-152O15.5,0.0,0,False
RGS19,1021.0,724,False
OPRL1,15.0,13,False
C20orf201,16.0,15,False
NPBWR2,0.0,0,False
MYT1,0.0,0,False
PCMTD2,121.0,118,False
MIR1302-2,0.0,0,False
FAM138F,0.0,0,False
OR4F17,0.0,0,False
AC016626.2,0.0,0,False
AC092192.1,0.0,0,False
PPAP2C,2.0,2,False
CTD-3113P16.5,0.0,0,False
MIER2,31.0,30,False
THEG,0.0,0,False
AC010641.1,0.0,0,False
C2CD4C,0.0,0,False
SHC2,0.0,0,False
ODF3L2,0.0,0,False
MADCAM1,3.0,3,False
AC005775.2,1.0,1,False
TPGS1,379.0,324,False
CDC34,54.0,50,False
GZMM,1036.0,664,False
AC009005.2,6.0,6,False
BSG,871.0,669,False
HCN2,2.0,2,False
AC005559.2,0.0,0,False
POLRMT,75.0,74,False
LLNLR-299G3.1,0.0,0,False
AC004449.6,0.0,0,False
FGF22,2.0,2,False
RNF126,529.0,437,False
AC004156.3,0.0,0,False
FSTL3,18.0,18,False
PRSS57,20.0,13,False
PALM,1.0,1,False
MISP,0.0,0,False
AC006273.4,0.0,0,False
AC006273.5,0.0,0,False
AC006273.7,0.0,0,False
PTBP1,352.0,319,False
LPPR3,0.0,0,False
AZU1,6.0,6,False
PRTN3,0.0,0,False
ELANE,6.0,6,False
CFD,1875.0,616,False
MED16,131.0,126,False
R3HDM4,345.0,303,False
KISS1R,7.0,7,False
ARID3A,39.0,37,False
AC005391.2,0.0,0,False
WDR18,176.0,164,False
AC004528.1,0.0,0,False
AC004528.4,0.0,0,False
GRIN3B,0.0,0,False
TMEM259,233.0,212,False
CNN2,1298.0,934,False
AC011558.5,8.0,8,False
ABCA7,40.0,40,False
HMHA1,715.0,611,False
POLR2E,579.0,441,False
GPX4,2626.0,1458,False
SBNO2,21.0,18,False
STK11,48.0,48,False
C19orf26,0.0,0,False
AC004221.2,0.0,0,False
ATP5D,2504.0,1459,False
MIDN,330.0,289,False
CIRBP,3978.0,1898,False
CIRBP-AS1,0.0,0,False
C19orf24,637.0,505,False
MUM1,126.0,75,False
EFNA2,0.0,0,False
AC005330.2,0.0,0,False
AC004623.2,0.0,0,False
NDUFS7,1066.0,782,False
AC005329.7,2.0,2,False
GAMT,82.0,80,False
DAZAP1,223.0,204,False
RPS15,26956.0,2677,False
AC027307.3,23.0,23,False
APC2,0.0,0,False
C19orf25,260.0,239,False
PCSK4,4.0,4,False
CTB-25B13.6,1.0,1,False
REEP6,14.0,13,False
ADAMTSL5,3.0,3,False
CTB-25B13.9,0.0,0,False
PLK5,0.0,0,False
MEX3D,0.0,0,False
AC005943.5,1.0,1,False
MBD3,45.0,45,False
UQCR11,0.0,0,False
UQCR11-1,2564.0,1525,False
TCF3,45.0,44,False
AC005256.1,0.0,0,False
ONECUT3,0.0,0,False
ATP8B3,7.0,7,False
CTB-31O20.3,1.0,1,False
REXO1,27.0,27,False
CTB-31O20.6,1.0,1,False
KLF16,25.0,25,False
CTB-31O20.8,0.0,0,False
CTB-31O20.2,128.0,122,False
CTB-31O20.9,2.0,2,False
ABHD17A,195.0,172,False
SCAMP4,109.0,106,False
ADAT3,10.0,9,False
CSNK1G2,84.0,78,False
CSNK1G2-AS1,2.0,2,False
BTBD2,45.0,45,False
AC005306.3,10.0,10,False
MKNK2,181.0,164,False
MOB3A,279.0,261,False
IZUMO4,31.0,31,False
AP3D1,127.0,122,False
DOT1L,31.0,31,False
AC004490.1,0.0,0,False
PLEKHJ1,534.0,446,False
SF3A2,231.0,213,False
AMH,1.0,1,False
JSRP1,6.0,6,False
OAZ1,13238.0,2450,False
C19orf35,8.0,8,False
LINGO3,3.0,3,False
LSM7,903.0,726,False
LLfos-48D6.1,0.0,0,False
TMPRSS9,0.0,0,False
TIMM13,734.0,561,False
LMNB2,47.0,43,False
AC005624.2,0.0,0,False
GADD45B,904.0,634,False
GNG7,171.0,143,False
CTC-265F19.3,0.0,0,False
DIRAS1,6.0,6,False
AC006538.4,0.0,0,False
SLC39A3,208.0,171,False
SGTA,105.0,98,False
THOP1,36.0,35,False
ZNF554,8.0,8,False
ZNF555,13.0,13,False
AC006130.3,0.0,0,False
ZNF556,0.0,0,False
ZNF57,4.0,4,False
AC006277.2,1.0,1,False
ZNF77,7.0,7,False
TLE6,0.0,0,False
TLE2,21.0,19,False
AC005944.2,6.0,6,False
AES,2377.0,1319,False
GNA11,3.0,3,False
AC005262.3,0.0,0,False
AC005262.2,0.0,0,False
GNA15,69.0,63,False
AC005264.2,2.0,2,False
S1PR4,959.0,707,False
NCLN,72.0,64,False
CELF5,1.0,1,False
AC010649.1,0.0,0,False
NFIC,146.0,104,False
C19orf77,4.0,3,False
DOHH,63.0,55,False
FZR1,60.0,57,False
MFSD12,70.0,67,False
C19orf71,0.0,0,False
AC005786.7,1.0,1,False
AC005786.5,0.0,0,False
HMG20B,212.0,198,False
GIPC3,0.0,0,False
TBXA2R,42.0,14,False
CACTIN-AS1,1.0,1,False
CACTIN,22.0,22,False
PIP5K1C,36.0,36,False
AC004637.1,0.0,0,False
TJP3,13.0,13,False
APBA3,83.0,78,False
AC005954.4,0.0,0,False
MRPL54,753.0,609,False
RAX2,0.0,0,False
MATK,220.0,187,False
ZFR2,8.0,8,False
ATCAY,0.0,0,False
NMRK2,0.0,0,False
DAPK3,79.0,76,False
EEF2,6216.0,2241,False
PIAS4,56.0,56,False
AC016586.1,23.0,22,False
ZBTB7A,213.0,202,False
MAP2K2,247.0,227,False
CREB3L3,0.0,0,False
SIRT6,93.0,82,False
ANKRD24,0.0,0,False
EBI3,11.0,10,False
CCDC94,165.0,125,False
SHD,0.0,0,False
TMIGD2,163.0,151,False
FSD1,8.0,8,False
STAP2,9.0,9,False
AC007292.7,0.0,0,False
MPND,24.0,24,False
AC007292.4,1.0,1,False
AC007292.3,2.0,2,False
SH3GL1,84.0,82,False
AC007292.6,1.0,1,False
CHAF1A,58.0,55,False
CTB-50L17.5,0.0,0,False
UBXN6,111.0,107,False
CTB-50L17.7,0.0,0,False
CTB-50L17.9,0.0,0,False
CTB-50L17.16,0.0,0,False
HDGFRP2,60.0,60,False
PLIN4,0.0,0,False
PLIN5,3.0,3,False
CTB-50L17.14,0.0,0,False
LRG1,4.0,4,False
SEMA6B,5.0,5,False
TNFAIP8L1,53.0,48,False
C19orf10,771.0,586,False
AC005339.2,1.0,1,False
DPP9,82.0,78,False
AC005594.3,1.0,1,False
MIR7-3HG,0.0,0,False
AC005523.3,0.0,0,False
FEM1A,105.0,69,False
AC005523.2,20.0,20,False
TICAM1,67.0,65,False
CTC-518P12.6,3.0,3,False
PLIN3,191.0,166,False
ARRDC5,20.0,19,False
KDM4B,77.0,76,False
PTPRS,2.0,2,False
CTC-482H14.5,1.0,1,False
ZNRF4,0.0,0,False
TINCR,1.0,1,False
SAFB2,236.0,192,False
SAFB,242.0,222,False
RPL36,14257.0,2584,False
C19orf70,725.0,595,False
HSD11B1L,27.0,26,False
LONP1,43.0,41,False
CATSPERD,0.0,0,False
PRR22,4.0,4,False
CTB-54O9.9,0.0,0,False
DUS3L,183.0,155,False
NRTN,2.0,2,False
FUT6,0.0,0,False
FUT3,0.0,0,False
AC024592.9,0.0,0,False
FUT5,0.0,0,False
AC024592.12,6.0,6,False
NDUFA11,1722.0,1103,False
AC104532.3,0.0,0,False
AC104532.2,1.0,1,False
VMAC,73.0,66,False
AC104532.4,8.0,8,False
CAPS,23.0,23,False
RANBP3,114.0,113,False
CTC-232P5.1,0.0,0,False
RFX2,16.0,16,False
CTC-232P5.3,1.0,1,False
CTB-66B24.1,0.0,0,False
ACSBG2,0.0,0,False
CTC-503J8.6,28.0,28,False
MLLT1,0.0,0,False
CTC-503J8.4,2.0,2,False
ACER1,2.0,2,False
CTB-180A7.3,0.0,0,False
CLPP,405.0,329,False
ALKBH7,878.0,635,False
PSPN,9.0,8,False
GTF2F1,244.0,230,False
CTB-180A7.8,0.0,0,False
KHSRP,86.0,82,False
SLC25A41,0.0,0,False
SLC25A23,11.0,11,False
CRB3,17.0,17,False
DENND1C,191.0,158,False
TUBB4A,6.0,6,False
CTD-2396E7.10,0.0,0,False
CTD-2396E7.9,0.0,0,False
TNFSF9,0.0,0,False
CD70,23.0,21,False
TNFSF14,40.0,40,False
C3,10.0,10,False
GPR108,248.0,230,False
TRIP10,6.0,6,False
CTD-3128G10.6,1.0,1,False
SH2D3A,89.0,82,False
VAV1,177.0,167,False
EMR1,61.0,55,False
RP11-1137G4.3,0.0,0,False
AC025278.1,0.0,0,False
CTB-25J19.1,0.0,0,False
MBD3L5,0.0,0,False
MBD3L4,0.0,0,False
MBD3L2,0.0,0,False
MBD3L3,0.0,0,False
ZNF557,20.0,20,False
CTB-25J19.9,0.0,0,False
INSR,12.0,12,False
CTB-133G6.1,39.0,39,False
CTD-2207O23.3,0.0,0,False
CTB-133G6.2,6.0,6,False
ARHGEF18,85.0,82,False
PEX11G,12.0,11,False
C19orf45,0.0,0,False
CTD-2207O23.12,0.0,0,False
ZNF358,13.0,13,False
CTD-2207O23.11,0.0,0,False
MCOLN1,90.0,86,False
CTD-2207O23.10,0.0,0,False
PNPLA6,126.0,118,False
CAMSAP3,0.0,0,False
XAB2,156.0,147,False
PET100,524.0,465,False
CTD-3214H19.4,5.0,5,False
PCP2,14.0,11,False
CTD-3214H19.6,0.0,0,False
STXBP2,1236.0,653,False
RETN,174.0,114,False
C19orf59,72.0,58,False
CTD-3214H19.16,0.0,0,False
TRAPPC5,151.0,148,False
FCER2,231.0,155,False
CLEC4G,28.0,26,False
CD209,0.0,0,False
CLEC4M,0.0,0,False
EVI5L,12.0,12,False
CTD-3193O13.9,0.0,0,False
CTD-3193O13.11,0.0,0,False
LRRC8E,0.0,0,False
AC010336.1,0.0,0,False
MAP2K7,175.0,130,False
CTD-3193O13.13,0.0,0,False
TGFBR3L,5.0,4,False
CTD-3193O13.1,0.0,0,False
SNAPC2,109.0,105,False
CTXN1,0.0,0,False
CTD-3193O13.8,0.0,0,False
TIMM44,64.0,62,False
ELAVL1,293.0,270,False
CTD-3193O13.14,1.0,1,False
CTD-2325M2.1,10.0,10,False
CCL25,0.0,0,False
FBN3,0.0,0,False
CERS4,53.0,51,False
CTD-3020H12.4,1.0,1,False
CD320,193.0,168,False
NDUFA7,0.0,0,False
NDUFA7-1,507.0,435,False
RPS28,16128.0,2625,False
KANK3,5.0,5,False
ANGPTL4,0.0,0,False
RAB11B-AS1,41.0,35,False
RAB11B,451.0,384,False
MARCH2,172.0,147,False
RP11-886P16.6,0.0,0,False
HNRNPM,1198.0,840,False
PRAM1,219.0,183,False
ZNF414,117.0,116,False
MYO1F,856.0,640,False
AC092316.1,0.0,0,False
ADAMTS10,13.0,13,False
AC130469.2,0.0,0,False
CTD-2586B10.1,0.0,0,False
ACTL9,0.0,0,False
OR2Z1,0.0,0,False
ZNF558,14.0,14,False
CTD-2529P6.3,1.0,1,False
MBD3L1,0.0,0,False
MUC16,1.0,1,False
OR1M1,0.0,0,False
OR7G2,0.0,0,False
OR7G1,0.0,0,False
OR7G3,0.0,0,False
ZNF317,48.0,48,False
OR7D2,0.0,0,False
OR7D4,0.0,0,False
OR7E24,0.0,0,False
CTC-325H20.4,0.0,0,False
ZNF699,31.0,31,False
ZNF559,48.0,39,False
ZNF559-ZNF177,0.0,0,False
ZNF177,0.0,0,False
CTC-325H20.2,0.0,0,False
ZNF266,63.0,60,False
ZNF560,1.0,1,False
CTC-543D15.3,0.0,0,False
ZNF426,31.0,31,False
ZNF121,16.0,16,False
ZNF561,81.0,55,False
C19orf82,23.0,22,False
ZNF562,29.0,29,False
ZNF812,1.0,1,False
CTD-3116E22.7,0.0,0,False
ZNF846,49.0,46,False
CTD-2623N2.5,0.0,0,False
FBXL12,104.0,94,False
UBL5,1799.0,1198,False
CTD-2623N2.11,5.0,5,False
PIN1,635.0,531,False
OLFM2,32.0,31,False
COL5A3,1.0,1,False
CTD-2553C6.1,0.0,0,False
RDH8,0.0,0,False
C19orf66,538.0,461,False
CTD-2240E14.4,0.0,0,False
ANGPTL6,7.0,7,False
PPAN-P2RY11,0.0,0,False
PPAN,134.0,131,False
P2RY11,16.0,16,False
EIF3G,2519.0,1540,False
DNMT1,225.0,204,False
CTD-2369P2.2,8.0,8,False
S1PR2,1.0,1,False
MRPL4,254.0,241,False
CTD-2369P2.5,2.0,2,False
CTD-2369P2.4,1.0,1,False
ICAM1,42.0,40,False
CTD-2369P2.8,1.0,1,False
ICAM4,43.0,36,False
ICAM5,0.0,0,False
ZGLP1,38.0,37,False
FDX1L,61.0,60,False
CTD-2369P2.10,0.0,0,False
CTD-2369P2.12,0.0,0,False
RAVER1,40.0,40,False
ICAM3,1678.0,1125,False
TYK2,106.0,102,False
CDC37,803.0,608,False
PDE4A,48.0,46,False
KEAP1,85.0,83,False
S1PR5,146.0,123,False
ATG4D,87.0,86,False
KRI1,93.0,89,False
CDKN2D,777.0,595,False
AP1M2,3.0,2,False
SLC44A2,271.0,245,False
AC011475.1,0.0,0,False
ILF3-AS1,562.0,437,False
ILF3,316.0,251,False
QTRT1,165.0,157,False
DNM2,196.0,185,False
TMED1,143.0,137,False
C19orf38,370.0,277,False
CARM1,12.0,11,False
YIPF2,29.0,29,False
C19orf52,151.0,104,False
SMARCA4,243.0,128,False
CTC-215O4.4,0.0,0,False
LDLR,41.0,40,False
SPC24,2.0,2,False
KANK2,2.0,2,False
DOCK6,2.0,2,False
CTC-510F12.2,0.0,0,False
C19orf80,0.0,0,False
TSPAN16,0.0,0,False
RAB3D,90.0,85,False
TMEM205,412.0,303,False
CCDC159,133.0,126,False
DKFZP761J1410,45.0,45,False
CTD-2342J14.6,0.0,0,False
SWSAP1,72.0,70,False
EPOR,49.0,45,False
RGL3,1.0,1,False
CCDC151,12.0,12,False
PRKCSH,426.0,382,False
ELAVL3,0.0,0,False
CTC-398G3.6,0.0,0,False
ZNF653,7.0,7,False
ECSIT,211.0,182,False
CNN1,0.0,0,False
ELOF1,521.0,379,False
ZNF627,14.0,14,False
ACP5,134.0,120,False
ZNF833P,0.0,0,False
ZNF823,9.0,9,False
ZNF441,8.0,8,False
CTC-499B15.7,0.0,0,False
ZNF491,0.0,0,False
ZNF440,10.0,10,False
CTC-499B15.8,0.0,0,False
ZNF439,46.0,46,False
ZNF69,13.0,12,False
ZNF700,15.0,15,False
ZNF763,4.0,3,False
ZNF763-1,0.0,0,False
ZNF433,3.0,3,False
CTD-2006C1.10,0.0,0,False
ZNF878,0.0,0,False
ZNF844,22.0,20,False
ZNF788,0.0,0,False
ZNF788-1,0.0,0,False
ZNF20,2.0,2,False
ZNF625-ZNF20,0.0,0,False
ZNF625,3.0,3,False
ZNF136,58.0,57,False
CTD-2666L21.1,4.0,4,False
ZNF44,140.0,131,False
ZNF563,48.0,45,False
CTD-3105H18.13,0.0,0,False
ZNF442,9.0,9,False
CTD-3105H18.14,2.0,2,False
ZNF799,53.0,19,False
CTD-3105H18.16,0.0,0,False
ZNF443,10.0,9,False
CTD-3105H18.18,0.0,0,False
CTD-3105H18.7,0.0,0,False
ZNF709,3.0,3,False
ZNF709-1,0.0,0,False
ZNF564,10.0,10,False
CTD-2192J16.20,0.0,0,False
CTD-2192J16.11,0.0,0,False
ZNF490,9.0,9,False
ZNF791,162.0,149,False
CTD-2192J16.22,14.0,14,False
MAN2B1,74.0,74,False
CTD-2192J16.24,0.0,0,False
WDR83,94.0,80,False
WDR83OS,1301.0,933,False
DHPS,436.0,391,False
CTD-2192J16.26,1.0,1,False
FBXW9,14.0,14,False
CTD-2659N19.2,0.0,0,False
TNPO2,29.0,29,False
CTD-2659N19.4,0.0,0,False
C19orf43,2922.0,1662,False
ASNA1,397.0,345,False
BEST2,0.0,0,False
HOOK2,164.0,117,False
CTD-2659N19.9,3.0,3,False
JUNB,18863.0,2434,False
PRDX2,1031.0,777,False
CTD-2659N19.10,2.0,2,False
RNASEH2A,98.0,93,False
RTBDN,0.0,0,False
CTD-2265O21.3,0.0,0,False
MAST1,0.0,0,False
DNASE2,253.0,234,False
CTD-2265O21.7,0.0,0,False
KLF1,2.0,2,False
GCDH,107.0,105,False
SYCE2,0.0,0,False
FARSA,159.0,149,False
CTC-425F1.2,0.0,0,False
CALR,1013.0,748,False
CTC-425F1.4,5.0,5,False
RAD23A,654.0,527,False
GADD45GIP1,881.0,710,False
DAND5,0.0,0,False
NFIX,11.0,11,False
CTC-239J10.1,0.0,0,False
AC007787.2,0.0,0,False
LYL1,406.0,313,False
TRMT1,237.0,209,False
NACC1,34.0,32,False
AC005546.2,0.0,0,False
CTC-250I14.3,0.0,0,False
STX10,462.0,396,False
IER2,4193.0,1705,False
CTC-250I14.6,57.0,57,False
CACNA1A,10.0,10,False
CCDC130,98.0,95,False
MRI1,55.0,53,False
CTB-5E10.3,0.0,0,False
C19orf53,1659.0,1112,False
AC008686.1,0.0,0,False
ZSWIM4,6.0,6,False
CTD-3252C9.2,0.0,0,False
MIR24-2,371.0,296,False
NANOS3,2.0,2,False
C19orf57,2.0,2,False
CC2D1A,70.0,68,False
PODNL1,2.0,2,False
DCAF15,81.0,80,False
RFX1,55.0,54,False
RLN3,0.0,0,False
CTB-55O6.4,8.0,8,False
IL27RA,339.0,284,False
PALM3,0.0,0,False
hsa-mir-1199,9.0,6,False
C19orf67,0.0,0,False
SAMD1,64.0,21,False
PRKACA,150.0,103,False
CTB-55O6.10,2.0,2,False
ASF1B,28.0,22,False
CTB-55O6.12,31.0,29,False
LPHN1,7.0,7,False
CTD-2189E23.1,0.0,0,False
CTD-2189E23.2,0.0,0,False
CTC-548K16.2,1.0,1,False
CTC-548K16.1,1.0,1,False
CD97,778.0,604,False
CTC-548K16.5,2.0,2,False
DDX39A,415.0,350,False
PKN1,372.0,327,False
PTGER1,0.0,0,False
GIPC1,120.0,114,False
DNAJB1,1091.0,787,False
TECR,673.0,568,False
NDUFB7,953.0,773,False
CLEC17A,16.0,15,False
EMR3,14.0,14,False
ZNF333,42.0,39,False
AC090427.1,0.0,0,False
EMR2,128.0,105,False
OR7A5,0.0,0,False
OR7C1,0.0,0,False
OR7A10,0.0,0,False
OR7A17,0.0,0,False
OR7C2,0.0,0,False
SLC1A6,0.0,0,False
CCDC105,0.0,0,False
CASP14,0.0,0,False
OR1I1,0.0,0,False
SYDE1,1.0,1,False
ILVBL,71.0,69,False
AC003956.1,0.0,0,False
NOTCH3,0.0,0,False
AC004257.1,2.0,2,False
EPHX3,7.0,7,False
AC004257.3,8.0,8,False
BRD4,208.0,191,False
LLNLR-246C6.1,0.0,0,False
AKAP8,111.0,94,False
AKAP8L,113.0,109,False
WIZ,27.0,27,False
RASAL3,360.0,315,False
PGLYRP2,23.0,20,False
CYP4F22,4.0,4,False
AD000091.2,0.0,0,False
CYP4F3,0.0,0,False
CYP4F12,0.0,0,False
OR10H2,0.0,0,False
OR10H3,0.0,0,False
LLNLR-249E10.1,1.0,1,False
OR10H5,0.0,0,False
OR10H1,0.0,0,False
AC004510.3,0.0,0,False
CYP4F2,0.0,0,False
CYP4F11,0.0,0,False
OR10H4,0.0,0,False
CTD-2231E14.4,0.0,0,False
TPM4,455.0,350,False
CTD-2231E14.5,0.0,0,False
RAB8A,742.0,582,False
CTD-2231E14.8,19.0,19,False
HSH2D,261.0,224,False
CIB3,0.0,0,False
FAM32A,533.0,383,False
CTD-2562J15.4,0.0,0,False
AP1M1,176.0,165,False
CTD-2562J15.6,26.0,26,False
KLF2,3033.0,1642,False
EPS15L1,104.0,96,False
CTD-2013N17.4,0.0,0,False
CALR3,0.0,0,False
CTD-3222D19.2,0.0,0,False
C19orf44,3.0,3,False
CHERP,126.0,96,False
CTD-3222D19.7,0.0,0,False
SLC35E1,72.0,70,False
CTD-3222D19.11,0.0,0,False
CTD-3222D19.10,0.0,0,False
MED26,24.0,24,False
CTC-429P9.4,0.0,0,False
CTC-429P9.2,0.0,0,False
CTC-429P9.1,1.0,1,False
SMIM7,621.0,439,False
TMEM38A,5.0,5,False
NWD1,0.0,0,False
SIN3B,69.0,67,False
F2RL3,0.0,0,False
CPAMD8,9.0,9,False
CTD-2528A14.1,0.0,0,False
HAUS8,50.0,47,False
CTD-2528A14.3,0.0,0,False
MYO9B,246.0,192,False
CTD-2528A14.5,0.0,0,False
CTD-3032J10.2,1.0,1,False
CTD-3032J10.4,0.0,0,False
CTD-3032J10.3,0.0,0,False
USE1,320.0,287,False
OCEL1,185.0,172,False
NR2F6,21.0,21,False
AC010646.3,0.0,0,False
USHBP1,0.0,0,False
BABAM1,423.0,331,False
CTD-2278I10.6,0.0,0,False
ANKLE1,8.0,8,False
ABHD8,47.0,45,False
MRPL34,604.0,525,False
DDA1,256.0,239,False
ANO8,1.0,1,False
GTPBP3,61.0,61,False
PLVAP,3.0,3,False
CTD-2278I10.1,0.0,0,False
CTD-2521M24.5,0.0,0,False
BST2,2016.0,1204,False
CTD-2521M24.9,111.0,107,False
MVB12A,170.0,143,False
CTD-2521M24.6,0.0,0,False
CTD-2521M24.8,1.0,1,False
TMEM221,0.0,0,False
CTD-2521M24.10,0.0,0,False
CTD-2521M24.11,0.0,0,False
NXNL1,0.0,0,False
SLC27A1,81.0,33,False
CTD-3131K8.2,10.0,10,False
PGLS,1241.0,800,False
CTD-3131K8.3,0.0,0,False
FAM129C,53.0,49,False
COLGALT1,101.0,89,False
UNC13A,1.0,1,False
CTD-3149D2.3,0.0,0,False
MAP1S,58.0,56,False
CTD-3149D2.4,0.0,0,False
FCHO1,90.0,87,False
B3GNT3,1.0,1,False
INSL3,9.0,9,False
JAK3,101.0,95,False
RPL18A,40979.0,2682,False
SLC5A5,0.0,0,False
CCDC124,368.0,300,False
KCNN1,7.0,7,False
ARRDC2,207.0,195,False
IL12RB1,230.0,212,False
MAST3,92.0,89,False
AC007192.6,0.0,0,False
PIK3R2,18.0,18,False
PIK3R2-1,0.0,0,False
IFI30,906.0,441,False
MPV17L2,57.0,55,False
RAB3A,13.0,13,False
AC068499.10,1.0,1,False
PDE4C,4.0,4,False
KIAA1683,16.0,16,False
JUND,559.0,414,False
LSM4,848.0,682,False
PGPEP1,89.0,85,False
GDF15,0.0,0,False
LRRC25,431.0,272,False
SSBP4,367.0,336,False
ISYNA1,51.0,51,False
CTD-3137H5.1,0.0,0,False
ELL,78.0,65,False
AC005387.3,0.0,0,False
FKBP8,1072.0,846,False
AC005387.2,0.0,0,False
KXD1,361.0,319,False
AC005253.2,9.0,8,False
AC005253.4,4.0,4,False
UBA52,16908.0,2626,False
CRLF1,1.0,1,False
C19orf60,882.0,758,False
TMEM59L,0.0,0,False
KLHL26,11.0,11,False
CRTC1,36.0,35,False
COMP,1.0,1,False
UPF1,26.0,26,False
CERS1,0.0,0,False
GDF1,0.0,0,False
AC005197.2,0.0,0,False
COPE,1744.0,1171,False
AC002985.3,0.0,0,False
DDX49,134.0,129,False
HOMER3,28.0,27,False
AC005932.1,3.0,3,False
SUGP2,102.0,99,False
AC004447.2,6.0,6,False
ARMC6,96.0,90,False
SLC25A42,45.0,44,False
TMEM161A,54.0,50,False
MEF2BNB-MEF2B,9.0,9,False
MEF2B,1.0,1,False
MEF2BNB,134.0,125,False
RFXANK,371.0,306,False
NR2C2AP,125.0,112,False
NCAN,0.0,0,False
HAPLN4,0.0,0,False
TM6SF2,0.0,0,False
SUGP1,99.0,96,False
MAU2,73.0,71,False
GATAD2A,97.0,95,False
CTB-184G21.3,0.0,0,False
TSSK6,5.0,5,False
NDUFA13,1861.0,1240,False
YJEFN3,1.0,1,False
CTC-260F20.3,0.0,0,False
CILP2,0.0,0,False
PBX4,43.0,42,False
AC002306.1,1.0,1,False
LPAR2,39.0,36,False
GMIP,131.0,128,False
ATP13A1,106.0,98,False
ZNF101,173.0,163,False
ZNF14,21.0,21,False
LINC00663,9.0,9,False
CTC-559E9.4,0.0,0,False
ZNF506,63.0,63,False
ZNF253,25.0,25,False
CTC-559E9.8,0.0,0,False
ZNF93,10.0,10,False
AC007204.2,0.0,0,False
AC007204.1,0.0,0,False
ZNF682,20.0,20,False
ZNF90,211.0,199,False
CTC-260E6.6,5.0,3,False
ZNF486,5.0,5,False
CTC-513N18.6,0.0,0,False
ZNF737,20.0,20,False
CTC-513N18.7,0.0,0,False
CTD-2332E11.2,0.0,0,False
ZNF626,77.0,70,False
CTD-2626G11.2,0.0,0,False
ZNF66,1.0,1,False
ZNF85,32.0,32,False
CTD-2542C24.8,0.0,0,False
ZNF430,162.0,158,False
ZNF714,37.0,36,False
ZNF431,64.0,62,False
ZNF708,34.0,34,False
ZNF738,26.0,25,False
ZNF493,131.0,62,False
CTD-2561J22.3,0.0,0,False
LINC00664,0.0,0,False
ZNF429,51.0,48,False
RP11-678G14.2,0.0,0,False
RP11-678G14.3,0.0,0,False
RP11-678G14.4,0.0,0,False
ZNF100,27.0,27,False
RP11-420K14.8,0.0,0,False
ZNF43,31.0,30,False
ZNF208,3.0,3,False
AC003973.4,0.0,0,False
AC003973.5,0.0,0,False
ZNF257,19.0,19,False
ZNF676,0.0,0,False
RP11-157B13.7,0.0,0,False
RP11-157B13.8,0.0,0,False
ZNF729,0.0,0,False
ZNF98,0.0,0,False
AC011516.1,0.0,0,False
AC025811.3,0.0,0,False
CTC-457E21.2,0.0,0,False
AC011516.2,0.0,0,False
ZNF492,3.0,3,False
CTC-457E21.9,0.0,0,False
CTC-451A6.4,0.0,0,False
ZNF99,0.0,0,False
CTD-2579N5.3,0.0,0,False
ZNF728,0.0,0,False
CTD-2291D10.2,0.0,0,False
CTD-2291D10.1,0.0,0,False
CTD-2291D10.3,0.0,0,False
CTD-2291D10.4,0.0,0,False
ZNF730,0.0,0,False
ZNF724P,3.0,3,False
RP11-15H20.7,4.0,4,False
ZNF91,133.0,128,False
CTB-176F20.3,0.0,0,False
CTB-175P5.4,0.0,0,False
ZNF675,82.0,79,False
ZNF681,35.0,35,False
RPSAP58,4625.0,1970,False
RP11-255H23.4,0.0,0,False
ZNF726,14.0,13,False
CTB-92J24.3,0.0,0,False
CTD-2017D11.1,22.0,22,False
ZNF254,48.0,47,False
CTB-151G24.1,0.0,0,False
LINC00662,120.0,66,False
CTC-459F4.1,2.0,2,False
CTC-459F4.3,14.0,14,False
CTC-459F4.5,0.0,0,False
CTD-2043I16.1,0.0,0,False
CTB-70G10.1,0.0,0,False
AC005780.1,0.0,0,False
AC093074.1,0.0,0,False
AC005307.1,0.0,0,False
AC005307.3,0.0,0,False
AC005616.1,0.0,0,False
AC005616.2,0.0,0,False
AC005394.1,0.0,0,False
AC079466.1,0.0,0,False
AC007795.1,0.0,0,False
AC011524.1,0.0,0,False
AC008991.1,0.0,0,False
AC011524.2,0.0,0,False
AC011524.3,0.0,0,False
LINC00906,0.0,0,False
CTD-2081K17.2,0.0,0,False
UQCRFS1,964.0,771,False
CTB-32O4.2,10.0,10,False
CTC-525D6.5,0.0,0,False
CTC-525D6.2,0.0,0,False
VSTM2B,0.0,0,False
POP4,290.0,270,False
PLEKHF1,158.0,130,False
C19orf12,56.0,55,False
CCNE1,11.0,9,False
URI1,201.0,193,False
CTC-448F2.4,0.0,0,False
AC005597.1,0.0,0,False
ZNF536,0.0,0,False
CTC-565M22.1,0.0,0,False
CTC-400I9.2,0.0,0,False
CTC-400I9.1,0.0,0,False
CTC-400I9.3,0.0,0,False
AC020952.1,0.0,0,False
CTC-439O9.3,0.0,0,False
TSHZ3,1.0,1,False
AC007796.1,0.0,0,False
AC008992.1,0.0,0,False
CTD-2050I18.2,0.0,0,False
CTD-2050I18.1,0.0,0,False
AC011525.2,0.0,0,False
AC011525.4,0.0,0,False
CTC-360P9.1,0.0,0,False
CTC-360P9.5,0.0,0,False
CTC-360P9.2,0.0,0,False
CTC-360P9.4,0.0,0,False
CTC-360P9.3,0.0,0,False
AC011518.1,0.0,0,False
AC011518.2,0.0,0,False
ZNF507,24.0,24,False
AC007773.2,1.0,1,False
AC007773.3,0.0,0,False
DPY19L3,15.0,15,False
PDCD5,600.0,504,False
ANKRD27,83.0,48,False
CTC-379B2.4,0.0,0,False
RGS9BP,0.0,0,False
CTD-2538C1.2,16.0,16,False
NUDT19,14.0,14,False
CTD-2538C1.3,0.0,0,False
TDRD12,0.0,0,False
SLC7A9,0.0,0,False
CTD-2085J24.3,0.0,0,False
CTD-2085J24.4,3.0,3,False
CEP89,35.0,34,False
C19orf40,16.0,16,False
RHPN2,1.0,1,False
GPATCH1,37.0,37,False
WDR88,0.0,0,False
LRP3,4.0,4,False
SLC7A10,0.0,0,False
CTD-2540B15.6,0.0,0,False
CTD-2540B15.12,0.0,0,False
CTD-2540B15.11,1.0,1,False
CEBPA,96.0,86,False
CTD-2540B15.7,0.0,0,False
CEBPA-AS1,3.0,3,False
CTD-2540B15.9,1.0,1,False
CEBPG,208.0,195,False
PEPD,354.0,307,False
CTD-2329C7.2,0.0,0,False
CHST8,1.0,1,False
KCTD15,12.0,12,False
LSM14A,544.0,441,False
KIAA0355,75.0,72,False
AC010504.2,0.0,0,False
GPI,376.0,332,False
RP11-618P17.4,0.0,0,False
PDCD2L,104.0,66,False
CTD-2588C8.8,0.0,0,False
UBA2,316.0,274,False
WTIP,0.0,0,False
SCGB1B2P,3.0,3,False
SCGB2B2,0.0,0,False
ZNF302,123.0,121,False
ZNF181,40.0,39,False
ZNF599,24.0,24,False
CTC-523E23.4,2.0,2,False
CTC-523E23.1,3.0,3,False
CTC-523E23.5,1.0,1,False
CTC-523E23.11,157.0,149,False
LINC00904,0.0,0,False
CTC-523E23.14,0.0,0,False
CTC-523E23.15,0.0,0,False
CTC-523E23.6,0.0,0,False
CTC-523E23.8,0.0,0,False
ZNF30,7.0,7,False
ZNF792,27.0,26,False
GRAMD1A,323.0,290,False
CTD-2527I21.7,2.0,2,False
CTD-2527I21.14,0.0,0,False
SCN1B,5.0,5,False
HPN,0.0,0,False
HPN-AS1,0.0,0,False
AC020907.1,0.0,0,False
FXYD3,0.0,0,False
LGI4,0.0,0,False
FXYD1,44.0,40,False
FXYD7,87.0,80,False
FXYD5,4754.0,1969,False
FAM187B,0.0,0,False
LSR,108.0,105,False
AC002128.5,1.0,1,False
USF2,329.0,277,False
HAMP,0.0,0,False
MAG,0.0,0,False
CD22,141.0,129,False
FFAR1,0.0,0,False
FFAR3,13.0,11,False
GPR42,22.0,18,False
AC002511.1,0.0,0,False
AC002511.2,0.0,0,False
AC002511.3,0.0,0,False
FFAR2,46.0,41,False
KRTDAP,0.0,0,False
DMKN,9.0,9,False
SBSN,0.0,0,False
GAPDHS,0.0,0,False
AD000090.2,17.0,16,False
TMEM147,626.0,521,False
ATP4A,0.0,0,False
AC002115.5,0.0,0,False
AC002115.9,0.0,0,False
HAUS5,34.0,31,False
RBM42,242.0,226,False
ETV2,14.0,14,False
COX6B1,2701.0,1538,False
UPK1A,0.0,0,False
UPK1A-AS1,0.0,0,False
ZBTB32,18.0,15,False
KMT2B,43.0,41,False
IGFLR1,217.0,206,False
AD000671.6,4.0,4,False
U2AF1L4,259.0,248,False
PSENEN,427.0,379,False
AC002398.9,0.0,0,False
AC002398.11,2.0,2,False
LIN37,31.0,30,False
AC002398.12,0.0,0,False
HSPB6,0.0,0,False
C19orf55,49.0,49,False
AC002398.13,0.0,0,False
ARHGAP33,10.0,9,False
AC002398.5,0.0,0,False
PRODH2,0.0,0,False
NPHS1,2.0,2,False
KIRREL2,0.0,0,False
APLP1,0.0,0,False
NFKBID,90.0,84,False
HCST,2848.0,1456,False
TYROBP,9381.0,1072,False
LRFN3,12.0,12,False
AF038458.3,0.0,0,False
AF038458.5,0.0,0,False
SDHAF1,195.0,179,False
SYNE4,0.0,0,False
ALKBH6,87.0,85,False
AC002116.7,7.0,7,False
CLIP3,0.0,0,False
THAP8,16.0,16,False
WDR62,6.0,5,False
OVOL3,0.0,0,False
POLR2I,473.0,390,False
TBCB,1092.0,823,False
CAPNS1,428.0,347,False
AD001527.7,0.0,0,False
COX7A1,1.0,1,False
ZNF565,7.0,7,False
ZNF146,149.0,143,False
CTD-3162L10.1,1.0,1,False
LINC00665,55.0,52,False
ZFP14,61.0,61,False
CTD-3162L10.3,0.0,0,False
CTD-3162L10.4,0.0,0,False
ZFP82,31.0,31,False
ZNF566,44.0,41,False
CTD-2630F21.1,6.0,6,False
ZNF260,20.0,20,False
AC092295.4,0.0,0,False
ZNF529,33.0,33,False
AC092295.7,12.0,12,False
ZNF382,20.0,20,False
CTD-3234P18.2,0.0,0,False
ZNF461,8.0,8,False
AC074138.3,14.0,14,False
ZNF567,70.0,60,False
ZNF850,2.0,2,False
CTD-2162K18.4,5.0,5,False
CTD-2162K18.3,0.0,0,False
CTD-2162K18.5,26.0,26,False
ZNF790,25.0,25,False
ZNF345,25.0,25,False
ZNF829,7.0,7,False
ZNF568,40.0,40,False
ZNF420,53.0,52,False
CTD-2293H3.2,0.0,0,False
CTC-454I21.3,4.0,4,False
ZNF585A,24.0,22,False
CTC-454I21.4,0.0,0,False
ZNF585B,28.0,27,False
ZNF383,31.0,30,False
AC012309.5,2.0,2,False
CTD-3220F14.1,0.0,0,False
HKR1,35.0,35,False
ZNF527,13.0,13,False
ZNF569,23.0,22,False
ZNF570,15.0,14,False
CTD-2086O20.3,3.0,3,False
CTD-3064H18.1,4.0,4,False
CTD-3064H18.2,1.0,1,False
ZNF793,19.0,19,False
CTD-3064H18.4,0.0,0,False
ZNF571-AS1,5.0,5,False
ZNF540,12.0,12,False
ZNF571,23.0,23,False
ZFP30,6.0,6,False
ZNF781,17.0,16,False
CTD-2528L19.4,0.0,0,False
ZNF607,2.0,2,False
CTD-2528L19.6,1.0,1,False
ZNF573,31.0,31,False
CTD-2554C21.2,0.0,0,False
AC016582.2,0.0,0,False
CTD-2554C21.3,0.0,0,False
WDR87,0.0,0,False
SIPA1L3,22.0,22,False
CTC-450M9.1,0.0,0,False
DPF1,0.0,0,False
SPINT2,515.0,416,False
PPP1R14A,100.0,61,False
CTB-102L5.4,3.0,3,False
C19orf33,15.0,9,False
YIF1B,214.0,190,False
KCNK6,131.0,86,False
AC026806.2,14.0,14,False
CATSPERG,11.0,10,False
AC005625.1,1.0,1,False
PSMD8,1011.0,803,False
GGN,0.0,0,False
AC005789.9,0.0,0,False
SPRED3,1.0,1,False
AC005789.11,1.0,1,False
FAM98C,144.0,137,False
RASGRP4,84.0,72,False
RYR1,16.0,16,False
AC067969.1,0.0,0,False
AC067969.2,0.0,0,False
MAP4K1,205.0,190,False
CTB-186G2.1,0.0,0,False
EIF3K,4779.0,1987,False
ACTN4,208.0,164,False
CTB-186G2.4,0.0,0,False
CAPN12,122.0,86,False
CTD-2540F13.2,3.0,3,False
LGALS7,0.0,0,False
LGALS7B,0.0,0,False
LGALS4,4.0,4,False
ECH1,886.0,722,False
AC104534.3,0.0,0,False
AC104534.2,0.0,0,False
HNRNPL,286.0,254,False
RINL,87.0,81,False
CTC-360G5.6,0.0,0,False
SIRT2,185.0,175,False
NFKBIB,121.0,114,False
CCER2,2.0,2,False
SARS2,35.0,35,False
CTC-360G5.8,0.0,0,False
MRPS12,486.0,374,False
CTC-360G5.9,0.0,0,False
FBXO17,0.0,0,False
FBXO27,0.0,0,False
CTB-189B5.3,0.0,0,False
PAPL,3.0,3,False
PAK4,15.0,15,False
CTC-218B8.3,0.0,0,False
NCCRP1,0.0,0,False
SYCN,0.0,0,False
IFNL3,0.0,0,False
IFNL2,0.0,0,False
IFNL1,7.0,7,False
LRFN1,21.0,19,False
GMFG,4253.0,1881,False
CTC-246B18.10,12.0,12,False
SAMD4B,94.0,83,False
PAF1,115.0,112,False
MED29,217.0,189,False
ZFP36,5783.0,1890,False
PLEKHG2,26.0,26,False
CTB-60E11.4,0.0,0,False
RPS16,24888.0,2658,False
SUPT5H,175.0,166,False
AC011500.1,0.0,0,False
TIMM50,146.0,137,False
DLL3,5.0,5,False
SELV,0.0,0,False
EID2B,51.0,48,False
CTB-60E11.9,0.0,0,False
EID2,71.0,20,False
LGALS13,0.0,0,False
LGALS16,0.0,0,False
AC093063.3,0.0,0,False
LGALS14,1.0,1,False
CLC,1.0,1,False
LEUTX,0.0,0,False
DYRK1B,37.0,37,False
FBL,974.0,742,False
FCGBP,5.0,5,False
PSMC4,559.0,451,False
ZNF546,6.0,6,False
CTC-471F3.6,0.0,0,False
ZNF780B,30.0,30,False
ZNF780A,81.0,78,False
AC005614.3,3.0,2,False
MAP3K10,10.0,10,False
TTC9B,1.0,1,False
CNTD2,1.0,1,False
AKT2,142.0,136,False
C19orf47,11.0,11,False
PLD3,257.0,230,False
HIPK4,0.0,0,False
PRX,2.0,2,False
SERTAD1,279.0,240,False
SERTAD3,160.0,147,False
CTC-492K19.4,0.0,0,False
BLVRB,643.0,434,False
SPTBN4,0.0,0,False
SHKBP1,532.0,446,False
LTBP4,71.0,71,False
NUMBL,7.0,7,False
ADCK4,61.0,60,False
ITPKC,9.0,9,False
C19orf54,16.0,16,False
SNRPA,328.0,294,False
MIA-RAB4B,0.0,0,False
MIA,0.0,0,False
RAB4B,239.0,198,False
RAB4B-EGLN2,0.0,0,False
EGLN2,441.0,373,False
CTC-490E21.12,0.0,0,False
CTC-490E21.10,0.0,0,False
CYP2A6,0.0,0,False
CYP2A7,0.0,0,False
CYP2B6,0.0,0,False
CYP2A13,0.0,0,False
CYP2F1,0.0,0,False
CYP2S1,4.0,4,False
AXL,7.0,7,False
CTD-2195B23.3,0.0,0,False
HNRNPUL1,398.0,360,False
TGFB1,726.0,540,False
CCDC97,92.0,90,False
CTC-435M10.3,1.0,1,False
TMEM91,115.0,83,False
B9D2,73.0,69,False
BCKDHA,54.0,54,False
EXOSC5,175.0,170,False
CTC-435M10.6,1.0,1,False
B3GNT8,25.0,25,False
ATP5SL,196.0,152,False
C19orf69,1.0,1,False
AC011526.1,1.0,1,False
AC006129.1,4.0,4,False
AC006129.4,12.0,12,False
AC006129.2,67.0,66,False
CEACAM21,47.0,46,False
CEACAM4,50.0,26,False
CEACAM7,0.0,0,False
CEACAM5,0.0,0,False
CEA,0.0,0,False
CEACAM6,0.0,0,False
AC011513.4,0.0,0,False
CEACAM3,34.0,32,False
AC020956.3,0.0,0,False
LYPD4,0.0,0,False
DMRTC2,0.0,0,False
RPS19,43858.0,2682,False
CD79A,1646.0,426,False
ARHGEF1,781.0,642,False
RABAC1,1115.0,860,False
ATP1A3,10.0,10,False
GRIK5,0.0,0,False
ZNF574,26.0,25,False
CTB-59C6.3,2.0,2,False
POU2F2,614.0,425,False
CTC-378H22.1,55.0,47,False
CTC-378H22.2,38.0,37,False
DEDD2,358.0,328,False
ZNF526,33.0,31,False
GSK3A,55.0,49,False
AC006486.9,0.0,0,False
AC006486.1,2.0,2,False
ERF,29.0,29,False
CIC,56.0,56,False
PAFAH1B3,155.0,143,False
PRR19,4.0,4,False
TMEM145,0.0,0,False
MEGF8,6.0,6,False
CNFN,32.0,30,False
LIPE-AS1,37.0,37,False
LIPE,18.0,18,False
CXCL17,0.0,0,False
CEACAM1,8.0,8,False
CEACAM8,0.0,0,False
PSG3,0.0,0,False
PSG8,0.0,0,False
AC004603.4,0.0,0,False
PSG1,0.0,0,False
PSG6,0.0,0,False
PSG11,0.0,0,False
PSG2,0.0,0,False
AC005392.13,0.0,0,False
PSG5,0.0,0,False
PSG4,0.0,0,False
PSG9,0.0,0,False
CTC-490G23.2,0.0,0,False
CTC-490G23.4,0.0,0,False
TEX101,0.0,0,False
LYPD3,44.0,42,False
PHLDB3,51.0,50,False
ETHE1,457.0,377,False
ZNF575,16.0,16,False
XRCC1,102.0,100,False
L34079.3,0.0,0,False
L34079.2,0.0,0,False
L34079.4,0.0,0,False
PINLYP,6.0,6,False
IRGQ,36.0,35,False
ZNF576,58.0,54,False
SRRM5,3.0,3,False
ZNF428,484.0,415,False
CADM4,2.0,2,False
PLAUR,434.0,324,False
IRGC,0.0,0,False
SMG9,49.0,46,False
KCNN4,63.0,59,False
AC115522.3,0.0,0,False
LYPD5,1.0,1,False
ZNF283,8.0,8,False
ZNF404,12.0,11,False
RP11-15A1.3,31.0,30,False
RP11-15A1.2,0.0,0,False
ZNF45,34.0,18,False
ZNF221,2.0,2,False
ZNF155,9.0,9,False
RP11-15A1.7,3.0,3,False
ZNF230,29.0,29,False
AC067968.3,0.0,0,False
ZNF222,20.0,19,False
ZNF223,0.0,0,False
ZNF223-1,4.0,4,False
ZNF284,3.0,3,False
ZNF224,113.0,109,False
AC084219.3,2.0,2,False
AC084219.4,1.0,1,False
ZNF225,4.0,4,False
ZNF234,18.0,18,False
ZNF226,121.0,118,False
ZNF227,42.0,41,False
ZNF235,14.0,14,False
ZNF233,1.0,1,False
ZNF112,0.0,0,False
CTC-512J12.6,0.0,0,False
ZNF285,2.0,2,False
ZNF229,0.0,0,False
AC069278.4,0.0,0,False
ZNF180,33.0,33,False
AC138472.6,0.0,0,False
IGSF23,0.0,0,False
CTB-171A8.1,0.0,0,False
PVR,9.0,9,False
CEACAM19,0.0,0,False
CEACAM16,0.0,0,False
BCL3,60.0,59,False
CBLC,0.0,0,False
BCAM,1.0,1,False
PVRL2,17.0,17,False
CTB-129P6.4,4.0,4,False
TOMM40,186.0,167,False
APOE,0.0,0,False
APOC1,2.0,2,False
APOC4-APOC2,0.0,0,False
APOC4,0.0,0,False
APOC2,0.0,0,False
CTB-129P6.11,0.0,0,False
CLPTM1,164.0,157,False
RELB,180.0,126,False
CLASRP,108.0,100,False
ZNF296,62.0,59,False
CTB-179K24.3,0.0,0,False
GEMIN7,153.0,145,False
MARK4,17.0,17,False
PPP1R37,34.0,34,False
AC005757.6,0.0,0,False
AC005757.7,0.0,0,False
NKPD1,1.0,1,False
TRAPPC6A,643.0,539,False
BLOC1S3,18.0,18,False
AC005779.2,0.0,0,False
AC006126.3,0.0,0,False
EXOC3L2,1.0,1,False
AC006126.4,0.0,0,False
CKM,4.0,4,False
KLC3,0.0,0,False
L47234.1,0.0,0,False
ERCC2,44.0,44,False
PPP1R13L,15.0,14,False
CD3EAP,22.0,19,False
ERCC1,360.0,317,False
FOSB,2209.0,1310,False
RTN2,1.0,1,False
PPM1N,104.0,72,False
VASP,1084.0,738,False
OPA3,52.0,49,False
GPR4,0.0,0,False
EML2,77.0,74,False
C19orf83,14.0,14,False
GIPR,4.0,4,False
SNRPD2,2479.0,1530,False
QPCTL,3.0,2,False
FBXO46,11.0,11,False
AC074212.3,0.0,0,False
AC074212.5,1.0,1,False
SIX5,0.0,0,False
AC074212.6,0.0,0,False
DMPK,5.0,5,False
AC011530.4,0.0,0,False
DMWD,12.0,11,False
RSPH6A,0.0,0,False
SYMPK,109.0,104,False
AC092301.3,2.0,2,False
FOXA3,0.0,0,False
IRF2BP1,28.0,27,False
MYPOP,31.0,31,False
NANOS2,0.0,0,False
NOVA2,0.0,0,False
CCDC61,54.0,54,False
PGLYRP1,0.0,0,False
CTC-344H19.4,0.0,0,False
IGFL4,0.0,0,False
AC007193.6,0.0,0,False
IGFL3,0.0,0,False
IGFL2,0.0,0,False
AC006262.4,0.0,0,False
AC006262.5,0.0,0,False
AC006262.10,0.0,0,False
IGFL1,0.0,0,False
HIF3A,0.0,0,False
AC007193.10,0.0,0,False
PPP5C,88.0,87,False
AC007193.9,0.0,0,False
AC007193.8,0.0,0,False
CCDC8,0.0,0,False
PNMAL1,0.0,0,False
PPP5D1,10.0,10,False
PNMAL2,1.0,1,False
AC011484.1,1.0,1,False
AC011551.3,1.0,1,False
CALM3,1447.0,973,False
CTB-12A17.3,6.0,6,False
PTGIR,57.0,52,False
GNG8,0.0,0,False
DACT3,1.0,1,False
DACT3-AS1,0.0,0,False
PRKD2,196.0,143,False
STRN4,46.0,45,False
CTB-174O21.2,0.0,0,False
FKRP,13.0,13,False
SLC1A5,74.0,70,False
AP2S1,1737.0,949,False
ARHGAP35,34.0,33,False
NPAS1,1.0,1,False
TMEM160,597.0,512,False
ZC3H4,28.0,28,False
SAE1,232.0,220,False
BBC3,169.0,131,False
CCDC9,28.0,28,False
PRR24,68.0,64,False
C5AR1,400.0,264,False
C5AR2,8.0,6,False
CTD-3023J11.2,0.0,0,False
DHX34,60.0,30,False
MEIS3,1.0,1,False
SLC8A2,0.0,0,False
KPTN,26.0,26,False
NAPA-AS1,80.0,27,False
NAPA,408.0,352,False
ZNF541,3.0,3,False
CTD-2571L23.8,3.0,3,False
GLTSCR1,18.0,18,False
CTD-3001H11.1,0.0,0,False
EHD2,0.0,0,False
GLTSCR2,6560.0,2238,False
CTD-2571L23.6,0.0,0,False
SEPW1,866.0,684,False
TPRX1,0.0,0,False
CRX,0.0,0,False
TPRX2P,0.0,0,False
CTD-3098H1.2,0.0,0,False
SULT2A1,0.0,0,False
BSPH1,0.0,0,False
ELSPBP1,0.0,0,False
CABP5,2.0,2,False
PLA2G4C,7.0,7,False
CTD-2265M8.2,0.0,0,False
LIG1,57.0,48,False
CTC-453G23.5,0.0,0,False
CTC-453G23.4,0.0,0,False
C19orf68,23.0,23,False
ZNF114,0.0,0,False
CARD8,338.0,303,False
CTC-453G23.8,0.0,0,False
CTC-241F20.3,91.0,91,False
CTC-241F20.4,0.0,0,False
CCDC114,2.0,2,False
EMP3,5351.0,1975,False
TMEM143,23.0,23,False
SYNGR4,0.0,0,False
KDELR1,320.0,292,False
GRIN2D,1.0,1,False
GRWD1,96.0,89,False
KCNJ14,4.0,4,False
CTC-273B12.5,1.0,1,False
CTC-273B12.7,0.0,0,False
CTC-273B12.6,0.0,0,False
CYTH2,201.0,159,False
CTC-273B12.8,0.0,0,False
LMTK3,1.0,1,False
CTC-273B12.10,6.0,6,False
SULT2B1,2.0,2,False
FAM83E,0.0,0,False
SPACA4,0.0,0,False
RPL18,23084.0,2653,False
AC022154.7,0.0,0,False
SPHK2,73.0,71,False
DBP,144.0,134,False
CA11,41.0,41,False
NTN5,0.0,0,False
FUT2,0.0,0,False
MAMSTR,3.0,3,False
RASIP1,4.0,4,False
IZUMO1,0.0,0,False
FUT1,0.0,0,False
FGF21,0.0,0,False
BCAT2,59.0,59,False
HSD17B14,8.0,8,False
PLEKHA4,5.0,5,False
PPP1R15A,1581.0,1057,False
TULP2,3.0,3,False
NUCB1,549.0,474,False
NUCB1-AS1,0.0,0,False
DHDH,3.0,3,False
BAX,1057.0,822,False
CTD-2639E6.9,1.0,1,False
FTL,74702.0,2666,False
GYS1,34.0,23,False
RUVBL2,157.0,151,False
LHB,1.0,1,False
CTB-60B18.10,0.0,0,False
CGB,0.0,0,False
CTB-60B18.6,0.0,0,False
CGB2,0.0,0,False
CGB1,0.0,0,False
CGB5,0.0,0,False
CGB8,0.0,0,False
CGB7,0.0,0,False
NTF4,0.0,0,False
CTB-60B18.12,0.0,0,False
CTB-60B18.18,0.0,0,False
KCNA7,0.0,0,False
SNRNP70,424.0,378,False
LIN7B,52.0,50,False
C19orf73,22.0,21,False
PPFIA3,0.0,0,False
HRC,0.0,0,False
TRPM4,42.0,16,False
SLC6A16,15.0,15,False
CTC-301O7.4,39.0,38,False
CD37,6170.0,2063,False
TEAD2,2.0,2,False
AC010524.4,1.0,1,False
DKKL1,1.0,1,False
AC010524.2,0.0,0,False
CCDC155,0.0,0,False
PTH2,0.0,0,False
GFY,0.0,0,False
SLC17A7,0.0,0,False
PIH1D1,387.0,350,False
ALDH16A1,155.0,148,False
CTD-3148I10.9,0.0,0,False
FLT3LG,615.0,464,False
RPL13A,76843.0,2698,False
RPS11,13263.0,2553,False
hsa-mir-150,0.0,0,False
FCGRT,1080.0,623,False
RCN3,13.0,13,False
NOSIP,2152.0,1152,False
PRRG2,13.0,13,False
PRR12,36.0,30,False
CTB-33G10.11,0.0,0,False
RRAS,62.0,60,False
SCAF1,56.0,55,False
IRF3,323.0,298,False
BCL2L12,105.0,98,False
PRMT1,610.0,507,False
ADM5,0.0,0,False
CTB-33G10.6,0.0,0,False
CPT1C,0.0,0,False
TSKS,6.0,6,False
AP2A1,212.0,187,False
FUZ,40.0,38,False
AC006942.4,1.0,1,False
MED25,77.0,75,False
PTOV1-AS1,4.0,4,False
PTOV1,227.0,208,False
AC018766.6,0.0,0,False
AC018766.5,2.0,2,False
AC018766.4,4.0,4,False
PNKP,200.0,184,False
AKT1S1,64.0,63,False
TBC1D17,118.0,112,False
IL4I1,25.0,20,False
NUP62,161.0,154,False
CTC-326K19.6,0.0,0,False
ATF5,90.0,81,False
SIGLEC11,1.0,1,False
VRK3,217.0,211,False
ZNF473,15.0,15,False
CTD-2126E3.3,0.0,0,False
CTD-2126E3.4,0.0,0,False
IZUMO2,0.0,0,False
MYH14,0.0,0,False
CTB-191K22.5,0.0,0,False
KCNC3,10.0,8,False
NR1H2,370.0,346,False
NAPSA,11.0,7,False
CTB-191K22.6,0.0,0,False
POLD1,40.0,38,False
CTD-2545M3.6,0.0,0,False
SPIB,152.0,110,False
MYBPC2,2.0,2,False
FAM71E1,2.0,2,False
EMC10,419.0,338,False
CTD-2545M3.2,3.0,3,False
CTD-2545M3.8,2.0,2,False
JOSD2,279.0,254,False
ASPDH,0.0,0,False
LRRC4B,0.0,0,False
SYT3,0.0,0,False
C19orf81,1.0,1,False
SHANK1,0.0,0,False
CLEC11A,110.0,101,False
GPR32,0.0,0,False
CTD-2568A17.1,0.0,0,False
ACPT,0.0,0,False
CTD-2568A17.8,2.0,2,False
C19orf48,127.0,112,False
CTD-2568A17.5,0.0,0,False
KLK1,18.0,16,False
KLK15,0.0,0,False
AC011523.2,0.0,0,False
KLK3,0.0,0,False
KLK2,1.0,1,False
AC037199.1,0.0,0,False
KLK4,0.0,0,False
KLK5,0.0,0,False
CTB-147C22.8,0.0,0,False
KLK6,0.0,0,False
CTB-147C22.9,0.0,0,False
KLK7,0.0,0,False
KLK8,0.0,0,False
KLK9,0.0,0,False
KLK9-1,0.0,0,False
KLK10,0.0,0,False
CTC-518B2.12,0.0,0,False
KLK11,0.0,0,False
KLK12,0.0,0,False
CTC-518B2.9,0.0,0,False
CTC-518B2.10,0.0,0,False
KLK13,0.0,0,False
KLK14,0.0,0,False
CTU1,28.0,28,False
SIGLEC9,58.0,50,False
SIGLEC7,63.0,60,False
CTD-3187F8.14,0.0,0,False
CD33,262.0,195,False
SIGLECL1,0.0,0,False
CTD-3187F8.2,0.0,0,False
CTD-3187F8.11,0.0,0,False
IGLON5,0.0,0,False
VSIG10L,5.0,5,False
CTD-2616J11.16,0.0,0,False
CTD-2616J11.9,1.0,1,False
ETFB,632.0,549,False
CTD-2616J11.11,0.0,0,False
CLDND2,9.0,9,False
NKG7,7165.0,816,False
LIM2,10.0,9,False
C19orf84,2.0,2,False
CTD-2616J11.14,0.0,0,False
SIGLEC10,210.0,154,False
CTD-2616J11.3,0.0,0,False
CTD-2616J11.2,4.0,4,False
SIGLEC8,0.0,0,False
CEACAM18,0.0,0,False
SIGLEC12,5.0,4,False
SIGLEC6,1.0,1,False
CTD-3073N11.9,0.0,0,False
ZNF175,23.0,14,False
AC018755.1,4.0,4,False
AC018755.17,0.0,0,False
SIGLEC5,51.0,48,False
SIGLEC5-1,0.0,0,False
SIGLEC14,50.0,38,False
SPACA6P-AS,0.0,0,False
HAS1,2.0,1,False
FPR1,470.0,289,False
FPR2,27.0,25,False
FPR3,0.0,0,False
AC006272.2,0.0,0,False
AC006272.1,0.0,0,False
ZNF577,14.0,14,False
CTC-429C10.2,0.0,0,False
ZNF649,12.0,12,False
ZNF613,8.0,8,False
HCCAT3,0.0,0,False
ZNF350,111.0,76,False
ZNF615,14.0,14,False
ZNF614,14.0,14,False
ZNF432,19.0,19,False
ZNF841,9.0,9,False
ZNF616,12.0,12,False
CTC-471J1.9,0.0,0,False
ZNF836,86.0,69,False
CTD-2525I3.2,2.0,2,False
PPP2R1A,530.0,464,False
CTD-2525I3.3,0.0,0,False
ZNF766,91.0,89,False
CTD-2525I3.5,0.0,0,False
ZNF480,121.0,113,False
CTD-2525I3.6,0.0,0,False
ZNF610,2.0,2,False
ZNF880,86.0,81,False
ZNF528,41.0,29,False
ZNF534,2.0,2,False
ZNF578,3.0,3,False
CTD-3099C6.5,0.0,0,False
ZNF808,12.0,11,False
ZNF701,38.0,37,False
CTD-3099C6.7,0.0,0,False
ZNF83,94.0,91,False
ZNF611,44.0,42,False
ZNF600,34.0,33,False
ZNF28,16.0,16,False
ZNF468,50.0,44,False
ZNF320,12.0,12,False
ZNF888,1.0,1,False
CTD-2331H12.7,1.0,1,False
ZNF816,26.0,26,False
ZNF321P,0.0,0,False
CTD-2620I22.3,0.0,0,False
ERVV-1,0.0,0,False
ERVV-2,0.0,0,False
ZNF160,61.0,61,False
ZNF415,3.0,3,False
ZNF347,11.0,11,False
CTD-2620I22.7,1.0,1,False
ZNF665,7.0,7,False
CTD-2245F17.2,0.0,0,False
CTD-2245F17.3,1.0,1,False
ZNF677,65.0,63,False
CTD-2245F17.6,1.0,1,False
VN1R2,1.0,1,False
VN1R4,0.0,0,False
CTD-2245F17.9,0.0,0,False
BIRC8,0.0,0,False
ZNF845,12.0,12,False
ZNF525,20.0,20,False
ZNF765,19.0,18,False
ZNF813,9.0,8,False
ZNF331,417.0,363,False
CTB-167G5.5,0.0,0,False
DPRX,0.0,0,False
MIR519A2,0.0,0,False
MIR371B,0.0,0,False
AC008753.4,0.0,0,False
NLRP12,20.0,18,False
AC008753.6,2.0,2,False
AC008440.10,1.0,1,False
MYADM,754.0,515,False
AC008440.5,3.0,3,False
PRKCG,0.0,0,False
CACNG7,0.0,0,False
CACNG8,2.0,2,False
CACNG6,0.0,0,False
VSTM1,204.0,161,False
TARM1,0.0,0,False
OSCAR,227.0,145,False
NDUFA3,730.0,621,False
TFPT,163.0,146,False
PRPF31,370.0,286,False
AC012314.8,0.0,0,False
CNOT3,79.0,78,False
LENG1,299.0,265,False
TMC4,10.0,10,False
MBOAT7,176.0,146,False
TSEN34,280.0,254,False
CTD-3093M3.1,3.0,3,False
AC012314.20,1.0,1,False
RPS9,24995.0,2664,False
LILRB3,136.0,116,False
LILRA6,51.0,48,False
CTB-83J4.1,0.0,0,False
CTD-2337J16.1,0.0,0,False
LILRB5,0.0,0,False
LILRB2,401.0,267,False
LILRA3,261.0,163,False
LILRA5,506.0,320,False
LILRA4,36.0,11,False
CTD-2587H19.1,3.0,3,False
LAIR1,306.0,244,False
TTYH1,0.0,0,False
AC008746.3,0.0,0,False
CTD-2587H19.3,1.0,1,False
AC008746.12,0.0,0,False
LENG8-AS1,13.0,13,False
LENG8,269.0,252,False
LENG9,24.0,23,False
CDC42EP5,0.0,0,False
LAIR2,19.0,18,False
KIR3DX1,2.0,2,False
LILRA2,135.0,117,False
LILRB1,216.0,165,False
CTB-83J4.2,0.0,0,False
LILRA1,126.0,113,False
AC009892.10,0.0,0,False
LILRB4,185.0,138,False
KIR3DL1,14.0,14,False
KIR3DL3,0.0,0,False
KIR2DL4,0.0,0,False
KIR2DL3,27.0,21,False
KIR2DL1,1.0,1,False
KIR3DL2,52.0,44,False
FCAR,14.0,13,False
CTB-61M7.2,21.0,19,False
NCR1,19.0,18,False
NLRP7,0.0,0,False
CTC-550B14.8,1.0,1,False
NLRP2,13.0,13,False
CTC-550B14.7,3.0,3,False
GP6,6.0,4,False
RDH13,30.0,29,False
EPS8L1,6.0,6,False
PPP1R12C,46.0,43,False
TNNT1,42.0,32,False
TNNI3,0.0,0,False
CTD-2587H24.4,0.0,0,False
DNAAF3,0.0,0,False
CTD-2587H24.5,0.0,0,False
SYT5,21.0,21,False
PTPRH,0.0,0,False
CTD-2587H24.10,0.0,0,False
TMEM86B,35.0,35,False
AC010327.2,2.0,2,False
PPP6R1,16.0,16,False
HSPBP1,136.0,121,False
BRSK1,3.0,3,False
CTD-2105E13.14,0.0,0,False
TMEM150B,18.0,17,False
SUV420H2,60.0,45,False
AC020922.1,0.0,0,False
COX6B2,4.0,4,False
CTD-2105E13.6,0.0,0,False
FAM71E2,0.0,0,False
IL11,0.0,0,False
TMEM190,0.0,0,False
CTD-2105E13.15,0.0,0,False
TMEM238,3.0,3,False
RPL28,38630.0,2686,False
CTD-2105E13.13,2.0,2,False
UBE2S,116.0,111,False
SHISA7,0.0,0,False
ISOC2,249.0,171,False
CTD-2537I9.16,0.0,0,False
ZNF628,34.0,31,False
NAT14,12.0,10,False
SSC5D,4.0,4,False
SBK2,0.0,0,False
SBK3,0.0,0,False
CTD-2537I9.5,0.0,0,False
ZNF579,6.0,6,False
FIZ1,8.0,8,False
ZNF524,270.0,248,False
ZNF865,22.0,22,False
ZNF784,31.0,30,False
ZNF580,139.0,132,False
ZNF581,315.0,286,False
CCDC106,21.0,21,False
U2AF2,149.0,139,False
CTD-2537I9.12,12.0,6,False
EPN1,202.0,156,False
AC010525.4,0.0,0,False
AC010525.6,0.0,0,False
AC010525.7,0.0,0,False
NLRP9,1.0,1,False
RFPL4A,0.0,0,False
RFPL4AL1,0.0,0,False
NLRP11,0.0,0,False
NLRP4,0.0,0,False
NLRP13,0.0,0,False
NLRP8,2.0,2,False
NLRP5,0.0,0,False
CTD-2621I17.6,0.0,0,False
ZNF787,28.0,28,False
ZNF444,69.0,66,False
AC024580.1,0.0,0,False
GALP,0.0,0,False
ZSCAN5B,0.0,0,False
ZSCAN5C,0.0,0,False
ZSCAN5A,19.0,16,False
ZSCAN5D,0.0,0,False
AC006116.20,7.0,7,False
AC006116.17,1.0,1,False
AC006116.21,0.0,0,False
ZNF582,27.0,26,False
AC006116.12,0.0,0,False
ZNF582-AS1,14.0,13,False
ZNF583,30.0,30,False
ZNF667,9.0,9,False
ZNF667-AS1,26.0,26,False
ZNF471,2.0,2,False
AC005498.4,0.0,0,False
AC005498.3,2.0,2,False
ZFP28,3.0,3,False
AC007228.11,1.0,1,False
ZNF470,7.0,7,False
ZNF71,23.0,23,False
SMIM17,0.0,0,False
ZNF835,1.0,1,False
AC007228.5,4.0,4,False
AC007228.9,17.0,17,False
AC006115.3,0.0,0,False
ZIM2,0.0,0,False
PEG3,0.0,0,False
MIMT1,0.0,0,False
USP29,0.0,0,False
ZIM3,0.0,0,False
DUXA,0.0,0,False
ZNF264,57.0,53,False
AURKC,12.0,4,False
ZNF805,6.0,6,False
CTC-444N24.8,1.0,1,False
CTC-444N24.6,4.0,4,False
ZNF460,50.0,50,False
CTC-444N24.11,42.0,33,False
ZNF543,9.0,9,False
CTC-444N24.13,2.0,2,False
ZNF304,6.0,6,False
ZNF547,3.0,3,False
TRAPPC2P1,116.0,113,False
AC003002.4,0.0,0,False
ZNF548,41.0,41,False
AC003002.6,0.0,0,False
AC004076.7,0.0,0,False
ZNF17,20.0,20,False
ZNF749,22.0,21,False
AC004076.9,0.0,0,False
VN1R1,0.0,0,False
ZNF772,6.0,6,False
AC003005.2,0.0,0,False
ZNF419,21.0,21,False
AC003005.4,0.0,0,False
ZNF773,22.0,22,False
ZNF549,12.0,12,False
ZNF550,28.0,28,False
ZNF416,9.0,9,False
ZIK1,16.0,15,False
ZNF530,10.0,10,False
ZNF134,31.0,31,False
AC003682.16,0.0,0,False
ZNF211,46.0,42,False
ZSCAN4,0.0,0,False
ZNF551,18.0,18,False
AC003006.7,0.0,0,False
AC004017.1,0.0,0,False
ZNF154,10.0,10,False
ZNF671,27.0,26,False
ZNF776,20.0,20,False
ZNF586,81.0,78,False
ZNF552,21.0,21,False
CTD-2583A14.10,0.0,0,False
ZNF587B,6.0,6,False
ZNF814,62.0,62,False
ZNF587,38.0,36,False
CTD-2583A14.9,0.0,0,False
ZNF417,9.0,9,False
ZNF418,12.0,12,False
ZNF256,13.0,13,False
C19orf18,3.0,3,False
ZNF606,20.0,20,False
CTD-2368P22.1,9.0,8,False
ZSCAN1,0.0,0,False
ZNF135,10.0,9,False
ZSCAN18,100.0,99,False
ZNF329,15.0,15,False
ZNF274,157.0,150,False
ZNF544,57.0,55,False
CTD-3138B18.4,0.0,0,False
CTD-3138B18.5,48.0,44,False
ZNF8,0.0,0,False
ZNF8-1,0.0,0,False
AC010642.1,255.0,216,False
ZSCAN22,6.0,6,False
A1BG,180.0,167,False
A1BG-AS1,32.0,32,False
ZNF497,1.0,1,False
CTD-2619J13.9,0.0,0,False
CTD-2619J13.3,0.0,0,False
ZNF837,24.0,24,False
RPS5,24632.0,2634,False
AC012313.1,0.0,0,False
CTD-2619J13.13,0.0,0,False
ZNF584,37.0,36,False
CTD-2619J13.14,5.0,5,False
CTD-2619J13.16,0.0,0,False
CTD-2619J13.17,0.0,0,False
ZNF132,1.0,1,False
CTD-2619J13.19,0.0,0,False
ZNF324B,8.0,8,False
ZNF324,26.0,24,False
ZNF446,31.0,31,False
CTD-2619J13.23,1.0,1,False
SLC27A5,55.0,53,False
ZBTB45,22.0,22,False
TRIM28,127.0,116,False
CHMP2A,892.0,707,False
UBE2M,71.0,70,False
AC016629.8,55.0,49,False
MZF1,78.0,76,False
AC016629.3,0.0,0,False
SRY,0.0,0,False
RPS4Y1,7612.0,2384,False
ZFY,25.0,25,False
ZFY-AS1,1.0,1,False
LINC00278,1.0,1,False
TGIF2LY,0.0,0,False
AC010084.1,0.0,0,False
PCDH11Y,0.0,0,False
AC012067.1,0.0,0,False
TTTY23B,0.0,0,False
TSPY2,0.0,0,False
LINC00280,0.0,0,False
TTTY1B,0.0,0,False
TTTY2B,0.0,0,False
TTTY21B,0.0,0,False
TTTY7,0.0,0,False
TTTY8B,0.0,0,False
AMELY,0.0,0,False
TBL1Y,0.0,0,False
TTTY16,0.0,0,False
TTTY12,0.0,0,False
LINC00279,0.0,0,False
TTTY18,0.0,0,False
TTTY19,0.0,0,False
TTTY11,0.0,0,False
TTTY20,0.0,0,False
TSPY4,0.0,0,False
FAM197Y8,0.0,0,False
TSPY8,0.0,0,False
FAM197Y7,0.0,0,False
FAM197Y6,0.0,0,False
TSPY3,0.0,0,False
TSPY1,0.0,0,False
AC006156.1,0.0,0,False
TSPY6P,0.0,0,False
FAM197Y3,0.0,0,False
FAM197Y2,0.0,0,False
TSPY10,0.0,0,False
FAM197Y1,0.0,0,False
TTTY8,0.0,0,False
TTTY7B,0.0,0,False
TTTY21,0.0,0,False
TTTY2,0.0,0,False
TTTY1,0.0,0,False
TTTY22,0.0,0,False
AC010891.2,0.0,0,False
TTTY23,0.0,0,False
SLC9B1P1,0.0,0,False
TTTY15,61.0,56,False
USP9Y,39.0,38,False
DDX3Y,180.0,165,False
UTY,109.0,108,False
AC010877.1,0.0,0,False
TMSB4Y,16.0,15,False
VCY,0.0,0,False
VCY1B,0.0,0,False
AC010723.1,0.0,0,False
NLGN4Y,4.0,4,False
NLGN4Y-AS1,0.0,0,False
FAM41AY1,0.0,0,False
FAM224B,0.0,0,False
CDY2B,0.0,0,False
CDY2A,0.0,0,False
FAM224A,0.0,0,False
FAM41AY2,0.0,0,False
AC022486.1,0.0,0,False
HSFY1,0.0,0,False
TTTY9B,0.0,0,False
HSFY2,0.0,0,False
TTTY14,8.0,8,False
AC009977.1,0.0,0,False
RP11-424G14.1,0.0,0,False
KDM5D,67.0,66,False
TTTY10,0.0,0,False
EIF1AY,562.0,384,False
RPS4Y2,11.0,11,False
RP11-65G9.1,0.0,0,False
CYorf17,0.0,0,False
RBMY1B,0.0,0,False
RBMY1A1,0.0,0,False
TTTY13,0.0,0,False
RBMY1E,0.0,0,False
RBMY1D,0.0,0,False
PRY2,0.0,0,False
AC007359.6,0.0,0,False
TTTY6B,0.0,0,False
RBMY1F,0.0,0,False
TTTY5,0.0,0,False
RBMY1J,0.0,0,False
AC008175.1,0.0,0,False
TTTY6,0.0,0,False
PRY,0.0,0,False
TTTY17A,0.0,0,False
TTTY4,0.0,0,False
BPY2,0.0,0,False
DAZ1,0.0,0,False
DAZ2,0.0,0,False
AC016752.1,0.0,0,False
CDY1B,0.0,0,False
TTTY17B,0.0,0,False
TTTY4B,0.0,0,False
BPY2B,0.0,0,False
DAZ3,0.0,0,False
DAZ4,0.0,0,False
BPY2C,0.0,0,False
TTTY4C,0.0,0,False
TTTY17C,0.0,0,False
LINC00266-4P,0.0,0,False
CSPG4P1Y,0.0,0,False
CDY1,0.0,0,False
TTTY3,0.0,0,False
AC007965.1,0.0,0,False
LA16c-4G1.3,0.0,0,False
LA16c-83F12.6,0.0,0,False
POTEH,0.0,0,False
POTEH-AS1,0.0,0,False
LA16c-2F2.8,0.0,0,False
LA16c-23H5.4,0.0,0,False
OR11H1,0.0,0,False
KB-67B5.17,0.0,0,False
CCT8L2,0.0,0,False
TPTEP1,40.0,39,False
KB-7G2.9,0.0,0,False
KB-7G2.8,0.0,0,False
AC005301.8,0.0,0,False
XKR3,0.0,0,False
AC007064.24,0.0,0,False
GAB4,0.0,0,False
CECR7,2.0,2,False
AC006946.16,2.0,2,False
AC006946.17,0.0,0,False
IL17RA,159.0,135,False
CECR6,3.0,3,False
AC006946.15,1.0,1,False
CECR5,171.0,153,False
CECR5-AS1,3.0,3,False
CECR1,333.0,289,False
CECR2,0.0,0,False
AC004019.18,0.0,0,False
SLC25A18,1.0,1,False
AC004019.13,0.0,0,False
ATP6V1E1,517.0,462,False
BCL2L13,177.0,171,False
BID,875.0,553,False
LINC00528,44.0,39,False
MICAL3,24.0,24,False
XXbac-B476C20.17,0.0,0,False
XXbac-B476C20.9,5.0,5,False
PEX26,68.0,56,False
TUBA8,9.0,6,False
USP18,14.0,14,False
AC008079.9,0.0,0,False
AC008132.1,0.0,0,False
AC008132.13,0.0,0,False
DGCR6,51.0,48,False
PRODH,1.0,1,False
DGCR5,0.0,0,False
DGCR9,0.0,0,False
DGCR2,79.0,79,False
AC004471.9,0.0,0,False
AC004471.10,0.0,0,False
DGCR14,59.0,58,False
TSSK2,0.0,0,False
GSC2,0.0,0,False
AC004463.6,4.0,4,False
SLC25A1,118.0,114,False
CLTCL1,3.0,3,False
HIRA,41.0,41,False
C22orf39,268.0,234,False
MRPL40,385.0,327,False
AC000068.5,0.0,0,False
UFD1L,494.0,402,False
AC000068.9,1.0,1,False
AC000068.10,0.0,0,False
CDC45,10.0,8,False
CLDN5,27.0,7,False
AC000067.1,0.0,0,False
SEPT5,21.0,12,False
GP1BB,0.0,0,False
TBX1,1.0,1,False
GNB1L,74.0,70,False
C22orf29,24.0,24,False
TXNRD2,100.0,92,False
COMT,492.0,420,False
ARVCF,49.0,6,False
TANGO2,104.0,98,False
AC006547.13,0.0,0,False
AC006547.15,3.0,3,False
DGCR8,25.0,25,False
AC006547.8,0.0,0,False
TRMT2A,123.0,118,False
RANBP1,1030.0,774,False
ZDHHC8,14.0,14,False
AC006547.14,0.0,0,False
XXbac-B444P24.8,0.0,0,False
LINC00896,2.0,2,False
RTN4R,5.0,5,False
DGCR6L,508.0,454,False
XXbac-B444P24.14,2.0,2,False
XXbac-B33L19.3,2.0,2,False
XXbac-B33L19.4,0.0,0,False
XXbac-B33L19.6,0.0,0,False
GGTLC3,0.0,0,False
AC023490.2,0.0,0,False
AC023490.1,26.0,26,False
RIMBP3,0.0,0,False
AC011718.2,0.0,0,False
AC011718.3,0.0,0,False
FAM230A,0.0,0,False
USP41,0.0,0,False
ZNF74,12.0,12,False
SCARF2,3.0,3,False
KLHL22,64.0,63,False
MED15,187.0,175,False
AC007050.17,0.0,0,False
PI4KA,73.0,71,False
AC007308.6,0.0,0,False
SERPIND1,0.0,0,False
SNAP29,250.0,228,False
AC007308.7,0.0,0,False
CRKL,84.0,81,False
XXbac-B135H6.15,38.0,33,False
AIFM3,10.0,10,False
LZTR1,27.0,27,False
XXbac-B135H6.18,10.0,10,False
THAP7,246.0,216,False
THAP7-AS1,53.0,50,False
AC002472.1,0.0,0,False
P2RX6,0.0,0,False
SLC7A4,0.0,0,False
AC002472.11,0.0,0,False
AC002472.13,0.0,0,False
KB-1592A4.15,0.0,0,False
POM121L7,0.0,0,False
KB-1592A4.14,0.0,0,False
GGT2,0.0,0,False
FAM230C,0.0,0,False
KB-1183D5.14,0.0,0,False
RIMBP3B,0.0,0,False
HIC2,12.0,12,False
TMEM191C,49.0,46,False
RIMBP3C,0.0,0,False
UBE2L3,786.0,640,False
YDJC,242.0,219,False
CCDC116,0.0,0,False
KB-1440D3.14,0.0,0,False
SDF2L1,464.0,387,False
PPIL2,145.0,83,False
YPEL1,74.0,70,False
MAPK1,285.0,263,False
PPM1F,106.0,93,False
LL22NC03-86G7.1,4.0,4,False
TOP3B,26.0,25,False
LL22NC03-23C6.13,0.0,0,False
VPREB1,3.0,3,False
LL22NC03-2H8.5,5.0,5,False
LL22NC03-2H8.4,0.0,0,False
ZNF280B,3.0,3,False
ZNF280A,0.0,0,False
PRAME,0.0,0,False
LL22NC03-63E9.3,0.0,0,False
GGTLC2,0.0,0,False
LL22NC03-102D1.18,0.0,0,False
IGLL5,754.0,111,False
RTDR1,1.0,1,False
GNAZ,10.0,5,False
RAB36,0.0,0,False
BCR,36.0,36,False
AP000343.2,0.0,0,False
AP000344.3,1.0,1,False
AP000345.1,0.0,0,False
AP000345.4,0.0,0,False
AP000345.2,0.0,0,False
IGLL1,1.0,1,False
KB-208E9.1,1.0,1,False
C22orf43,3.0,3,False
RGL4,343.0,298,False
LL22NC03-N27C7.1,0.0,0,False
ZNF70,4.0,4,False
VPREB3,309.0,186,False
C22orf15,6.0,6,False
CHCHD10,788.0,605,False
MMP11,7.0,7,False
AP000349.1,0.0,0,False
SMARCB1,422.0,345,False
DERL3,27.0,25,False
KB-1125A3.11,1.0,1,False
SLC2A11,61.0,60,False
AP000350.10,0.0,0,False
MIF,1560.0,1112,False
AP000350.4,20.0,20,False
AP000350.5,0.0,0,False
GSTT2B,0.0,0,False
DDTL,4.0,4,False
KB-226F1.2,1.0,1,False
DDT,723.0,522,False
GSTT2,0.0,0,False
KB-226F1.1,2.0,2,False
GSTT1,39.0,37,False
CABIN1,124.0,121,False
SUSD2,0.0,0,False
GGT5,0.0,0,False
SPECC1L,24.0,24,False
SPECC1L-ADORA2A,0.0,0,False
ADORA2A,6.0,6,False
ADORA2A-AS1,13.0,13,False
UPB1,0.0,0,False
AP000355.2,0.0,0,False
GUCD1,157.0,131,False
SNRPD3,555.0,477,False
GGT1,29.0,29,False
FAM211B,2.0,2,False
PIWIL3,0.0,0,False
SGSM1,5.0,5,False
TMEM211,0.0,0,False
KIAA1671,5.0,5,False
CTA-221G9.11,0.0,0,False
CRYBB3,0.0,0,False
CTA-221G9.7,0.0,0,False
CRYBB2,0.0,0,False
RP3-462D8.2,0.0,0,False
LRP5L,10.0,10,False
CTA-246H3.12,0.0,0,False
CTA-390C10.9,0.0,0,False
CTA-407F11.8,3.0,3,False
ADRBK2,69.0,67,False
CTA-407F11.7,0.0,0,False
MYO18B,0.0,0,False
CTA-125H2.2,0.0,0,False
CTA-125H2.1,0.0,0,False
CTA-796E4.3,0.0,0,False
CTA-796E4.4,0.0,0,False
SEZ6L,6.0,6,False
RP11-259P1.1,0.0,0,False
ASPHD2,23.0,21,False
HPS4,121.0,113,False
SRRD,40.0,40,False
TFIP11,60.0,58,False
CTA-445C9.14,3.0,3,False
CTA-445C9.15,15.0,15,False
TPST2,485.0,388,False
CRYBB1,0.0,0,False
CRYBA4,2.0,2,False
MIAT,112.0,103,False
CTA-373H7.7,4.0,4,False
CTA-211A9.5,61.0,59,False
RP1-90L6.2,2.0,2,False
RP1-90L6.3,0.0,0,False
CTA-992D9.6,0.0,0,False
CTA-992D9.7,0.0,0,False
CTA-503F6.2,0.0,0,False
RP5-1172A22.1,0.0,0,False
CTA-929C8.5,0.0,0,False
CTA-929C8.7,0.0,0,False
CTA-929C8.6,0.0,0,False
CTA-929C8.8,0.0,0,False
RP11-46E17.6,0.0,0,False
RP1-231P7P.1,0.0,0,False
RP1-213J1P__B.1,0.0,0,False
RP1-213J1P__B.2,0.0,0,False
RP11-375H17.1,0.0,0,False
MN1,1.0,1,False
PITPNB,36.0,35,False
TTC28,9.0,9,False
CHEK2,27.0,27,False
HSCB,146.0,138,False
CCDC117,51.0,50,False
XBP1,1134.0,766,False
CTA-292E10.6,22.0,21,False
ZNRF3,0.0,0,False
ZNRF3-AS1,0.0,0,False
C22orf31,0.0,0,False
KREMEN1,2.0,2,False
CTA-747E2.10,0.0,0,False
EMID1,0.0,0,False
RHBDD3,38.0,33,False
CTA-984G1.5,0.0,0,False
EWSR1,691.0,529,False
GAS2L1,43.0,39,False
RASL10A,1.0,1,False
AP1B1,137.0,122,False
RFPL1S,3.0,3,False
RFPL1,0.0,0,False
NEFH,18.0,11,False
THOC5,84.0,79,False
NIPSNAP1,119.0,108,False
NF2,43.0,41,False
RP1-76B20.11,0.0,0,False
RP1-76B20.12,0.0,0,False
CABP7,3.0,3,False
ZMAT5,192.0,171,False
UQCR10,1253.0,936,False
ASCC2,271.0,237,False
MTMR3,51.0,49,False
CTA-85E5.10,3.0,2,False
HORMAD2,0.0,0,False
RP3-438O4.4,0.0,0,False
RP1-102K2.6,0.0,0,False
LIF,0.0,0,False
RP1-102K2.8,0.0,0,False
OSM,124.0,97,False
GATSL3,42.0,42,False
RP1-130H16.18,0.0,0,False
TBC1D10A,174.0,165,False
SF3A1,225.0,204,False
CCDC157,9.0,9,False
RP1-130H16.16,0.0,0,False
RNF215,2.0,2,False
SEC14L2,17.0,16,False
RP4-539M6.19,0.0,0,False
KIAA1658,0.0,0,False
MTFP1,178.0,166,False
RP4-539M6.22,66.0,62,False
SEC14L3,0.0,0,False
RP4-539M6.14,0.0,0,False
SEC14L4,0.0,0,False
SEC14L6,0.0,0,False
GAL3ST1,0.0,0,False
PES1,123.0,118,False
TCN2,36.0,34,False
SLC35E4,11.0,11,False
DUSP18,62.0,60,False
OSBP2,2.0,2,False
MORC2-AS1,38.0,36,False
MORC2,52.0,51,False
TUG1,79.0,75,False
RP3-430N8.11,0.0,0,False
RP3-430N8.10,0.0,0,False
SMTN,5.0,5,False
RP3-412A9.16,0.0,0,False
SELM,309.0,280,False
INPP5J,0.0,0,False
PLA2G3,0.0,0,False
RNF185,48.0,45,False
RNF185-AS1,0.0,0,False
LIMK2,28.0,28,False
PIK3IP1,895.0,669,False
RP3-400N23.6,13.0,12,False
PATZ1,72.0,70,False
AC005003.1,2.0,2,False
DRG1,234.0,221,False
EIF4ENIF1,32.0,32,False
RP11-247I13.11,0.0,0,False
RP11-247I13.8,0.0,0,False
SFI1,155.0,151,False
PISD,91.0,87,False
PRR14L,45.0,44,False
DEPDC5,14.0,14,False
C22orf24,0.0,0,False
YWHAH,693.0,533,False
CTA-342B11.1,0.0,0,False
CTA-342B11.2,0.0,0,False
SLC5A1,0.0,0,False
RP1-127L4.7,0.0,0,False
C22orf42,0.0,0,False
RP1-90G24.8,0.0,0,False
RFPL2,21.0,8,False
RP1-90G24.10,0.0,0,False
SLC5A4,0.0,0,False
RP1-90G24.6,0.0,0,False
RP1-90G24.11,0.0,0,False
RP1-149A16.12,0.0,0,False
RFPL3,1.0,1,False
RFPL3S,2.0,2,False
RP1-149A16.3,0.0,0,False
RP1-149A16.17,0.0,0,False
RTCB,316.0,294,False
BPIFC,0.0,0,False
FBXO7,448.0,385,False
SYN3,0.0,0,False
LL22NC03-104C7.1,0.0,0,False
LL22NC01-116C6.1,0.0,0,False
TIMP3,0.0,0,False
RP1-302D9.1,0.0,0,False
RP1-302D9.2,0.0,0,False
LARGE,15.0,14,False
RP1-302D9.3,0.0,0,False
SC22CB-1D7.1,0.0,0,False
LL22NC03-32F9.1,0.0,0,False
LL22NC03-86D4.1,0.0,0,False
LL22NC03-13G6.2,0.0,0,False
RP1-288L1.5,0.0,0,False
RP1-288L1.4,0.0,0,False
RP1-272J12.1,0.0,0,False
ISX,0.0,0,False
CTA-714B7.5,0.0,0,False
CTA-714B7.7,0.0,0,False
HMGXB4,177.0,141,False
RP3-510H16.3,7.0,7,False
TOM1,139.0,135,False
HMOX1,294.0,185,False
MCM5,146.0,126,False
RP4-569D19.8,0.0,0,False
RASD2,0.0,0,False
MB,0.0,0,False
AL049747.1,0.0,0,False
APOL6,138.0,129,False
RP1-41P2.7,0.0,0,False
APOL5,0.0,0,False
RBFOX2,3.0,3,False
APOL3,315.0,278,False
APOL4,0.0,0,False
APOL2,51.0,51,False
APOL1,37.0,37,False
MYH9,579.0,509,False
RP4-633O19__A.1,0.0,0,False
RP5-1119A7.14,1.0,1,False
TXN2,540.0,440,False
FOXRED2,7.0,6,False
EIF3D,1602.0,1075,False
RP5-1119A7.10,0.0,0,False
CACNG2,0.0,0,False
RP1-293L6.1,0.0,0,False
IFT27,132.0,128,False
PVALB,5.0,5,False
CITF22-24E5.1,0.0,0,False
CTA-833B7.2,0.0,0,False
NCF4,188.0,171,False
CSF2RB,38.0,38,False
LL22NC01-81G9.3,0.0,0,False
TEX33,0.0,0,False
TST,10.0,9,False
MPST,174.0,159,False
KCTD17,49.0,49,False
TMPRSS6,0.0,0,False
RP5-1170K4.7,0.0,0,False
IL2RB,219.0,180,False
RP1-151B14.6,0.0,0,False
C1QTNF6,10.0,10,False
SSTR3,7.0,7,False
RAC2,3551.0,1743,False
CYTH4,438.0,352,False
RP1-63G5.7,0.0,0,False
ELFN2,0.0,0,False
RP1-63G5.8,0.0,0,False
MFNG,514.0,459,False
CARD10,0.0,0,False
RP5-1177I5.3,0.0,0,False
CDC42EP1,15.0,14,False
LGALS2,2314.0,573,False
GGA1,375.0,331,False
SH3BP1,384.0,291,False
Z83844.1,2.0,2,False
PDXP,0.0,0,False
LGALS1,8055.0,1283,False
NOL12,235.0,217,False
TRIOBP,65.0,57,False
H1F0,86.0,71,False
GCAT,12.0,12,False
GALR3,0.0,0,False
ANKRD54,147.0,96,False
EIF3L,2365.0,1462,False
MICALL1,16.0,16,False
C22orf23,0.0,0,False
RP5-1039K5.17,0.0,0,False
POLR2F,541.0,473,False
SOX10,0.0,0,False
RP5-1039K5.16,0.0,0,False
RP5-1039K5.18,0.0,0,False
PICK1,29.0,29,False
RP5-1039K5.13,0.0,0,False
SLC16A8,0.0,0,False
BAIAP2L2,2.0,2,False
CTA-228A9.3,0.0,0,False
PLA2G6,27.0,26,False
MAFF,54.0,46,False
TMEM184B,61.0,61,False
RP1-5O6.5,0.0,0,False
CSNK1E,42.0,40,False
RP3-434P1.6,0.0,0,False
KCNJ4,0.0,0,False
KDELR3,1.0,1,False
DDX17,581.0,461,False
DMC1,5.0,4,False
FAM227A,1.0,1,False
CBY1,25.0,25,False
RP3-508I15.10,0.0,0,False
RP3-508I15.9,1.0,1,False
TOMM22,894.0,679,False
JOSD1,114.0,110,False
GTPBP1,116.0,111,False
RP3-508I15.18,0.0,0,False
SUN2,839.0,675,False
RP3-508I15.19,10.0,10,False
RP3-508I15.14,2.0,2,False
RP3-508I15.21,6.0,5,False
RP3-508I15.22,6.0,6,False
DNAL4,57.0,57,False
NPTXR,7.0,7,False
CBX6,86.0,83,False
CTA-150C2.13,0.0,0,False
APOBEC3A,819.0,334,False
APOBEC3B,257.0,101,False
APOBEC3B-AS1,0.0,0,False
APOBEC3C,252.0,217,False
APOBEC3D,25.0,25,False
APOBEC3F,27.0,27,False
APOBEC3G,848.0,583,False
APOBEC3H,36.0,29,False
CBX7,131.0,126,False
PDGFB,4.0,4,False
AL031590.1,0.0,0,False
RP3-333H23.8,0.0,0,False
RPL3,47212.0,2687,False
SYNGR1,102.0,89,False
TAB1,45.0,44,False
MGAT3,1.0,1,False
RP5-1104E15.6,0.0,0,False
MIEF1,71.0,68,False
ATF4,847.0,646,False
RPS19BP1,820.0,663,False
CACNA1I,13.0,12,False
ENTHD1,2.0,2,False
GRAP2,402.0,302,False
FAM83F,0.0,0,False
RP3-496C20.1,2.0,2,False
TNRC6B,291.0,247,False
ADSL,383.0,285,False
SGSM3,158.0,151,False
RP5-1042K10.10,3.0,3,False
MKL1,95.0,89,False
RP5-1042K10.13,1.0,1,False
RP4-591N18.2,0.0,0,False
MCHR1,0.0,0,False
SLC25A17,78.0,73,False
ST13,1489.0,1079,False
XPNPEP3,95.0,89,False
DNAJB7,0.0,0,False
RBX1,1058.0,785,False
EP300,52.0,52,False
RP1-85F18.6,0.0,0,False
RP1-85F18.5,0.0,0,False
L3MBTL2,78.0,69,False
RP4-756G23.5,0.0,0,False
CHADL,0.0,0,False
RANGAP1,55.0,54,False
AL035681.1,0.0,0,False
ZC3H7B,45.0,45,False
TEF,10.0,9,False
CTA-223H9.9,0.0,0,False
TOB2,86.0,83,False
PHF5A,492.0,411,False
ACO2,287.0,252,False
POLR3H,98.0,93,False
CSDC2,0.0,0,False
PMM1,115.0,109,False
DESI1,221.0,189,False
XRCC6,1142.0,872,False
NHP2L1,1482.0,1035,False
C22orf46,59.0,58,False
MEI1,232.0,212,False
CCDC134,15.0,15,False
RP5-821D11.7,38.0,35,False
SREBF2,78.0,73,False
SHISA8,0.0,0,False
CTA-250D10.23,20.0,17,False
TNFRSF13C,37.0,35,False
CENPM,47.0,31,False
SEPT3,0.0,0,False
CTA-250D10.19,0.0,0,False
WBP2NL,9.0,8,False
NAGA,155.0,130,False
FAM109B,11.0,10,False
SMDT1,1477.0,1031,False
NDUFA6,520.0,449,False
CYP2D6,4.0,4,False
TCF20,31.0,31,False
Z83851.3,0.0,0,False
Z83851.4,1.0,1,False
CTA-989H11.1,2.0,1,False
Z83851.1,1.0,1,False
NFAM1,63.0,60,False
CTA-126B4.7,0.0,0,False
RRP7A,311.0,280,False
SERHL2,5.0,5,False
POLDIP3,135.0,129,False
RNU12,200.0,182,False
CYB5R3,227.0,209,False
ATP5L2,138.0,134,False
A4GALT,2.0,2,False
ARFGAP3,205.0,182,False
PACSIN2,180.0,121,False
AL022476.2,1.0,1,False
TTLL1,19.0,18,False
BIK,28.0,21,False
MCAT,60.0,57,False
TSPO,2651.0,1280,False
TTLL12,36.0,36,False
SCUBE1,1.0,1,False
Z82214.3,0.0,0,False
Z82214.2,0.0,0,False
Z99756.1,0.0,0,False
RP4-754E20__A.5,0.0,0,False
MPPED1,0.0,0,False
EFCAB6-AS1,0.0,0,False
EFCAB6,0.0,0,False
RP3-388M5.9,0.0,0,False
SULT4A1,0.0,0,False
PNPLA5,0.0,0,False
PNPLA3,0.0,0,False
SAMM50,220.0,183,False
PARVB,171.0,144,False
PARVG,485.0,412,False
KIAA1644,0.0,0,False
RP1-32I10.10,0.0,0,False
CTA-397C4.2,0.0,0,False
LDOC1L,27.0,22,False
LINC00207,0.0,0,False
LINC00229,0.0,0,False
PRR5,233.0,164,False
PRR5-ARHGAP8,0.0,0,False
ARHGAP8,2.0,2,False
PHF21B,0.0,0,False
CTA-217C2.1,52.0,38,False
CTA-217C2.2,2.0,2,False
NUP50,101.0,98,False
KIAA0930,121.0,102,False
CTA-268H5.14,1.0,1,False
UPK3A,40.0,33,False
FAM118A,86.0,84,False
SMC1B,1.0,1,False
RIBC2,0.0,0,False
RP1-102D24.5,0.0,0,False
FBLN1,0.0,0,False
CTA-941F9.9,0.0,0,False
ATXN10,426.0,338,False
WI2-85898F10.1,0.0,0,False
WNT7B,0.0,0,False
CITF22-92A6.1,4.0,4,False
C22orf26,5.0,5,False
RP6-109B7.5,2.0,2,False
RP6-109B7.3,58.0,55,False
FLJ27365,19.0,18,False
RP6-109B7.2,0.0,0,False
RP6-109B7.4,0.0,0,False
PPARA,34.0,34,False
CDPF1,58.0,57,False
PKDREJ,0.0,0,False
TTC38,179.0,129,False
GTSE1,5.0,5,False
TRMU,92.0,90,False
CELSR1,3.0,3,False
RP3-439F8.1,0.0,0,False
GRAMD4,19.0,19,False
CERK,157.0,149,False
CTA-29F11.1,222.0,191,False
TBC1D22A,146.0,140,False
CITF22-49D8.1,0.0,0,False
LL22NC03-75H12.2,8.0,8,False
LINC00898,0.0,0,False
RP11-191L9.4,0.0,0,False
RP13-455A7.1,0.0,0,False
CTA-280A3__B.2,0.0,0,False
LL22NC03-121E8.4,0.0,0,False
LL22NC03-121E8.3,0.0,0,False
RP11-536P6.3,0.0,0,False
FAM19A5,0.0,0,False
CTA-299D3.8,0.0,0,False
WI2-81516E3.1,0.0,0,False
C22orf34,30.0,29,False
RP1-29C18.10,10.0,10,False
RP5-983L19.2,0.0,0,False
BRD1,26.0,25,False
RP3-522J7.6,0.0,0,False
ZBED4,27.0,27,False
ALG12,84.0,80,False
CITF22-1A6.3,2.0,2,False
CRELD2,300.0,237,False
PIM3,263.0,235,False
IL17REL,0.0,0,False
TTLL8,0.0,0,False
MLC1,20.0,20,False
MOV10L1,4.0,4,False
PANX2,0.0,0,False
TRABD,402.0,355,False
RP3-402G11.25,20.0,19,False
RP3-402G11.26,38.0,37,False
SELO,60.0,59,False
RP3-402G11.27,0.0,0,False
RP3-402G11.28,0.0,0,False
TUBGCP6,54.0,53,False
HDAC10,159.0,150,False
MAPK12,2.0,2,False
MAPK11,8.0,8,False
PLXNB2,109.0,101,False
AL022328.1,0.0,0,False
DENND6B,115.0,109,False
XX-C283C717.1,0.0,0,False
PPP6R2,92.0,88,False
SBF1,66.0,65,False
ADM2,2.0,2,False
MIOX,0.0,0,False
LMF2,199.0,155,False
NCAPH2,84.0,79,False
SCO2,459.0,359,False
CTA-384D8.36,12.0,12,False
TYMP,3246.0,940,False
ODF3B,428.0,322,False
CTA-384D8.35,17.0,17,False
CTA-384D8.34,42.0,40,False
CTA-384D8.31,0.0,0,False
KLHDC7B,59.0,58,False
SYCE3,6.0,6,False
CPT1B,6.0,6,False
CHKB-CPT1B,0.0,0,False
CHKB,131.0,126,False
CHKB-AS1,23.0,22,False
CTA-384D8.33,0.0,0,False
MAPK8IP2,0.0,0,False
ARSA,82.0,78,False
SHANK3,0.0,0,False
AC000036.4,0.0,0,False
ACR,0.0,0,False
AC002056.5,0.0,0,False
RABL2B,99.0,88,False
TPTE,0.0,0,False
AP003900.6,0.0,0,False
AP001464.4,0.0,0,False
AL050302.1,0.0,0,False
AP001465.5,0.0,0,False
POTED,0.0,0,False
AL050303.1,0.0,0,False
AL050303.7,0.0,0,False
AP001347.6,2.0,2,False
LIPI,0.0,0,False
RBM11,14.0,14,False
HSPA13,58.0,58,False
SAMSN1,320.0,237,False
SAMSN1-AS1,0.0,0,False
AF165138.7,0.0,0,False
AF127936.3,0.0,0,False
AF127936.5,1.0,1,False
AF127936.7,3.0,3,False
AF127577.8,0.0,0,False
NRIP1,29.0,29,False
AF127577.10,0.0,0,False
AF127577.11,0.0,0,False
AF127577.12,0.0,0,False
AJ006998.2,0.0,0,False
AJ009632.3,0.0,0,False
USP25,60.0,51,False
LINC00478,0.0,0,False
AP001172.2,0.0,0,False
AP001172.3,0.0,0,False
AP000962.2,0.0,0,False
AP000473.5,0.0,0,False
AP000473.8,0.0,0,False
AP000473.6,0.0,0,False
AF212831.2,0.0,0,False
C21orf37,0.0,0,False
CXADR,2.0,2,False
BTG3,123.0,113,False
AP000432.2,0.0,0,False
C21orf91-OT1,0.0,0,False
C21orf91,77.0,77,False
AL109761.5,1.0,1,False
CHODL-AS1,0.0,0,False
CHODL,1.0,1,False
AP000998.2,0.0,0,False
TMPRSS15,0.0,0,False
AL109763.2,0.0,0,False
AF240627.2,0.0,0,False
AL157359.4,0.0,0,False
AL157359.3,0.0,0,False
AP000431.1,0.0,0,False
AP000431.2,0.0,0,False
AP000855.4,0.0,0,False
AP000946.2,0.0,0,False
AP001171.1,1.0,1,False
LINC00320,0.0,0,False
NCAM2,0.0,0,False
AP001136.2,0.0,0,False
AF241725.4,0.0,0,False
AF241725.6,0.0,0,False
LINC00317,0.0,0,False
AP000475.2,0.0,0,False
AP000472.3,0.0,0,False
AP000472.2,0.0,0,False
LINC00308,0.0,0,False
AP000705.7,0.0,0,False
AP000959.2,0.0,0,False
AP001255.2,0.0,0,False
AP000459.4,0.0,0,False
AP000459.7,0.0,0,False
AP000474.1,0.0,0,False
AP000477.2,0.0,0,False
AP000477.3,0.0,0,False
AP000470.2,0.0,0,False
AP000469.2,0.0,0,False
AP000476.1,6.0,6,False
AP000235.2,0.0,0,False
AP000402.3,0.0,0,False
AP000146.2,0.0,0,False
AP000235.3,0.0,0,False
7SK-3,0.0,0,False
AP000233.3,0.0,0,False
AP000233.4,0.0,0,False
LINC00158,0.0,0,False
AP000221.1,0.0,0,False
MIR155HG,7.0,7,False
LINC00515,2.0,2,False
MRPL39,112.0,110,False
JAM2,2.0,2,False
ATP5J,1031.0,792,False
GABPA,61.0,61,False
APP,124.0,111,False
AP001439.2,0.0,0,False
AP000230.1,0.0,0,False
AP001595.1,0.0,0,False
AP001596.6,0.0,0,False
AP001597.1,0.0,0,False
KB-1466C5.1,0.0,0,False
CYYR1,0.0,0,False
ADAMTS1,1.0,1,False
AP001601.2,0.0,0,False
ADAMTS5,0.0,0,False
AP001604.3,0.0,0,False
AP001605.4,0.0,0,False
AP001607.1,0.0,0,False
LINC00113,0.0,0,False
AJ006995.3,0.0,0,False
LINC00314,0.0,0,False
AL035610.2,0.0,0,False
AF131217.1,4.0,4,False
LINC00161,1.0,1,False
N6AMT1,32.0,29,False
LTN1,64.0,61,False
RWDD2B,39.0,37,False
RP1-100J12.1,4.0,4,False
USP16,317.0,289,False
CCT8,750.0,604,False
MAP3K7CL,67.0,44,False
AF124730.4,0.0,0,False
BACH1,65.0,61,False
BACH1-AS1,0.0,0,False
BACH1-IT2,1.0,1,False
GRIK1,0.0,0,False
GRIK1-AS2,0.0,0,False
RP11-313P22.1,0.0,0,False
GRIK1-AS1,0.0,0,False
AF096876.1,0.0,0,False
CLDN17,0.0,0,False
LINC00307,0.0,0,False
CLDN8,0.0,0,False
KRTAP24-1,0.0,0,False
KRTAP25-1,0.0,0,False
KRTAP26-1,0.0,0,False
KRTAP27-1,0.0,0,False
KRTAP23-1,0.0,0,False
KRTAP13-2,0.0,0,False
KRTAP13-1,0.0,0,False
KRTAP13-3,0.0,0,False
KRTAP13-4,0.0,0,False
KRTAP15-1,0.0,0,False
KRTAP19-1,0.0,0,False
KRTAP19-2,0.0,0,False
KRTAP19-3,0.0,0,False
KRTAP19-4,0.0,0,False
KRTAP19-5,0.0,0,False
KRTAP19-6,0.0,0,False
KRTAP19-7,0.0,0,False
KRTAP22-2,0.0,0,False
KRTAP6-3,0.0,0,False
KRTAP6-2,0.0,0,False
KRTAP22-1,0.0,0,False
KRTAP6-1,0.0,0,False
KRTAP20-1,0.0,0,False
KRTAP20-4,0.0,0,False
KRTAP20-2,0.0,0,False
KRTAP20-3,0.0,0,False
KRTAP21-3,0.0,0,False
KRTAP21-2,0.0,0,False
KRTAP21-1,0.0,0,False
KRTAP8-1,0.0,0,False
KRTAP11-1,0.0,0,False
KRTAP19-8,0.0,0,False
TIAM1,47.0,47,False
AP000251.3,2.0,2,False
AP000253.1,2.0,2,False
SOD1,2399.0,1374,False
AP000254.8,3.0,3,False
SCAF4,178.0,164,False
AP000255.6,0.0,0,False
HUNK,0.0,0,False
HUNK-AS1,0.0,0,False
LINC00159,0.0,0,False
AP000265.1,0.0,0,False
MIS18A,106.0,63,False
MIS18A-AS1,0.0,0,False
MRAP,0.0,0,False
AP000266.7,0.0,0,False
URB1,25.0,25,False
C21orf119,39.0,37,False
EVA1C,32.0,32,False
LINC00846,2.0,2,False
TCP10L,4.0,4,False
AP000275.65,0.0,0,False
C21orf59,289.0,262,False
SYNJ1,22.0,22,False
PAXBP1-AS1,12.0,11,False
PAXBP1,28.0,28,False
C21orf49,19.0,19,False
C21orf62,1.0,1,False
AP000281.2,0.0,0,False
AP000282.2,1.0,1,False
AP000282.3,0.0,0,False
OLIG2,0.0,0,False
LINC00945,0.0,0,False
OLIG1,56.0,51,False
AP000289.6,0.0,0,False
AP000290.7,0.0,0,False
C21orf54,0.0,0,False
IFNAR2,245.0,216,False
AP000295.9,0.0,0,False
IL10RB-AS1,32.0,31,False
IL10RB,323.0,290,False
AP000295.10,1.0,1,False
IFNAR1,198.0,185,False
IFNGR2,583.0,420,False
TMEM50B,197.0,187,False
AP000302.58,0.0,0,False
DNAJC28,3.0,3,False
GART,105.0,100,False
SON,1096.0,842,False
DONSON,11.0,8,False
AP000304.1,0.0,0,False
AP000304.12,0.0,0,False
CRYZL1,218.0,207,False
ITSN1,16.0,15,False
ATP5O,1925.0,1191,False
LINC00649,146.0,135,False
AP000569.9,0.0,0,False
MRPS6,579.0,438,False
SLC5A3,0.0,0,False
SLC5A3-1,0.0,0,False
LINC00310,0.0,0,False
AP000318.2,0.0,0,False
KCNE2,0.0,0,False
AP000320.6,0.0,0,False
SMIM11,292.0,268,False
C21orf140,0.0,0,False
CMP21-97G8.1,1.0,1,False
AP000322.53,1.0,1,False
CMP21-97G8.2,0.0,0,False
KCNE1,15.0,13,False
RCAN1,8.0,8,False
CLIC6,1.0,1,False
LINC00160,0.0,0,False
AP000330.8,0.0,0,False
RUNX1,128.0,123,False
AF015262.2,0.0,0,False
AF015720.3,0.0,0,False
FKSG68,0.0,0,False
AP000688.8,0.0,0,False
AP000688.1,0.0,0,False
SETD4,48.0,46,False
AP000688.11,0.0,0,False
CBR1,365.0,320,False
AP000688.15,0.0,0,False
AP000688.29,0.0,0,False
CBR3,44.0,42,False
DOPEY2,72.0,68,False
AP000692.10,10.0,10,False
MORC3,109.0,107,False
CHAF1B,15.0,15,False
AP000695.6,0.0,0,False
AP000695.4,0.0,0,False
CLDN14,0.0,0,False
AP000695.1,0.0,0,False
AP000696.2,0.0,0,False
AP000697.6,0.0,0,False
SIM2,0.0,0,False
HLCS,6.0,6,False
AP000704.5,1.0,1,False
RIPPLY3,0.0,0,False
PIGP,207.0,185,False
TTC3,399.0,327,False
TTC3-AS1,0.0,0,False
DSCR9,5.0,4,False
AP001432.14,0.0,0,False
DSCR3,271.0,171,False
AP001412.1,3.0,3,False
AP001437.1,1.0,1,False
DYRK1A,47.0,47,False
AP001421.1,0.0,0,False
KCNJ6,0.0,0,False
DSCR4,0.0,0,False
DSCR8,0.0,0,False
KCNJ15,2.0,2,False
DSCR10,0.0,0,False
AP001434.2,0.0,0,False
AP001422.3,0.0,0,False
ERG,1.0,1,False
LINC00114,0.0,0,False
ETS2,80.0,77,False
AP001042.1,0.0,0,False
AF064858.6,0.0,0,False
AP001043.1,0.0,0,False
AP001044.2,0.0,0,False
AF064858.7,0.0,0,False
AF064858.8,0.0,0,False
AF064858.11,0.0,0,False
AF064858.10,0.0,0,False
PSMG1,143.0,133,False
BRWD1,172.0,142,False
AF129408.17,2.0,2,False
BRWD1-AS1,0.0,0,False
HMGN1,2439.0,1416,False
WRB,82.0,80,False
LCA5L,0.0,0,False
SH3BGR,2.0,2,False
B3GALT5,0.0,0,False
C21orf88,0.0,0,False
AF064860.7,0.0,0,False
IGSF5,0.0,0,False
PCP4,0.0,0,False
DSCAM,0.0,0,False
DSCAM-AS1,0.0,0,False
LINC00323,0.0,0,False
BACE2,76.0,34,False
PLAC4,0.0,0,False
BACE2-IT1,0.0,0,False
FAM3B,9.0,9,False
MX2,385.0,301,False
MX1,828.0,584,False
AP001610.5,3.0,3,False
TMPRSS2,0.0,0,False
AP001610.9,0.0,0,False
AP006748.1,0.0,0,False
LINC00111,0.0,0,False
LINC00479,0.0,0,False
LINC00112,0.0,0,False
RIPK4,1.0,1,False
AP001615.9,0.0,0,False
PRDM15,5.0,5,False
AP001619.3,0.0,0,False
C2CD2,13.0,13,False
ZBTB21,28.0,28,False
ZNF295-AS1,0.0,0,False
UMODL1,1.0,1,False
C21orf128,0.0,0,False
ABCG1,44.0,44,False
TFF3,0.0,0,False
TFF2,0.0,0,False
TFF1,0.0,0,False
TMPRSS3,3.0,3,False
UBASH3A,119.0,110,False
RSPH1,0.0,0,False
SLC37A1,52.0,51,False
AP001625.6,0.0,0,False
AP001626.1,0.0,0,False
AP001626.2,0.0,0,False
PDE9A,24.0,24,False
AP001627.1,0.0,0,False
AP001628.7,0.0,0,False
AP001628.6,0.0,0,False
WDR4,35.0,31,False
NDUFV3,220.0,204,False
ERVH48-1,0.0,0,False
AP001630.5,0.0,0,False
PKNOX1,61.0,60,False
CBS,0.0,0,False
U2AF1,1611.0,1163,False
AP001631.9,0.0,0,False
AP001631.10,0.0,0,False
CRYAA,0.0,0,False
LINC00322,0.0,0,False
AP001046.5,6.0,6,False
AP001046.6,5.0,4,False
SIK1,179.0,135,False
LINC00319,0.0,0,False
LINC00313,0.0,0,False
AP001048.4,0.0,0,False
HSF2BP,3.0,3,False
RRP1B,132.0,121,False
PDXK,199.0,177,False
CSTB,1724.0,989,False
RRP1,102.0,97,False
AP001053.11,18.0,16,False
AGPAT3,75.0,70,False
TRAPPC10,63.0,60,False
PWP2,50.0,50,False
C21orf33,395.0,289,False
AP001055.6,38.0,37,False
AP001055.1,0.0,0,False
AP001056.1,2.0,2,False
AP001057.1,0.0,0,False
AP001058.3,3.0,3,False
ICOSLG,45.0,34,False
DNMT3L,0.0,0,False
AP001059.5,2.0,2,False
AIRE,5.0,5,False
PFKL,321.0,286,False
C21orf2,155.0,148,False
AP001062.7,10.0,10,False
AP001062.9,0.0,0,False
AP001063.1,0.0,0,False
TRPM2,18.0,18,False
AP001065.2,0.0,0,False
LRRC3-AS1,0.0,0,False
LRRC3,7.0,7,False
LRRC3DN,0.0,0,False
AP001065.15,0.0,0,False
TSPEAR,0.0,0,False
TSPEAR-AS1,0.0,0,False
C21orf90,1.0,1,False
KRTAP10-1,0.0,0,False
KRTAP10-2,0.0,0,False
KRTAP10-3,0.0,0,False
KRTAP10-4,0.0,0,False
KRTAP10-5,0.0,0,False
KRTAP10-6,0.0,0,False
KRTAP10-7,0.0,0,False
KRTAP10-8,0.0,0,False
KRTAP10-9,0.0,0,False
KRTAP10-10,0.0,0,False
KRTAP10-11,0.0,0,False
KRTAP12-4,0.0,0,False
KRTAP12-3,0.0,0,False
KRTAP12-2,0.0,0,False
KRTAP12-1,0.0,0,False
KRTAP10-12,0.0,0,False
UBE2G2,197.0,188,False
AL773604.8,1.0,1,False
SUMO3,791.0,570,False
PTTG1IP,220.0,205,False
ITGB2,2431.0,1263,False
ITGB2-AS1,302.0,277,False
C21orf67,1.0,1,False
LL21NC02-1C16.2,5.0,5,False
FAM207A,218.0,190,False
LINC00163,0.0,0,False
AP001505.9,0.0,0,False
LINC00162,0.0,0,False
AP001579.1,0.0,0,False
ADARB1,31.0,30,False
PRED57,0.0,0,False
PRED58,0.0,0,False
LINC00334,0.0,0,False
POFUT2,29.0,29,False
LINC00205,1.0,1,False
LINC00315,0.0,0,False
BX322557.13,0.0,0,False
LINC00316,0.0,0,False
BX322559.3,0.0,0,False
COL18A1,47.0,46,False
COL18A1-AS2,0.0,0,False
COL18A1-AS1,0.0,0,False
SLC19A1,50.0,31,False
AL133493.2,1.0,1,False
PCBP3,4.0,4,False
PRED60,0.0,0,False
AL592528.1,0.0,0,False
PRED62,0.0,0,False
COL6A1,4.0,4,False
AP001476.2,0.0,0,False
AP001476.4,0.0,0,False
AP001476.3,0.0,0,False
AP001471.1,0.0,0,False
COL6A2,32.0,28,False
FTCD,1.0,1,False
FTCD-AS1,0.0,0,False
SPATC1L,96.0,94,False
AP001468.58,0.0,0,False
LSS,26.0,25,False
AP001468.1,0.0,0,False
AP001469.5,0.0,0,False
MCM3AP-AS1,13.0,13,False
MCM3AP,57.0,54,False
AP001469.7,0.0,0,False
AP001469.9,6.0,6,False
YBEY,170.0,160,False
C21orf58,8.0,8,False
PCNT,23.0,23,False
DIP2A,141.0,134,False
S100B,207.0,94,False
PRMT2,745.0,588,False
MT-ND1,13011.0,2558,True
MT-ND2,10882.0,2416,True
MT-CO1,39191.0,2686,True
MT-CO2,19084.0,2460,True
MT-ATP8,35.0,32,True
MT-ATP6,6311.0,2014,True
MT-CO3,19290.0,2647,True
MT-ND3,685.0,557,True
MT-ND4L,446.0,398,True
MT-ND4,13760.0,2588,True
MT-ND5,2388.0,1399,True
MT-ND6,298.0,249,True
MT-CYB,11797.0,2517,True
AL360154.1,0.0,0,False
AC109135.1,0.0,0,False
AC145212.1,18.0,16,False
MGC39584,0.0,0,False
AC018692.2,0.0,0,False
FRG2C-1,0.0,0,False
AL592170.1,0.0,0,False
AL356585.1,0.0,0,False
AC011043.1,1.0,1,False
ZNF84-1,0.0,0,False
ZNF26-1,0.0,0,False
AL603926.1,0.0,0,False
AL592183.1,364.0,323,False
AC011841.1,2.0,2,False
AL162851.1,0.0,0,False
BX072566.2,0.0,0,False
BX072566.1,0.0,0,False
AL354822.1,8.0,8,False
KIR2DL2,1.0,1,False
KIR3DL2-1,0.0,0,False
AL590523.1,0.0,0,False
CT476828.1,0.0,0,False
PNRC2-1,116.0,110,False
SRSF10-1,70.0,69,False
AC145205.1,0.0,0,False
BAGE5,0.0,0,False
CU459201.1,0.0,0,False
AC002321.2,0.0,0,False
AC002321.1,0.0,0,False
