cell_id,leiden_cluster,umap_1,umap_2
AAACATACAACCAC-1,0,1.135812,1.1932887
AAACATTGAGCTAC-1,2,2.9808059,7.1391363
AAACATTGATCAGC-1,1,4.2034893,2.3651
AAACCGTGCTTCCG-1,3,12.32972,2.1013997
AAACCGTGTATGCG-1,4,-3.6759892,1.3721257
AAACGCACTGGTAC-1,1,3.5549173,1.8774973
AAACGCTGACCAGT-1,0,-0.09265379,1.1056204
AAACGCTGGTTCTT-1,0,0.003403768,1.7450875
AAACGCTGTAGCCA-1,0,-0.6030783,0.32238346
AAACGCTGTTTCTG-1,3,13.38922,0.37024108
AAACTTGAAAAACG-1,2,2.68277,6.8126564
AAACTTGATCCAGA-1,5,4.1271825,-0.39578646
AAAGAGACGAGATA-1,1,3.501134,0.89430016
AAAGAGACGCGAGA-1,6,12.875458,3.6645849
AAAGAGACGGACTT-1,0,-0.18532255,0.35372925
AAAGAGACGGCATT-1,5,3.2084727,-1.9524488
AAAGATCTGGGCAA-1,6,13.860543,4.3182926
AAAGCAGAAGCCAT-1,0,0.013719944,1.3107421
AAAGCAGATATCGG-1,3,11.465718,2.0829878
AAAGCCTGTATGCG-1,1,1.9044127,1.506776
AAAGGCCTGTCTAG-1,2,2.6023474,6.22318
AAAGTTTGATCACG-1,2,2.3243196,8.370447
AAAGTTTGGGGTGA-1,2,3.1867964,6.9248276
AAAGTTTGTAGAGA-1,5,3.688976,-1.5925171
AAAGTTTGTAGCGT-1,6,13.505981,5.0483084
AAATCAACAATGCC-1,2,2.709249,7.242471
AAATCAACACCAGT-1,5,3.3763618,-1.8228464
AAATCAACCAGGAG-1,5,4.7908545,0.1790765
AAATCAACCCTATT-1,3,12.716193,-0.7389477
AAATCAACGGAAGC-1,5,4.479133,-1.2487718
AAATCAACTCGCAA-1,1,4.010275,0.902791
AAATCATGACCACA-1,3,12.366281,-0.9375402
AAATCCCTCCACAA-1,0,1.6474266,0.9791282
AAATCCCTGCTATG-1,2,1.662964,9.02896
AAATGTTGAACGAA-1,6,12.580881,3.135989
AAATGTTGCCACAA-1,1,3.2209408,2.0862815
AAATGTTGTGGCAT-1,6,11.655445,3.1674721
AAATTCGAAGGTTC-1,5,2.3543546,-0.29418135
AAATTCGAATCACG-1,6,13.255595,4.920463
AAATTCGAGCTGAT-1,3,13.049444,0.54067785
AAATTCGAGGAGTG-1,5,2.8057942,-0.023205955
AAATTCGATTCTCA-1,4,-3.1818726,2.4646838
AAATTGACACGACT-1,0,-0.43957603,1.392962
AAATTGACTCGCTC-1,1,1.9916644,2.1565764
AACAAACTCATTTC-1,5,4.042844,-0.092732966
AACAAACTTTCGTT-1,5,3.4255064,-0.8190163
AACAATACGACGAG-1,1,2.9343145,0.46705875
AACACGTGCAGAGG-1,5,3.959978,0.22901666
AACACGTGGAAAGT-1,5,3.9551284,-0.0922286
AACACGTGGAACCT-1,6,12.365592,4.063204
AACACGTGGCTACA-1,5,4.1193414,-2.0174239
AACACGTGTACGAC-1,3,12.767554,0.26299667
AACAGCACAAGAGT-1,6,14.128421,3.180769
AACATTGATGGGAG-1,3,12.022614,0.7069776
AACCAGTGATACCG-1,3,12.488021,0.5468099
AACCCAGATCGCTC-1,5,4.342846,-0.79973215
AACCGATGCTCCCA-1,1,3.8554704,0.6903674
AACCGATGGTCATG-1,2,1.7233536,8.003114
AACCGATGTTCTAC-1,6,12.833852,3.9683821
AACCGCCTAGCGTT-1,1,4.0329485,2.3310971
AACCGCCTCTACGA-1,3,11.235002,2.1705837
AACCTACTGTGAGG-1,3,11.050942,2.7280316
AACCTACTGTGTTG-1,5,3.4602404,-0.3306545
AACCTTACGAGACG-1,5,3.9249468,-1.6098273
AACCTTACGCGAGA-1,4,-4.206722,1.6498036
AACCTTACTAACGC-1,3,12.984896,0.17351037
AACCTTTGGACGGA-1,1,3.0514164,0.18381675
AACCTTTGTACGCA-1,3,12.15844,0.7721121
AACGCAACAAGTAG-1,1,3.269696,1.7586055
AACGCATGACCCAA-1,1,2.6045105,0.45602247
AACGCATGCCTTCG-1,5,4.1170244,-1.4776453
AACGCATGTACTTC-1,1,2.8832006,1.9334846
AACGCCCTCGGGAA-1,1,3.4378161,2.0092301
AACGCCCTCGTACA-1,4,-4.6051316,1.6988888
AACGCCCTGCTTAG-1,2,1.2830508,8.658037
AACGCCCTGGCATT-1,1,3.0429692,2.0506938
AACGTCGAGTATCG-1,4,-4.51201,1.6358258
AACGTGTGAAAGCA-1,1,5.0574555,1.1504683
AACGTGTGGCGGAA-1,2,2.731507,7.0215144
AACGTGTGTCCAAG-1,1,2.3676326,0.25344136
AACGTGTGTGCTTT-1,1,3.7597327,1.6740814
AACTACCTTAGAGA-1,5,3.2161605,-0.7409861
AACTCACTCAAGCT-1,6,12.005638,3.5337007
AACTCACTTGGAGG-1,6,11.783071,3.74534
AACTCGGAAAGTGA-1,0,0.30324197,1.5856513
AACTCGGAAGGTCT-1,6,13.699639,3.4599311
AACTCTTGCAGGAG-1,1,3.958198,1.7967961
AACTGTCTCCCTTG-1,6,12.788442,3.957606
AACTTGCTACGCTA-1,2,2.4138067,6.4450045
AACTTGCTGGGACA-1,5,4.693782,-0.8167618
AAGAACGAGTGTTG-1,5,2.8750894,-1.1122371
AAGAAGACGTAGGG-1,2,3.0613232,8.655737
AAGACAGAAGTCTG-1,2,3.107899,8.143547
AAGACAGAGGATCT-1,5,3.8148277,-1.0022885
AAGACAGATTACCT-1,6,12.363011,4.332204
AAGAGATGGGTAGG-1,2,1.9991052,8.609149
AAGATGGAAAACAG-1,2,2.8896863,8.291623
AAGATGGAGAACTC-1,6,12.391744,3.0922525
AAGATGGAGATAAG-1,7,10.949036,2.6879969
AAGATTACAACCTG-1,5,4.046372,-1.8323838
AAGATTACAGATCC-1,6,12.312627,2.872541
AAGATTACCCGTTC-1,6,12.655713,3.4840655
AAGATTACCGCCTT-1,7,10.622332,2.9955885
AAGATTACCTCAAG-1,4,-4.4414873,1.0885155
AAGATTACTCCTCG-1,6,13.203041,3.157159
AAGCAAGAGCGAGA-1,0,1.6646355,1.2718227
AAGCAAGAGCTTAG-1,0,-1.8569877,0.3837786
AAGCAAGAGGTGTT-1,4,-3.4491332,1.0690485
AAGCACTGAGCAAA-1,2,1.7693905,6.8003864
AAGCACTGCATACG-1,0,0.03304617,0.49658197
AAGCACTGGTTCTT-1,2,2.609289,6.6500154
AAGCCAACGTGTTG-1,5,5.1324954,0.5355416
AAGCCATGAACTGC-1,7,9.26714,2.7310166
AAGCCATGACACGT-1,6,13.753137,3.9024506
AAGCCATGCGTGAT-1,1,4.266191,1.7019444
AAGCCATGTCTCGC-1,0,0.50896215,0.7015771
AAGCCTGACATGCA-1,1,2.298447,2.1199367
AAGCCTGACCGAAT-1,6,14.225865,3.9748805
AAGCGACTCCTCAC-1,3,12.520257,0.9697559
AAGCGACTGTGTCA-1,5,4.851761,-1.0577674
AAGCGACTTACAGC-1,2,2.7907524,8.817037
AAGCGACTTTGACG-1,3,13.012271,0.06657593
AAGCGTACGTCTTT-1,5,1.8524795,-0.6439732
AAGGCTTGCGAACT-1,0,-1.469948,0.6423472
AAGGTCACGGTTAC-1,6,13.203789,3.5321345
AAGGTCACTGTTTC-1,2,2.5660295,8.328426
AAGGTCACTTCCCG-1,0,-0.39390117,2.0139618
AAGGTCTGACAGTC-1,5,3.3856702,0.3300771
AAGGTCTGCAGATC-1,5,3.8980885,-0.9890299
AAGGTCTGGTATGC-1,6,14.550083,4.7736344
AAGTAACTCTGAAC-1,6,13.025726,3.2010553
AAGTAACTGAGATA-1,2,1.4945065,8.8156185
AAGTAGGATACAGC-1,4,-4.335133,1.0873772
AAGTATACCGAACT-1,1,2.8562415,0.7523428
AAGTCCGACTTGTT-1,5,2.8012352,-1.4475856
AAGTCCGATAGAAG-1,5,4.8424673,-0.8230053
AAGTCTCTAGTCGT-1,5,3.8457005,0.08603013
AAGTCTCTCGGAGA-1,0,-1.3236523,0.52763915
AAGTGGCTTGGAGG-1,2,2.9360769,8.141686
AAGTTCCTCATTCT-1,3,12.532159,0.56966287
AAGTTCCTTCTTAC-1,0,1.5818421,1.2833744
AATAAGCTCGAATC-1,1,4.1434226,0.40204868
AATAAGCTCGTTGA-1,5,3.814864,-2.1265514
AATACCCTGGACGA-1,2,2.127285,8.849724
AATACCCTGGCATT-1,1,4.4733295,0.8613441
AATACTGAAAGGGC-1,0,-2.3959806,1.483575
AATACTGAATTGGC-1,4,-3.742672,1.2248021
AATAGGGAACCCTC-1,2,2.0342221,7.447485
AATAGGGAGAATGA-1,0,-1.3594592,0.6541815
AATCAAACTATCGG-1,0,-0.21166466,0.14469092
AATCCGGAATGCTG-1,2,2.1640735,6.808259
AATCCTACCGGTAT-1,5,4.301619,-1.3146586
AATCCTTGACGGGA-1,3,11.913584,2.5504355
AATCCTTGGTGAGG-1,4,-4.4239893,1.0222073
AATCGGTGGAACTC-1,0,-2.5064275,1.5986581
AATCGGTGTGCTTT-1,5,4.5654283,-0.054854017
AATCTAGAAAAGTG-1,1,3.0558534,2.1801105
AATCTAGAATCGGT-1,5,3.7975776,-1.1024666
AATCTCACAGCCTA-1,6,11.432939,3.3487232
AATCTCACTCTAGG-1,1,5.1552672,1.3022839
AATCTCTGAACAGA-1,5,2.947929,-1.189108
AATCTCTGCTTTAC-1,4,-3.9990525,1.3898228
AATGATACACCAAC-1,0,-1.9418557,1.1173843
AATGATACGGTCAT-1,6,12.173345,3.3040593
AATGCGTGACACCA-1,2,2.1419532,7.614073
AATGCGTGGACGGA-1,7,10.375464,3.001496
AATGCGTGGCTATG-1,2,2.4197717,7.6728907
AATGGAGAATCGTG-1,6,12.958465,4.940243
AATGGAGATCCTTA-1,0,-0.24412672,1.9620136
AATGGCTGACACCA-1,2,2.988435,7.481453
AATGGCTGCGTGAT-1,1,2.7642007,2.28751
AATGGCTGTAAAGG-1,0,0.9569808,1.4475234
AATGGCTGTACTCT-1,0,-0.31311265,0.7480159
AATGGCTGTGAAGA-1,5,4.5019274,-0.50614923
AATGTAACGGTGGA-1,1,4.9677377,1.0250382
AATGTAACGTTTGG-1,0,0.8461728,1.5063348
AATGTCCTCTTCTA-1,1,4.251149,1.879152
AATGTTGACAGTCA-1,1,4.845382,1.8023169
AATGTTGAGTTGAC-1,6,13.178744,5.1188974
AATGTTGATCTACT-1,1,3.729469,1.0591874
AATTACGAATTCCT-1,7,10.522075,2.7011652
AATTACGACTTCTA-1,5,5.0160203,-0.94302034
AATTACGAGTAGCT-1,0,-0.53631395,2.3863661
AATTACGAGTGAGG-1,1,3.424177,2.8218794
AATTACGATTGGCA-1,2,2.9967642,9.020712
AATTCCTGCTCAGA-1,2,2.8117163,7.6510677
AATTGATGTCGCAA-1,3,12.584845,-0.21943694
AATTGTGACTTGGA-1,2,1.5762786,7.601059
ACAAAGGAGGGTGA-1,5,3.7379787,-1.3411411
ACAAATTGATTCTC-1,3,12.810854,-0.14547311
ACAAATTGCTCAGA-1,6,13.335885,4.8573017
ACAAATTGTTGCGA-1,4,-4.083433,1.9936119
ACAACCGAGGGATG-1,4,-3.3163424,2.4374714
ACAACCGAGTTACG-1,5,2.555745,0.6815952
ACAAGAGAAGTCGT-1,6,11.928221,2.9931161
ACAAGAGACTTATC-1,5,2.9832017,-1.306336
ACAAGAGAGTTGAC-1,2,2.8051348,8.389167
ACAATCCTAACCGT-1,1,3.97347,1.7304736
ACAATCCTTAGCGT-1,2,3.2277014,7.843823
ACAATTGACTGACA-1,0,-1.2158191,0.5613438
ACAATTGATGACTG-1,4,-3.7092927,1.6587616
ACACAGACACCTGA-1,6,14.408041,4.722338
ACACAGACCATACG-1,0,-1.297922,0.8699924
ACACCAGAGGGCAA-1,0,-0.047472883,0.74618405
ACACCCTGGTGTTG-1,4,-3.6868093,1.7137388
ACACGAACAGTTCG-1,5,2.3253157,0.60713357
ACACGATGACGCAT-1,0,-0.603611,1.7671903
ACACGATGATGTGC-1,6,12.800419,3.3655396
ACACGATGTCGTAG-1,0,-0.80059737,1.636599
ACACGATGTGGTCA-1,0,-0.59542304,1.8228606
ACAGACACGGCATT-1,0,0.3086726,0.9915415
ACAGACACGTTGTG-1,1,4.4784245,1.0875145
ACAGCAACACCTAG-1,6,13.897367,3.157674
ACAGCAACCTCAAG-1,3,12.400159,-1.0444589
ACAGGTACCCCACT-1,5,5.1041007,0.3950798
ACAGGTACGCTGTA-1,0,0.29892385,2.055528
ACAGGTACTGGTGT-1,4,-4.6241245,1.8999212
ACAGTCGACCCAAA-1,0,0.99536073,0.5325589
ACAGTCGACCGATA-1,0,-0.91718906,1.1961279
ACAGTGACTCACCC-1,0,1.5781053,2.0308175
ACAGTGACTCTATC-1,0,0.41410577,1.466203
ACAGTGTGGTCACA-1,5,3.604514,-1.6556463
ACAGTGTGTTGCGA-1,6,12.967691,5.0336323
ACATCACTCTACTT-1,6,12.008715,3.9241529
ACATGGTGAAGCCT-1,1,3.1591737,1.223163
ACATGGTGCAACCA-1,2,2.2900527,7.5387983
ACATGGTGCGAGTT-1,1,4.114245,0.40199456
ACATGGTGCGTTGA-1,0,-0.22403155,1.9373822
ACATTCTGGCATAC-1,5,5.3757067,0.17547122
ACATTCTGGGAACG-1,6,12.1336,4.531269
ACCAACGACATGCA-1,5,2.9937885,-1.0690079
ACCACAGAAAGTAG-1,5,2.7450645,-0.3511444
ACCACAGAGTTGGT-1,5,4.68892,-0.35759398
ACCACCTGTGTGCA-1,5,3.183118,-1.9878563
ACCACGCTACAGCT-1,5,5.2076817,0.1922647
ACCACGCTACCCAA-1,0,-0.43919805,0.53801
ACCACGCTGCGAGA-1,1,1.9738218,0.3394823
ACCACGCTGCTGTA-1,0,1.5114844,1.0796205
ACCAGCCTGACAGG-1,1,3.4274504,1.2736319
ACCAGTGAACGGTT-1,2,1.9350462,8.133726
ACCAGTGAATACCG-1,3,12.277721,-0.124673024
ACCAGTGAGGGATG-1,5,3.394571,-0.4099203
ACCAGTGATGACTG-1,6,14.041716,4.794953
ACCATTACCTTCTA-1,1,3.9694798,0.40613154
ACCATTACGAGATA-1,1,4.0350676,3.074947
ACCATTTGTCATTC-1,5,2.8819396,-0.19402348
ACCCAAGAACTGTG-1,0,-1.5497836,0.21883179
ACCCAAGAATTCCT-1,3,12.823004,-0.57240313
ACCCAAGAGGACAG-1,1,4.1245885,1.3885074
ACCCAAGATTCACT-1,2,2.7022843,8.523732
ACCCACTGCGCCTT-1,6,12.906006,3.0796802
ACCCACTGGACAGG-1,5,3.252962,-1.3721435
ACCCACTGGTTCAG-1,8,16.67612,0.16993019
ACCCACTGTCGTAG-1,6,11.157942,3.7661862
ACCCAGCTCAGAAA-1,1,3.5016284,1.8017589
ACCCAGCTGTTAGC-1,6,12.674212,4.905977
ACCCAGCTTGCTTT-1,5,4.104334,0.25288787
ACCCGTTGATGACC-1,2,2.982482,8.649831
ACCCGTTGCTGCAA-1,5,5.0129547,-0.7569969
ACCCGTTGCTTCTA-1,7,4.314274,4.0671163
ACCCTCGACCTATT-1,1,2.242878,1.822633
ACCCTCGACGGTAT-1,2,1.5689776,8.044195
ACCCTCGATAAGGA-1,3,12.552468,2.4757183
ACCCTCGATCAAGC-1,3,13.283354,0.73511606
ACCGTGCTACCAGT-1,5,2.5322573,-0.33288893
ACCGTGCTGGAACG-1,2,2.3992083,7.403149
ACCTATTGCTGAGT-1,2,1.913226,8.4038
ACCTATTGTGCCCT-1,3,12.841181,-0.2653679
ACCTCCGAGTCCTC-1,1,3.9007368,2.5472362
ACCTCCGATATGCG-1,1,3.5657222,1.3688484
ACCTCCGATGCTGA-1,5,2.824645,-0.9176521
ACCTCGTGAACCAC-1,0,0.5088374,1.4813708
ACCTGAGATATCGG-1,6,12.90795,3.6663888
ACCTGGCTAAGTAG-1,4,-4.184713,0.7074577
ACCTGGCTGTCTTT-1,3,13.154922,0.008866576
ACCTTTGACTCCCA-1,6,11.718494,3.7077982
ACCTTTGAGGAACG-1,3,11.695921,2.6365428
ACCTTTGAGGAAGC-1,3,12.414044,1.6062843
ACGAACACCTTGTT-1,0,-2.8899214,1.2954367
ACGAACTGGCTATG-1,8,16.026888,0.078710325
ACGAAGCTCTCCAC-1,5,3.904555,-2.1955395
ACGAAGCTCTGAGT-1,2,2.9227884,6.488757
ACGACCCTATCTCT-1,3,11.345173,1.7162219
ACGACCCTGATGAA-1,0,1.0298021,0.0006044864
ACGACCCTTGACAC-1,2,1.8121833,7.396815
ACGACCCTTGACCA-1,5,3.051041,-1.7330154
ACGAGGGACAGGAG-1,7,9.343666,2.7205265
ACGAGGGACGAACT-1,5,3.2113664,-0.8783789
ACGAGGGATGTAGC-1,1,2.5525935,2.2518752
ACGAGTACCCTAAG-1,2,1.98732,8.720031
ACGAGTACGAATCC-1,2,2.492598,6.5623307
ACGATCGAGGACTT-1,4,-2.337374,2.4006224
ACGATCGAGTCACA-1,6,12.407271,4.8932557
ACGATGACAATGCC-1,1,3.0898898,1.0436606
ACGATGACTGGTCA-1,1,2.7877629,2.1700594
ACGATTCTACGGGA-1,0,-0.11812846,0.999883
ACGCAATGGTTCAG-1,4,-3.5271902,0.7860101
ACGCACCTGTTAGC-1,2,1.7915138,8.209242
ACGCCACTGAACTC-1,6,14.147086,3.2746222
ACGCCGGAAACCAC-1,6,12.539268,4.017405
ACGCCGGAAAGCCT-1,5,3.4536228,0.0709634
ACGCCGGAAATGCC-1,1,2.2883537,0.25093356
ACGCCTTGCTCCCA-1,3,12.274573,-0.2624917
ACGCGGTGGCGAGA-1,1,4.4580703,1.6026443
ACGCGGTGTGTGGT-1,2,2.0492904,7.062544
ACGCGGTGTTTGCT-1,0,-1.9642795,0.31706756
ACGCTCACAGTACC-1,5,3.6169775,-0.8003691
ACGCTCACCCTTGC-1,1,5.4007483,0.7447286
ACGCTGCTGTTCTT-1,4,-4.3396616,2.0067704
ACGGAACTCAGATC-1,4,-3.8260484,1.6988671
ACGGAACTGTCGTA-1,3,12.835792,0.42161596
ACGGAGGACTCTTA-1,6,12.662033,4.058313
ACGGATTGGGAGGT-1,2,2.1186328,8.466955
ACGGATTGGTTAGC-1,1,3.8196027,0.6509846
ACGGCTCTGAGCAG-1,1,2.2635703,2.4374807
ACGGCTCTTGCACA-1,5,4.9266286,-0.12980464
ACGGTAACCGCTAA-1,1,1.8473703,1.6030613
ACGGTAACCTTCGC-1,0,-1.6417508,0.9469041
ACGGTAACGGTGGA-1,5,2.83784,-1.6782703
ACGGTAACTCGCAA-1,0,0.014693241,1.0281451
ACGGTATGAGTCGT-1,6,13.087966,3.8153143
ACGGTATGGGTATC-1,2,3.4034755,7.53647
ACGGTATGGTTGTG-1,2,2.178873,8.07961
ACGGTCCTAACGGG-1,1,3.5993168,2.2530556
ACGGTCCTCGGGAA-1,1,2.212521,1.5118746
ACGTAGACAACCAC-1,1,3.333882,1.5666351
ACGTAGACTACAGC-1,2,2.7207499,7.692339
ACGTCAGAAACGAA-1,1,3.0140905,2.6077075
ACGTCAGAGAGCTT-1,6,12.145137,2.6671257
ACGTCAGAGGGATG-1,5,3.8692808,-0.3447259
ACGTCCTGATAAGG-1,6,13.35546,4.06459
ACGTCCTGTGAACC-1,3,11.442113,2.4341075
ACGTCGCTCCTGAA-1,4,-4.016112,2.346684
ACGTCGCTCTATTC-1,7,11.151643,3.2387962
ACGTCGCTTCTCAT-1,2,2.633113,8.262027
ACGTGATGCCATGA-1,7,10.6135435,2.6513171
ACGTGATGGGTCTA-1,5,3.138473,-0.9932669
ACGTGATGTAACCG-1,3,12.552776,0.56679994
ACGTGATGTGACAC-1,4,-3.9438782,1.2352744
ACGTGCCTCCGTAA-1,1,2.6339884,2.4702613
ACGTGCCTTCTATC-1,0,-1.3067398,0.28415734
ACGTTACTTTCCAT-1,5,4.343929,0.13192686
ACGTTGGAAAAGCA-1,5,2.9440277,-1.0804689
ACGTTGGAAACCTG-1,0,-0.700423,0.31156608
ACGTTGGACCGTAA-1,6,13.278055,3.774908
ACGTTGGAGCCAAT-1,4,-4.007936,1.5393629
ACGTTGGATATGGC-1,2,1.6668317,8.724154
ACGTTGGATCAGGT-1,3,11.47227,1.9448692
ACGTTTACATCAGC-1,5,5.3099957,-0.3204016
ACTAAAACCCACAA-1,0,0.5916315,0.86698484
ACTAAAACTCGACA-1,6,13.492103,5.062881
ACTACGGAATTTCC-1,1,3.88988,0.9650373
ACTACGGACCTATT-1,5,3.6825714,0.26399264
ACTACGGATCGCTC-1,1,4.225346,1.4291686
ACTACTACTAAGGA-1,5,3.0721488,-1.6452566
ACTAGGTGGAACCT-1,0,0.767954,1.9338882
ACTAGGTGGAACTC-1,1,3.446791,1.1784875
ACTATCACCTTGGA-1,0,-0.5121782,1.6263934
ACTATCACTGCCAA-1,5,5.252055,-0.76506543
ACTCAGGACTGAAC-1,1,5.1752086,1.3709543
ACTCAGGATCTATC-1,2,1.5087802,8.381771
ACTCAGGATTCGTT-1,6,13.580514,4.7640347
ACTCCTCTCAACTG-1,1,3.6102464,2.8003936
ACTCGCACGAAAGT-1,6,11.786238,4.063418
ACTCGCACTACGAC-1,6,12.2750435,3.198913
ACTCTCCTGACACT-1,5,3.4454076,-2.0557704
ACTCTCCTGCATAC-1,7,4.9402785,2.3778934
ACTCTCCTGTTTGG-1,5,4.3900213,-0.5222511
ACTGAGACAACCAC-1,0,-0.47203502,0.70683306
ACTGAGACCCATAG-1,3,12.810011,0.026891597
ACTGAGACGTTGGT-1,2,2.3741157,6.974859
ACTGCCACACACGT-1,0,-0.7199896,1.1758455
ACTGCCACTCCGTC-1,4,-4.0088806,0.96842384
ACTGGCCTTCAGTG-1,4,-4.0596123,0.84514713
ACTGTGGACGTGTA-1,0,-1.5725957,1.2462409
ACTGTGGATCTAGG-1,2,2.7767417,6.628269
ACTGTTACCCACAA-1,6,13.432297,4.75691
ACTGTTACTGCAGT-1,5,4.672793,-1.412541
ACTTAAGAACCACA-1,5,4.282384,-1.885318
ACTTAAGACCACAA-1,5,1.9955705,-0.07315685
ACTTAAGATTACTC-1,7,9.9801035,2.8404987
ACTTAGCTGCGTAT-1,3,12.364604,0.038552888
ACTTAGCTGGGAGT-1,1,3.7337143,2.7712405
ACTTCAACAAGCAA-1,7,3.4376972,4.332214
ACTTCAACGTAGGG-1,4,-3.6917965,1.6623913
ACTTCCCTTTCCGC-1,5,4.6338463,-1.2088085
ACTTCTGACATGCA-1,2,2.3436947,8.383287
ACTTGACTCCACAA-1,2,1.9766425,7.619859
ACTTGGGAGAAAGT-1,6,12.615935,3.3125236
ACTTGGGAGGTTTG-1,1,3.14701,1.2651168
ACTTGGGATGTGAC-1,3,13.480406,0.12589107
ACTTGGGATTGACG-1,6,11.736486,2.9513962
ACTTGTACCCGAAT-1,5,2.5966935,-0.07523651
ACTTGTACCTGTCC-1,5,3.2498834,-2.2649713
ACTTTGTGCGATAC-1,5,2.111442,-1.3360516
ACTTTGTGGAAAGT-1,5,3.4446783,-0.867891
ACTTTGTGGATAGA-1,6,11.895792,3.8528206
AGAAACGAAAGTAG-1,2,2.999343,9.068332
AGAAAGTGCGCAAT-1,5,3.9923146,-0.23678009
AGAAAGTGGGGATG-1,6,13.426707,4.2490363
AGAACAGAAATGCC-1,4,-4.036372,1.7024348
AGAACAGACGACTA-1,2,2.6630752,8.148284
AGAACAGAGACAAA-1,1,3.4361014,1.5022746
AGAACGCTTTGCTT-1,5,3.7224827,-1.9865853
AGAAGATGTGACTG-1,1,3.714503,2.832512
AGAATGGAAGAAGT-1,0,-1.4675454,1.1906635
AGAATTTGTAACCG-1,1,4.719726,1.7076565
AGAATTTGTAGAGA-1,5,2.5820982,-1.929501
AGACACACTGTAGC-1,5,4.9877987,-0.82594
AGACACTGTCAAGC-1,6,13.332842,5.133883
AGACCTGAAGTAGA-1,6,11.880178,4.4062743
AGACCTGACCAACA-1,1,2.6596684,0.7182724
AGACCTGAGGAAGC-1,0,0.42397624,2.2425442
AGACGTACAGAGGC-1,1,3.0870981,1.6192579
AGACGTACCCCTAC-1,2,2.4292345,8.512166
AGACGTACCTCTTA-1,6,11.260898,3.2405646
AGACGTACTCGTGA-1,3,12.586892,-0.155508
AGACTGACCATCAG-1,0,-0.85370696,1.8252763
AGACTGACCCTTTA-1,5,3.2330754,-0.6852599
AGACTTCTCATGCA-1,2,2.7944708,8.215476
AGAGATGACAGTCA-1,2,3.3213964,8.355772
AGAGATGACTGAAC-1,1,1.9885932,-0.11945652
AGAGATGAGGTTTG-1,6,12.961453,3.4073606
AGAGATGATCTCGC-1,2,2.695477,7.318353
AGAGATGATTGTGG-1,1,3.9340131,0.45567787
AGAGCGGAGGCAAG-1,6,11.134802,2.9737608
AGAGGTCTACAGCT-1,7,3.4146369,4.4446645
AGAGTCTGGTCGTA-1,3,11.92799,-0.38854396
AGAGTGCTCAGCTA-1,1,2.0210211,0.69390726
AGAGTGCTCGAATC-1,1,3.3658674,0.3037417
AGAGTGCTGTCATG-1,1,2.735805,1.2734375
AGAGTGCTGTCCTC-1,0,-0.11836234,1.3658849
AGAGTGCTGTGTTG-1,2,2.7179043,8.44049
AGATATACCCGTAA-1,4,-3.7645576,0.7423813
AGATATACGATGAA-1,1,2.9215999,0.9948
AGATATACTGTTCT-1,2,1.8030932,7.3488708
AGATATTGCCTACC-1,0,-1.420304,1.326403
AGATATTGGCCAAT-1,6,11.32624,3.1744733
AGATCGTGTCTGGA-1,3,11.548142,2.6115444
AGATCGTGTTTGTC-1,2,2.0427804,8.51793
AGATCTCTATCACG-1,2,2.6352885,8.936767
AGATTAACGTTCTT-1,3,13.038031,0.14798461
AGATTCCTATCGTG-1,1,4.764429,1.8443621
AGATTCCTCACTTT-1,6,13.01627,3.4123757
AGATTCCTGACGAG-1,6,12.678661,3.9532824
AGATTCCTGTTCAG-1,4,-4.949599,1.6827215
AGCAAAGATATGCG-1,5,4.843522,-0.6359207
AGCACAACAGTCTG-1,0,1.620815,0.67314464
AGCACTGAGGGAGT-1,1,3.0747135,1.4673965
AGCACTGATATGCG-1,1,4.3787966,1.670809
AGCACTGATGCTTT-1,7,9.450379,2.7881155
AGCACTGATTGCGA-1,5,3.8242848,-1.2433287
AGCATCGAAGATCC-1,1,3.8056273,0.8735815
AGCATCGAAGGGTG-1,2,1.7552738,7.8408127
AGCATCGAGCTTCC-1,6,12.2115965,4.9933615
AGCATCGAGTGAGG-1,1,3.1565676,2.3688648
AGCATCGATAACCG-1,6,12.280672,4.5539227
AGCATGACGATGAA-1,0,-0.8928523,0.87290126
AGCCAATGGGGAGT-1,3,13.276085,-0.029307054
AGCCAATGTATCTC-1,1,2.62813,-0.030373355
AGCCACCTGGATCT-1,0,-1.0215422,0.96270186
AGCCGGTGCCAATG-1,1,3.4865847,2.5024343
AGCCGGTGTGTTTC-1,5,3.8869734,-0.557211
AGCCGTCTCAATCG-1,5,3.242368,-0.09878308
AGCCGTCTGAGAGC-1,0,2.0581489,0.82704675
AGCCTCACGTTCGA-1,5,2.7988446,-1.327926
AGCCTCACTGTCAG-1,3,11.49876,1.0592008
AGCCTCTGCAGTTG-1,2,2.4892824,8.564252
AGCCTCTGCCAATG-1,4,-3.7651105,1.9766048
AGCGAACTGGATCT-1,5,4.6052003,-1.1627483
AGCGAACTTACTGG-1,1,4.360632,2.121084
AGCGATACGGAGCA-1,5,3.5966837,-2.3436513
AGCGATTGAGATCC-1,4,-4.461091,1.5592289
AGCGCCGAATCTCT-1,1,2.5877562,0.21316461
AGCGCCGACAGAGG-1,1,4.0174346,1.7177744
AGCGCTCTACCTTT-1,5,3.6432996,0.025729198
AGCGGCACCGGGAA-1,5,4.0712786,-1.2556573
AGCGGCTGATGTGC-1,5,3.6773248,-0.40328014
AGCGGGCTTGCCAA-1,1,3.1406522,0.2357889
AGCGTAACATGCTG-1,1,3.1382222,1.2775414
AGCGTAACTGAGAA-1,3,11.414208,1.8997698
AGCTCGCTACTGGT-1,5,4.3346314,-1.6669959
AGCTCGCTCTGCTC-1,5,3.8754299,0.03322458
AGCTGAACCATACG-1,3,12.6973,-0.10717394
AGCTGAACCTCTCG-1,1,4.7928734,0.54781455
AGCTGCCTTGGGAG-1,6,14.257483,3.3608952
AGCTGCCTTTCATC-1,1,4.2382994,2.8044398
AGCTGCCTTTCTGT-1,1,2.3093336,0.707827
AGCTGTGATCCAAG-1,0,1.1631969,0.56010646
AGCTTTACAAGTAG-1,5,4.504227,0.25910088
AGCTTTACACCAAC-1,0,-0.37381902,1.9021195
AGCTTTACTCTCAT-1,2,2.0350726,7.787199
AGGAAATGAGGAGC-1,1,3.862888,1.1056546
AGGAACCTCTTAGG-1,3,12.36212,0.19260365
AGGAACCTTGCCTC-1,0,-0.76979846,0.9994292
AGGAATGATAACGC-1,1,2.3363035,1.9920936
AGGAATGATTTGTC-1,1,4.3998885,2.0975971
AGGAGTCTGGTTTG-1,5,3.3197236,-0.3031742
AGGAGTCTTGTCAG-1,5,4.430341,-1.6016642
AGGATAGACATTTC-1,1,4.83612,1.1107901
AGGATAGAGGATTC-1,0,-2.3598676,1.2300638
AGGATGCTACTAGC-1,2,3.0759683,8.327074
AGGATGCTTTAGGC-1,4,-4.290256,1.1268015
AGGCAACTGAAGGC-1,1,2.5320837,-0.21491073
AGGCAGGAGTACCA-1,0,0.110442296,1.8631529
AGGCCTCTAGTCGT-1,1,5.193785,1.2243407
AGGCCTCTCGGAGA-1,5,5.0809593,-0.9330306
AGGCCTCTCGTAAC-1,5,3.3375244,-1.3980246
AGGGACGACGTTGA-1,5,3.56545,-1.9330102
AGGGACGAGTCAAC-1,4,-4.384514,2.0716157
AGGGACGAGTTGTG-1,5,4.6998253,-1.8250687
AGGGACGATAGAGA-1,0,0.31755218,2.233975
AGGGACGATGCATG-1,0,-0.6632527,0.9025495
AGGGAGTGAGCCTA-1,1,3.3772347,1.3268784
AGGGCCACCATACG-1,5,3.0006382,-0.84885937
AGGGCGCTAACCAC-1,6,13.930005,4.0408797
AGGGCGCTATGGTC-1,1,3.2078037,0.74514294
AGGGTGGACAGTCA-1,2,2.1347964,7.095418
AGGGTGGACTCAAG-1,3,12.193947,2.2588637
AGGGTGGAGTTGCA-1,0,-0.33736476,0.514277
AGGGTTTGTTCATC-1,3,11.954107,2.2937925
AGGTCATGAGTGTC-1,2,3.1424184,8.0139265
AGGTCATGCTTATC-1,0,0.25470674,1.5368198
AGGTCTGATTCTCA-1,3,12.1508045,1.5678494
AGGTGGGAAGAATG-1,1,1.707252,0.95132846
AGGTGGGAAGTTCG-1,5,3.6372757,-0.90764326
AGGTGTTGGTTACG-1,2,1.4000285,7.755275
AGGTTCGAACCTCC-1,6,14.075458,4.091429
AGGTTCGAACGTAC-1,6,13.43419,5.014108
AGGTTCGAGGGTGA-1,5,3.33184,-1.5615242
AGTAAGGAGTTTGG-1,1,3.0972497,1.559951
AGTAAGGATTCTTG-1,1,3.842373,2.055707
AGTAATACATCACG-1,4,-3.276816,2.2442648
AGTAATACCGAACT-1,2,2.2160723,8.437026
AGTAATTGTCCCAC-1,1,4.0578556,1.447834
AGTACGTGAGGGTG-1,5,3.5835373,-0.23434873
AGTACGTGCTGCAA-1,1,4.534361,0.7736343
AGTACGTGCTTGGA-1,1,3.2592268,2.1650631
AGTACTCTACGTGT-1,2,2.9006267,8.752945
AGTACTCTCAACCA-1,0,-1.3955972,0.49004006
AGTACTCTCGGTAT-1,1,2.5593982,2.2793987
AGTAGGCTTGCCTC-1,3,12.174367,0.7168918
AGTATAACTTGTCT-1,3,11.864329,-0.055321965
AGTATCCTAGAACA-1,5,3.797218,-1.3469216
AGTCACGATGAGCT-1,4,-3.3436477,2.061385
AGTCAGACGAATAG-1,1,2.3932512,1.6430138
AGTCAGACGCTTAG-1,0,1.0868412,0.9116493
AGTCAGACTAGAGA-1,0,-0.5108698,2.0851142
AGTCAGACTGCACA-1,1,3.7085764,1.7279181
AGTCCAGATATCTC-1,5,2.3412127,-0.9288891
AGTCCAGATTTCAC-1,1,3.5516117,0.65666246
AGTCGAACCAACCA-1,5,3.8894954,-1.4800686
AGTCGCCTCCGTAA-1,1,4.1705265,1.0362996
AGTCTACTAGGGTG-1,6,12.249046,3.8588674
AGTCTACTTGCATG-1,3,11.48437,0.33602518
AGTCTTACACCACA-1,5,4.0821414,-1.4179604
AGTCTTACTTCGCC-1,0,-0.13207906,1.4833105
AGTCTTACTTCGGA-1,8,16.922173,0.014071426
AGTGACTGCAACTG-1,3,12.232925,0.226628
AGTGTTCTAACCTG-1,1,2.9700973,1.2866246
AGTGTTCTATAAGG-1,1,2.26277,1.009589
AGTGTTCTCACTTT-1,6,12.31984,4.5243998
AGTTAAACCACTTT-1,5,3.0340314,-0.31721348
AGTTATGAACAGTC-1,6,12.160079,4.7535586
AGTTATGACTGAGT-1,1,3.4044342,2.7843866
AGTTATGAGTTCAG-1,1,4.6712904,0.96109796
AGTTCTACCAGCTA-1,6,13.084456,5.143481
AGTTCTTGAAGCCT-1,0,-0.52380466,1.2823417
AGTTGTCTACTACG-1,5,4.8158846,-1.128631
AGTTTAGATGGTCA-1,5,2.3635216,-0.20167369
AGTTTCACGGTCTA-1,0,-1.7119148,1.5644692
AGTTTGCTACAGTC-1,5,4.285968,-0.97431755
AGTTTGCTACTGGT-1,4,-2.5704746,2.4485495
AGTTTGCTCCAAGT-1,5,4.6999354,0.71149015
ATAAACACAGTGCT-1,2,3.10923,7.430878
ATAAACACCACCAA-1,1,2.0856898,0.7431217
ATAACAACATGCTG-1,6,12.231011,4.43944
ATAACAACGTCTAG-1,1,2.2061353,0.6656813
ATAACAACTTTGTC-1,5,3.274036,-1.2504464
ATAACATGTACTCT-1,1,2.3632798,1.5423797
ATAACCCTGTTGGT-1,0,1.3848805,-0.037668467
ATAACCCTTGGTAC-1,1,4.4664335,2.1432412
ATAAGTACGAATGA-1,2,1.6542686,7.1389613
ATAAGTTGGTACGT-1,3,13.122477,-0.20274428
ATAAGTTGTCTAGG-1,1,1.8957049,1.0424852
ATAATCGAGCTGAT-1,2,2.6350307,8.433382
ATAATCGATGGTTG-1,5,3.0408084,-0.8337945
ATAATGACCTACTT-1,1,3.7481835,0.5562891
ATAATGACTCGTGA-1,6,12.838198,2.8359861
ATACAATGTTAGGC-1,1,4.324921,0.71854955
ATACCACTCGTACA-1,6,12.777052,4.511253
ATACCACTCTAAGC-1,7,9.614099,2.8284156
ATACCACTGCCAAT-1,4,-2.2662482,2.3974876
ATACCGGAATGCTG-1,7,9.530546,2.8008575
ATACCGGACATTTC-1,6,12.21292,2.801744
ATACCGGACTTCGC-1,1,2.489931,1.9400461
ATACCGGAGGTGTT-1,6,13.236681,4.5703025
ATACCGGATCTCGC-1,1,2.0370789,0.26016808
ATACCTACGCATCA-1,5,3.9785194,0.03651504
ATACCTTGGGGCAA-1,5,4.7284927,-0.5665295
ATACGGACAGACTC-1,6,13.786646,3.7967188
ATACGGACCTACTT-1,6,14.620849,3.8824737
ATACGGACGAGGTG-1,2,2.662386,8.541261
ATACGGACTATGCG-1,2,2.790045,8.939058
ATACGGACTCTGGA-1,6,13.667114,4.0473075
ATACGTCTTAACGC-1,6,13.213854,5.0672894
ATACTCTGCTTCGC-1,3,11.445585,1.8616668
ATACTCTGGTATGC-1,4,-3.9344363,1.7754095
ATAGATACCATGGT-1,1,3.8445616,2.3176045
ATAGATACGACGAG-1,5,4.5240784,-0.8553105
ATAGATTGGTGTAC-1,2,2.426134,7.725071
ATAGCCGAACGGAG-1,5,3.9686348,-1.6887959
ATAGCGTGCAGATC-1,1,3.4867694,1.76087
ATAGCGTGCCCTTG-1,6,12.159898,3.8829637
ATAGCGTGGTATCG-1,6,14.348078,3.9933794
ATAGCGTGTCTCTA-1,5,4.723264,-0.5715138
ATAGCTCTCTGATG-1,5,3.1486373,-0.9357339
ATAGCTCTGAGGTG-1,5,4.5798187,-0.45575318
ATAGGAGAAACAGA-1,3,11.779673,2.3661397
ATAGGCTGTCAGAC-1,5,4.9679723,-0.6635567
ATAGTCCTAGTGTC-1,6,12.763592,4.5066795
ATAGTCCTTGCATG-1,1,4.554561,2.3961575
ATAGTCCTTGTCGA-1,5,3.6864455,-0.9095609
ATAGTTGACAACTG-1,5,3.316489,-0.79606086
ATAGTTGACCCTCA-1,3,12.537637,0.44822636
ATAGTTGAGACGTT-1,5,1.9790486,-1.0046414
ATAGTTGATAAGCC-1,1,3.414893,0.14174396
ATATACGAAGCCAT-1,5,5.4436965,0.010401961
ATATACGAATTGGC-1,1,3.8128567,1.6736468
ATATAGTGGAATGA-1,6,14.227057,4.327497
ATATGCCTAGATCC-1,6,13.292317,3.888948
ATATGCCTGGACAG-1,5,2.9702349,0.15678449
ATATGCCTTCTCTA-1,1,2.96793,0.3265536
ATATGCCTTGGTAC-1,5,4.228128,-0.9722793
ATCAAATGAGCCTA-1,6,12.22819,2.5646205
ATCAAATGGGTAAA-1,3,11.947061,0.061735716
ATCAACCTAAACGA-1,1,4.298011,2.0789857
ATCAACCTGAGGAC-1,5,4.3210993,-1.2379358
ATCAACCTTCTCTA-1,0,-0.047203474,2.1976235
ATCAACCTTTGTCT-1,0,0.3438514,0.66241854
ATCACACTTTGTCT-1,1,3.6517625,-0.07014206
ATCACGGATTGCTT-1,6,14.190929,4.471401
ATCACGGATTTCGT-1,2,2.3923376,8.027709
ATCATCTGACACCA-1,8,16.823147,0.017835306
ATCATGCTAGAGTA-1,0,-1.6508635,0.6163708
ATCATGCTGAACCT-1,2,2.9403212,7.2760825
ATCCAGGACGCTAA-1,3,12.288913,-0.16456947
ATCCAGGATGGAAA-1,1,3.655429,1.8372847
ATCCATACTCCTTA-1,6,13.192641,4.033569
ATCCATACTTCATC-1,3,12.60756,-0.9139983
ATCCCGTGCAGTCA-1,4,-4.6901436,1.8690038
ATCCCGTGCATGCA-1,2,2.7094352,8.638732
ATCCCGTGGCTGAT-1,2,2.1888437,8.197585
ATCCGCACGCATCA-1,2,2.298509,6.934427
ATCCTAACGACGGA-1,2,2.3605955,7.8065066
ATCCTAACGCTACA-1,0,-0.68905425,1.3174787
ATCGACGAAACTGC-1,6,11.561837,3.5561497
ATCGACGAATGACC-1,1,4.3869643,0.046211153
ATCGAGTGGACGTT-1,0,-1.9846495,0.7399986
ATCGCAGAATCTCT-1,3,11.699174,-0.58883786
ATCGCAGAGTGTCA-1,2,2.6802907,7.5011854
ATCGCCACTGAGGG-1,0,0.046785485,1.0796713
ATCGCCTGGGTCAT-1,5,3.4803455,-0.213715
ATCGCCTGTGGCAT-1,2,1.3933688,7.977221
ATCGCGCTCAGAGG-1,6,13.127167,4.771374
ATCGCGCTGGGATG-1,1,3.4267473,1.9192939
ATCGCGCTTTTCGT-1,2,3.1904755,8.209493
ATCGGAACCAGTCA-1,5,2.9774663,-0.06489534
ATCGGTGAGTCAAC-1,5,3.9774046,-1.5556068
ATCGGTGATTGCAG-1,1,3.1964839,0.59613377
ATCGTTTGCCTACC-1,6,11.626518,3.262803
ATCGTTTGGGTACT-1,6,13.565819,3.5669177
ATCGTTTGTGCCAA-1,6,13.605685,4.2877345
ATCTACACCCGCTT-1,6,14.166257,3.7288678
ATCTACACCGGGAA-1,1,4.869146,0.83432275
ATCTCAACAGGAGC-1,2,3.1960895,8.511044
ATCTCAACCTCGAA-1,5,2.3502145,-1.6273968
ATCTCAACCTTGTT-1,6,13.945651,5.0711455
ATCTGGGAAACCAC-1,6,11.696767,3.7923918
ATCTGGGAAGTGTC-1,3,11.115395,2.0964935
ATCTGGGATTCCGC-1,0,-0.91143835,1.627775
ATCTGTTGAACGGG-1,1,3.7912161,1.7959756
ATCTGTTGACCTCC-1,1,3.6666174,0.8071524
ATCTGTTGCCTTCG-1,3,11.33654,1.3366905
ATCTGTTGGTTGCA-1,1,2.6952403,1.9181547
ATCTTGACACCAAC-1,1,3.2938502,0.6544959
ATCTTGACCTCCCA-1,6,12.880935,2.5045497
ATCTTTCTGCATCA-1,0,0.63926685,0.11674949
ATCTTTCTGTTTCT-1,0,0.5172239,1.5401071
ATCTTTCTTGTCCC-1,4,-4.847301,1.4684646
ATGAAACTCTGTGA-1,0,1.3099583,1.7015944
ATGAAACTGAGGCA-1,5,4.1326656,-0.8231962
ATGAAGGAACAGCT-1,0,-0.7155614,0.67838544
ATGAAGGACCTGTC-1,2,2.9788458,7.7657566
ATGAAGGACCTTAT-1,2,1.7930146,8.829767
ATGAAGGACTAGTG-1,2,1.8240932,8.847889
ATGAAGGACTTGCC-1,4,-4.441829,1.7887127
ATGACGTGACGACT-1,2,1.8820451,7.917167
ATGACGTGATCGGT-1,3,11.621365,0.7736411
ATGAGAGAAAGTGA-1,1,3.1866844,1.9588296
ATGAGAGAACGCAT-1,5,5.0627866,-1.5578812
ATGAGAGAAGTAGA-1,2,2.822219,7.6575117
ATGAGCACACAGCT-1,1,3.3579025,0.40330935
ATGAGCACATCTTC-1,5,5.000859,-0.7840449
ATGATAACTTCACT-1,4,-4.595966,1.80271
ATGATATGAAACAG-1,1,4.2568007,1.6782169
ATGATATGACTGGT-1,5,4.5605197,-1.2004151
ATGATATGAGCACT-1,5,4.915516,-0.4179059
ATGATATGGTCATG-1,5,4.719728,-0.7366831
ATGATATGGTGCTA-1,4,-3.8425999,1.9316938
ATGATATGTTGTCT-1,3,11.531858,2.4054878
ATGCACGAATGTCG-1,2,2.9748507,8.890755
ATGCACGACTGTAG-1,1,4.479544,2.238623
ATGCACGAGAACCT-1,2,2.0990298,6.9044924
ATGCACGAGTTCGA-1,5,4.210751,-0.44768775
ATGCACGATTGGTG-1,3,11.250093,1.7308992
ATGCAGTGTTACCT-1,2,2.758154,8.419583
ATGCAGTGTTCTAC-1,1,2.1475372,0.9077485
ATGCCAGAACGACT-1,1,2.775125,0.53401685
ATGCCAGACAGTCA-1,6,13.286312,4.9076567
ATGCCGCTTGAACC-1,6,12.68543,2.6299195
ATGCGATGCTATGG-1,3,11.328455,2.5143337
ATGCGATGCTGAGT-1,1,2.2865608,0.28983584
ATGCGATGGTTACG-1,2,2.3461077,7.0170813
ATGCGCCTTCATTC-1,5,3.316774,-1.5082775
ATGCTTTGCGAATC-1,1,3.1321998,0.6255442
ATGCTTTGGGCGAA-1,0,-0.12684359,0.6306583
ATGCTTTGTAGTCG-1,2,2.8256023,8.141911
ATGGACACATCGGT-1,1,2.8172448,1.7512823
ATGGACACGCATCA-1,4,-3.4153745,0.9699473
ATGGGTACAACCTG-1,2,1.9392438,8.441699
ATGGGTACATCGGT-1,4,-4.25108,1.4837945
ATGGGTACTATTCC-1,1,3.5514653,2.562497
ATGGGTACTGGGAG-1,1,3.515784,1.4782425
ATGTAAACACCTCC-1,5,3.2622252,-0.3330571
ATGTAAACCCGCTT-1,1,4.0815854,1.0406595
ATGTAAACGGGATG-1,7,10.841741,2.615261
ATGTAAACTCTCCG-1,0,0.6555329,2.1065586
ATGTAAACTTCACT-1,6,11.279828,2.7879567
ATGTACCTCAGTCA-1,1,2.5732043,0.39766896
ATGTACCTTAGTCG-1,1,3.6916792,3.0462544
ATGTACCTTTATCC-1,6,13.513214,3.9510212
ATGTACCTTTCACT-1,0,-2.3795302,1.0806408
ATGTCACTAATGCC-1,6,12.758615,4.577588
ATGTCACTCTGCTC-1,5,2.2171438,-0.40348977
ATGTCGGAGGTGAG-1,1,4.748059,2.084454
ATGTTCACAGTCTG-1,6,11.973675,3.6049786
ATGTTCACCGTAGT-1,1,2.8757455,2.2364478
ATGTTGCTTTCAGG-1,1,2.952735,1.6471269
ATTAACGATGAGAA-1,4,-3.375685,0.6725619
ATTAACGATGCAAC-1,0,-2.889145,0.9660665
ATTAAGACTGCAGT-1,1,3.0598915,2.5195835
ATTACCTGCCTTAT-1,6,13.092801,4.8656974
ATTACCTGGAGGAC-1,3,12.81847,0.82430446
ATTACCTGGGCATT-1,2,2.523242,8.211666
ATTAGATGTTTCAC-1,5,3.3365993,-1.3432665
ATTATGGAATCTCT-1,1,4.5872602,2.672478
ATTCAAGAACGGGA-1,5,4.589313,-0.46383035
ATTCAAGACCTTTA-1,1,3.4996288,1.5101268
ATTCAGCTCATTGG-1,8,16.787092,-0.0382789
ATTCCAACCATTGG-1,6,12.427125,4.2478223
ATTCCAACTTAGGC-1,4,-3.2935333,2.143991
ATTCGACTCACTAG-1,1,2.2318091,0.79584676
ATTCGACTGAATAG-1,6,12.5900545,4.355753
ATTCGACTTTTGTC-1,3,12.788294,-0.6950571
ATTCGGGAAAGGCG-1,6,12.460353,4.683036
ATTCGGGATTAGGC-1,1,3.9404132,1.4391145
ATTCTTCTGATACC-1,0,1.1234585,1.4253902
ATTGAATGGACGGA-1,1,2.1575003,0.29587823
ATTGATGAAGGTTC-1,5,4.15933,-1.7977017
ATTGATGACTGAGT-1,1,3.0610604,0.7321452
ATTGATGAGCGAAG-1,1,3.146932,1.2581756
ATTGATGATCTATC-1,5,4.117716,-0.29582816
ATTGCACTGACGGA-1,5,4.5762663,-1.530215
ATTGCACTGAGAGC-1,3,12.666233,0.6681807
ATTGCACTGGAGCA-1,6,13.018544,3.9084976
ATTGCACTTAGCCA-1,1,4.50783,1.2226083
ATTGCACTTGCTTT-1,3,11.940491,-0.3320237
ATTGCTTGTTACTC-1,2,1.5701761,7.9964547
ATTGGTCTGACTAC-1,2,2.673799,6.9685736
ATTGGTCTTGTCTT-1,2,2.6013145,8.727796
ATTGTAGATTCCCG-1,7,10.138014,2.6294892
ATTGTAGATTGCAG-1,0,1.4217274,1.3030275
ATTGTCTGCGTACA-1,1,2.5756614,1.0348365
ATTTAGGAACCATG-1,3,11.481248,0.53032005
ATTTAGGACAGAGG-1,1,4.5072074,2.2424467
ATTTCCGAGATGAA-1,5,3.0060515,0.15354759
ATTTCCGAGTGCTA-1,1,2.6812618,2.1159997
ATTTCGTGTATGGC-1,4,-2.729436,1.8905665
ATTTCTCTACTTTC-1,3,11.907754,-0.30642867
ATTTCTCTAGCAAA-1,1,2.773815,2.38759
ATTTCTCTCACTTT-1,3,12.634804,2.3120956
ATTTCTCTTCCCAC-1,5,5.2809434,0.39473307
ATTTGCACAAGATG-1,6,14.348721,4.984946
CAAAGCACAGCTCA-1,1,4.392533,0.821716
CAAAGCACCGTAAC-1,2,1.936165,7.0392036
CAAAGCACGGTAAA-1,0,-2.4084914,0.7716726
CAAAGCTGAAAGTG-1,0,1.2221141,0.8098035
CAAAGCTGTTGCTT-1,6,12.233227,3.6925027
CAAATATGTGACAC-1,5,3.697609,-1.2919446
CAAATTGAGGGCAA-1,1,3.6455417,0.9097736
CAAATTGATGGAGG-1,6,14.587268,4.406148
CAACCAGAAAAGTG-1,5,3.5534163,-1.2869079
CAACCAGAAGTGCT-1,1,1.9655166,1.8584862
CAACCAGAGTTCAG-1,6,11.923375,3.2757645
CAACCAGATAGAAG-1,6,14.206778,3.6389737
CAACCGCTGTTCAG-1,5,3.5711246,-1.5264542
CAACCGCTTTGAGC-1,1,3.5270822,2.2391658
CAACGATGCGCAAT-1,3,11.444894,1.311523
CAACGTGACTCCAC-1,3,11.798796,2.1492229
CAACGTGAGCCATA-1,0,-2.6257534,0.4429299
CAACGTGATCAAGC-1,6,12.203641,2.7488613
CAAGAAGACCACAA-1,0,1.0212513,1.7944416
CAAGAAGACGTCTC-1,3,11.478728,2.204988
CAAGAAGATTCTAC-1,5,4.1912675,0.014646644
CAAGACTGACCTGA-1,2,2.3042812,7.8765793
CAAGACTGAGTAGA-1,2,2.200889,7.351662
CAAGCTGACCATAG-1,3,12.262889,-0.44701892
CAAGCTGATCTATC-1,0,-2.8253994,0.8629009
CAAGGACTGTTCAG-1,1,3.5322337,0.25417402
CAAGGACTTCTTTG-1,0,0.011829857,0.83257276
CAAGGTTGCTCCAC-1,1,4.6002297,2.080765
CAAGGTTGTCATTC-1,2,2.8324587,9.009167
CAAGGTTGTCTGGA-1,4,-4.0640388,2.3313086
CAAGTCGAAACAGA-1,2,2.5854645,8.3495
CAAGTCGATAGCGT-1,6,12.853795,4.0025115
CAATAAACGCCATA-1,6,13.725889,3.5244956
CAATAATGAACTGC-1,6,13.137402,4.0127983
CAATATGACATGGT-1,1,3.6030781,2.013384
CAATATGACCTTCG-1,0,-2.6402268,0.9570306
CAATATGACGTTAG-1,5,2.825475,-1.6003275
CAATATGAGGAGCA-1,1,3.1393032,1.5806882
CAATCGGAGAAACA-1,1,3.4619763,1.6050766
CAATCTACTGACTG-1,4,-3.5638528,1.85277
CAATTCACCCAACA-1,0,-1.941972,0.48680463
CAATTCACGATAGA-1,1,3.4434426,0.3321178
CAATTCACTTGTGG-1,5,3.186329,-2.2232137
CAATTCTGCTTGTT-1,6,12.64638,2.6931727
CAATTCTGGCGTAT-1,3,12.738326,1.3925809
CACAACGATACGAC-1,5,3.2460177,-0.5922798
CACAATCTTGTTCT-1,0,0.7311847,1.624502
CACAATCTTTCCAT-1,0,0.061469477,1.9547422
CACACCTGCTTGAG-1,5,4.50359,-1.6408677
CACACCTGTATGGC-1,1,2.4628894,-0.07026158
CACAGAACCCTTGC-1,2,2.444477,6.7644625
CACAGAACCTGATG-1,1,2.3096662,2.3136597
CACAGATGGGATTC-1,0,1.5199724,1.4524517
CACAGATGGTTTCT-1,6,12.184629,4.286822
CACAGCCTGATACC-1,0,1.7837386,2.242604
CACAGCCTTGCCAA-1,3,13.191303,0.046091553
CACAGCCTTGTAGC-1,1,4.611808,0.9549468
CACAGTGATGAAGA-1,6,12.712604,4.737304
CACATACTACAGCT-1,0,-1.1578572,0.56684697
CACATGGAACACGT-1,5,3.892246,-0.43514755
CACATGGAAGTCGT-1,5,3.5002165,-1.9717131
CACCACTGCCAACA-1,5,4.173737,-0.9844142
CACCACTGGCGAAG-1,4,-2.700544,2.504964
CACCCATGTTCTGT-1,0,0.2725451,-0.1208417
CACCGGGAATCGAC-1,1,3.5036876,2.3958824
CACCGGGACGAGAG-1,0,-2.148416,0.855305
CACCGGGACGTGTA-1,5,4.03197,-0.7548126
CACCGGGACTTCTA-1,7,3.6246626,3.8815575
CACCGGGACTTGCC-1,0,-1.7781681,0.4908637
CACCGGGATTCGGA-1,0,-1.9019963,0.5837268
CACCGTACTAAGGA-1,2,3.0331426,8.084979
CACCGTACTAGCGT-1,5,3.8783896,-1.1242567
CACCTGACACCCAA-1,0,-1.9870317,0.7660024
CACCTGACCAGAAA-1,1,2.1215231,1.0524894
CACCTGACCTCAAG-1,0,-1.437372,1.1949296
CACCTGACGAAAGT-1,2,3.03666,7.7574577
CACCTGACTCGTAG-1,5,4.357849,-0.72538185
CACGAAACTTCCGC-1,2,2.707623,8.649337
CACGACCTCGATAC-1,2,1.96007,8.687211
CACGCTACAGAAGT-1,1,3.3050826,0.55621684
CACGCTACTGTTCT-1,2,2.2152393,7.5373554
CACGCTACTTGACG-1,6,14.040707,4.016488
CACGGGACAGAGTA-1,5,3.8154747,-0.6576369
CACGGGACATAAGG-1,1,2.7721193,-0.04122825
CACGGGACGTAGGG-1,1,4.563586,1.952164
CACGGGTGCTTCGC-1,0,-1.8122654,0.81208605
CACGGGTGGAGGAC-1,0,-2.5164258,1.6522386
CACGGGTGTGTTTC-1,5,2.8002262,-1.4333792
CACTAACTCCTAAG-1,2,1.4273281,7.315313
CACTAACTGAAAGT-1,5,5.1872234,0.701472
CACTAGGATGATGC-1,2,2.7147908,9.132156
CACTATACCCCGTT-1,2,1.8124381,7.306842
CACTATACGTTTGG-1,0,-1.5541728,0.17091338
CACTGAGACAGTCA-1,6,14.067793,4.2400646
CACTGCACTTCATC-1,1,3.132756,1.169979
CACTGCTGAGACTC-1,3,12.4418745,-0.51462334
CACTGCTGGAAAGT-1,1,2.662435,2.1249013
CACTTAACCGAATC-1,1,3.1988657,2.3632286
CACTTAACCGTACA-1,2,2.6729233,8.278207
CACTTTGACTCTAT-1,0,-0.539156,0.6969036
CACTTTGAGCTGTA-1,0,0.1870972,0.18522693
CAGAAGCTCTCAAG-1,5,4.1179824,-1.8433384
CAGACATGAACGGG-1,5,4.763351,-1.0798297
CAGACATGTCGACA-1,1,2.531611,1.5240593
CAGACCCTAAGGTA-1,3,12.286563,0.8980861
CAGACCCTAATGCC-1,1,4.676564,0.5943829
CAGACCCTAGGAGC-1,5,3.5308347,-0.2445861
CAGACTGAGTATGC-1,5,3.4795928,-0.3989137
CAGATCGAATGTCG-1,2,2.536673,7.847524
CAGATCGACCTGAA-1,0,0.96723115,1.0064768
CAGATCGATATGGC-1,5,3.2366261,-1.2799768
CAGATGACATTCTC-1,4,-4.3097267,0.81174517
CAGCAATGCCTTCG-1,1,3.9059768,0.8810944
CAGCAATGGAGGGT-1,4,-3.8006928,1.8115653
CAGCAATGGTGCTA-1,5,4.5831327,0.070334576
CAGCAATGTCTACT-1,6,13.468327,4.407649
CAGCAATGTGACCA-1,1,3.9948952,0.87003267
CAGCAATGTGAGGG-1,6,14.374261,3.810855
CAGCACCTAAGCCT-1,1,3.4845726,0.089692175
CAGCACCTAGGCGA-1,5,2.8101523,-0.44254714
CAGCACCTGTAGGG-1,6,11.712703,3.9088848
CAGCATGACAACCA-1,6,12.002319,4.0010266
CAGCATGAGACGTT-1,0,0.77594024,1.8418119
CAGCCTACCCAACA-1,1,2.8213086,2.3637953
CAGCCTTGCTACCC-1,6,12.627303,3.8952382
CAGCCTTGGGGACA-1,1,2.95256,1.3781445
CAGCGGACACCCTC-1,5,3.845444,-1.3504446
CAGCGGACCTTTAC-1,4,-3.7373657,1.5613385
CAGCGTCTAAAGCA-1,1,2.4521327,1.2267108
CAGCGTCTTATCGG-1,1,2.965648,0.941603
CAGCTAGATGTGAC-1,6,14.024539,4.642266
CAGCTCTGAGGCGA-1,1,3.4755704,2.8282664
CAGCTCTGCAAGCT-1,0,-1.4911169,0.9610353
CAGCTCTGTCGTAG-1,6,11.788484,3.4184632
CAGCTCTGTGTGGT-1,4,-4.682852,2.0024242
CAGGAACTAACTGC-1,0,0.24661055,1.2812057
CAGGAACTCTCAGA-1,6,12.428624,4.8980727
CAGGCCGAACACCA-1,5,4.304466,-0.58690184
CAGGCCGAACACGT-1,1,4.0155463,2.1381881
CAGGCCGAACGACT-1,1,2.8254178,0.8779067
CAGGCCGAATCTCT-1,3,12.60259,0.6829834
CAGGCCGACTAGCA-1,2,2.8210416,8.014878
CAGGGCACCATACG-1,2,3.1357281,8.612961
CAGGGCACCCAACA-1,5,3.2016852,-0.5737806
CAGGGCACTCCCGT-1,1,3.510281,1.9593037
CAGGTAACAGACTC-1,3,12.293102,2.1770241
CAGGTATGAGTCGT-1,1,3.1451218,0.82256573
CAGGTATGTGCTTT-1,1,3.82202,2.9461412
CAGGTTGAGGATCT-1,2,3.1025774,6.5561776
CAGTGATGGACGGA-1,2,2.4936485,8.440921
CAGTGATGGCTAAC-1,0,-2.5826254,0.7178665
CAGTGATGGGACAG-1,1,3.4942107,0.81944907
CAGTGATGTAAGGA-1,2,2.8432233,7.8139157
CAGTGATGTACGCA-1,2,1.0321107,7.63063
CAGTGTGAACACGT-1,0,0.48772115,-0.43936828
CAGTGTGATGTCAG-1,5,3.0082536,-2.0180998
CAGTTACTAAGGTA-1,2,2.0686548,7.632909
CAGTTACTGATAGA-1,1,2.6484413,1.6160973
CAGTTGGAAAGAGT-1,3,11.705142,1.9649254
CAGTTGGACATACG-1,5,4.3355026,-0.3524664
CAGTTTACACACGT-1,4,-3.6975055,1.9359931
CAGTTTACCCCAAA-1,5,3.057074,-1.474197
CATAAAACGGAGCA-1,6,13.252645,5.014401
CATAAATGAACTGC-1,5,4.145169,-2.3074434
CATAACCTTCTCCG-1,1,4.7321997,0.93407214
CATACTACCTCGAA-1,5,3.58897,-1.5284995
CATACTACCTGAAC-1,5,4.589805,0.095566325
CATACTACGTACCA-1,3,13.031286,1.9067115
CATACTTGGGTTAC-1,3,12.683797,-1.0305015
CATAGTCTAATCGC-1,1,2.9842982,-0.010680568
CATAGTCTCACTTT-1,1,2.5659819,0.36731273
CATATAGACTAAGC-1,7,10.032911,2.8340833
CATATAGATCAGGT-1,2,3.2840457,7.7540665
CATCAACTAGAAGT-1,1,3.4661217,0.50773406
CATCAACTCCCTCA-1,1,3.3943126,0.5868892
CATCAGGACTTCCG-1,4,-4.0906878,1.8875943
CATCAGGATAGCCA-1,4,-4.0718617,0.850345
CATCAGGATCCTAT-1,3,12.623891,-0.5376972
CATCAGGATGCACA-1,3,12.123906,1.7221413
CATCAGGATTTCGT-1,6,14.196112,4.72192
CATCATACCGCATA-1,3,11.501603,2.0723252
CATCATACGGAGCA-1,2,1.9626409,7.9166026
CATCATACTCAAGC-1,5,5.5667076,0.2122704
CATCGCTGGGATCT-1,1,2.3022952,2.3026795
CATCGCTGTGGCAT-1,2,2.014776,8.82421
CATCGGCTATGCTG-1,5,3.7456532,0.51410663
CATCGGCTTTGGCA-1,5,2.8221748,-0.66455126
CATCTCCTATGTGC-1,2,2.981879,7.70152
CATCTCCTCGAACT-1,3,11.759069,1.5120821
CATGAGACACGGGA-1,2,3.0962737,8.414043
CATGAGACGTTGAC-1,4,-4.3819237,1.8304366
CATGAGACTCGCCT-1,1,3.4593868,0.2784858
CATGCCACGGGTGA-1,5,1.7491169,-0.5661522
CATGCCACTGCCAA-1,1,3.6173363,1.599139
CATGCGCTAGTCAC-1,3,12.122655,-0.9208437
CATGCGCTCAGATC-1,6,13.538351,4.2333074
CATGCGCTTTGCAG-1,3,12.691479,-0.38318154
CATGGCCTAGGGTG-1,6,14.370447,4.490117
CATGGCCTGTGCAT-1,5,5.331395,-0.18318157
CATGTACTATCGTG-1,0,-1.7649682,0.17374395
CATGTTACAGTCGT-1,0,-1.7457124,1.6869063
CATGTTACCTGAGT-1,0,1.2957255,0.6170678
CATGTTTGGGGATG-1,6,12.999566,4.0537577
CATTACACACGGAG-1,2,3.0727031,8.850498
CATTACACCAACTG-1,4,-4.139849,1.5648514
CATTACACGGAGTG-1,5,4.800983,-0.25790903
CATTACACTACTCT-1,5,3.7123256,-1.0861791
CATTAGCTCCACAA-1,6,12.054352,3.0149841
CATTGACTAGCGGA-1,6,13.103894,4.1433454
CATTGGGACTCGAA-1,1,1.9504629,0.5967532
CATTGTACAGCGTT-1,5,4.0930233,-1.5303328
CATTGTACTCGATG-1,2,2.226907,7.8984075
CATTGTACTTATCC-1,5,3.0440903,-0.8301992
CATTGTACTTTGCT-1,3,12.340792,0.15649164
CATTGTTGCTAGTG-1,5,3.4559386,-0.47453085
CATTTCGACTCTAT-1,0,-0.010969197,1.6019578
CATTTCGAGATACC-1,4,-4.6154356,1.348555
CATTTGACCACACA-1,0,-1.042807,0.8163086
CATTTGACCCTGAA-1,0,-0.6954844,1.0964398
CATTTGTGACGACT-1,2,3.0802062,7.766185
CATTTGTGCATTGG-1,1,3.6354632,0.21784727
CATTTGTGCGGAGA-1,5,4.2531023,-0.63873404
CATTTGTGGGATCT-1,2,2.9170442,7.56205
CCAAAGTGCTACGA-1,6,11.595521,3.837605
CCAAAGTGTGAGAA-1,6,14.217041,3.9220276
CCAACCTGAAGTAG-1,0,-2.284903,1.1226774
CCAACCTGACGTAC-1,6,13.472019,4.9134655
CCAACCTGTTCGCC-1,6,13.455212,4.010749
CCAAGAACCCAATG-1,1,2.15282,-0.13827099
CCAAGAACGTAGCT-1,1,4.7530255,1.599228
CCAAGAACGTGTCA-1,1,3.217352,1.236793
CCAAGAACTACTGG-1,0,-2.4666169,0.32569376
CCAAGAACTCCTAT-1,2,2.5251336,7.3552723
CCAAGATGTCATTC-1,5,4.0372634,0.38203016
CCAAGATGTTTCAC-1,1,2.1608443,0.65510213
CCAAGTGAGGAACG-1,5,4.4586406,-1.6681224
CCAAGTGATCAAGC-1,1,2.4420602,-0.19406566
CCAATGGAACAGCT-1,6,14.139371,4.404344
CCAATTTGAACGTC-1,6,12.25372,3.745907
CCACCATGAACGTC-1,5,4.5065045,-1.6168864
CCACCATGATCGGT-1,1,2.6336694,-0.28186896
CCACCATGGACGAG-1,3,11.479354,1.0396752
CCACCATGGGGAGT-1,1,4.4662433,0.5555549
CCACCATGTCCTGC-1,0,-2.2601068,0.35042632
CCACTGACCCGCTT-1,6,13.982996,4.3222127
CCACTGTGGGAAGC-1,6,14.326862,4.8343062
CCACTGTGTGTAGC-1,5,3.1511266,-0.37445205
CCACTTCTCGGGAA-1,6,12.643114,2.4765518
CCAGAAACCCTGTC-1,2,1.3934212,8.273783
CCAGAAACGAACTC-1,1,4.402165,0.77622783
CCAGAAACGGTCTA-1,5,3.9207351,-0.79311883
CCAGACCTCTGAGT-1,6,13.815353,3.6148167
CCAGACCTTGTGGT-1,1,2.7493515,0.74026346
CCAGCACTGCGATT-1,3,12.331427,0.20805654
CCAGCGGAAAGGCG-1,6,13.576242,3.4246979
CCAGCGGACGACTA-1,6,12.627326,3.3688195
CCAGCGGATGGGAG-1,1,4.996056,1.1627496
CCAGCTACACAGTC-1,5,5.0713773,-0.14545405
CCAGCTACCAGCTA-1,2,2.228328,8.316546
CCAGGTCTACACCA-1,2,1.5877404,8.321993
CCAGGTCTAGCATC-1,6,12.544044,4.2729926
CCAGGTCTATGGTC-1,5,3.8445697,0.3735752
CCAGTCACACTGGT-1,6,13.181237,4.4300156
CCAGTCACACTGTG-1,2,1.8130436,7.9565887
CCAGTCACGTTGTG-1,5,4.82938,0.5257432
CCAGTCTGCGGAGA-1,7,3.5763793,5.013027
CCAGTGCTAACCAC-1,1,4.360768,1.6758733
CCAGTGCTCGTAGT-1,1,2.7891603,0.79917604
CCATCCGAAAGCAA-1,0,1.3523691,0.3235458
CCATCCGAACGACT-1,5,4.5995045,-1.5108656
CCATCCGAAGGTTC-1,2,2.4998112,8.575797
CCATCCGATTCGCC-1,6,13.557467,4.536212
CCATCGTGAACGGG-1,1,2.9190555,2.5786052
CCATCGTGCTAGAC-1,3,12.111594,1.3350564
CCCAACACCTCGCT-1,2,1.8024302,7.0551744
CCCAACACGCATCA-1,5,3.5769894,-0.6746673
CCCAACACTTTGTC-1,6,11.607413,3.9382615
CCCAACTGCAATCG-1,6,13.933934,3.7937598
CCCAGACTGCCTTC-1,3,11.162948,2.0581622
CCCAGACTGGTTTG-1,2,2.3455052,7.5929074
CCCAGACTTTCGCC-1,3,12.109615,0.23242304
CCCAGTTGCAGTTG-1,3,11.805619,2.4874263
CCCAGTTGGGTACT-1,1,1.9305974,2.1395154
CCCAGTTGTCTATC-1,2,2.2003005,8.5932255
CCCGATTGTGTTTC-1,0,1.1357807,1.3090546
CCCGGAGAAGGGTG-1,6,13.764425,4.9591374
CCCTACGAATTGGC-1,6,12.690168,4.083985
CCCTAGTGCAAAGA-1,1,3.14355,2.4190145
CCCTCAGACACTTT-1,2,2.8503263,7.247341
CCCTCAGACGAGAG-1,1,4.4237976,0.1516103
CCCTCAGAGGTCAT-1,5,3.2735107,-1.3857535
CCCTGAACTAAAGG-1,2,2.6864414,8.478492
CCCTGATGCAACCA-1,5,4.4898868,-0.10167202
CCCTGATGCAAGCT-1,2,2.533773,8.944647
CCCTTACTAACCAC-1,6,11.017046,3.2374046
CCCTTACTGCAGTT-1,0,1.613326,-0.5558702
CCGAAAACCTTGTT-1,3,11.834206,1.011682
CCGACACTGGTTTG-1,1,3.9139037,2.4461877
CCGACTACCCAGTA-1,6,11.823706,4.092185
CCGACTACCGTGTA-1,5,4.4857874,-2.1209807
CCGACTACTGAGGG-1,0,1.0073394,1.8686994
CCGATAGACCTAAG-1,5,3.304072,-1.8246942
CCGATAGAGTTGGT-1,3,12.622571,2.132658
CCGCGAGACACACA-1,6,12.712007,3.6856136
CCGCGAGAGGTTCA-1,0,-0.26226386,2.0468988
CCGCTATGGGACGA-1,2,2.6378286,7.521261
CCGCTATGTGCAAC-1,6,11.608056,2.7960918
CCGCTATGTGCACA-1,6,13.029517,4.936926
CCGGTACTGTCCTC-1,1,4.534382,1.6719431
CCGTACACAAGCAA-1,5,5.229736,0.78366125
CCGTACACAGCGTT-1,2,1.8116511,7.5349264
CCGTACACGTCATG-1,0,-2.055771,0.24340871
CCGTACACGTTGGT-1,6,11.537541,4.0952053
CCGTACACTAACGC-1,0,0.25564703,1.7048355
CCTAAACTTTCGTT-1,5,3.1389747,-1.3875824
CCTAAGGACCCAAA-1,5,4.9973087,0.46481347
CCTAAGGACTAGCA-1,6,13.09009,3.379351
CCTAAGGAGGGCAA-1,0,0.43190235,1.0503324
CCTAAGGATGATGC-1,5,4.1941767,0.477365
CCTAAGGATGTCAG-1,5,3.749987,-1.4324005
CCTACCGACTCTTA-1,5,3.423105,-1.664404
CCTACCGAGGGATG-1,2,2.427985,6.8612323
CCTAGAGAGGTGAG-1,2,2.0148363,8.063342
CCTATAACCAAAGA-1,5,3.5365362,-1.8548267
CCTATAACGAGACG-1,3,12.879979,0.6125521
CCTATAACTCAGAC-1,5,4.3862634,-1.1377743
CCTATAACTGCATG-1,3,12.556341,0.2242044
CCTCGAACACTTTC-1,4,-4.5169153,1.2551502
CCTCGAACCCGTAA-1,3,12.801468,2.438853
CCTCGAACGTATCG-1,5,4.4620695,0.3797537
CCTCGAACTTACTC-1,1,2.0649676,0.9072115
CCTCTACTCTTCGC-1,6,12.224742,4.14997
CCTCTACTGGCATT-1,5,3.6212966,-1.6463231
CCTGACTGAAGTAG-1,0,-0.30560747,1.7547691
CCTGACTGGGGAGT-1,5,4.0397935,-0.64487815
CCTGACTGTGTCTT-1,2,3.2271445,8.077757
CCTGCAACACGTTG-1,6,11.941631,3.8735383
CCTGGACTCGTGAT-1,5,3.2003005,-0.06429041
CCTTAATGCCCAAA-1,2,3.3657067,7.932521
CCTTAATGTTCTAC-1,3,12.216565,1.2703891
CCTTCACTACGACT-1,5,4.632738,-0.11603179
CCTTCACTCAGTCA-1,2,2.8406997,7.351115
CCTTCACTGGAGTG-1,6,13.905842,4.933005
CCTTTAGATTCATC-1,6,12.279622,3.8870833
CGAACATGCCCTAC-1,3,12.498389,1.9202732
CGAACATGTCAGAC-1,1,2.7937372,1.1146693
CGAAGACTGGAACG-1,0,-0.2639855,1.4246961
CGAAGACTGTTACG-1,1,2.4543326,1.3969399
CGAAGGGAAACCTG-1,0,-1.1310991,1.3607649
CGAAGGGATCCGAA-1,2,2.399775,7.4533625
CGAAGTACCAACTG-1,2,2.4118712,9.112005
CGAATCGAGGAGCA-1,6,14.599896,4.278948
CGAATCGAGGAGGT-1,1,4.441792,0.9232678
CGACAAACCCATAG-1,1,2.0881326,0.9896541
CGACAAACCGACAT-1,2,2.8142204,7.1164865
CGACCACTAAAGTG-1,4,-4.183258,2.287227
CGACCACTGCCAAT-1,4,-4.389471,0.8838666
CGACCGGAAGGTCT-1,5,3.8436806,-0.80322194
CGACCGGATGGAAA-1,1,3.420075,2.176761
CGACCTTGCTAGTG-1,1,3.0991228,2.0024621
CGACCTTGGCAAGG-1,5,2.2586396,-1.360627
CGACGTCTATCGTG-1,0,0.30462626,1.2702136
CGACGTCTCGTGTA-1,1,2.2839653,0.7307158
CGACGTCTGAGGCA-1,5,2.238057,-1.1072487
CGACTCACGTCGTA-1,5,4.162026,-0.43473503
CGACTCACGTTGCA-1,5,2.993552,-0.89523643
CGACTCTGTGTGAC-1,1,3.667369,2.446486
CGACTGCTTCCTCG-1,6,13.011993,3.2730362
CGAGAACTAAGGCG-1,0,-1.6749595,0.33959585
CGAGAACTACGTTG-1,5,2.2173893,-0.9178823
CGAGAACTTGTTCT-1,6,12.265111,4.784556
CGAGATTGGACACT-1,0,-2.060117,0.62021303
CGAGATTGGCCATA-1,0,-1.5554122,0.047653224
CGAGCCGAACACCA-1,1,2.7904646,1.1260288
CGAGCCGACGACAT-1,0,0.105581984,1.4450468
CGAGCCGAGGCGAA-1,0,1.2822497,1.0521467
CGAGCGTGCTCCAC-1,0,1.3168092,1.263645
CGAGCGTGGATACC-1,1,3.5262578,1.9773188
CGAGCGTGTATGCG-1,6,14.122999,3.7884471
CGAGGAGACCTCCA-1,2,2.5550919,7.9323277
CGAGGAGATGTCGA-1,5,3.0555203,-1.7402763
CGAGGCACCTATGG-1,0,-2.122555,0.27322218
CGAGGCACTATGCG-1,6,11.014119,2.8682723
CGAGGCACTCTTCA-1,0,0.38878766,1.3463917
CGAGGCTGACGCTA-1,4,-4.1787424,0.8660664
CGAGGCTGGCAGTT-1,6,12.354413,2.7335594
CGAGGGCTACGACT-1,2,2.083776,8.89165
CGAGGGCTCGAATC-1,5,1.7791457,-1.3276802
CGAGTATGTCACCC-1,3,13.2885685,0.10342599
CGATACGAACAGTC-1,3,11.41657,2.2838163
CGATACGACAGGAG-1,7,3.6791475,4.2113953
CGATACGATTCACT-1,2,1.8972992,8.261095
CGATAGACCCGTAA-1,3,12.545884,2.1560597
CGATAGACCGTACA-1,1,4.2738166,1.8370862
CGATAGACGTAGGG-1,6,13.2072,3.4376435
CGATAGACTGTTCT-1,1,2.6054752,0.927487
CGATCAGAAGAACA-1,0,-1.5838653,1.1361278
CGATCAGAGAGGGT-1,1,4.454349,1.3357598
CGATCAGAGGTACT-1,1,4.784142,1.7802422
CGATCAGATGTGAC-1,7,8.9723015,2.961572
CGATCCACCGGGAA-1,0,-0.58291876,1.9886562
CGATCCACTTCCAT-1,2,1.7622107,8.305581
CGCAAATGCTCGAA-1,5,2.6652277,-0.32994422
CGCAACCTCCTTGC-1,1,2.773939,0.5855727
CGCAACCTGGACGA-1,1,5.1353636,0.7620262
CGCACGGAGGACGA-1,2,2.2593675,7.41551
CGCACGGATCTTTG-1,5,3.682066,-2.0315566
CGCACTACAGAATG-1,5,2.9471853,0.18689124
CGCACTACAGCCAT-1,1,2.6649609,1.4971985
CGCACTACATTGGC-1,1,2.6167839,0.49238878
CGCACTACTCGCCT-1,2,2.6752872,8.4630995
CGCACTACTCGTGA-1,0,0.57574606,2.238541
CGCACTTGTCACGA-1,6,11.899191,3.9854324
CGCAGGACAGATCC-1,0,0.14055918,1.6813437
CGCAGGACCTACTT-1,5,4.6291413,-1.3876519
CGCAGGACTTGTCT-1,3,11.546667,1.1324837
CGCAGGTGCACTGA-1,1,3.6559517,1.4756994
CGCAGGTGCCATAG-1,3,12.544685,0.18073277
CGCAGGTGGGAACG-1,1,3.6737745,3.389635
CGCATAGATCACGA-1,6,14.112277,4.740961
CGCCATACTGCAAC-1,1,4.056092,1.4161544
CGCCATTGAGAGGC-1,5,3.9923947,-0.32119852
CGCCATTGCTATGG-1,5,4.6805043,-0.26774842
CGCCATTGGAGACG-1,1,3.8743474,1.2141091
CGCCATTGGAGCAG-1,2,2.6892915,7.837741
CGCCATTGTACTGG-1,2,2.8434963,7.268987
CGCCGAGAGCTTAG-1,4,-4.249367,2.1490443
CGCCTAACGAATGA-1,7,10.603512,2.9282577
CGCCTAACTGCTCC-1,1,2.3097012,1.5252432
CGCGAGACACAGCT-1,0,1.0635086,1.2444732
CGCGAGACAGGTCT-1,2,2.3624465,6.666378
CGCGAGACGCTACA-1,1,1.9179243,1.7383336
CGCGATCTCAGTCA-1,6,12.252135,2.864777
CGCGATCTGTTGAC-1,6,13.379324,5.296532
CGCGATCTTTCTTG-1,2,2.0614927,7.3013487
CGCGGATGGCCAAT-1,1,3.4745455,1.7372683
CGCTAAGAATGTCG-1,1,5.0001645,1.366425
CGCTAAGACAACTG-1,1,3.9678469,0.3523944
CGCTAAGACCCTTG-1,1,2.5159261,0.7941442
CGCTACTGAACAGA-1,3,11.78277,2.3446462
CGCTACTGAGAACA-1,1,4.0007634,0.91791046
CGCTACTGTGAGCT-1,5,4.6174493,-1.282507
CGCTACTGTTCCCG-1,0,-1.6371676,0.4833991
CGCTCATGCATTTC-1,6,13.469066,4.012864
CGGAATTGCACTAG-1,5,2.7950552,-2.2794592
CGGAATTGGTTTGG-1,1,2.8435674,0.06949318
CGGAATTGTGGAGG-1,5,5.1288576,0.6792071
CGGACCGATGCGTA-1,0,-2.2325106,0.8996286
CGGACCGATGGGAG-1,5,3.6751397,-1.5645205
CGGACTCTAAACAG-1,2,1.5286422,8.000958
CGGACTCTCCAATG-1,1,3.356364,2.3699548
CGGACTCTCCTCGT-1,0,-2.438523,0.28643003
CGGAGGCTATTCCT-1,5,2.4496098,-0.7638531
CGGAGGCTTGGATC-1,5,3.2162519,-1.1331806
CGGATAACAACGAA-1,6,12.282301,3.4328058
CGGATAACAGCTCA-1,1,2.4122577,1.4606559
CGGATAACTCAGTG-1,6,13.436155,4.6297617
CGGCACGAACTCAG-1,0,-0.030875936,2.2266207
CGGCACGAAGGGTG-1,5,4.6435356,-0.7091588
CGGCACGACTACGA-1,3,12.652789,-0.08872898
CGGCATCTTAGAAG-1,0,0.44578165,2.0540726
CGGCATCTTCGTAG-1,6,12.509832,4.2786107
CGGCCAGAAAGGTA-1,5,4.0102015,-0.83926123
CGGCCAGAGAGGCA-1,0,-1.9715365,1.1941897
CGGCGAACCAGTCA-1,3,12.235818,1.4414079
CGGCGAACGACAAA-1,4,-4.526527,2.0276723
CGGCGAACGGTCTA-1,1,2.6884067,1.0064625
CGGCGAACTACTTC-1,4,-4.4849396,0.9203568
CGGGACTGCGTGTA-1,5,4.7211003,-0.95118845
CGGGACTGGAATAG-1,0,-1.5627662,0.26662514
CGGGCATGACCCAA-1,0,-0.6605809,0.21497458
CGGGCATGTCTCTA-1,4,-2.9838448,2.4054444
CGGGCATGTTGTGG-1,5,5.2079396,-0.9149406
CGGTAAACTCGCAA-1,0,1.0851347,2.131107
CGGTCACTGTTTGG-1,1,2.7704513,0.9924419
CGGTCACTTACTTC-1,1,3.165908,2.779921
CGTAACGAATCAGC-1,5,2.2754767,-0.7592894
CGTAACGATCGCCT-1,1,2.661901,0.93941134
CGTACCACACACAC-1,1,4.434589,1.3668928
CGTACCACACGTTG-1,5,4.9930797,0.29258218
CGTACCACCTCATT-1,5,3.5015697,-0.5842789
CGTACCACGCTACA-1,0,1.2855875,-0.55709714
CGTACCACGGAGCA-1,5,3.2667596,-0.6656927
CGTACCTGGACGAG-1,3,13.209698,-0.4239009
CGTACCTGGCATCA-1,4,-3.9127166,2.3502142
CGTAGCCTCTCTCG-1,6,13.057317,3.6468568
CGTAGCCTGCGAAG-1,1,4.732282,1.6545979
CGTAGCCTGTATGC-1,3,12.221266,1.3755047
CGTCAAGAAAGGTA-1,6,13.564652,4.4628816
CGTCAAGAACGTGT-1,5,4.0729485,-0.06313736
CGTCAAGACAGAGG-1,1,2.8259795,2.0171647
CGTCAAGACAGGAG-1,0,-1.408639,0.5277881
CGTCCATGCTCTTA-1,1,3.1493645,0.77216196
CGTCGACTTTCCGC-1,0,-0.011431053,2.2290363
CGTGATGACGCTAA-1,5,3.8555982,-1.1571882
CGTGATGAGGTTCA-1,0,0.8405077,0.62354857
CGTGCACTTATGGC-1,3,11.258968,2.2039654
CGTGTAGAAAAACG-1,1,3.1805718,1.6318388
CGTGTAGACGATAC-1,4,-2.0268734,2.3511403
CGTGTAGAGTTACG-1,4,-4.661734,0.9711766
CGTGTAGAGTTCAG-1,6,13.383808,4.563645
CGTGTAGATTCGGA-1,4,-4.231447,1.4736254
CGTTAGGAAACCAC-1,1,4.2953286,0.24045545
CGTTAGGATCATTC-1,3,11.186792,2.207999
CGTTATACCCTGAA-1,0,-2.0646942,0.5315363
CGTTTAACTGGTCA-1,1,3.1643078,1.9058945
CTAAACCTCTGACA-1,4,-4.723627,1.360178
CTAAACCTGTGCAT-1,2,1.4415973,7.135377
CTAACACTAACGTC-1,1,2.5057056,1.2018715
CTAACACTAGTGCT-1,3,12.067862,1.5858196
CTAACGGAACCGAT-1,4,-4.2864356,1.5328355
CTAACGGATTTCTG-1,5,4.1765666,-0.094382495
CTAACTACGGCAAG-1,0,0.7574807,0.14010082
CTAAGGACACCATG-1,5,2.8461747,-1.7207613
CTAAGGACCGTTAG-1,5,3.8717177,-0.6928633
CTAAGGACGCCATA-1,6,12.220888,4.834636
CTAAGGTGCCTAAG-1,2,3.1845396,8.623054
CTAAGGTGTTGCAG-1,1,2.9718137,0.31821227
CTAAGGTGTTTCTG-1,0,2.4510207,-0.3888563
CTAATAGAGCTATG-1,5,2.6259887,-1.330937
CTAATGCTTGTGGT-1,6,13.807497,4.1082926
CTACAACTCCCGTT-1,0,-2.3204067,1.1990337
CTACCTCTCAACCA-1,0,0.9504749,0.5486674
CTACGCACACCTAG-1,3,12.991475,0.23728728
CTACGCACTCTCCG-1,1,4.3616376,1.2638289
CTACGCACTGGTCA-1,4,-3.329213,1.2249306
CTACGGCTTTCTTG-1,3,11.20494,2.440434
CTACTATGAACCAC-1,6,12.146433,3.0505521
CTACTATGATGTGC-1,6,13.926557,4.3688617
CTACTATGCTAAGC-1,0,0.71072483,0.69004434
CTACTATGTAAAGG-1,2,2.142788,8.878758
CTACTCCTATGTCG-1,4,-4.5140343,2.2252843
CTACTCCTGCCATA-1,6,14.751839,4.3619394
CTAGAGACACTTTC-1,1,4.59336,0.85733134
CTAGAGACAGCATC-1,0,-2.1649337,0.75106865
CTAGAGACTTTGGG-1,3,11.939525,1.4277542
CTAGATCTCTCTAT-1,1,3.8049986,0.14258873
CTAGATCTTCGACA-1,5,4.0314803,0.10545984
CTAGGATGAGCCTA-1,7,3.6829102,4.7997837
CTAGGATGATCGTG-1,2,3.029799,7.084156
CTAGGCCTCTCAGA-1,1,4.40452,2.236798
CTAGGTGATGGTTG-1,3,12.2104225,-0.21576102
CTAGTTACCAGAGG-1,1,2.8738828,0.4852708
CTAGTTACCGCATA-1,5,4.296186,-0.713552
CTAGTTACGAAACA-1,4,-4.4047484,1.2014617
CTAGTTTGAGTACC-1,0,-1.9715691,0.32659054
CTATAAGATCGTTT-1,2,1.4844826,7.602108
CTATACTGAGGTTC-1,6,14.4566345,4.038313
CTATACTGCCAGTA-1,5,3.709375,-0.95243293
CTATACTGCGCTAA-1,6,12.801506,4.364686
CTATACTGCTACGA-1,4,-4.7422457,1.4028778
CTATACTGTCTCAT-1,4,-4.2690396,1.7242398
CTATACTGTTCGTT-1,7,4.8384333,2.7667546
CTATAGCTGTCACA-1,5,2.802349,-1.5607883
CTATAGCTTCGCTC-1,6,12.936764,4.576553
CTATAGCTTGCCTC-1,6,13.185913,2.9201844
CTATCAACGAACTC-1,5,4.684116,0.24653065
CTATCAACGCAGAG-1,1,2.55027,1.7949868
CTATCAACTTTGGG-1,5,3.499515,-1.1275411
CTATCCCTCCACCT-1,6,13.042646,3.8656144
CTATGTACGAGAGC-1,1,4.3116403,2.238203
CTATGTACGCTTAG-1,1,2.8385828,0.15432647
CTATGTACTGTTTC-1,2,2.6447148,6.3463273
CTATGTTGAAAGCA-1,1,2.691358,0.933962
CTATGTTGTCCTCG-1,5,3.5248072,-1.0535307
CTATGTTGTCTCGC-1,1,2.3738189,1.7805082
CTATTGACAAACGA-1,6,12.911534,3.421037
CTATTGACACTGGT-1,3,12.575552,1.067074
CTATTGACGGTGAG-1,3,12.3300495,0.77751887
CTATTGTGGCAAGG-1,0,2.0236983,0.57203245
CTCAATTGGTTCAG-1,1,2.7686388,1.6405091
CTCAATTGGTTGCA-1,6,12.958614,3.6318982
CTCAGAGATAGAAG-1,5,4.187812,-0.8178081
CTCAGCACTCTAGG-1,1,2.8857782,1.9894164
CTCAGCACTGAACC-1,6,13.877886,3.4901798
CTCAGCACTTGCAG-1,5,4.0860133,-0.28885126
CTCAGCTGAACCTG-1,6,13.7379265,4.6816382
CTCAGCTGCAGTTG-1,0,0.5932409,0.28975695
CTCAGCTGTTTCTG-1,0,0.613469,0.23907515
CTCAGGCTCGTTGA-1,3,12.033476,0.078889586
CTCAGGCTGCTAAC-1,1,3.7672412,1.2364379
CTCATTGACCTTAT-1,1,3.9622777,2.3459027
CTCATTGATGCTTT-1,3,12.484287,1.444408
CTCATTGATTGCTT-1,6,14.670414,4.458636
CTCCACGAGAGATA-1,7,9.748096,2.7768486
CTCCATCTCTTAGG-1,5,3.1091437,-0.75789297
CTCCATCTGACGAG-1,5,3.7567933,-0.16518755
CTCCGAACAAGTGA-1,3,12.616048,0.3755233
CTCCTACTGCCTTC-1,6,13.037193,3.045957
CTCGAAGATGTGGT-1,5,4.6254086,-1.2112205
CTCGAAGATTAGGC-1,6,11.753315,4.192417
CTCGACTGCTCTAT-1,1,3.9090533,0.8015357
CTCGACTGGGTGAG-1,5,2.426136,-1.2690058
CTCGACTGGTTGAC-1,4,-4.284203,1.7495012
CTCGAGCTCTGGAT-1,0,-2.2476568,1.0524299
CTCGCATGACTTTC-1,1,1.4987884,0.39797744
CTCGCATGCTTAGG-1,1,3.0026622,-0.009110223
CTCTAAACCTCGAA-1,1,3.9921138,0.6911022
CTCTAAACGGCGAA-1,5,2.2654517,-0.847069
CTCTAATGTCCAAG-1,6,12.544227,4.150117
CTGAACGACAGTCA-1,1,4.887416,2.063799
CTGAACGATGAGGG-1,1,4.294187,0.87078106
CTGAAGACCCAACA-1,1,3.0667875,1.0727725
CTGAAGACGTGCAT-1,2,1.9755429,6.8463745
CTGAAGTGAAGCCT-1,3,11.673237,0.88629663
CTGAAGTGCAGCTA-1,2,2.4069397,8.018992
CTGAAGTGGCTATG-1,5,3.0937753,-0.6603412
CTGAAGTGTCCAGA-1,1,4.3273873,1.4271177
CTGAATCTGAATAG-1,1,3.9972413,2.0455472
CTGACAGAATCGTG-1,0,-2.3960862,0.4995358
CTGACCACAGCAAA-1,5,4.9384065,-0.28615722
CTGAGAACCGGGAA-1,1,4.560259,1.4190125
CTGAGAACGTAAAG-1,4,-3.9961586,1.1982229
CTGATACTAGTAGA-1,5,3.350205,-0.8378594
CTGATTTGGTGTTG-1,6,11.419785,3.5565717
CTGCAGCTAACCGT-1,5,3.5793793,-1.5012794
CTGCAGCTGACACT-1,5,4.996971,-0.162045
CTGCAGCTGGATTC-1,3,11.345841,1.0982223
CTGCAGCTTGGCAT-1,0,0.5681395,2.3408835
CTGCCAACAGGAGC-1,0,0.62262875,1.1617215
CTGCCAACCAGCTA-1,1,4.2170806,0.45822194
CTGCCAACTAACCG-1,3,12.465813,2.026276
CTGCCAACTGCTCC-1,0,-1.4192824,1.0386077
CTGCCAACTTGCAG-1,5,4.5685816,-1.3060462
CTGCCAACTTGCTT-1,0,-0.2299622,1.771748
CTGCGACTCCACCT-1,0,1.0670407,-0.026701523
CTGGAAACAAACGA-1,0,-1.840681,0.31748992
CTGGAAACATCGAC-1,1,4.336809,0.66490525
CTGGATGACTGGAT-1,0,-0.94324607,1.5904148
CTGGATGACTTGTT-1,5,1.7170286,0.48907238
CTGGATGATGTGAC-1,2,1.7435391,8.816254
CTGGCACTCAAGCT-1,6,13.602141,4.8917885
CTGGCACTGGACAG-1,0,0.13200247,0.6480777
CTGTAACTAACCAC-1,0,1.9271594,1.6712129
CTGTAACTAGCGTT-1,5,3.6184871,0.042054113
CTGTATACGTAAAG-1,5,2.297723,-0.71735203
CTGTATACGTACGT-1,3,11.742493,2.493779
CTGTATACGTTGGT-1,1,3.8580925,0.9869276
CTGTGAGACAACCA-1,3,12.256081,-0.57310206
CTGTGAGACCTTGC-1,0,-0.8498244,0.43144938
CTGTGAGACGAACT-1,6,12.967133,4.645824
CTGTGAGACTGTAG-1,6,12.513238,4.2934732
CTTAAAGAACCTGA-1,5,4.1361275,-1.3351644
CTTAACACCTGTAG-1,1,3.2549412,1.3096794
CTTAACACGAGCTT-1,1,4.4494877,0.645569
CTTAACACTATCGG-1,2,2.011676,8.072868
CTTAAGCTACCTAG-1,1,3.7922096,0.38445026
CTTAAGCTAGTACC-1,5,2.9175034,-0.0702702
CTTAAGCTCATCAG-1,5,3.977934,-0.56314814
CTTAAGCTCCGCTT-1,2,1.7751191,7.05703
CTTAAGCTTCCTCG-1,0,0.32900637,1.5974027
CTTACAACTAACGC-1,1,3.8795304,1.1334059
CTTACAACTCCCGT-1,6,13.903488,4.803576
CTTACTGACGTACA-1,5,4.332177,-1.2494807
CTTAGACTAAACGA-1,1,2.8006618,1.6014633
CTTAGGGACTTGCC-1,1,3.559971,2.9133573
CTTAGGGAGAATCC-1,5,3.5754302,-1.624915
CTTATCGACTCATT-1,1,4.2690835,0.8656481
CTTCACCTACCTGA-1,3,11.939054,0.5291359
CTTCATGAAGCATC-1,2,3.1927102,8.4896965
CTTCATGAAGTACC-1,1,4.8065605,1.0369533
CTTCATGACCGAAT-1,0,0.2862207,0.5615263
CTTGAACTACGCAT-1,5,4.7521877,0.44800606
CTTGATTGAGGTTC-1,0,-2.4142349,0.88630706
CTTGATTGATCTTC-1,6,12.303387,3.2568903
CTTGATTGCATTCT-1,1,2.5345976,2.1485384
CTTGATTGTTTCGT-1,1,3.4790916,0.29386476
CTTGTATGACACCA-1,2,3.3671193,8.03562
CTTGTATGCGCAAT-1,2,2.3693075,9.094467
CTTTACGAGCGAAG-1,5,3.132554,-2.1392012
CTTTAGACCGTGAT-1,5,4.259954,-1.3418436
CTTTAGACGAGACG-1,5,3.876597,-0.1318296
CTTTAGACGATACC-1,1,4.86538,0.6858863
CTTTAGACGTTGGT-1,0,1.2267628,1.3717105
CTTTAGACTCATTC-1,0,-0.742435,1.1381792
CTTTAGTGACGGGA-1,4,-4.1390543,1.0956563
CTTTAGTGGGTGGA-1,5,2.8811727,-2.0589468
CTTTCAGAGAAACA-1,1,3.7265253,1.6830474
CTTTGATGAGCACT-1,1,4.504379,1.4995844
CTTTGATGTCTAGG-1,0,0.121473044,1.6203986
CTTTGATGTGTCCC-1,1,2.7624013,1.066591
CTTTGATGTGTGGT-1,5,3.3505142,-1.926705
GAAACAGAACTACG-1,1,2.498333,0.64547646
GAAACAGAATCACG-1,1,4.2035923,0.86885667
GAAACAGACATTCT-1,5,5.506666,0.512098
GAAACCTGATCGTG-1,1,4.536414,1.4173702
GAAACCTGATGCCA-1,1,3.1826355,1.6117407
GAAACCTGCTTATC-1,1,3.8951418,0.97562844
GAAACCTGGACTAC-1,3,11.901076,-0.3787761
GAAACCTGTGCTAG-1,5,4.315993,0.47048903
GAAAGATGATTTCC-1,1,4.2271886,1.9302324
GAAAGATGCTGATG-1,3,12.755582,-0.49994692
GAAAGATGCTTCGC-1,6,13.402887,3.7818184
GAAAGATGTAAGGA-1,5,2.3009999,-1.0963246
GAAAGATGTTTGCT-1,0,-0.11869845,1.0000064
GAAAGCCTACGTTG-1,2,3.3160963,8.062832
GAAAGTGAAAGTGA-1,7,9.639202,2.8945107
GAAAGTGACCACAA-1,6,11.82099,3.2537766
GAAAGTGACTCAAG-1,1,2.3422894,1.2410111
GAAATACTACCAAC-1,6,14.723394,4.2144876
GAAATACTCTTAGG-1,2,2.8975503,7.9967146
GAAATACTTCCTCG-1,1,4.5080953,1.0824178
GAACACACGTGCAT-1,6,11.315938,3.3689494
GAACACACTGCCTC-1,5,3.6113918,-0.7745276
GAACAGCTAACTGC-1,3,11.166898,1.5375628
GAACAGCTCTCAGA-1,3,12.039854,-0.33839726
GAACCAACCACAAC-1,0,0.97851104,0.10921512
GAACCAACTTCCGC-1,4,-4.212016,1.2329706
GAACCTGAACGTGT-1,0,0.5957667,1.986145
GAACCTGAGAGACG-1,5,5.1173472,0.06279241
GAACCTGATGAACC-1,1,3.8602657,2.203364
GAACGGGATACTTC-1,1,4.043491,0.38595465
GAACGTTGACGGAG-1,0,-1.6256361,0.52078515
GAACTGTGACCTGA-1,3,12.565129,0.3165865
GAACTGTGCCAGTA-1,6,11.906544,4.2142715
GAAGAATGCAATCG-1,5,4.9454265,-1.1481586
GAAGCGGACCTATT-1,3,11.631731,2.360701
GAAGCTACGAATGA-1,6,12.071285,2.816082
GAAGCTACGGTTTG-1,1,2.9872608,2.4210606
GAAGGGTGAAAGTG-1,1,5.0153975,1.2548431
GAAGGGTGCTTAGG-1,6,12.607987,3.808161
GAAGGTCTGAAAGT-1,1,4.345375,2.4757586
GAAGGTCTGTTGCA-1,5,4.5272584,-1.7580094
GAAGGTCTTAAAGG-1,7,9.390178,2.8594072
GAAGTAGACTCCCA-1,0,-0.7115557,2.1096783
GAAGTAGATCCAAG-1,3,12.344722,-0.77844775
GAAGTCACCCTCGT-1,6,13.260317,3.8240914
GAAGTCACCCTGTC-1,2,1.9012163,8.540885
GAAGTCTGTCGCAA-1,2,1.7273642,7.2060943
GAAGTCTGTTCTGT-1,5,3.103369,-1.6244214
GAAGTGCTAAACGA-1,4,-3.7443757,2.0036316
GAAGTGCTCCGCTT-1,6,11.801042,2.951183
GAAGTGCTTAACCG-1,1,4.386283,1.5026726
GAATGCACCCTAAG-1,1,4.4114103,2.15335
GAATGCACCTTCGC-1,4,-3.8290207,1.6236448
GAATGCTGCGGTAT-1,5,3.9483001,-1.564877
GAATGGCTAAGATG-1,5,2.7705708,-1.672038
GAATTAACGATAAG-1,5,5.3724813,-0.6960804
GAATTAACGGTCAT-1,5,4.1538305,-1.179108
GAATTAACGTCGTA-1,4,-3.1260395,1.6288793
GAATTAACTGAAGA-1,2,2.2082746,6.5533366
GACAACACAGGCGA-1,5,3.91097,-1.4523731
GACAACACATCGTG-1,5,2.6458325,-0.62371904
GACAACACTCGCCT-1,0,1.8762127,0.04056022
GACAACTGAGGTTC-1,1,2.6778588,1.4661616
GACAGGGAAGAGTA-1,2,2.435411,7.681175
GACAGGGAATGCCA-1,1,3.2272222,1.9071931
GACAGTACGAGCTT-1,3,12.04887,-0.31613752
GACAGTACTTCGGA-1,3,11.945341,-0.30136946
GACAGTTGAGTAGA-1,2,2.9081318,7.033965
GACATTCTCCACCT-1,7,9.739602,2.6891644
GACCAAACGACTAC-1,6,12.521905,3.0053434
GACCAAACGTATCG-1,6,11.878533,3.4648674
GACCATGACTCTCG-1,6,13.919705,3.2882228
GACCCTACTAAAGG-1,2,3.0398362,8.453148
GACCTAGACCTCAC-1,1,1.4738367,0.864924
GACCTAGACGAGAG-1,5,4.166246,-0.46769056
GACCTCACAAGGTA-1,5,2.5559363,-0.9765303
GACCTCACGTACGT-1,3,12.060576,1.9248068
GACCTCTGCATCAG-1,5,3.0097082,-0.56876284
GACGAACTCCCACT-1,5,3.1144161,-0.07009355
GACGATTGCCAATG-1,2,1.3308053,8.068702
GACGCCGACCTTCG-1,1,4.3812003,2.754372
GACGCTCTCTCTCG-1,8,16.786062,0.040929146
GACGGCACACGGGA-1,4,-3.792997,1.4843756
GACGGCACGAGATA-1,6,12.169813,3.4560294
GACGTAACCTATGG-1,1,3.5879295,0.3658507
GACGTAACCTGTGA-1,1,4.6984663,2.1213288
GACGTAACTATGGC-1,1,3.788758,3.0722046
GACGTATGTTGACG-1,5,5.0872583,0.118066445
GACGTATGTTTGCT-1,1,4.0775075,0.88872135
GACGTCCTACGGAG-1,1,2.3687813,0.9425802
GACGTCCTCTCAAG-1,6,12.379076,2.9832141
GACGTCCTGATAAG-1,2,1.5703211,7.416322
GACTACGATGGTCA-1,2,2.7273107,7.6553164
GACTCCTGCTCGCT-1,5,3.3147142,-0.1604289
GACTCCTGGGTTAC-1,5,4.0829496,-0.44733515
GACTCCTGTTATCC-1,1,2.0016804,2.318886
GACTCCTGTTGGTG-1,6,12.608853,4.6865916
GACTGAACAACCGT-1,2,3.0170288,8.831419
GACTGAACCAATCG-1,6,13.534104,4.53366
GACTGATGTGATGC-1,5,4.7560663,-1.3151809
GACTTTACATGCCA-1,1,3.5450633,0.89591837
GACTTTACGACAGG-1,2,1.7241583,7.8554163
GAGAAATGTTCTCA-1,2,1.3792642,7.5548935
GAGATAGAAAAAGC-1,3,11.472794,2.7786424
GAGATCACGACAAA-1,3,12.067201,-0.0516183
GAGATGCTCTGGAT-1,0,-0.6515557,1.495393
GAGATGCTGAATGA-1,1,2.4944837,1.3953242
GAGCAGGATTCCCG-1,0,-0.34059104,1.5592719
GAGCATACTTTGCT-1,3,12.795635,-0.95009005
GAGCGCACGCGTAT-1,6,13.356786,5.1185617
GAGCGCACGGTGAG-1,0,0.37453872,1.2322361
GAGCGCTGAAGATG-1,4,-3.6607428,2.284118
GAGCGCTGTCTTAC-1,6,13.839581,3.6428473
GAGCGGCTGGGAGT-1,2,3.0352566,8.684764
GAGGACGACTCAGA-1,1,2.2560656,1.1953229
GAGGATCTGAAAGT-1,2,1.5476105,8.680219
GAGGCAGACTTGCC-1,0,-2.6599064,0.53341764
GAGGGAACACCAGT-1,1,3.7964573,2.0072656
GAGGGAACGAGGGT-1,1,2.554463,1.8192763
GAGGGATGGGAAAT-1,1,3.32244,0.7822338
GAGGGCCTTCACCC-1,1,2.7685742,2.6319714
GAGGGTGAAGAGTA-1,5,3.4546196,-0.4311794
GAGGTACTACGGTT-1,5,2.9508152,-1.4879469
GAGGTACTACTCAG-1,6,13.849536,4.946653
GAGGTACTGACACT-1,4,-3.0677667,1.6236129
GAGGTACTGGGAGT-1,5,4.8083205,0.48312128
GAGGTACTTAGCGT-1,6,12.564714,3.1257186
GAGGTGGAGTACGT-1,5,2.3910856,-0.935491
GAGGTGGATCCTCG-1,4,-4.2840853,1.1957369
GAGGTTACTCGTTT-1,6,11.433787,3.0130715
GAGGTTTGTAAGCC-1,6,14.308947,3.8531075
GAGTCAACCATTCT-1,5,4.004371,-1.1342372
GAGTCAACGGGAGT-1,5,2.7231348,-1.1535885
GAGTCTGATCGTGA-1,1,2.2504714,0.42249313
GAGTCTGATTTGGG-1,2,1.2866032,8.3589735
GAGTGACTCAGCTA-1,1,4.559418,1.0010083
GAGTGACTCGGTAT-1,0,-0.893044,0.9924664
GAGTGACTCTTGCC-1,2,1.7972374,8.002313
GAGTGACTGACTAC-1,2,1.4549737,7.76649
GAGTGACTGTCTAG-1,5,3.5105214,0.12285538
GAGTGGGAGTCTTT-1,2,2.3240864,7.7198706
GAGTGGGATGCCCT-1,5,3.750395,-0.69381976
GAGTGGGATGCTGA-1,2,3.4165564,8.592896
GAGTGTTGCTGTAG-1,1,2.575495,1.9968145
GAGTGTTGTGGTCA-1,5,3.9590752,-0.47682732
GAGTTGTGCATGGT-1,6,14.2451315,5.0946608
GAGTTGTGCTGAGT-1,0,-1.4261074,0.9077799
GAGTTGTGGCGAGA-1,6,13.957511,4.0762973
GAGTTGTGGTAGCT-1,8,16.682144,0.07991874
GAGTTGTGTATGCG-1,3,12.236974,-0.9067854
GATAAGGAGAAACA-1,6,14.433574,4.627448
GATAAGGATTCACT-1,6,13.229373,3.9422493
GATACTCTATCGGT-1,5,2.76963,-1.3393853
GATACTCTTACTTC-1,1,4.0658026,1.3819096
GATACTCTTGACTG-1,6,12.343963,3.8337128
GATAGAGAAGGGTG-1,0,-2.3487608,0.57022846
GATAGAGACTGTGA-1,1,5.0574136,1.7906672
GATAGAGATCACGA-1,6,11.497905,3.403106
GATAGCACCCATAG-1,1,2.918397,1.0931708
GATAGCACGAAGGC-1,3,11.380627,2.03028
GATAGCACTTGTCT-1,5,3.9388947,-0.19130558
GATATAACAAGGTA-1,1,3.7636766,2.404055
GATATAACACGCAT-1,5,4.9882674,-0.061736062
GATATATGCTGGAT-1,5,4.273253,-1.7270331
GATATATGTCCGTC-1,0,-1.9014616,0.4997144
GATATATGTGGAGG-1,6,12.806736,4.746444
GATATCCTAGAAGT-1,5,4.0370803,0.18990804
GATATCCTCCCGTT-1,6,14.033708,4.5589476
GATATTGACAGGAG-1,1,2.0516584,1.6560977
GATATTGACGAGTT-1,3,12.989857,0.077442564
GATATTGAGCCAAT-1,5,3.5146132,-0.9391557
GATCCCTGACCTTT-1,4,-4.8473287,1.5927198
GATCCCTGTGTAGC-1,0,-1.028933,0.37656984
GATCCGCTGGTCAT-1,6,11.526283,3.6384492
GATCGAACCGAGAG-1,0,1.2708676,2.2697053
GATCGATGACTAGC-1,2,2.7194443,8.301624
GATCGATGGTAAAG-1,2,1.802283,7.4916596
GATCGATGTAAGGA-1,6,12.538128,4.194155
GATCGTGACACTAG-1,5,4.00923,0.016796846
GATCGTGATTCACT-1,1,4.774282,1.7810811
GATCTACTGGTGAG-1,0,0.54559934,1.3862427
GATCTACTTTGCAG-1,2,2.3047366,8.195952
GATCTTACACCCAA-1,3,12.771019,0.25736618
GATCTTACCCTACC-1,1,2.800728,1.7384493
GATCTTACGAATAG-1,6,13.505874,2.9705052
GATCTTACGAGATA-1,6,13.572886,4.9963913
GATGCAACTCCAGA-1,1,2.9459753,1.7172383
GATGCCCTACGTAC-1,1,2.697238,2.4165053
GATGCCCTCTCATT-1,5,4.9480433,-0.9473244
GATGCCCTGGCAAG-1,6,12.391733,4.2962403
GATGCCCTTTTGCT-1,1,2.2906249,-0.23187986
GATTACCTTGTTCT-1,5,2.6541178,-0.9305392
GATTCGGAACGACT-1,5,3.6463532,-1.2165778
GATTCGGACAGGAG-1,6,11.663966,3.3435242
GATTCGGAGAAGGC-1,3,12.951503,0.3751988
GATTCTTGATTCGG-1,6,11.190029,3.3017094
GATTCTTGCCGATA-1,5,4.7982974,-0.58637136
GATTCTTGCGAGTT-1,2,2.1030667,9.038119
GATTGGACCCGTTC-1,2,2.3787463,6.6379113
GATTGGACGGTGTT-1,2,2.9981873,7.6122446
GATTGGACTTTCGT-1,2,1.5679147,8.705843
GATTGGTGTGTCAG-1,1,3.9101453,2.4144251
GATTTAGACACTCC-1,3,12.1405945,-0.52767456
GATTTAGACTAAGC-1,2,3.2374034,6.881117
GATTTAGATTCGTT-1,6,14.271503,3.945551
GATTTGCTAACGAA-1,1,3.387881,0.34826308
GATTTGCTAACGGG-1,6,13.9215145,3.8840525
GCAACCCTCCTCGT-1,6,14.274229,4.7304792
GCAACTGATTGCGA-1,5,4.465831,-0.17724732
GCAAGACTACTGGT-1,1,4.0973816,2.5240679
GCAAGACTAGGTCT-1,1,2.803054,2.708763
GCAAGACTCCCTTG-1,1,2.9904113,0.628861
GCAATCGACTGCAA-1,0,0.16123147,2.1164432
GCAATCGAGACGTT-1,3,11.808303,1.3983172
GCAATCGATCCTTA-1,3,12.028526,2.1862063
GCAATTCTCGTGTA-1,1,3.5647027,2.590203
GCAATTCTTCTCCG-1,1,3.7547328,1.920642
GCACAAACAATGCC-1,0,1.1546926,0.4938981
GCACAAACGGTACT-1,1,3.422469,2.2803166
GCACAATGGTGCAT-1,6,11.317707,3.4955773
GCACACCTGTGCTA-1,4,-3.92529,1.0284281
GCACCACTCATGAC-1,6,13.011777,3.8301427
GCACCACTGTTTGG-1,6,14.126068,4.4141374
GCACCACTTCCTTA-1,4,-3.641046,1.8417505
GCACCACTTTCGGA-1,6,11.881355,4.147274
GCACCTACGCGATT-1,1,3.6246784,1.4603846
GCACCTTGGCTGTA-1,5,4.9084167,-0.037811227
GCACCTTGGGGAGT-1,3,12.027048,1.9820791
GCACGGACCAGCTA-1,1,3.1650362,2.0430605
GCACGGTGACCTCC-1,5,5.5714335,0.03294478
GCACGGTGCTATGG-1,6,11.219713,3.9194596
GCACTAGAACGGGA-1,1,2.5181563,2.5850408
GCACTAGAAGATGA-1,2,2.2417526,8.361573
GCACTAGACCTTTA-1,3,12.285651,0.406327
GCACTAGACGTAAC-1,2,1.9061837,8.980362
GCACTAGAGTCGTA-1,4,-2.7896185,2.5225942
GCACTAGATGCAAC-1,1,4.2525625,0.9053791
GCACTGCTGAGGCA-1,0,1.0174924,2.0012386
GCAGATACAGCGTT-1,0,0.065913804,1.3238509
GCAGATACGACGGA-1,5,2.5499523,0.11616601
GCAGATACGCAGAG-1,1,3.2667804,0.23486924
GCAGCCGACAGTCA-1,0,1.637598,0.38287592
GCAGCGTGCACTCC-1,5,4.0187364,0.39501542
GCAGCTCTCAATCG-1,5,4.213095,-1.5363793
GCAGCTCTGTTTCT-1,1,3.460152,1.9956578
GCAGGGCTAAGAAC-1,5,3.3536263,-1.1303318
GCAGGGCTAAGGGC-1,5,4.5625467,-0.5309168
GCAGGGCTATCGAC-1,4,-4.9240065,1.4192939
GCAGGGCTTGGGAG-1,0,0.040551346,2.2514591
GCAGTCCTAACTGC-1,1,4.5096393,1.032602
GCAGTCCTCTCTTA-1,5,4.3610473,-0.39700308
GCATCAGATGCGTA-1,0,-0.024732284,2.0959318
GCATGTGACAAGCT-1,5,3.0951982,-1.310431
GCATTGGAGAAGGC-1,1,3.9212027,1.4813275
GCCAAAACGAGGCA-1,0,0.09650012,1.5626913
GCCAAATGATCGAC-1,0,1.4143128,1.5223318
GCCAACCTACGGTT-1,5,4.335396,-0.8149398
GCCAACCTCGCCTT-1,5,3.151208,-0.5008617
GCCACGGAGGCGAA-1,6,13.069136,3.51499
GCCACGGATACTGG-1,5,3.9274218,-1.3976408
GCCACTACCTACTT-1,2,1.9044223,8.2244005
GCCACTACGTCTTT-1,1,3.0710166,0.13020822
GCCCAACTACCGAT-1,5,4.0921907,-0.18443088
GCCCAACTATGGTC-1,0,-2.366385,0.5823458
GCCCATACAGCGTT-1,0,0.91849285,0.6641332
GCCGACGAACTCTT-1,6,11.281886,2.7824628
GCCGAGTGCGTTGA-1,1,1.7807491,2.0087333
GCCGGAACGAACTC-1,0,-1.0862224,0.57915676
GCCGGAACGTTCTT-1,4,-3.6208842,0.9560968
GCCGGAACTGCACA-1,0,-2.8819292,0.5939036
GCCGGAACTTACTC-1,1,3.877832,0.5488964
GCCGTACTACCTGA-1,5,3.0210254,-1.870905
GCCGTACTGGCAAG-1,6,12.908572,4.5859084
GCCTACACAGTTCG-1,4,-4.5536017,1.3560238
GCCTACACCACTGA-1,3,12.237242,0.52954197
GCCTACACCTTGAG-1,5,5.02634,0.08580932
GCCTAGCTACGGAG-1,2,1.9898993,8.106416
GCCTAGCTCTATTC-1,5,4.962356,0.7008859
GCCTAGCTTCTCAT-1,1,4.214764,0.5355701
GCCTAGCTTCTCTA-1,3,12.253093,-0.7277884
GCCTCAACCATGGT-1,5,4.4229755,-0.7409531
GCCTCAACTCTTTG-1,7,3.569123,4.5111313
GCCTCATGTCTTAC-1,0,0.9807174,1.03165
GCCTGACTCTCAAG-1,6,13.7862215,4.3594832
GCGAAGGAACTCTT-1,1,1.9283253,-0.029170806
GCGAAGGAGAGCTT-1,7,3.6485984,4.453151
GCGAAGGATGCCAA-1,5,4.9959664,-1.2159914
GCGAGAGAGGGACA-1,1,3.9596708,1.69256
GCGAGCACTGTCGA-1,2,1.8704065,7.5181146
GCGAGCACTTGACG-1,5,4.7873025,0.04707488
GCGAGCACTTGCTT-1,3,11.845962,2.2075453
GCGATATGGTACGT-1,1,4.1669374,2.2648838
GCGATATGGTGTTG-1,5,2.7512925,-0.80820185
GCGCACGAAGTCGT-1,5,4.346004,-1.563762
GCGCACGACTTTAC-1,6,13.36784,4.3459187
GCGCATCTAGGTCT-1,5,3.0471873,-1.9306506
GCGCATCTGGTTAC-1,7,3.8139029,4.34013
GCGCATCTTCGATG-1,5,4.825323,-0.39139038
GCGCATCTTGCTCC-1,4,-3.7321749,1.6410731
GCGCATCTTTCTAC-1,1,2.784688,-0.13157836
GCGCGAACGTTCTT-1,2,1.8962786,8.001013
GCGCGATGAACGGG-1,5,3.710797,-0.17641777
GCGCGATGGTGCAT-1,4,-3.493914,2.2628314
GCGGAGCTCCTGAA-1,1,3.764455,0.7686621
GCGGCAACCCGATA-1,1,3.32991,1.1271589
GCGGCAACGGAGGT-1,2,1.5120401,8.165042
GCGGCAACTGTCGA-1,6,14.105931,4.9242206
GCGTAAACACGGTT-1,7,9.271169,2.9521613
GCGTAATGCACCAA-1,3,12.32895,-0.12352036
GCGTATGAACACCA-1,1,2.2291234,1.2839947
GCGTATGATGAGAA-1,6,11.409471,3.0193763
GCTACAGAAAGGTA-1,5,4.5143514,-0.8329405
GCTACAGAATCTTC-1,2,1.4499068,8.160752
GCTACAGATCTTAC-1,1,2.0436113,1.8011513
GCTACCTGAGAAGT-1,6,12.258083,4.724285
GCTACCTGATCACG-1,5,4.624716,0.14431857
GCTACGCTAGAATG-1,1,2.4815464,-0.20570078
GCTACGCTAGCTAC-1,0,1.0355413,0.8305992
GCTACGCTCCCTAC-1,1,4.317177,1.2202779
GCTAGAACAGAGGC-1,2,2.969141,8.401037
GCTAGAACGGATCT-1,1,3.8157234,1.6819141
GCTAGAACTCCCGT-1,0,2.1466358,-0.5621413
GCTAGATGAGCTCA-1,6,14.0443945,4.481182
GCTAGATGGCGATT-1,0,-0.6090454,1.4570116
GCTATACTAAGGCG-1,1,3.7741942,1.2460426
GCTATACTAGCGTT-1,0,-0.8736621,0.48988068
GCTATACTCTCTTA-1,5,4.3319826,-1.2612705
GCTATACTGGACGA-1,1,3.3755672,1.9166155
GCTCAAGAACCATG-1,3,11.715896,0.85727805
GCTCAAGAAGTCAC-1,3,12.055265,1.6000626
GCTCAGCTGTCTAG-1,5,4.0724463,-0.63061976
GCTCCATGAGAAGT-1,0,-1.530357,0.675544
GCTCCATGCCGAAT-1,5,4.4920135,-0.6898522
GCTCGACTCTAGTG-1,6,14.10443,4.663889
GCTGATGAGGTATC-1,6,13.700402,4.603264
GCTTAACTACAGTC-1,6,14.359124,3.9638898
GCTTAACTACTGGT-1,0,-1.8319503,0.7810128
GCTTAACTGCTGAT-1,5,4.5684543,-0.03522846
GCTTAACTTAGACC-1,6,13.14976,4.1127996
GCTTAACTTCAGTG-1,5,3.1950045,0.13763268
GGAACACTCACTTT-1,6,14.419889,4.083624
GGAACACTTCAGAC-1,8,16.871267,0.023007723
GGAACTACTACTTC-1,1,3.2532165,1.7473879
GGAACTTGAAGGTA-1,6,11.386945,3.994976
GGAACTTGAGAATG-1,0,1.3863621,0.3591831
GGAACTTGCTCCAC-1,6,11.385736,2.9596334
GGAACTTGGGTAGG-1,2,3.0595505,8.692731
GGAAGGACATCGGT-1,6,13.392381,4.435115
GGAAGGACCACTAG-1,1,1.4437343,1.8606716
GGAAGGACGAGGGT-1,1,2.4284463,0.28188875
GGAAGGACGCGAAG-1,0,1.6636163,2.2105172
GGAAGGTGGCGAGA-1,4,-4.773929,1.6607506
GGAATCTGAAGGGC-1,1,3.2206907,1.3279699
GGAATCTGAGGAGC-1,1,5.3210697,1.0610814
GGAATCTGCTTAGG-1,2,2.6304343,7.583583
GGAATCTGCTTGTT-1,6,12.80382,4.611388
GGAATCTGGGAGGT-1,5,5.029925,-0.04749649
GGAATGCTTTCTAC-1,5,4.9771857,-1.5082567
GGACAGGAAAGGGC-1,0,-0.31623936,1.8021964
GGACAGGAGTGCTA-1,2,2.3615994,7.5562115
GGACAGGATCTCGC-1,0,1.8430326,1.8436433
GGACCCGAAGCTAC-1,6,11.59356,3.023696
GGACCGTGCTTACT-1,6,12.376949,3.401459
GGACCGTGGGAACG-1,7,10.300662,2.6383164
GGACCGTGTAACGC-1,1,2.086042,1.6829312
GGACCTCTGTAAGA-1,6,13.024348,3.2919693
GGACCTCTTTTCTG-1,0,-1.4151477,0.58247304
GGACGAGAGTGTCA-1,6,14.631742,4.3729334
GGACGCTGACGCAT-1,0,-0.11119778,2.2943547
GGACGCTGCTAGCA-1,5,3.5979788,-1.0406125
GGACGCTGTCCTCG-1,4,-4.8028703,1.9476001
GGAGAGACGTGAGG-1,2,2.253897,6.352892
GGAGCAGATTCAGG-1,2,1.6184258,8.26787
GGAGCCACCTTCTA-1,2,2.2341075,6.765268
GGAGCGCTACGCAT-1,3,11.095337,2.3763623
GGAGCGCTCCGAAT-1,1,3.499219,1.306196
GGAGGATGCCACCT-1,5,3.756984,-1.2275888
GGAGGATGGTTGAC-1,6,11.56135,3.0981207
GGAGGATGTCAGTG-1,6,11.932217,3.280478
GGAGGCCTCGTTGA-1,0,-2.9322054,0.87271225
GGAGGCCTTTCTTG-1,5,3.512946,-0.24409084
GGAGGTGATACGCA-1,1,2.4455595,1.7240585
GGAGGTGATCGCTC-1,1,4.5177426,1.1770518
GGATACTGCAGCTA-1,1,4.7109995,1.3307225
GGATACTGTCTAGG-1,1,3.292454,1.3275297
GGATAGCTCGTCTC-1,1,3.0113027,2.1089458
GGATAGCTCTGAAC-1,0,-1.6173798,0.9182568
GGATGTACCAAAGA-1,2,2.9986305,8.094325
GGATGTACGCGAAG-1,5,4.5958805,-0.13976693
GGATGTACGTCTTT-1,6,14.74909,4.028921
GGATGTACGTGTCA-1,0,-0.44180542,0.94610685
GGATTTCTAGGTTC-1,1,3.6053672,1.4262762
GGATTTCTTTGTCT-1,3,11.331254,2.0186493
GGCAAGGAAAAAGC-1,4,-4.468798,2.2142355
GGCAAGGAAGAAGT-1,5,3.8394637,-0.14546382
GGCAAGGACTTGGA-1,6,11.670752,3.2550836
GGCAAGGAGGACTT-1,1,3.5080776,1.0241026
GGCAATACGCTAAC-1,2,2.8997016,8.32826
GGCAATACGGCATT-1,0,-0.23734586,-0.12637205
GGCAATACGTTTCT-1,2,2.9987757,8.499107
GGCACGTGGCTTAG-1,3,12.634525,0.62712544
GGCACGTGTGAGAA-1,7,3.8458023,4.422089
GGCACTCTTTTGTC-1,1,3.6197886,1.7172318
GGCATATGCTTATC-1,4,-3.6367917,1.8354062
GGCATATGGGGAGT-1,8,16.913918,-0.092666775
GGCATATGTGTGAC-1,1,3.7965062,3.5127046
GGCCACGACAGAGG-1,5,2.4280443,-1.3233438
GGCCAGACTGGTTG-1,1,2.7084727,0.44661832
GGCCCAGAAAGTAG-1,6,12.665345,4.9051404
GGCCGAACAACGAA-1,5,3.4554696,-1.8858327
GGCCGAACGCAGAG-1,5,2.5737493,-1.1676414
GGCCGAACGTAGGG-1,5,4.669408,-1.6503083
GGCCGAACTCTAGG-1,4,-4.4368477,1.3641176
GGCCGATGCAGGAG-1,1,4.5896006,1.1879419
GGCCGATGCCGAAT-1,1,3.683298,2.1827724
GGCCGATGTACTCT-1,0,0.32656315,1.2119756
GGCGACACTGCCCT-1,0,-1.0127954,2.161359
GGCGACTGCGTAAC-1,1,4.115764,1.6805382
GGCGCATGCCTAAG-1,3,12.889554,-0.53117794
GGCGCATGCTCCAC-1,5,4.6937537,-0.21987678
GGCGCATGTGGAAA-1,1,3.1921744,0.10197189
GGCGGACTAGAGGC-1,1,2.198305,2.079755
GGCGGACTAGGAGC-1,0,-0.117694214,2.3013728
GGCGGACTCTGACA-1,5,3.9570458,-2.1964395
GGCGGACTCTTGGA-1,0,-0.91327226,0.7283559
GGCGGACTTACTGG-1,5,2.7080476,-1.3913759
GGCGGACTTGAACC-1,1,3.506714,1.5160462
GGCTAAACACCTGA-1,4,-2.8641891,2.230273
GGCTAAACTCTTAC-1,5,4.711211,-0.32178733
GGCTAATGAGCACT-1,0,0.124770135,1.5985314
GGCTAATGGTCTAG-1,5,4.1882663,-2.038124
GGCTCACTACTCAG-1,6,12.132824,4.283787
GGGAACGAAGCTCA-1,3,12.1607065,-0.7799767
GGGAACGACACAAC-1,2,2.6042395,7.747158
GGGAACGAGTGTCA-1,6,12.793309,3.1112149
GGGAAGTGTTGAGC-1,6,14.280824,4.562093
GGGACCACACGTTG-1,0,-2.5377424,0.80461395
GGGACCACAGAACA-1,5,4.347467,-1.1941525
GGGACCACGAATAG-1,1,4.798304,1.1825012
GGGACCACGTCATG-1,5,4.1394005,-0.78349
GGGACCACTCAAGC-1,5,4.6869893,-0.8705085
GGGACCACTCGTGA-1,5,3.0769627,-1.6040702
GGGACCACTGCATG-1,5,2.5723228,-1.2743887
GGGACCTGACCCTC-1,6,12.391027,3.6335304
GGGACCTGCTTGCC-1,5,4.672149,-0.970127
GGGACCTGTGGAGG-1,2,2.505454,8.797698
GGGATGGACGACAT-1,2,1.6439377,7.8775454
GGGATGGATACTTC-1,1,2.466049,1.3448032
GGGATGGATGGTTG-1,6,12.1433935,4.036787
GGGATTACGTCTAG-1,1,3.683388,1.0825149
GGGCAAGATGCATG-1,6,13.888495,4.973699
GGGCACACGGTGAG-1,3,13.188069,-0.5931997
GGGCACACGTTGCA-1,1,2.9404566,1.257854
GGGCAGCTTGGGAG-1,0,-0.03038752,1.6383396
GGGCAGCTTTTCTG-1,5,4.1421127,-1.9720883
GGGCCAACCTTGGA-1,7,9.002447,2.8706307
GGGCCAACGCGTTA-1,2,1.8860251,7.2000847
GGGCCAACTACGCA-1,6,12.319744,3.889849
GGGCCAACTCCAAG-1,2,2.329082,7.548246
GGGCCATGATGGTC-1,0,1.5176845,1.7759851
GGGCCATGTTGACG-1,1,4.7141194,1.9600793
GGGTAACTCAGCTA-1,1,4.155704,0.3653395
GGGTAACTCTAGTG-1,2,2.8469052,8.651428
GGGTAACTCTGGAT-1,1,2.2276752,0.11445863
GGGTTAACGTGCAT-1,4,-3.6456273,1.4748782
GGTAAAGAGCTAAC-1,0,-2.8738797,0.55117285
GGTACAACTGCAAC-1,1,3.3658376,1.2293384
GGTACATGAAAGCA-1,2,3.3636384,7.2678556
GGTACATGAGCTCA-1,1,1.9584863,2.0856514
GGTACATGCGGTAT-1,5,2.9122076,-0.97427523
GGTACATGGTTACG-1,0,1.4580166,0.03712019
GGTACATGTGGGAG-1,1,2.5852506,1.727801
GGTACTGAACTCTT-1,6,12.629653,4.0155177
GGTAGTACACCACA-1,0,1.4051348,1.5613285
GGTAGTACACTAGC-1,6,12.856741,2.8486326
GGTAGTACCCTGTC-1,5,4.305576,0.16864051
GGTAGTACGCCATA-1,6,13.52392,4.067908
GGTAGTACTGTCTT-1,0,0.88241684,1.4391243
GGTATCGAGACAAA-1,6,13.212191,4.7912607
GGTATCGATGAACC-1,2,1.5660664,8.489145
GGTCAAACCAAAGA-1,1,5.244393,1.4716213
GGTCTAGAGAAACA-1,6,13.928112,4.8181434
GGTCTAGATAGCGT-1,3,10.86033,2.1932116
GGTGATACCGACTA-1,2,2.621495,7.2373567
GGTGATACGACTAC-1,6,13.17403,4.2679634
GGTGATACTGTTTC-1,5,3.6327558,-1.3428818
GGTGGAGAAACGGG-1,4,-2.7043438,2.5548787
GGTGGAGAAGTAGA-1,1,3.8410518,2.339854
GGTGGAGACAGATC-1,0,-2.4244778,1.8954693
GGTGGAGATCGATG-1,1,4.6541004,1.6358417
GGTGGAGATCTCTA-1,6,14.58194,4.8313184
GGTGGAGATTACTC-1,0,-2.3041677,0.90924317
GGTTTACTACGCAT-1,0,-0.5060002,2.048849
GTAACGTGACCTCC-1,6,12.1690235,3.3863466
GTAACGTGATCGGT-1,2,3.0203135,7.639269
GTAACGTGCAGCTA-1,2,1.2659599,8.156978
GTAACGTGGTTGAC-1,2,1.6932145,7.5333204
GTAAGCACAACGGG-1,5,5.2514043,0.19257836
GTAAGCACTCATTC-1,2,1.6183568,8.013422
GTAAGCTGGTACCA-1,6,12.897428,3.6762311
GTAATAACCTTCTA-1,6,12.1942425,4.277014
GTAATAACGTTGTG-1,5,2.3712926,-1.2836639
GTACCCTGACAGTC-1,3,13.023778,-0.017020201
GTACCCTGGAGCTT-1,5,4.020193,-0.43881103
GTACCCTGTCCTTA-1,0,-2.0675588,0.77035856
GTACCCTGTGAACC-1,5,1.9946132,-0.32441685
GTACGTGAACGTTG-1,0,-1.422051,0.44951257
GTACTTTGTCGACA-1,0,-0.19376501,1.5133486
GTAGACTGAGATGA-1,6,12.735037,3.4937508
GTAGACTGTATTCC-1,1,5.0839367,0.79763746
GTAGCAACAGTCGT-1,6,13.328603,4.5573554
GTAGCAACCATTTC-1,2,1.8502431,6.933816
GTAGCAACGGTAGG-1,6,14.393843,4.6506987
GTAGCATGCACTCC-1,2,2.0129483,7.5703783
GTAGCATGTAAGCC-1,6,13.733472,5.127813
GTAGCCCTGACGTT-1,5,2.3776746,-0.2613797
GTAGCTGAAGCTAC-1,3,11.791942,-0.22417901
GTAGCTGAATTCGG-1,1,5.224132,1.0752649
GTAGGTACACGGGA-1,6,12.5029,4.3317266
GTAGTGACCTCATT-1,5,2.4336493,-1.107438
GTAGTGTGAGCGGA-1,4,-3.7412295,2.281836
GTAGTGTGAGGCGA-1,6,13.248423,3.9886546
GTAGTGTGTGGTTG-1,5,4.8107023,0.38159785
GTATCACTGGTAGG-1,6,11.9875765,3.9224355
GTATCTACAGAAGT-1,0,-2.4971778,1.0380257
GTATCTACGACGAG-1,0,-1.1596358,0.991905
GTATCTACGTTACG-1,1,2.4410443,1.88384
GTATTAGAAACAGA-1,1,3.8473325,3.8027866
GTATTAGAGGTCTA-1,5,1.746898,-1.0233861
GTATTCACACAGCT-1,5,3.1471245,-2.1002617
GTATTCACGGGTGA-1,0,-0.81824017,1.2312373
GTCAACGACACTGA-1,1,3.3347843,1.5636657
GTCAACGAGTGTAC-1,6,12.5282955,2.9452746
GTCAACGATCAGGT-1,0,0.9234703,-0.36872008
GTCAATCTACACCA-1,0,0.019084143,1.1677438
GTCAATCTGTAGCT-1,0,-0.12701093,2.5260286
GTCAATCTTGTGGT-1,5,5.509702,0.11334025
GTCACCTGCCTCCA-1,1,4.0809455,1.0562127
GTCACCTGTCCCGT-1,1,3.4782298,1.0518601
GTCATACTAATCGC-1,2,2.0791094,7.40593
GTCATACTGCGATT-1,0,-2.4473758,1.2013848
GTCATACTTCGCCT-1,8,16.809837,0.0028992991
GTCATACTTTACCT-1,0,-0.52704704,1.4487208
GTCATACTTTGACG-1,5,5.2797775,0.54078454
GTCCAAGAAAAACG-1,5,3.9457989,-1.7109243
GTCCACTGACCTCC-1,5,3.3074803,-0.5315348
GTCCACTGGGTACT-1,3,11.687891,-0.016282035
GTCCAGCTACGGGA-1,5,5.055928,-1.2235572
GTCCCATGTGGTGT-1,3,11.193174,2.1602407
GTCGAATGAAGGCG-1,3,11.039729,2.4615204
GTCGACCTGAATGA-1,4,-3.937201,2.0740361
GTCGACCTGTTCAG-1,5,1.9321392,-0.6545331
GTCGCACTTGAGAA-1,2,3.106814,7.00362
GTCTAACTGGTCTA-1,3,12.627868,0.79495126
GTCTAGGAGCTTCC-1,6,11.80298,3.677153
GTGAACACACTCTT-1,5,4.1669393,-1.2113117
GTGAACACAGATCC-1,0,0.26365003,1.1893615
GTGAACACTCAGGT-1,1,3.232797,1.5284587
GTGACCCTTAAGCC-1,1,1.7303954,0.34448436
GTGATGACAAGTGA-1,1,3.968047,3.1909885
GTGATGACCTGAGT-1,2,1.683553,8.521213
GTGATGACGGTTTG-1,0,0.7903337,1.2380855
GTGATTCTCATTTC-1,1,3.6258738,3.0067575
GTGATTCTCTCTCG-1,6,13.335861,4.871825
GTGATTCTGGTTCA-1,4,-3.9469004,1.3236283
GTGATTCTGTCGAT-1,5,4.9045143,-1.24212
GTGATTCTTAGCGT-1,2,2.0112672,8.588425
GTGCCACTCAGGAG-1,5,4.324233,0.32869294
GTGGATTGCACTAG-1,3,11.979141,-0.45075083
GTGGATTGCGGAGA-1,1,2.926415,2.252941
GTGGATTGTAACGC-1,5,3.7620964,-0.6225412
GTGTACGATCAGTG-1,5,3.5006146,-0.3935458
GTGTAGTGGGTACT-1,1,1.9058636,1.1422044
GTGTATCTAGCCTA-1,2,2.4473524,8.024304
GTGTATCTAGTAGA-1,4,-2.939119,1.9113564
GTGTATCTGTTACG-1,2,3.083553,7.2953167
GTGTCAGAAGCGTT-1,0,-2.4429898,1.0465176
GTGTCAGAATGCTG-1,5,3.4021125,-1.7398227
GTTAAAACCGAGAG-1,0,-3.204331,1.0579325
GTTAAAACTTCGCC-1,0,1.3215814,0.6211643
GTTAAATGCTCGAA-1,0,1.0526145,0.8259592
GTTAAATGTCGACA-1,2,2.8509328,7.010263
GTTAACCTAGCTAC-1,1,2.3789647,0.34506556
GTTAACCTTGCTTT-1,7,9.390218,2.7803955
GTTAGGTGCACTCC-1,1,2.3286726,0.3035981
GTTAGGTGCCAGTA-1,6,11.972419,4.565619
GTTAGGTGCCCAAA-1,3,12.7585335,0.32882673
GTTAGGTGGAACTC-1,2,1.6633474,8.759998
GTTAGTCTAAGAAC-1,0,0.32235172,1.240701
GTTATAGAGGACAG-1,5,1.5295136,0.17680673
GTTATGCTTTCATC-1,5,3.2356265,-0.45993814
GTTCAACTGGGACA-1,4,-4.099949,1.5243651
GTTCAACTTATGCG-1,5,4.1479506,-1.848126
GTTGACGAGCCCTT-1,0,-2.3364575,0.84992397
GTTGACGATATCGG-1,4,-4.6795335,1.822665
GTTGAGTGGTCTTT-1,6,11.36452,3.3025482
GTTGAGTGTGCTTT-1,1,2.1008394,1.2355533
GTTGATCTGGGACA-1,5,3.0811572,-1.9530663
GTTGATCTTTTCAC-1,0,-1.0012908,0.93021405
GTTGGATGTTTACC-1,3,12.644925,-0.4477185
GTTGTACTATTCCT-1,6,11.770175,4.489922
GTTGTACTTTTGGG-1,1,3.52597,0.5802931
GTTTAAGACCATGA-1,6,11.918201,3.524293
GTTTAAGACTGTCC-1,0,-1.2244434,0.9489602
TAAACAACCAACCA-1,1,3.2889378,2.236381
TAAACAACGAATCC-1,2,2.3204412,7.295975
TAAAGACTCAGGAG-1,1,2.3359134,1.7725737
TAAATCGATGAGGG-1,1,4.0733886,-0.02489991
TAACAATGTGCCCT-1,2,1.994706,7.625295
TAACACCTTCGCTC-1,6,12.259807,3.549071
TAACACCTTCGTAG-1,6,11.551504,3.527602
TAACACCTTGTTTC-1,8,16.812988,-0.03414542
TAACATGACACTAG-1,2,2.0230486,6.7568407
TAACCGGACTTACT-1,5,4.508656,-1.7441009
TAACGTCTCAACCA-1,6,14.225568,4.6392174
TAACGTCTCATTGG-1,5,4.3102565,0.14569965
TAACTAGAATTTCC-1,1,3.0555048,2.0862758
TAACTAGACTTAGG-1,1,2.9308023,2.402342
TAACTAGATCTGGA-1,5,3.0626636,-1.3315145
TAACTCACGAGGAC-1,6,13.389951,4.1477723
TAACTCACGTACAC-1,2,2.7390864,8.639711
TAACTCACGTATCG-1,6,12.580086,4.2865047
TAACTCACTCTACT-1,4,-4.3856378,1.4331
TAAGAACTGTGTCA-1,6,14.019626,5.0723658
TAAGAGGACTAAGC-1,2,2.1450114,7.2054443
TAAGAGGACTTGTT-1,4,-3.2473576,1.8618263
TAAGATACCCACAA-1,5,1.5713723,-0.41008767
TAAGATACGGTTCA-1,6,12.829822,2.9547865
TAAGATTGCGTAGT-1,5,5.0791554,-0.58848536
TAAGATTGTTGCTT-1,1,3.9936662,2.8216271
TAAGCGTGAGGTTC-1,6,12.372005,4.8302875
TAAGCGTGGACAAA-1,3,11.507134,1.7047668
TAAGCGTGGGAAAT-1,5,5.2126045,-0.6131572
TAAGCGTGTGCTCC-1,3,11.911147,1.1096249
TAAGGCTGCCATGA-1,0,1.1333977,0.9481226
TAAGGCTGCTGCTC-1,5,2.9090765,-1.1731606
TAAGGCTGTCTCGC-1,6,11.275339,3.2203746
TAAGGGCTGCTGTA-1,1,2.7573006,1.8925893
TAAGGGCTTTACTC-1,5,2.90051,-0.26073247
TAAGTAACCGAGAG-1,2,3.1564403,8.715021
TAAGTAACCTCCAC-1,2,2.6184847,8.009965
TAAGTAACCTGTAG-1,1,3.0586429,2.3706324
TAAGTAACTTGTCT-1,0,0.8746915,1.263135
TAATGATGAGCGGA-1,5,4.5237703,0.028719958
TAATGCCTCATGAC-1,1,4.780597,1.2870197
TAATGCCTCGTCTC-1,4,-4.292804,2.0793893
TAATGTGAAGATGA-1,5,4.5854006,-0.68116045
TAATGTGACTGCAA-1,3,12.059117,2.5412836
TAATGTGATTACTC-1,0,1.0125659,1.4192883
TACAAATGGGTACT-1,1,2.6110168,2.0484893
TACAATGAAAACAG-1,6,12.687855,5.0377884
TACAATGACTTAGG-1,1,2.104029,0.16635834
TACAATGATGCTAG-1,0,-0.16901311,1.0484663
TACACACTCACACA-1,5,4.9294224,-0.560267
TACACACTCTTACT-1,1,2.40301,0.3392295
TACATAGAACGCAT-1,0,-0.21123984,1.8836646
TACATCACACGGGA-1,5,3.7053008,-0.40871212
TACATCACCTGTTT-1,3,12.103663,-0.59028715
TACATCACGCTAAC-1,2,2.1598074,8.216064
TACATCACTGAACC-1,3,12.495149,0.24213143
TACCATTGAGGTTC-1,5,5.223559,0.1342201
TACCATTGCGGGAA-1,3,12.52355,1.5257585
TACCATTGGGGATG-1,6,14.552616,3.750838
TACCATTGTGAGGG-1,6,14.307349,3.8673775
TACCGGCTGTTGGT-1,5,4.0040855,0.07647391
TACGAGTGATCTCT-1,5,3.19621,-0.5779181
TACGAGTGATGCTG-1,3,11.958041,1.3129698
TACGAGTGCGGAGA-1,1,4.9703736,1.6506389
TACGAGTGGTTGGT-1,1,3.8621278,1.7409799
TACGATCTAGTGTC-1,5,2.5744662,-0.64071834
TACGATCTCACTGA-1,3,12.275747,2.0068042
TACGATCTTACGAC-1,0,-0.2603779,0.7792193
TACGCAGACGTCTC-1,2,1.7134323,7.4911017
TACGCAGAGAATCC-1,4,-2.4278257,2.4937277
TACGCCACATTCCT-1,5,5.210179,-0.9980833
TACGCCACTCCCAC-1,3,12.712109,-0.676567
TACGCCACTCCGAA-1,2,1.4823341,7.5951324
TACGCGCTCTTCTA-1,0,0.93357044,1.49235
TACGGAACGCGTTA-1,2,2.8070934,8.786571
TACGGCCTGGGACA-1,4,-3.7038043,2.0681875
TACGGCCTGTCCTC-1,5,3.2163703,-1.5987755
TACGTACTACGGAG-1,0,1.284861,2.5209043
TACGTACTCAGTTG-1,1,3.3678408,1.2350521
TACGTACTCCCGTT-1,2,2.3282425,8.965264
TACGTTACAGAAGT-1,1,3.1904254,1.6200609
TACGTTACCAAGCT-1,6,13.647428,5.003453
TACTAAGAAAGGTA-1,2,1.2931905,8.266611
TACTAAGAATCACG-1,5,2.744487,-0.7381652
TACTAAGATGATGC-1,6,12.532342,3.8756607
TACTAAGATTGCGA-1,1,4.5900855,1.1480579
TACTACACGAGAGC-1,1,3.2812233,1.6761255
TACTACACTTACCT-1,2,1.213988,8.710308
TACTACTGAACCTG-1,6,13.21508,3.779178
TACTACTGATGTCG-1,0,-2.3506808,0.6318192
TACTACTGATTCTC-1,5,3.6807122,-2.1457448
TACTACTGTATGGC-1,5,4.232761,-1.1577597
TACTCAACGGTCTA-1,6,12.808744,4.4457374
TACTCAACTGCTAG-1,2,2.246724,8.06041
TACTCCCTCAGTTG-1,1,3.3465357,0.57002836
TACTCTGAATCGAC-1,4,-4.275416,1.9521129
TACTCTGACGAGTT-1,1,3.9343936,1.2141262
TACTCTGATTGACG-1,2,1.9533366,8.351141
TACTGGGATCGATG-1,1,4.173941,1.5421273
TACTGTTGAAAGCA-1,1,3.462355,0.6676275
TACTGTTGAGGCGA-1,4,-4.484843,0.95755064
TACTGTTGCTGAAC-1,7,3.946438,4.0625796
TACTTGACTCCTCG-1,0,-0.24329658,0.6607525
TACTTGACTGGTGT-1,2,1.75324,8.902413
TACTTTCTTTTGGG-1,0,0.33475596,1.092219
TAGAAACTAATCGC-1,5,4.827198,-0.85652095
TAGAAACTGCTTCC-1,6,12.610137,4.3343945
TAGAAACTGGGATG-1,0,-2.2299755,0.9727492
TAGAATTGCGACAT-1,5,3.7834618,-1.9653728
TAGAATTGTATCGG-1,5,4.3245416,-1.145637
TAGACGTGCTTGAG-1,5,2.2012196,-0.8897964
TAGACGTGTCGCTC-1,5,4.3406754,0.2784121
TAGAGCACCTTACT-1,2,1.4538895,8.577802
TAGATTGACTTGTT-1,2,2.45153,8.170407
TAGATTGAGGCATT-1,0,-0.78113997,0.13723613
TAGCATCTCAGCTA-1,4,-4.3603826,1.3255717
TAGCATCTCCCTCA-1,1,2.5576758,1.7482151
TAGCATCTGCTGTA-1,3,12.700676,-0.083479255
TAGCATCTGGGACA-1,5,3.6733663,-1.6312163
TAGCATCTTGTCGA-1,5,3.4931996,-2.018455
TAGCCCACAAAAGC-1,1,3.7862484,2.5870705
TAGCCCACAGCCAT-1,0,0.55783916,2.1536825
TAGCCCACAGCTAC-1,4,-3.9518166,2.1997015
TAGCCCACCCACAA-1,5,3.2906082,-1.3911631
TAGCCCTGCGGAGA-1,0,1.1842549,0.78423524
TAGCCGCTTACGAC-1,1,4.372763,1.3615217
TAGCCGCTTACTTC-1,0,-0.46663436,1.3786895
TAGCCGCTTTCCAT-1,3,12.523496,2.115684
TAGCTACTGAATAG-1,2,2.3815308,8.19516
TAGCTACTGTAGCT-1,5,5.135737,-0.29770076
TAGCTACTTTTGCT-1,0,0.73466,1.0570419
TAGGACTGTGCTGA-1,1,2.1826525,1.2481095
TAGGAGCTAAGGCG-1,2,2.8741992,7.5237536
TAGGAGCTGAGGGT-1,1,2.7510812,0.7095512
TAGGAGCTTGCATG-1,2,1.7531407,8.268834
TAGGCAACCGTCTC-1,2,2.4677675,8.461293
TAGGCATGCTCTCG-1,7,8.515368,3.0588982
TAGGCATGGCGAGA-1,0,-0.90164304,1.0321063
TAGGCTGATGCCTC-1,6,14.0339365,3.4839993
TAGGGACTGAACTC-1,4,-4.189504,1.3368052
TAGGTCGACACTGA-1,5,4.5415115,-1.7673435
TAGGTCGAGGATCT-1,2,2.0872843,8.60897
TAGGTGACACACTG-1,1,3.411243,2.3812363
TAGGTGACACGTTG-1,2,3.2844503,8.180985
TAGGTGTGTTCTGT-1,5,3.5518801,-0.5808306
TAGGTTCTGAAGGC-1,1,4.4690886,2.0371332
TAGGTTCTTCTTAC-1,3,13.136408,0.19544916
TAGGTTCTTGCTGA-1,6,12.311718,4.8447485
TAGTAAACCTCGCT-1,5,3.4904153,-1.4096107
TAGTAAACGTCACA-1,5,1.8465164,0.4548634
TAGTAATGAGATCC-1,5,4.9932356,0.7605458
TAGTACCTAAGAAC-1,6,12.983508,4.5748715
TAGTATGATCTTAC-1,2,1.7819039,7.723243
TAGTATGATTCTCA-1,1,3.5704367,2.0399873
TAGTCTTGGCTGTA-1,5,3.217031,-0.6274673
TAGTCTTGGGACTT-1,1,2.1660075,0.14831536
TAGTCTTGTGGAAA-1,0,-0.5283125,2.2587914
TAGTGGTGAAGTGA-1,4,-4.669566,1.9818052
TAGTTAGAACCACA-1,4,-4.362663,1.1156446
TAGTTAGATGAACC-1,5,3.9398832,-0.19919562
TATAAGACAACAGA-1,1,1.7810645,-0.19158296
TATAAGACAGCTCA-1,3,12.504699,-0.6656945
TATAAGTGACACCA-1,3,12.884854,-0.9437063
TATAAGTGTATCGG-1,6,13.677866,5.136657
TATAAGTGTGGTGT-1,3,12.041252,-0.6400738
TATACAGAACCCTC-1,0,-1.0977297,0.28052777
TATACAGAAGAACA-1,5,4.0336485,-1.3820038
TATACAGATCCAGA-1,1,2.5880923,0.7088316
TATACCACCTGATG-1,2,2.2928176,8.67079
TATACGCTACCAAC-1,1,2.6202078,1.334364
TATAGATGGACGGA-1,1,4.3804116,1.3554626
TATAGATGTTCCGC-1,3,12.129595,1.1770937
TATCACTGACTGTG-1,6,14.007055,4.909195
TATCCAACCAGCTA-1,6,13.185367,4.121235
TATCCAACTCTCTA-1,0,0.4495271,1.8092134
TATCGACTACTAGC-1,5,2.1379125,-0.1440156
TATCGACTCGATAC-1,3,12.3881855,-0.5119682
TATCGTACAGATGA-1,0,-0.43341842,0.9548604
TATCGTACATTCCT-1,6,13.105678,2.9277468
TATCTCGAGAGATA-1,5,3.2185388,-0.9486006
TATCTGACAGGTTC-1,0,-1.3382396,0.7855682
TATCTGACTGTTTC-1,0,0.38809276,0.9771254
TATCTTCTAAACAG-1,5,3.374646,-1.4966586
TATGAATGGAGGAC-1,4,-3.0778718,1.5092409
TATGAATGTTTGCT-1,3,12.898086,-0.6073516
TATGCGGATAACCG-1,1,2.808484,2.1610875
TATGGGTGCATCAG-1,4,-4.658007,2.2866874
TATGGGTGCTAGCA-1,2,2.8889508,6.835313
TATGGTCTCTACCC-1,5,2.3093166,0.12673593
TATGTCACGGAACG-1,2,1.934297,7.368385
TATGTCACTAACCG-1,3,11.182863,1.6649917
TATGTCACTTCTCA-1,2,2.4169672,7.5996847
TATGTGCTCCGATA-1,6,12.645831,4.4971333
TATGTGCTGGATTC-1,5,5.319714,-0.22712168
TATTGCTGAAGAAC-1,6,14.367901,3.585292
TATTGCTGCCGTTC-1,2,2.0132875,7.187189
TATTGCTGTCTGGA-1,5,3.9530635,-1.2974585
TATTGCTGTGCACA-1,0,0.40778947,0.4087559
TATTTCCTATTGGC-1,6,12.169534,3.1217074
TATTTCCTGGAGGT-1,0,-3.145492,0.82633287
TATTTCCTGGTGTT-1,1,3.7217264,0.9023806
TCAACACTGTTTGG-1,4,-3.9040928,2.099485
TCAAGGACAGCGTT-1,1,3.2283607,0.48499838
TCAAGGACATTCTC-1,0,-2.153556,0.42893985
TCAAGGACGGTGTT-1,6,12.462758,3.622678
TCAATCACACTCTT-1,0,-1.1358945,1.3171687
TCAATCACAGTCGT-1,3,13.0211,-0.31416464
TCACAACTATGTGC-1,1,2.0490484,1.0287358
TCACAACTTTGCTT-1,6,13.658611,4.3831134
TCACATACACTTTC-1,0,1.1402313,2.0576296
TCACATACAGGGTG-1,5,3.6811037,-1.558442
TCACCCGAGACGGA-1,6,11.783113,2.8184283
TCACCGTGCTCGCT-1,3,11.848673,-0.5207529
TCACCTCTACGACT-1,0,-0.014466906,1.8485191
TCACCTCTTCCAAG-1,3,12.60586,-0.512019
TCACGAGAGGAGGT-1,2,1.6563487,7.998513
TCACTATGGGGCAA-1,0,-1.0822875,1.2954371
TCACTATGGTTGTG-1,2,1.3891276,7.652443
TCAGACGACGCTAA-1,1,3.291544,2.4148788
TCAGACGACGTTAG-1,4,-3.9881191,0.8552867
TCAGAGACTCCAGA-1,5,4.4870157,-1.8525019
TCAGCAGACTCCAC-1,5,4.175602,-0.5639533
TCAGCGCTCTAGTG-1,0,0.22991467,1.3476175
TCAGCGCTGGATCT-1,2,2.518281,8.92027
TCAGCGCTGGTATC-1,0,-0.106879905,1.7796679
TCAGGATGAAGTAG-1,5,5.335564,-0.11789847
TCAGGATGCCTTTA-1,3,12.14303,-0.031242892
TCAGTGGAAGATCC-1,0,-0.15345436,0.39966065
TCAGTTACCTACGA-1,6,13.188496,4.7826433
TCAGTTACTAGAAG-1,1,3.29603,1.4852505
TCATCAACCCGATA-1,5,2.5177455,-1.1521665
TCATCAACTGTTCT-1,3,12.09973,2.4054782
TCATCATGCAGTTG-1,1,4.082212,1.3817449
TCATCCCTTACTGG-1,1,2.8193982,2.31481
TCATTCGATACAGC-1,3,12.277897,0.4906444
TCCACGTGGAAACA-1,5,4.2750735,-0.50899553
TCCACTCTACACTG-1,1,4.5025363,1.979712
TCCACTCTGAGCTT-1,6,12.126606,2.7263222
TCCACTCTTACTTC-1,2,1.2552909,7.8558
TCCATAACAAAGTG-1,5,3.9007757,0.067299485
TCCATAACCGTAGT-1,2,2.5589178,7.0764275
TCCATAACGATGAA-1,1,4.2112885,2.724341
TCCATAACTACGCA-1,5,4.024395,-0.88571024
TCCATCCTCCCTAC-1,0,-2.4353194,0.28623283
TCCCACGATCATTC-1,5,5.121805,0.09529536
TCCCATCTCAAAGA-1,6,12.14384,4.5427856
TCCCGAACACAGTC-1,4,-3.5239062,2.0036845
TCCCGAACTTCGCC-1,3,12.537112,-0.90759623
TCCCGATGAGATCC-1,1,4.329432,1.4519534
TCCCGATGCCTGAA-1,6,14.591087,4.0779157
TCCCGATGCTGTGA-1,0,1.538858,0.785209
TCCCTACTCAACTG-1,2,1.8539282,8.429974
TCCGAAGACAATCG-1,6,12.553244,4.519008
TCCGAAGACGTTAG-1,1,2.6138299,0.30080932
TCCGGACTGAGGTG-1,1,4.432297,1.5239475
TCCGGACTGTACGT-1,0,-0.18379734,1.332023
TCCTAAACATCGAC-1,5,2.5707793,-0.23084451
TCCTAAACCGAGAG-1,1,3.3122447,2.668806
TCCTAAACCGCATA-1,4,-3.529488,1.2548741
TCCTAATGGTTTGG-1,0,-2.3911853,0.6666793
TCCTACCTGTCGTA-1,1,3.1811512,1.7566483
TCCTATGAAAAGCA-1,0,-1.9127983,0.97554654
TCGAATCTCTGGTA-1,0,-1.7207155,0.07775717
TCGACCTGCCGATA-1,3,12.521426,-0.028362634
TCGACGCTTCTATC-1,6,12.320222,3.5992398
TCGACGCTTTGACG-1,1,3.9695117,1.7423375
TCGAGAACGACAGG-1,1,1.6063677,1.4538995
TCGAGAACGTTAGC-1,1,3.8632123,3.4449742
TCGAGCCTATCAGC-1,2,1.6166484,9.069178
TCGAGCCTGCGAGA-1,0,-0.09716823,1.5961534
TCGAGCCTTGTGAC-1,5,2.3012888,-0.35124096
TCGATACTATTCCT-1,0,1.430532,0.5318365
TCGATACTTGCACA-1,5,4.1342998,-0.2218349
TCGATTTGATGCCA-1,6,12.791273,5.01245
TCGATTTGCACTCC-1,5,3.7119646,-1.1471038
TCGATTTGCAGCTA-1,4,-4.6350126,1.2413251
TCGATTTGCCTACC-1,6,12.47554,3.7652698
TCGATTTGTCGTGA-1,2,1.8445625,7.6459937
TCGCACACCATCAG-1,6,14.349258,4.0957713
TCGCAGCTAGATCC-1,0,-0.120668404,1.5883061
TCGCCATGAGACTC-1,5,3.813472,-1.863671
TCGCCATGTGGTCA-1,2,2.2380006,8.385461
TCGGACCTAACAGA-1,5,4.7265577,-0.56356215
TCGGACCTATAAGG-1,2,2.9619749,7.9132924
TCGGACCTGTACAC-1,1,4.1962705,2.2189424
TCGGTAGAGTAGGG-1,5,4.951255,-1.2883443
TCGGTAGATCCCAC-1,2,3.3650322,7.6867456
TCGTAGGATCGACA-1,1,2.1879888,1.7992183
TCGTGAGAACTGTG-1,2,3.069356,9.104444
TCGTTATGGACAAA-1,1,2.6830566,1.5146056
TCTAACACCAGTTG-1,4,-3.5100899,0.8673594
TCTAACACGAGCAG-1,7,9.577107,2.911177
TCTAACTGAACCAC-1,1,1.8824968,1.8918421
TCTAAGCTAATGCC-1,5,3.9702191,-0.3166445
TCTAAGCTTAGTCG-1,0,-1.8474387,0.85335755
TCTAAGCTTCTAGG-1,3,12.41868,0.18407351
TCTAAGCTTGTTCT-1,6,13.576667,5.2109547
TCTAAGCTTTCGCC-1,2,1.1398124,8.450391
TCTACAACGACTAC-1,6,11.764843,2.9333858
TCTAGACTTAGAAG-1,6,13.432717,5.369112
TCTAGTTGCACCAA-1,3,11.538331,1.4974236
TCTATGTGAAGAGT-1,6,13.671963,2.8157668
TCTATGTGAGTCTG-1,0,-0.0973536,0.19896938
TCTCAAACCTAAGC-1,2,1.8440391,7.298401
TCTCTAGAATTTCC-1,1,2.7979872,1.570904
TCTGATACACGTGT-1,5,4.043207,-0.086225174
TCTGATACTCGCCT-1,5,4.116838,-0.89397436
TCTTACGAACCTGA-1,6,12.408184,4.253035
TCTTCAGAGCTACA-1,3,11.145168,1.693044
TCTTGATGCGGAGA-1,0,-0.96587116,0.43786067
TGAAATTGGTGAGG-1,6,11.715842,3.294372
TGAACCGAAAACGA-1,5,2.583345,-0.9221864
TGAACCGACTACTT-1,3,12.397929,-0.05213424
TGAACCGATTCGGA-1,3,12.016983,0.31994396
TGAAGCACTCACGA-1,0,0.1285793,2.112993
TGAAGCTGAACGAA-1,5,3.6822257,-0.63115233
TGAAGCTGAGACTC-1,5,2.464085,-1.8511416
TGAAGCTGCATGGT-1,2,2.441366,8.43193
TGAAGCTGCGTAAC-1,5,4.17532,-1.1538785
TGAATAACCACTTT-1,5,5.467441,0.17479742
TGAATAACTCCCAC-1,0,-2.0961862,0.48822194
TGACACGACCTTAT-1,2,1.3412578,8.322709
TGACCAGACAACCA-1,1,4.282771,1.1881362
TGACCAGAGGATTC-1,5,3.2484045,-0.8862055
TGACCGCTAAAAGC-1,1,3.6603293,2.285236
TGACCGCTCTGCAA-1,5,2.7520795,-2.016815
TGACGATGCAAAGA-1,6,13.345727,4.7372456
TGACGCCTGTACCA-1,1,3.7746036,3.653616
TGACGCCTTTACTC-1,1,4.57348,2.6496813
TGACTGGAAGAGAT-1,6,14.093422,3.7992048
TGACTGGACCGTAA-1,1,4.025035,2.2643495
TGACTGGACGCAAT-1,5,3.9188168,-0.6420201
TGACTGGAGGACAG-1,2,2.1144488,7.2349854
TGACTGGATTCTCA-1,1,2.146766,2.2372193
TGACTTACACACCA-1,1,4.286834,1.5709732
TGACTTACAGTCTG-1,6,11.726086,3.9921236
TGACTTTGCGCATA-1,5,3.1285312,-1.8619628
TGACTTTGTTTGTC-1,1,2.9854827,2.5716114
TGAGACACAAGGTA-1,0,1.4245235,2.4706175
TGAGACACTCAAGC-1,0,-0.089134544,1.795909
TGAGACACTGTGCA-1,5,2.514349,-0.7579362
TGAGCTGAATGCTG-1,3,12.6459,-0.009153605
TGAGCTGACTGGAT-1,6,13.106405,5.0805173
TGAGCTGAGCGAGA-1,5,3.0645382,-2.2481017
TGAGCTGATGCTAG-1,6,14.5768385,3.8617125
TGAGGACTCTCATT-1,6,12.522906,4.6982684
TGAGGACTTCATTC-1,1,3.333291,0.6499683
TGAGGTACGAACCT-1,3,12.327402,-0.27004087
TGAGTCGAGTTACG-1,2,2.9687119,8.9128275
TGAGTGACTGAGCT-1,5,3.977451,-0.76835567
TGATAAACGAATCC-1,1,3.743494,0.9757314
TGATAAACTCCGTC-1,4,-3.3078635,2.174237
TGATAAACTTTCAC-1,5,5.299849,-0.73938304
TGATACCTCACTAG-1,6,13.643052,5.1176147
TGATACCTGTTGGT-1,5,3.3060822,-0.09840916
TGATACCTTATGCG-1,1,3.152603,0.26060432
TGATACCTTGAAGA-1,5,5.021018,0.68976283
TGATATGAACCTTT-1,5,3.0575364,-0.5006502
TGATCACTAGCATC-1,0,0.21519274,1.9658238
TGATCACTCTCGCT-1,5,4.6289268,-1.8934592
TGATCACTTCTACT-1,2,1.8264018,8.555654
TGATCGGACTGACA-1,3,12.390035,-0.8250237
TGATCGGAGGAGCA-1,2,1.6185575,8.106326
TGATCGGATATGCG-1,3,13.337865,-0.3224579
TGATTAGACATTGG-1,1,2.7211828,2.315137
TGATTAGATGACTG-1,2,1.7658027,8.385032
TGATTAGATGCTAG-1,5,3.047626,-0.8033565
TGATTCACTATGCG-1,5,2.803948,-1.2335371
TGATTCACTGTCAG-1,2,2.1440408,7.3733273
TGATTCTGCCGAAT-1,1,3.2102635,2.3040578
TGATTCTGCTCTTA-1,5,4.5215583,0.23721425
TGCAAGTGAGAACA-1,1,2.679577,1.3249868
TGCAAGTGGGTAGG-1,6,13.571304,3.8505082
TGCAATCTTCAGGT-1,7,9.165553,2.8942816
TGCACAGACGACAT-1,4,-4.0473137,2.062312
TGCCAAGAGCAGTT-1,3,12.845373,1.0987194
TGCCAAGATCTCTA-1,1,2.5838423,0.980759
TGCCACTGAACGTC-1,1,3.6590054,1.9510378
TGCCACTGCGATAC-1,4,-4.4965515,0.9626856
TGCCAGCTTGGCAT-1,5,5.199792,0.3126981
TGCCCAACAGCAAA-1,1,2.476398,0.8968518
TGCCCAACCGCATA-1,3,12.5103,-0.20953865
TGCCGACTCTCCCA-1,2,2.2274518,7.6018233
TGCGAAACAGTCAC-1,2,3.32344,7.9773602
TGCGAAACGTTGCA-1,2,2.2012382,7.296667
TGCGATGAACGGTT-1,1,2.7024832,1.5090979
TGCGATGACCTCGT-1,5,4.5930543,-0.7030179
TGCGATGACTAGTG-1,2,3.0829432,7.2391996
TGCGATGACTGCTC-1,2,3.0515113,8.317184
TGCGATGACTTGCC-1,2,1.5408105,7.9074497
TGCGATGAGTGCTA-1,6,12.266082,4.1577973
TGCGCACTCTTGAG-1,6,13.519117,4.2739444
TGCGTAGAATAAGG-1,6,13.180515,4.196882
TGCGTAGACGGGAA-1,2,3.3143795,7.909499
TGCGTAGATGGTCA-1,3,11.83661,-0.06438786
TGCTAGGAAACCGT-1,0,0.4115302,1.7633555
TGCTAGGATAGTCG-1,5,2.802828,-0.7226416
TGCTATACGGTTCA-1,7,10.718177,3.198277
TGCTATACTGCTGA-1,0,-0.79838365,2.0171282
TGCTGAGAGAGCAG-1,4,-4.072356,1.7431371
TGCTGAGATTATCC-1,5,3.2585795,-0.5272179
TGGAAAGACTCTCG-1,2,2.161981,6.9253144
TGGAAAGAGCGATT-1,1,3.5948272,2.615963
TGGAAAGAGGTCAT-1,3,12.409533,-1.0283871
TGGAAAGATATGGC-1,5,1.8198756,-0.567684
TGGAACACAAACAG-1,4,-4.1702256,1.6521598
TGGAACACGCTAAC-1,0,0.4366382,1.0977532
TGGAAGCTCAGATC-1,5,4.9212375,-0.43327886
TGGACCCTACACTG-1,6,14.446423,3.7447815
TGGACCCTCATGGT-1,0,1.7436364,2.3868008
TGGACCCTGGTACT-1,3,12.216097,1.7807678
TGGACTGAGTATGC-1,1,3.7340798,2.0370545
TGGAGACTATCAGC-1,6,12.35826,3.7307656
TGGAGACTGAAACA-1,5,2.2167976,-1.7115467
TGGAGACTTCAAGC-1,5,3.5064812,-0.7015609
TGGAGACTTGACCA-1,0,-1.2362921,0.4460672
TGGAGGGACGGAGA-1,3,12.168166,2.1160593
TGGAGGGAGCTATG-1,0,1.7097523,-0.5044576
TGGATCGATAAAGG-1,5,4.028066,-0.20788454
TGGATGTGACCTAG-1,2,2.398692,7.862486
TGGATGTGATGTCG-1,0,-0.24354534,1.8949786
TGGATGTGTGAAGA-1,2,3.2590334,7.4783597
TGGATTCTCATACG-1,0,-0.5271799,2.2439818
TGGCAATGCTTGTT-1,2,2.7092617,8.4780245
TGGCAATGGAGGGT-1,0,0.73879766,1.2565936
TGGCACCTTCACGA-1,0,0.34358147,-0.11439497
TGGCACCTTCAGTG-1,6,11.738848,2.6545575
TGGGTATGAAGAGT-1,1,4.8317556,1.6848546
TGGGTATGCACAAC-1,1,3.566482,2.7638564
TGGGTATGGTACGT-1,2,1.7618498,8.969966
TGGGTATGTTTGGG-1,6,12.608513,2.9363616
TGGTAGACATGCCA-1,1,2.5908659,1.9756782
TGGTAGACCCTCAC-1,4,-4.350559,1.9917555
TGGTAGACCTGATG-1,1,4.452295,1.7784771
TGGTAGTGCACTGA-1,6,13.924496,2.677425
TGGTATCTAAACAG-1,5,3.415366,0.23657596
TGGTATCTCTTCCG-1,5,4.181313,-0.48663282
TGGTCAGACCCAAA-1,7,3.258288,0.09558556
TGGTCAGACCGTTC-1,4,-3.8090632,1.2140577
TGGTTACTGACGTT-1,6,12.542439,3.5175471
TGGTTACTGTTCTT-1,5,3.1368234,-0.22869252
TGTAACCTAGAGGC-1,5,2.730943,-0.39321792
TGTAACCTTGCCTC-1,3,11.708409,2.548817
TGTAATGACACAAC-1,4,-3.9885983,1.1635025
TGTAATGAGGTAAA-1,4,-2.7675328,1.585043
TGTACTTGCTCTAT-1,3,12.023991,-0.7510249
TGTAGGTGCGAGAG-1,2,1.428387,7.835675
TGTAGGTGCTATGG-1,1,2.2907915,1.2221104
TGTAGGTGCTCTAT-1,7,9.354142,2.8882086
TGTAGGTGTGCTGA-1,5,3.9291582,-1.5830606
TGTAGTCTTCCAGA-1,7,5.054988,1.7596781
TGTAGTCTTGCACA-1,0,-0.1273783,2.3258872
TGTATCTGTTAGGC-1,1,5.025686,1.5548548
TGTATGCTCATGGT-1,2,2.0252197,8.5608
TGTATGCTGTAGGG-1,5,2.161925,0.03558386
TGTATGCTTTCATC-1,0,1.5977336,-0.19020328
TGTCAGGAATACCG-1,5,4.5667334,-0.7804798
TGTCAGGAGATGAA-1,3,11.819679,-0.2764592
TGTCTAACCCCTTG-1,5,3.5520706,-2.1506734
TGTGACGATTCTCA-1,0,-1.1077027,0.95866245
TGTGAGACTGTCAG-1,3,12.689433,0.11200209
TGTGAGACTTGAGC-1,1,2.7814524,0.97717977
TGTGAGTGACCACA-1,5,4.061925,-2.094291
TGTGAGTGAGTGCT-1,3,11.850069,1.1330435
TGTGAGTGGAGATA-1,0,-0.8684681,0.34477282
TGTGATCTCTCTAT-1,2,2.5966983,7.88029
TGTGATCTGACACT-1,5,2.1492891,-0.6373107
TGTGGATGGCCAAT-1,2,2.8435776,8.896439
TGTTAAGACAAAGA-1,6,13.84345,4.2848444
TGTTAAGATAAGGA-1,6,13.0450115,5.10084
TGTTAAGATTGGCA-1,6,13.776233,4.3579807
TGTTACACCGCATA-1,3,12.052771,0.40358812
TGTTACACGACTAC-1,3,12.788844,0.2851375
TGTTACTGGCTACA-1,0,-0.31551546,1.6779513
TGTTACTGTAGTCG-1,0,-1.6625816,0.19588453
TTAACCACCGTAAC-1,1,2.367988,1.1855985
TTAACCACTAAGGA-1,0,-1.7271343,0.121748365
TTAACCACTCAGAC-1,0,0.62870884,1.5729724
TTACACACGTGTTG-1,5,2.4066322,-0.44426596
TTACACACTCCTAT-1,5,2.9725702,-1.4349353
TTACCATGAATCGC-1,6,13.29745,4.5553045
TTACCATGGTTGAC-1,5,5.260243,0.52800864
TTACCATGTGTCTT-1,0,0.19531536,0.64077634
TTACCATGTTGTGG-1,2,1.5801663,8.031958
TTACGACTGAGAGC-1,1,2.6224506,2.710626
TTACGACTTGACAC-1,6,13.984554,3.8452895
TTACGTACGTTCAG-1,8,16.74996,0.019340672
TTACTCGAACGTTG-1,7,3.7198644,4.667282
TTACTCGAAGAATG-1,6,12.010288,4.425062
TTACTCGACGCAAT-1,7,10.152869,2.7474763
TTACTCGAGGGTGA-1,1,4.1884856,1.1400477
TTACTCGATCTACT-1,4,-3.8588023,0.72906953
TTAGAATGTGGTGT-1,5,4.055004,-0.52439463
TTAGAATGTGTAGC-1,5,2.6204078,-1.953779
TTAGACCTCCTACC-1,5,2.7881508,-1.933317
TTAGACCTCCTTTA-1,6,13.517898,5.1193776
TTAGCTACAACCGT-1,1,4.162257,0.70116097
TTAGCTACTGTCCC-1,3,11.725592,1.3309697
TTAGCTACTTTCGT-1,1,2.6364903,1.3951992
TTAGGGACGCGAAG-1,0,-0.23644096,2.2779179
TTAGGGTGCTGGAT-1,2,3.1893067,7.260155
TTAGGGTGTCCTGC-1,3,11.832647,2.2209086
TTAGGTCTACTTTC-1,6,14.179366,4.3580933
TTAGTCACCAGTTG-1,1,4.3193502,1.3448458
TTAGTCTGAAAGCA-1,2,3.217101,7.07593
TTAGTCTGCCAACA-1,4,-3.8547876,1.8996708
TTAGTCTGTGCACA-1,1,2.043218,1.3846717
TTATCCGACTAGTG-1,2,3.2276492,8.030003
TTATCCGAGAAAGT-1,3,11.590472,1.8020235
TTATGAGAGATAAG-1,5,4.7436714,0.2179181
TTATGCACGTCACA-1,2,1.9671408,8.9020815
TTATGGCTTATGGC-1,7,9.172492,2.9041908
TTATTCCTATGCTG-1,6,12.511852,2.4080167
TTATTCCTGGACAG-1,2,1.5576342,8.566299
TTATTCCTGGTACT-1,2,1.821,7.372485
TTATTCCTTCGTGA-1,1,4.1854014,1.4765496
TTCAAAGATAAAGG-1,0,-0.70443946,1.5596387
TTCAACACAACAGA-1,5,4.857633,0.029709302
TTCAACACCCCAAA-1,6,13.754237,5.048623
TTCAACACGGACGA-1,3,12.408056,-0.40527785
TTCAAGCTAAGAAC-1,3,11.418946,2.5470629
TTCAAGCTAGATGA-1,5,5.000572,-0.45246062
TTCAAGCTGTTGAC-1,1,3.5722573,1.7379793
TTCAAGCTTCCAAG-1,1,2.327511,0.07957398
TTCAAGCTTGATGC-1,1,3.5336576,0.8252877
TTCAAGCTTTCGCC-1,5,2.1682894,0.021127488
TTCACAACCCGTTC-1,6,11.28616,3.016401
TTCACAACGTCTGA-1,3,12.657393,0.5407621
TTCAGACTACCCAA-1,5,2.2466433,-1.427943
TTCAGACTCTCGAA-1,1,4.359164,0.627402
TTCAGTACCGACTA-1,1,4.3024616,0.9261159
TTCAGTACTCAAGC-1,1,4.1340933,0.3440941
TTCAGTACTCCTAT-1,6,13.673633,4.5052357
TTCAGTTGCCAAGT-1,1,2.3061616,1.1973951
TTCAGTTGTCCTTA-1,7,9.905411,3.132381
TTCAGTTGTCTAGG-1,5,1.3282714,-0.17000511
TTCAGTTGTCTCGC-1,2,1.8810197,8.020227
TTCATCGAGGTGGA-1,6,13.289573,3.6235893
TTCATGTGTGGTGT-1,1,2.7869184,1.8667916
TTCATTCTATGTCG-1,6,12.771991,2.423097
TTCATTCTTCTCTA-1,5,3.3593464,-1.9008423
TTCCAAACCTATGG-1,6,12.423931,3.722031
TTCCAAACCTCCCA-1,2,2.5280533,7.5708475
TTCCAAACTCCCAC-1,4,-4.067335,1.3339468
TTCCAAACTTGACG-1,0,-2.2256293,0.31814125
TTCCATGACGAGAG-1,6,13.558452,5.0809283
TTCCATGACTGTCC-1,5,1.8442,-0.8628161
TTCCCACTTGAGGG-1,4,-4.368773,1.8005908
TTCCCACTTGTCTT-1,3,11.997067,2.5059965
TTCCTAGAAAGTGA-1,5,4.429886,-1.7990943
TTCCTAGACTAGTG-1,3,12.712251,0.5281367
TTCGAGGACTCTAT-1,1,2.137745,0.564424
TTCGAGGAGGGCAA-1,1,2.2757244,0.58246917
TTCGAGGATAGAAG-1,3,12.926457,-0.60283065
TTCGATTGAGCATC-1,5,2.7029805,-0.17611955
TTCGGAGAATGCCA-1,6,12.7446,4.769506
TTCGGAGATGTGCA-1,5,3.9143107,0.06230121
TTCGTATGAAAAGC-1,0,-2.490719,0.7278207
TTCGTATGGATAGA-1,0,-2.3976939,1.0971391
TTCGTATGGTCTGA-1,5,4.8129,-0.09767442
TTCGTATGTCCTTA-1,3,11.353195,2.6728623
TTCTACGAACGTAC-1,1,3.5406709,0.9787699
TTCTACGAGTTGGT-1,1,3.2469578,2.56679
TTCTAGTGACACGT-1,1,4.134357,1.9239465
TTCTAGTGCATGAC-1,6,12.765006,4.057597
TTCTAGTGGAGAGC-1,4,-3.775569,1.32959
TTCTAGTGGTCACA-1,3,11.689729,1.5455484
TTCTCAGAAGAGAT-1,1,3.2723207,0.048183717
TTCTCAGAAGCATC-1,2,3.0679398,7.6008625
TTCTCAGATGGAGG-1,1,4.235092,2.956812
TTCTGATGGAGACG-1,4,-4.709015,1.668033
TTCTTACTCTGGAT-1,3,13.368958,0.035147112
TTGAACCTCCTTGC-1,2,2.142625,9.067701
TTGAATGAACTACG-1,3,12.461197,0.0932089
TTGAATGACTTACT-1,5,3.1317587,-2.1884508
TTGAATGATCTCAT-1,2,1.5642408,7.21227
TTGACACTCTGTAG-1,5,1.3833841,0.14045045
TTGACACTGATAAG-1,2,3.047771,8.273637
TTGAGGACAGAACA-1,6,12.3783655,4.867144
TTGAGGACTACGCA-1,7,9.454051,2.7845623
TTGAGGTGGACGGA-1,5,2.8707762,-1.7673668
TTGCATTGAGCTAC-1,0,-1.2045825,1.4795195
TTGCATTGCTAAGC-1,6,12.913703,3.5663152
TTGCATTGTGACTG-1,1,2.335129,-0.0982065
TTGCTAACACCAAC-1,0,-0.75761336,1.6993523
TTGCTAACACGCTA-1,3,13.191342,-0.14574982
TTGCTAACCACTCC-1,5,5.0046835,-0.50497806
TTGCTATGGTACGT-1,6,12.423162,3.1239493
TTGCTATGGTAGGG-1,3,12.596531,-0.8153146
TTGGAGACCAATCG-1,1,4.727931,2.177795
TTGGAGACGCTATG-1,6,13.585148,4.5130196
TTGGAGACTATGGC-1,2,2.2246459,6.804241
TTGGGAACTGAACC-1,5,5.0131593,-0.92994905
TTGGTACTACTGGT-1,3,11.693507,1.065611
TTGGTACTCTTAGG-1,5,2.4848964,-1.3642719
TTGGTACTGAATCC-1,2,2.8142943,7.938889
TTGGTACTGGATTC-1,2,2.1681056,7.0852613
TTGTACACGTTGTG-1,2,2.7023382,7.6790924
TTGTACACTTGCAG-1,1,3.1091866,1.5462254
TTGTAGCTAGCTCA-1,0,1.347063,1.7279156
TTGTAGCTCTCTTA-1,2,2.4340587,8.489405
TTGTCATGGACGGA-1,4,-4.6388006,1.7249722
TTTAGAGATCCTCG-1,2,2.7611876,7.196595
TTTAGCTGATACCG-1,5,4.897927,-1.2186804
TTTAGCTGGATACC-1,6,13.403253,4.20073
TTTAGCTGTACTCT-1,7,10.106154,2.9294438
TTTAGGCTCCTTTA-1,6,13.986284,4.779973
TTTATCCTGTTGTG-1,3,12.0074835,1.7493544
TTTCACGAGGTTCA-1,5,5.0070686,-0.6517751
TTTCAGTGGAAGGC-1,0,0.42933837,2.1668978
TTTCAGTGTCACGA-1,2,3.352205,7.814537
TTTCAGTGTCTATC-1,6,13.257278,3.5998423
TTTCAGTGTGCAGT-1,2,2.8263035,8.054766
TTTCCAGAGGTGAG-1,1,3.3692584,2.750905
TTTCGAACACCTGA-1,7,8.558752,3.0898905
TTTCGAACTCTCAT-1,6,11.755825,3.1818438
TTTCTACTGAGGCA-1,2,2.7555645,6.2117653
TTTCTACTTCCTCG-1,2,2.1768591,8.769358
TTTGCATGAGAGGC-1,2,1.545214,7.4708962
TTTGCATGCCTCAC-1,1,4.7172346,1.0856379
