cell_id,total_counts,n_genes_by_counts,pct_counts_mt
AAACATACAACCAC-1,2421.0,781,3.0152828693389893
AAACATTGAGCTAC-1,4903.0,1352,3.793595790863037
AAACATTGATCAGC-1,3149.0,1131,0.8891711831092834
AAACCGTGCTTCCG-1,2639.0,960,1.7430845499038696
AAACCGTGTATGCG-1,981.0,522,1.2232415676116943
AAACGCACTGGTAC-1,2164.0,782,1.663585901260376
AAACGCTGACCAGT-1,2176.0,783,3.814338207244873
AAACGCTGGTTCTT-1,2260.0,790,3.0973451137542725
AAACGCTGTAGCCA-1,1276.0,533,1.1755485534667969
AAACGCTGTTTCTG-1,1103.0,550,2.9011785984039307
AAACTTGAAAAACG-1,3918.0,1116,2.628892183303833
AAACTTGATCCAGA-1,2392.0,751,1.08695650100708
AAAGAGACGAGATA-1,2412.0,866,1.0779435634613037
AAAGAGACGCGAGA-1,3034.0,1059,1.4172708988189697
AAAGAGACGGACTT-1,1152.0,458,2.34375
AAAGAGACGGCATT-1,792.0,335,2.3989899158477783
AAAGATCTGGGCAA-1,1348.0,552,5.934718132019043
AAAGCAGAAGCCAT-1,1158.0,567,5.094991207122803
AAAGCAGATATCGG-1,4586.0,1424,1.3955516815185547
AAAGCCTGTATGCG-1,2929.0,1014,1.7070672512054443
AAAGGCCTGTCTAG-1,4974.0,1446,1.5279452800750732
AAAGTTTGATCACG-1,1270.0,446,3.464566946029663
AAAGTTTGGGGTGA-1,3286.0,1020,2.5867316722869873
AAAGTTTGTAGAGA-1,1102.0,417,1.542649745941162
AAAGTTTGTAGCGT-1,2684.0,878,2.49627423286438
AAATCAACAATGCC-1,2321.0,789,1.1632916927337646
AAATCAACACCAGT-1,1414.0,510,1.9801980257034302
AAATCAACCAGGAG-1,2801.0,824,2.249196767807007
AAATCAACCCTATT-1,5680.0,1545,2.429577350616455
AAATCAACGGAAGC-1,3473.0,996,1.756406545639038
AAATCAACTCGCAA-1,2812.0,937,1.8492176532745361
AAATCATGACCACA-1,4128.0,1368,4.578488349914551
AAATCCCTCCACAA-1,956.0,428,1.987447738647461
AAATCCCTGCTATG-1,822.0,406,1.7031630277633667
AAATGTTGAACGAA-1,3211.0,1020,1.9308626651763916
AAATGTTGCCACAA-1,1761.0,786,0.6246451139450073
AAATGTTGTGGCAT-1,2763.0,1019,1.9182049036026
AAATTCGAAGGTTC-1,2741.0,750,2.2254650592803955
AAATTCGAATCACG-1,2567.0,822,1.9867550134658813
AAATTCGAGCTGAT-1,2971.0,982,2.1878156661987305
AAATTCGAGGAGTG-1,2981.0,876,2.482388496398926
AAATTCGATTCTCA-1,2643.0,930,1.4377601146697998
AAATTGACACGACT-1,2359.0,838,2.119542121887207
AAATTGACTCGCTC-1,3412.0,1014,1.4947245121002197
AACAAACTCATTTC-1,2179.0,732,1.4226709604263306
AACAAACTTTCGTT-1,2688.0,877,1.711309552192688
AACAATACGACGAG-1,2104.0,782,2.9942965507507324
AACACGTGCAGAGG-1,1801.0,787,0.8883953094482422
AACACGTGGAAAGT-1,2632.0,791,1.0258358716964722
AACACGTGGAACCT-1,2280.0,880,2.236842155456543
AACACGTGGCTACA-1,2653.0,801,2.412363290786743
AACACGTGTACGAC-1,3571.0,1215,2.7443292140960693
AACAGCACAAGAGT-1,689.0,343,2.467344045639038
AACATTGATGGGAG-1,4713.0,1460,3.161468267440796
AACCAGTGATACCG-1,3841.0,1250,2.7857329845428467
AACCCAGATCGCTC-1,2343.0,756,1.109688401222229
AACCGATGCTCCCA-1,2295.0,836,3.660130739212036
AACCGATGGTCATG-1,2633.0,824,2.088871955871582
AACCGATGTTCTAC-1,2296.0,827,2.5696864128112793
AACCGCCTAGCGTT-1,3391.0,1238,1.6514302492141724
AACCGCCTCTACGA-1,3998.0,1243,3.476738452911377
AACCTACTGTGAGG-1,5687.0,1652,1.5825567245483398
AACCTACTGTGTTG-1,2675.0,843,2.654205560684204
AACCTTACGAGACG-1,2771.0,825,2.5261638164520264
AACCTTACGCGAGA-1,1248.0,656,4.727564334869385
AACCTTACTAACGC-1,1947.0,776,1.6949152946472168
AACCTTTGGACGGA-1,2078.0,766,1.2993263006210327
AACCTTTGTACGCA-1,4621.0,1465,1.9692707061767578
AACGCAACAAGTAG-1,2049.0,790,1.5129331350326538
AACGCATGACCCAA-1,2778.0,871,2.195824384689331
AACGCATGCCTTCG-1,2866.0,803,2.686671257019043
AACGCATGTACTTC-1,2915.0,965,1.4065179824829102
AACGCCCTCGGGAA-1,2503.0,800,2.1973631381988525
AACGCCCTCGTACA-1,1915.0,876,1.409921646118164
AACGCCCTGCTTAG-1,1074.0,420,5.400372505187988
AACGCCCTGGCATT-1,1442.0,690,2.7739250659942627
AACGTCGAGTATCG-1,2149.0,988,2.0009305477142334
AACGTGTGAAAGCA-1,2820.0,906,2.4468085765838623
AACGTGTGGCGGAA-1,2071.0,741,2.076291561126709
AACGTGTGTCCAAG-1,1665.0,620,2.4624624252319336
AACGTGTGTGCTTT-1,1933.0,867,1.241593360900879
AACTACCTTAGAGA-1,2876.0,916,1.4951320886611938
AACTCACTCAAGCT-1,2607.0,969,3.1453778743743896
AACTCACTTGGAGG-1,2124.0,803,1.5065913200378418
AACTCGGAAAGTGA-1,1840.0,732,3.6413042545318604
AACTCGGAAGGTCT-1,1290.0,555,2.4031007289886475
AACTCTTGCAGGAG-1,2103.0,790,0.9985734820365906
AACTGTCTCCCTTG-1,2331.0,862,2.1879022121429443
AACTTGCTACGCTA-1,2336.0,900,2.654109477996826
AACTTGCTGGGACA-1,1864.0,674,2.199570894241333
AAGAACGAGTGTTG-1,780.0,397,1.4102563858032227
AAGAAGACGTAGGG-1,1440.0,663,2.0833332538604736
AAGACAGAAGTCTG-1,1125.0,563,1.8666666746139526
AAGACAGAGGATCT-1,2315.0,786,1.2526997327804565
AAGACAGATTACCT-1,2309.0,859,2.4686012268066406
AAGAGATGGGTAGG-1,1346.0,568,2.080237627029419
AAGATGGAAAACAG-1,878.0,412,2.50569486618042
AAGATGGAGAACTC-1,3117.0,1043,1.7003529071807861
AAGATGGAGATAAG-1,4023.0,1206,3.927417278289795
AAGATTACAACCTG-1,2119.0,702,1.6989145278930664
AAGATTACAGATCC-1,4065.0,1263,1.4760147333145142
AAGATTACCCGTTC-1,2763.0,929,2.5696706771850586
AAGATTACCGCCTT-1,3063.0,1079,1.7629774808883667
AAGATTACCTCAAG-1,2280.0,938,2.4561402797698975
AAGATTACTCCTCG-1,642.0,316,2.647974967956543
AAGCAAGAGCGAGA-1,2480.0,900,2.298387050628662
AAGCAAGAGCTTAG-1,2171.0,919,2.2109627723693848
AAGCAAGAGGTGTT-1,1698.0,862,1.707891583442688
AAGCACTGAGCAAA-1,3239.0,903,2.716887950897217
AAGCACTGCATACG-1,803.0,390,0.12453299760818481
AAGCACTGGTTCTT-1,6157.0,1717,2.3550429344177246
AAGCCAACGTGTTG-1,2764.0,819,1.4471780061721802
AAGCCATGAACTGC-1,7070.0,1877,1.400282859802246
AAGCCATGACACGT-1,1538.0,660,1.4954485893249512
AAGCCATGCGTGAT-1,2111.0,791,1.0895310640335083
AAGCCATGTCTCGC-1,909.0,478,3.5203521251678467
AAGCCTGACATGCA-1,1790.0,769,1.7877094745635986
AAGCCTGACCGAAT-1,1048.0,481,2.003816843032837
AAGCGACTCCTCAC-1,2103.0,819,1.711840271949768
AAGCGACTGTGTCA-1,3131.0,866,1.5969338417053223
AAGCGACTTACAGC-1,1494.0,600,1.807228922843933
AAGCGACTTTGACG-1,3668.0,1185,1.5267175436019897
AAGCGTACGTCTTT-1,2048.0,650,3.90625
AAGGCTTGCGAACT-1,2076.0,775,0.9152215719223022
AAGGTCACGGTTAC-1,1870.0,699,2.459892988204956
AAGGTCACTGTTTC-1,1775.0,642,1.8591549396514893
AAGGTCACTTCCCG-1,2387.0,857,2.471721887588501
AAGGTCTGACAGTC-1,2589.0,832,3.901120185852051
AAGGTCTGCAGATC-1,968.0,388,0.8264462947845459
AAGGTCTGGTATGC-1,715.0,351,5.0349650382995605
AAGTAACTCTGAAC-1,1874.0,710,2.187833547592163
AAGTAACTGAGATA-1,659.0,341,0.6069802641868591
AAGTAGGATACAGC-1,1725.0,894,1.8550724983215332
AAGTATACCGAACT-1,3253.0,935,1.8444513082504272
AAGTCCGACTTGTT-1,1523.0,604,2.429415702819824
AAGTCCGATAGAAG-1,3369.0,1008,1.840308666229248
AAGTCTCTAGTCGT-1,3287.0,985,2.3729844093322754
AAGTCTCTCGGAGA-1,1838.0,679,3.0467898845672607
AAGTGGCTTGGAGG-1,1572.0,603,2.03562331199646
AAGTTCCTCATTCT-1,2336.0,864,1.9691780805587769
AAGTTCCTTCTTAC-1,3265.0,1031,2.9402756690979004
AATAAGCTCGAATC-1,2760.0,887,2.355072498321533
AATAAGCTCGTTGA-1,1606.0,603,1.3075965642929077
AATACCCTGGACGA-1,1501.0,610,2.1985342502593994
AATACCCTGGCATT-1,3310.0,1119,1.5709969997406006
AATACTGAAAGGGC-1,1747.0,669,1.0303376913070679
AATACTGAATTGGC-1,1816.0,794,1.9273127317428589
AATAGGGAACCCTC-1,2877.0,963,1.56412935256958
AATAGGGAGAATGA-1,1864.0,756,3.5944206714630127
AATCAAACTATCGG-1,1457.0,637,2.264927864074707
AATCCGGAATGCTG-1,2805.0,1032,1.4973262548446655
AATCCTACCGGTAT-1,2440.0,776,2.5409836769104004
AATCCTTGACGGGA-1,2533.0,860,2.3687326908111572
AATCCTTGGTGAGG-1,1754.0,825,1.254275918006897
AATCGGTGGAACTC-1,1955.0,852,2.1483376026153564
AATCGGTGTGCTTT-1,1896.0,745,1.951476812362671
AATCTAGAAAAGTG-1,2582.0,858,1.9752130508422852
AATCTAGAATCGGT-1,3168.0,925,2.2095959186553955
AATCTCACAGCCTA-1,3553.0,1228,2.1390373706817627
AATCTCACTCTAGG-1,2149.0,806,0.8375988602638245
AATCTCTGAACAGA-1,2183.0,715,1.6032981872558594
AATCTCTGCTTTAC-1,1710.0,668,1.8128654956817627
AATGATACACCAAC-1,1918.0,779,0.7299270033836365
AATGATACGGTCAT-1,3095.0,1197,2.0032310485839844
AATGCGTGACACCA-1,2866.0,888,1.6050244569778442
AATGCGTGGACGGA-1,4439.0,1273,2.117594003677368
AATGCGTGGCTATG-1,2225.0,873,2.067415714263916
AATGGAGAATCGTG-1,2381.0,847,3.2759344577789307
AATGGAGATCCTTA-1,1959.0,781,2.5523226261138916
AATGGCTGACACCA-1,3038.0,959,2.3699803352355957
AATGGCTGCGTGAT-1,2211.0,805,1.9900497198104858
AATGGCTGTAAAGG-1,1286.0,554,4.821150779724121
AATGGCTGTACTCT-1,1208.0,604,4.966887474060059
AATGGCTGTGAAGA-1,2145.0,785,2.6573426723480225
AATGTAACGGTGGA-1,3047.0,978,0.557925820350647
AATGTAACGTTTGG-1,1130.0,537,5.22123908996582
AATGTCCTCTTCTA-1,3322.0,910,1.6556291580200195
AATGTTGACAGTCA-1,2739.0,936,1.9715224504470825
AATGTTGAGTTGAC-1,2996.0,997,1.5020027160644531
AATGTTGATCTACT-1,2673.0,961,1.7209128141403198
AATTACGAATTCCT-1,4511.0,1314,1.8842828273773193
AATTACGACTTCTA-1,2569.0,799,1.1677695512771606
AATTACGAGTAGCT-1,2712.0,997,5.4572272300720215
AATTACGAGTGAGG-1,3467.0,1112,0.9229881763458252
AATTACGATTGGCA-1,1731.0,677,3.58174467086792
AATTCCTGCTCAGA-1,1800.0,775,2.3888888359069824
AATTGATGTCGCAA-1,3973.0,1298,3.0958971977233887
AATTGTGACTTGGA-1,1973.0,657,1.7232640981674194
ACAAAGGAGGGTGA-1,2019.0,626,2.476473569869995
ACAAATTGATTCTC-1,4094.0,1313,2.6380069255828857
ACAAATTGCTCAGA-1,955.0,467,2.8272252082824707
ACAAATTGTTGCGA-1,2326.0,936,2.622527837753296
ACAACCGAGGGATG-1,2384.0,977,1.7617449760437012
ACAACCGAGTTACG-1,2106.0,780,1.804368495941162
ACAAGAGAAGTCGT-1,4145.0,1311,3.1845598220825195
ACAAGAGACTTATC-1,948.0,432,4.430379867553711
ACAAGAGAGTTGAC-1,1624.0,579,4.433497428894043
ACAATCCTAACCGT-1,2317.0,850,1.4674147367477417
ACAATCCTTAGCGT-1,1847.0,736,3.465078592300415
ACAATTGACTGACA-1,2165.0,800,2.170900583267212
ACAATTGATGACTG-1,1871.0,892,1.8706574440002441
ACACAGACACCTGA-1,551.0,299,6.170598983764648
ACACAGACCATACG-1,2024.0,860,2.223320245742798
ACACCAGAGGGCAA-1,1769.0,720,1.300169587135315
ACACCCTGGTGTTG-1,1808.0,822,1.3827433586120605
ACACGAACAGTTCG-1,1524.0,681,1.574803113937378
ACACGATGACGCAT-1,2060.0,954,2.7669901847839355
ACACGATGATGTGC-1,2314.0,889,3.45721697807312
ACACGATGTCGTAG-1,3652.0,1265,1.9167579412460327
ACACGATGTGGTCA-1,2311.0,919,1.687581181526184
ACAGACACGGCATT-1,2139.0,799,3.1323049068450928
ACAGACACGTTGTG-1,1984.0,833,1.0080645084381104
ACAGCAACACCTAG-1,1046.0,496,1.8164435625076294
ACAGCAACCTCAAG-1,4435.0,1476,2.0293123722076416
ACAGGTACCCCACT-1,2729.0,848,1.0260168313980103
ACAGGTACGCTGTA-1,2220.0,869,3.15315318107605
ACAGGTACTGGTGT-1,1886.0,1059,1.2725344896316528
ACAGTCGACCCAAA-1,1010.0,490,2.2772276401519775
ACAGTCGACCGATA-1,2070.0,897,1.0144927501678467
ACAGTGACTCACCC-1,2162.0,832,1.156336784362793
ACAGTGACTCTATC-1,2131.0,864,4.1295166015625
ACAGTGTGGTCACA-1,964.0,419,2.2821576595306396
ACAGTGTGTTGCGA-1,2274.0,856,2.242743968963623
ACATCACTCTACTT-1,2503.0,907,1.9176987409591675
ACATGGTGAAGCCT-1,2165.0,791,1.2009238004684448
ACATGGTGCAACCA-1,2147.0,756,2.7480204105377197
ACATGGTGCGAGTT-1,2048.0,771,1.171875
ACATGGTGCGTTGA-1,1562.0,690,5.377720832824707
ACATTCTGGCATAC-1,2850.0,957,1.6140351295471191
ACATTCTGGGAACG-1,3716.0,1190,1.668460726737976
ACCAACGACATGCA-1,2115.0,680,1.4184397459030151
ACCACAGAAAGTAG-1,1457.0,524,3.225806474685669
ACCACAGAGTTGGT-1,2860.0,908,1.2237762212753296
ACCACCTGTGTGCA-1,1177.0,506,1.6992353200912476
ACCACGCTACAGCT-1,2532.0,851,1.61927330493927
ACCACGCTACCCAA-1,1936.0,775,2.4793388843536377
ACCACGCTGCGAGA-1,1979.0,793,2.374936819076538
ACCACGCTGCTGTA-1,2009.0,748,3.5838725566864014
ACCAGCCTGACAGG-1,2569.0,951,1.4791747331619263
ACCAGTGAACGGTT-1,1730.0,643,3.3526010513305664
ACCAGTGAATACCG-1,3871.0,1277,3.2033066749572754
ACCAGTGAGGGATG-1,2445.0,828,0.8997954726219177
ACCAGTGATGACTG-1,1223.0,480,2.7800490856170654
ACCATTACCTTCTA-1,3415.0,969,1.903367519378662
ACCATTACGAGATA-1,2712.0,1112,0.7743362784385681
ACCATTTGTCATTC-1,1647.0,648,2.003643035888672
ACCCAAGAACTGTG-1,1704.0,805,2.1126761436462402
ACCCAAGAATTCCT-1,3563.0,1223,1.4875105619430542
ACCCAAGAGGACAG-1,2976.0,1023,1.1088709831237793
ACCCAAGATTCACT-1,1976.0,669,2.884615421295166
ACCCACTGCGCCTT-1,986.0,489,2.7383368015289307
ACCCACTGGACAGG-1,863.0,390,2.4333720207214355
ACCCACTGGTTCAG-1,568.0,350,1.2323943376541138
ACCCACTGTCGTAG-1,2874.0,1113,3.131524085998535
ACCCAGCTCAGAAA-1,2389.0,837,1.8836333751678467
ACCCAGCTGTTAGC-1,5535.0,1547,2.0596206188201904
ACCCAGCTTGCTTT-1,2495.0,840,0.44088175892829895
ACCCGTTGATGACC-1,1508.0,581,2.917771816253662
ACCCGTTGCTGCAA-1,2158.0,748,0.7414272427558899
ACCCGTTGCTTCTA-1,6092.0,1861,1.4281023740768433
ACCCTCGACCTATT-1,1727.0,735,2.200347423553467
ACCCTCGACGGTAT-1,1245.0,488,1.847389578819275
ACCCTCGATAAGGA-1,2847.0,1016,2.634351968765259
ACCCTCGATCAAGC-1,1444.0,585,2.8393352031707764
ACCGTGCTACCAGT-1,1938.0,797,1.5479875802993774
ACCGTGCTGGAACG-1,1909.0,769,2.2001047134399414
ACCTATTGCTGAGT-1,1190.0,490,2.605041980743408
ACCTATTGTGCCCT-1,4060.0,1307,2.7586207389831543
ACCTCCGAGTCCTC-1,2426.0,895,1.0717229843139648
ACCTCCGATATGCG-1,1789.0,686,2.5712687969207764
ACCTCCGATGCTGA-1,1789.0,602,2.291783094406128
ACCTCGTGAACCAC-1,1969.0,772,2.9964449405670166
ACCTGAGATATCGG-1,1524.0,704,3.74015736579895
ACCTGGCTAAGTAG-1,1870.0,892,2.8877005577087402
ACCTGGCTGTCTTT-1,836.0,446,5.263157844543457
ACCTTTGACTCCCA-1,3056.0,1169,2.225130796432495
ACCTTTGAGGAACG-1,4145.0,1375,3.3051869869232178
ACCTTTGAGGAAGC-1,3696.0,1189,1.704545497894287
ACGAACACCTTGTT-1,1736.0,892,1.3248847723007202
ACGAACTGGCTATG-1,8931.0,2455,1.5675736665725708
ACGAAGCTCTCCAC-1,796.0,355,1.0050251483917236
ACGAAGCTCTGAGT-1,7067.0,1856,3.3394651412963867
ACGACCCTATCTCT-1,4077.0,1317,2.0603384971618652
ACGACCCTGATGAA-1,2014.0,703,3.0287983417510986
ACGACCCTTGACAC-1,2795.0,825,1.6457960605621338
ACGACCCTTGACCA-1,2314.0,736,2.7225582599639893
ACGAGGGACAGGAG-1,7935.0,1997,1.461877703666687
ACGAGGGACGAACT-1,2762.0,892,2.498189687728882
ACGAGGGATGTAGC-1,3053.0,1034,2.3910906314849854
ACGAGTACCCTAAG-1,1261.0,545,1.8239492177963257
ACGAGTACGAATCC-1,3621.0,1188,1.574150800704956
ACGATCGAGGACTT-1,1607.0,659,0.9334163069725037
ACGATCGAGTCACA-1,3066.0,1056,1.98956298828125
ACGATGACAATGCC-1,2246.0,819,2.0480854511260986
ACGATGACTGGTCA-1,2634.0,979,1.8223234415054321
ACGATTCTACGGGA-1,1606.0,632,3.4246575832366943
ACGCAATGGTTCAG-1,1227.0,598,2.6079869270324707
ACGCACCTGTTAGC-1,1687.0,690,2.1339657306671143
ACGCCACTGAACTC-1,602.0,310,0.0
ACGCCGGAAACCAC-1,2243.0,803,2.273740530014038
ACGCCGGAAAGCCT-1,2145.0,743,0.8857808709144592
ACGCCGGAAATGCC-1,1102.0,560,2.2686026096343994
ACGCCTTGCTCCCA-1,2774.0,1073,3.028118133544922
ACGCGGTGGCGAGA-1,2432.0,844,2.0559210777282715
ACGCGGTGTGTGGT-1,2604.0,882,2.265744924545288
ACGCGGTGTTTGCT-1,2145.0,841,1.6317015886306763
ACGCTCACAGTACC-1,2367.0,815,2.7038445472717285
ACGCTCACCCTTGC-1,2165.0,771,2.3094687461853027
ACGCTGCTGTTCTT-1,1956.0,976,1.0736196041107178
ACGGAACTCAGATC-1,2155.0,986,1.8561484813690186
ACGGAACTGTCGTA-1,2153.0,820,3.9015326499938965
ACGGAGGACTCTTA-1,2614.0,957,2.869166135787964
ACGGATTGGGAGGT-1,1655.0,640,2.77945613861084
ACGGATTGGTTAGC-1,3068.0,1012,1.8252933025360107
ACGGCTCTGAGCAG-1,2389.0,927,2.5115110874176025
ACGGCTCTTGCACA-1,2535.0,794,1.8934911489486694
ACGGTAACCGCTAA-1,1867.0,753,2.678093194961548
ACGGTAACCTTCGC-1,1944.0,791,2.314814805984497
ACGGTAACGGTGGA-1,811.0,366,4.192355155944824
ACGGTAACTCGCAA-1,1213.0,539,2.225886344909668
ACGGTATGAGTCGT-1,1764.0,752,2.4376416206359863
ACGGTATGGGTATC-1,2149.0,769,3.815728187561035
ACGGTATGGTTGTG-1,1947.0,650,2.2598869800567627
ACGGTCCTAACGGG-1,2197.0,947,1.365498423576355
ACGGTCCTCGGGAA-1,2254.0,771,2.3513753414154053
ACGTAGACAACCAC-1,2028.0,824,0.9861932992935181
ACGTAGACTACAGC-1,1829.0,744,1.7495899200439453
ACGTCAGAAACGAA-1,2167.0,837,2.1688971519470215
ACGTCAGAGAGCTT-1,1911.0,723,2.407116651535034
ACGTCAGAGGGATG-1,1541.0,640,1.492537260055542
ACGTCCTGATAAGG-1,2627.0,923,3.502093553543091
ACGTCCTGTGAACC-1,3303.0,1174,2.4220404624938965
ACGTCGCTCCTGAA-1,3932.0,1597,1.856561541557312
ACGTCGCTCTATTC-1,1585.0,699,3.40693998336792
ACGTCGCTTCTCAT-1,1602.0,618,2.4968788623809814
ACGTGATGCCATGA-1,5441.0,1418,2.6281933784484863
ACGTGATGGGTCTA-1,2638.0,820,1.8953752517700195
ACGTGATGTAACCG-1,2976.0,1047,1.545698881149292
ACGTGATGTGACAC-1,2135.0,981,3.185011625289917
ACGTGCCTCCGTAA-1,2177.0,866,1.3780431747436523
ACGTGCCTTCTATC-1,1081.0,527,3.70027756690979
ACGTTACTTTCCAT-1,1968.0,762,1.6260162591934204
ACGTTGGAAAAGCA-1,2187.0,717,1.9204390048980713
ACGTTGGAAACCTG-1,2217.0,860,4.014433860778809
ACGTTGGACCGTAA-1,1383.0,603,2.458423614501953
ACGTTGGAGCCAAT-1,1780.0,828,2.2471909523010254
ACGTTGGATATGGC-1,1052.0,476,1.2357414960861206
ACGTTGGATCAGGT-1,2801.0,1071,1.499464511871338
ACGTTTACATCAGC-1,2368.0,775,1.5625
ACTAAAACCCACAA-1,1268.0,614,1.4195584058761597
ACTAAAACTCGACA-1,2584.0,913,2.089783191680908
ACTACGGAATTTCC-1,2188.0,836,1.9195612668991089
ACTACGGACCTATT-1,1804.0,669,2.6607539653778076
ACTACGGATCGCTC-1,2471.0,942,1.375961184501648
ACTACTACTAAGGA-1,2339.0,792,2.3941855430603027
ACTAGGTGGAACCT-1,1980.0,871,1.3636363744735718
ACTAGGTGGAACTC-1,3531.0,1046,1.6992353200912476
ACTATCACCTTGGA-1,2050.0,859,3.0731706619262695
ACTATCACTGCCAA-1,2222.0,793,1.6651664972305298
ACTCAGGACTGAAC-1,2160.0,822,0.5555555820465088
ACTCAGGATCTATC-1,1870.0,751,1.4973262548446655
ACTCAGGATTCGTT-1,1009.0,435,1.9821605682373047
ACTCCTCTCAACTG-1,3267.0,1142,2.0814201831817627
ACTCGCACGAAAGT-1,1824.0,781,1.644736886024475
ACTCGCACTACGAC-1,1872.0,718,1.1217948198318481
ACTCTCCTGACACT-1,1237.0,471,2.910266876220703
ACTCTCCTGCATAC-1,5861.0,1750,1.7403173446655273
ACTCTCCTGTTTGG-1,2755.0,892,1.9237749576568604
ACTGAGACAACCAC-1,1944.0,841,3.5493826866149902
ACTGAGACCCATAG-1,3635.0,1156,1.788170576095581
ACTGAGACGTTGGT-1,3991.0,1031,1.7539464235305786
ACTGCCACACACGT-1,2120.0,912,1.603773593902588
ACTGCCACTCCGTC-1,1739.0,873,4.08280611038208
ACTGGCCTTCAGTG-1,1656.0,824,2.053140163421631
ACTGTGGACGTGTA-1,3185.0,1233,2.1036107540130615
ACTGTGGATCTAGG-1,4412.0,1312,2.2892112731933594
ACTGTTACCCACAA-1,1262.0,575,3.2488114833831787
ACTGTTACTGCAGT-1,1658.0,605,2.2919180393218994
ACTTAAGAACCACA-1,2297.0,717,2.263822317123413
ACTTAAGACCACAA-1,1629.0,665,5.831798553466797
ACTTAAGATTACTC-1,2822.0,1019,2.870304822921753
ACTTAGCTGCGTAT-1,3267.0,1215,1.5610651969909668
ACTTAGCTGGGAGT-1,2502.0,928,0.9192646145820618
ACTTCAACAAGCAA-1,5419.0,1780,3.081749439239502
ACTTCAACGTAGGG-1,1259.0,657,1.111993670463562
ACTTCCCTTTCCGC-1,2072.0,718,1.3030887842178345
ACTTCTGACATGCA-1,1655.0,646,4.3504533767700195
ACTTGACTCCACAA-1,1999.0,808,1.6008003950119019
ACTTGGGAGAAAGT-1,3624.0,1120,2.897351026535034
ACTTGGGAGGTTTG-1,1645.0,750,1.7629178762435913
ACTTGGGATGTGAC-1,792.0,390,0.1262626200914383
ACTTGGGATTGACG-1,3111.0,1100,2.3465123176574707
ACTTGTACCCGAAT-1,2501.0,911,5.5977606773376465
ACTTGTACCTGTCC-1,1149.0,456,1.2184507846832275
ACTTTGTGCGATAC-1,600.0,267,8.0
ACTTTGTGGAAAGT-1,2368.0,755,1.1402027606964111
ACTTTGTGGATAGA-1,3145.0,1118,1.3990460634231567
AGAAACGAAAGTAG-1,1430.0,571,2.8671329021453857
AGAAAGTGCGCAAT-1,3021.0,867,2.0191988945007324
AGAAAGTGGGGATG-1,1968.0,728,1.6260162591934204
AGAACAGAAATGCC-1,1879.0,916,1.7030335664749146
AGAACAGACGACTA-1,981.0,491,2.548419952392578
AGAACAGAGACAAA-1,3002.0,960,1.7321785688400269
AGAACGCTTTGCTT-1,1763.0,625,2.155416965484619
AGAAGATGTGACTG-1,3604.0,1090,0.9988901019096375
AGAATGGAAGAAGT-1,2052.0,772,1.023391842842102
AGAATTTGTAACCG-1,3259.0,968,1.0739490985870361
AGAATTTGTAGAGA-1,1428.0,480,4.13165283203125
AGACACACTGTAGC-1,2229.0,810,1.3010318279266357
AGACACTGTCAAGC-1,1944.0,725,1.6975308656692505
AGACCTGAAGTAGA-1,2595.0,1016,2.042389154434204
AGACCTGACCAACA-1,2999.0,1011,2.967655897140503
AGACCTGAGGAAGC-1,2875.0,1075,1.878260850906372
AGACGTACAGAGGC-1,2193.0,808,1.2767897844314575
AGACGTACCCCTAC-1,1517.0,672,3.098220109939575
AGACGTACCTCTTA-1,2886.0,950,4.192654132843018
AGACGTACTCGTGA-1,2242.0,862,4.148082256317139
AGACTGACCATCAG-1,1895.0,766,3.430079221725464
AGACTGACCCTTTA-1,2911.0,963,2.713844060897827
AGACTTCTCATGCA-1,1302.0,507,2.8417818546295166
AGAGATGACAGTCA-1,1340.0,570,3.2089552879333496
AGAGATGACTGAAC-1,1974.0,678,2.3809523582458496
AGAGATGAGGTTTG-1,2060.0,768,2.864077568054199
AGAGATGATCTCGC-1,3371.0,1037,3.648768901824951
AGAGATGATTGTGG-1,2339.0,885,1.581872582435608
AGAGCGGAGGCAAG-1,5230.0,1426,1.3575525283813477
AGAGGTCTACAGCT-1,10783.0,2815,2.615227699279785
AGAGTCTGGTCGTA-1,4469.0,1496,3.557842969894409
AGAGTGCTCAGCTA-1,1566.0,587,1.9157087802886963
AGAGTGCTCGAATC-1,2532.0,879,1.9747235774993896
AGAGTGCTGTCATG-1,3580.0,924,1.5083799362182617
AGAGTGCTGTCCTC-1,1944.0,783,2.109053611755371
AGAGTGCTGTGTTG-1,1635.0,696,3.2415902614593506
AGATATACCCGTAA-1,2260.0,1057,1.504424810409546
AGATATACGATGAA-1,2386.0,783,4.819782257080078
AGATATACTGTTCT-1,2358.0,867,1.18744695186615
AGATATTGCCTACC-1,2395.0,919,1.0020877122879028
AGATATTGGCCAAT-1,4076.0,1251,1.4474974870681763
AGATCGTGTCTGGA-1,2988.0,1023,1.1713520288467407
AGATCGTGTTTGTC-1,1844.0,727,1.1930586099624634
AGATCTCTATCACG-1,1501.0,645,2.7315123081207275
AGATTAACGTTCTT-1,3876.0,1217,2.321981430053711
AGATTCCTATCGTG-1,2499.0,929,0.8403361439704895
AGATTCCTCACTTT-1,2200.0,792,2.7272727489471436
AGATTCCTGACGAG-1,2736.0,994,2.595029354095459
AGATTCCTGTTCAG-1,2318.0,1025,3.1924071311950684
AGCAAAGATATGCG-1,2434.0,946,2.259654998779297
AGCACAACAGTCTG-1,1625.0,600,2.0923078060150146
AGCACTGAGGGAGT-1,2621.0,881,0.9156810641288757
AGCACTGATATGCG-1,2297.0,975,0.9142359495162964
AGCACTGATGCTTT-1,5153.0,1609,2.192897319793701
AGCACTGATTGCGA-1,2158.0,758,1.8535680770874023
AGCATCGAAGATCC-1,1726.0,772,2.375434637069702
AGCATCGAAGGGTG-1,2172.0,682,1.6574585437774658
AGCATCGAGCTTCC-1,2587.0,998,3.942790985107422
AGCATCGAGTGAGG-1,2979.0,979,1.7455521821975708
AGCATCGATAACCG-1,2780.0,1045,1.3669065237045288
AGCATGACGATGAA-1,1870.0,706,2.085561513900757
AGCCAATGGGGAGT-1,1876.0,808,1.599147081375122
AGCCAATGTATCTC-1,2617.0,855,1.7959495782852173
AGCCACCTGGATCT-1,1983.0,819,2.218860387802124
AGCCGGTGCCAATG-1,3729.0,1147,1.0726736783981323
AGCCGGTGTGTTTC-1,2196.0,742,1.4571949243545532
AGCCGTCTCAATCG-1,2919.0,914,4.282288551330566
AGCCGTCTGAGAGC-1,3005.0,969,2.5956737995147705
AGCCTCACGTTCGA-1,2157.0,704,1.6689846515655518
AGCCTCACTGTCAG-1,4816.0,1398,1.4119601249694824
AGCCTCTGCAGTTG-1,1473.0,581,2.511880397796631
AGCCTCTGCCAATG-1,1679.0,809,1.6676592826843262
AGCGAACTGGATCT-1,3139.0,921,2.676011562347412
AGCGAACTTACTGG-1,2117.0,805,1.4170997142791748
AGCGATACGGAGCA-1,1590.0,542,1.9496855735778809
AGCGATTGAGATCC-1,1919.0,888,2.1886398792266846
AGCGCCGAATCTCT-1,1279.0,519,1.2509772777557373
AGCGCCGACAGAGG-1,2678.0,1092,1.6430171728134155
AGCGCTCTACCTTT-1,1767.0,762,1.4714205265045166
AGCGGCACCGGGAA-1,2103.0,698,1.616737961769104
AGCGGCTGATGTGC-1,2269.0,752,1.6306743621826172
AGCGGGCTTGCCAA-1,2244.0,771,1.5151515007019043
AGCGTAACATGCTG-1,2424.0,899,1.938943862915039
AGCGTAACTGAGAA-1,3081.0,1101,1.9798766374588013
AGCTCGCTACTGGT-1,2531.0,760,2.09403395652771
AGCTCGCTCTGCTC-1,2673.0,881,1.45903480052948
AGCTGAACCATACG-1,3218.0,1124,3.760099411010742
AGCTGAACCTCTCG-1,2320.0,809,1.8965517282485962
AGCTGCCTTGGGAG-1,1037.0,445,4.435872554779053
AGCTGCCTTTCATC-1,5212.0,1703,2.9547197818756104
AGCTGCCTTTCTGT-1,2282.0,789,2.0595967769622803
AGCTGTGATCCAAG-1,1551.0,641,3.6105737686157227
AGCTTTACAAGTAG-1,2261.0,819,1.636444091796875
AGCTTTACACCAAC-1,2114.0,890,3.1220436096191406
AGCTTTACTCTCAT-1,2570.0,767,1.5953307151794434
AGGAAATGAGGAGC-1,1880.0,806,0.6914893388748169
AGGAACCTCTTAGG-1,3844.0,1323,2.9396462440490723
AGGAACCTTGCCTC-1,2188.0,942,1.8738573789596558
AGGAATGATAACGC-1,1975.0,807,2.7848100662231445
AGGAATGATTTGTC-1,2648.0,981,1.3217523097991943
AGGAGTCTGGTTTG-1,2508.0,888,2.3923444747924805
AGGAGTCTTGTCAG-1,1978.0,726,1.617795705795288
AGGATAGACATTTC-1,4146.0,1190,1.109503149986267
AGGATAGAGGATTC-1,1963.0,826,1.0697910785675049
AGGATGCTACTAGC-1,1805.0,661,1.1634348630905151
AGGATGCTTTAGGC-1,1401.0,713,2.212705135345459
AGGCAACTGAAGGC-1,2698.0,816,2.779836893081665
AGGCAGGAGTACCA-1,2152.0,822,3.7639405727386475
AGGCCTCTAGTCGT-1,2264.0,806,0.7950530052185059
AGGCCTCTCGGAGA-1,2388.0,864,2.051926374435425
AGGCCTCTCGTAAC-1,1205.0,464,0.6639004349708557
AGGGACGACGTTGA-1,1857.0,664,2.1540119647979736
AGGGACGAGTCAAC-1,1957.0,931,1.5329586267471313
AGGGACGAGTTGTG-1,2746.0,860,1.3109978437423706
AGGGACGATAGAGA-1,1722.0,674,3.890824556350708
AGGGACGATGCATG-1,1783.0,803,1.065619707107544
AGGGAGTGAGCCTA-1,997.0,464,0.8024072051048279
AGGGCCACCATACG-1,2047.0,788,1.6121152639389038
AGGGCGCTAACCAC-1,3558.0,1068,2.4451940059661865
AGGGCGCTATGGTC-1,1609.0,781,4.474829196929932
AGGGTGGACAGTCA-1,2229.0,843,2.4674742221832275
AGGGTGGACTCAAG-1,2072.0,779,2.123552083969116
AGGGTGGAGTTGCA-1,2253.0,873,1.819795846939087
AGGGTTTGTTCATC-1,1795.0,707,2.172701835632324
AGGTCATGAGTGTC-1,925.0,492,3.2432432174682617
AGGTCATGCTTATC-1,1588.0,669,2.015113353729248
AGGTCTGATTCTCA-1,2731.0,982,2.0871474742889404
AGGTGGGAAGAATG-1,2033.0,749,1.475651741027832
AGGTGGGAAGTTCG-1,2474.0,789,1.3742926120758057
AGGTGTTGGTTACG-1,2090.0,780,1.2918660640716553
AGGTTCGAACCTCC-1,1346.0,561,1.8573551177978516
AGGTTCGAACGTAC-1,1592.0,655,1.4447236061096191
AGGTTCGAGGGTGA-1,1155.0,432,2.3376622200012207
AGTAAGGAGTTTGG-1,1928.0,801,1.659751057624817
AGTAAGGATTCTTG-1,2894.0,945,0.9675189852714539
AGTAATACATCACG-1,1832.0,770,2.3471615314483643
AGTAATACCGAACT-1,1236.0,503,2.5080904960632324
AGTAATTGTCCCAC-1,1892.0,766,1.4799153804779053
AGTACGTGAGGGTG-1,2386.0,776,1.6345348358154297
AGTACGTGCTGCAA-1,3001.0,970,1.2662445306777954
AGTACGTGCTTGGA-1,3506.0,989,1.2264689207077026
AGTACTCTACGTGT-1,1604.0,654,1.8703241348266602
AGTACTCTCAACCA-1,1766.0,762,4.869761943817139
AGTACTCTCGGTAT-1,2063.0,882,1.5511391162872314
AGTAGGCTTGCCTC-1,3561.0,1236,2.780117988586426
AGTATAACTTGTCT-1,4455.0,1499,3.209876537322998
AGTATCCTAGAACA-1,1826.0,626,0.8762322068214417
AGTCACGATGAGCT-1,3719.0,1380,1.4520032405853271
AGTCAGACGAATAG-1,3305.0,1170,1.6641452312469482
AGTCAGACGCTTAG-1,1011.0,491,3.1651830673217773
AGTCAGACTAGAGA-1,1994.0,833,1.905717134475708
AGTCAGACTGCACA-1,2820.0,924,1.4893616437911987
AGTCCAGATATCTC-1,1746.0,581,1.9473081827163696
AGTCCAGATTTCAC-1,2095.0,842,1.5751789808273315
AGTCGAACCAACCA-1,1547.0,596,2.32708477973938
AGTCGCCTCCGTAA-1,2231.0,811,0.7619901299476624
AGTCTACTAGGGTG-1,1192.0,542,0.9228187799453735
AGTCTACTTGCATG-1,5204.0,1572,3.3243658542633057
AGTCTTACACCACA-1,2425.0,758,1.8556700944900513
AGTCTTACTTCGCC-1,2129.0,854,3.569751024246216
AGTCTTACTTCGGA-1,664.0,274,0.7530120611190796
AGTGACTGCAACTG-1,4697.0,1413,3.0870769023895264
AGTGTTCTAACCTG-1,2858.0,872,0.9447165727615356
AGTGTTCTATAAGG-1,1309.0,559,2.291825771331787
AGTGTTCTCACTTT-1,2772.0,907,1.2265511751174927
AGTTAAACCACTTT-1,3024.0,951,2.7116401195526123
AGTTATGAACAGTC-1,3624.0,1175,1.628035306930542
AGTTATGACTGAGT-1,2087.0,946,0.5749880075454712
AGTTATGAGTTCAG-1,2863.0,905,2.9339852333068848
AGTTCTACCAGCTA-1,1632.0,737,2.4509804248809814
AGTTCTTGAAGCCT-1,1279.0,604,2.8146989345550537
AGTTGTCTACTACG-1,2879.0,843,1.945119857788086
AGTTTAGATGGTCA-1,1395.0,606,2.4372758865356445
AGTTTCACGGTCTA-1,2520.0,1079,1.1507936716079712
AGTTTGCTACAGTC-1,2092.0,668,1.7686424255371094
AGTTTGCTACTGGT-1,1942.0,785,3.347064971923828
AGTTTGCTCCAAGT-1,2050.0,726,0.5365853905677795
ATAAACACAGTGCT-1,2500.0,978,1.840000033378601
ATAAACACCACCAA-1,2918.0,941,3.6668951511383057
ATAACAACATGCTG-1,2231.0,994,3.0479605197906494
ATAACAACGTCTAG-1,1672.0,655,2.8708133697509766
ATAACAACTTTGTC-1,3132.0,1013,2.3307790756225586
ATAACATGTACTCT-1,2776.0,987,1.4409221410751343
ATAACCCTGTTGGT-1,1638.0,591,3.0525031089782715
ATAACCCTTGGTAC-1,2949.0,1041,0.6103764176368713
ATAAGTACGAATGA-1,1562.0,625,1.6645326614379883
ATAAGTTGGTACGT-1,1355.0,582,2.435424327850342
ATAAGTTGTCTAGG-1,2338.0,814,3.4644994735717773
ATAATCGAGCTGAT-1,1386.0,570,1.948051929473877
ATAATCGATGGTTG-1,2348.0,775,0.5536627173423767
ATAATGACCTACTT-1,2215.0,822,1.2189615964889526
ATAATGACTCGTGA-1,1843.0,715,2.550189971923828
ATACAATGTTAGGC-1,2148.0,738,1.6759777069091797
ATACCACTCGTACA-1,2896.0,956,2.0718231201171875
ATACCACTCTAAGC-1,4138.0,1178,2.416626453399658
ATACCACTGCCAAT-1,1580.0,743,3.3544304370880127
ATACCGGAATGCTG-1,6582.0,1861,2.294135570526123
ATACCGGACATTTC-1,2213.0,841,1.8978761434555054
ATACCGGACTTCGC-1,2694.0,944,2.2271714210510254
ATACCGGAGGTGTT-1,2129.0,783,2.1606388092041016
ATACCGGATCTCGC-1,1786.0,643,2.6315789222717285
ATACCTACGCATCA-1,2761.0,924,2.0282506942749023
ATACCTTGGGGCAA-1,3678.0,936,1.3866231441497803
ATACGGACAGACTC-1,877.0,431,4.104903221130371
ATACGGACCTACTT-1,1042.0,490,2.207293748855591
ATACGGACGAGGTG-1,1218.0,532,3.119868755340576
ATACGGACTATGCG-1,1474.0,524,2.1709632873535156
ATACGGACTCTGGA-1,1470.0,620,3.4693877696990967
ATACGTCTTAACGC-1,2011.0,749,4.525111675262451
ATACTCTGCTTCGC-1,4474.0,1334,2.1680822372436523
ATACTCTGGTATGC-1,1619.0,834,2.1618282794952393
ATAGATACCATGGT-1,2183.0,790,1.8323408365249634
ATAGATACGACGAG-1,2123.0,702,2.684879779815674
ATAGATTGGTGTAC-1,2749.0,892,2.000727653503418
ATAGCCGAACGGAG-1,2095.0,693,2.6730310916900635
ATAGCGTGCAGATC-1,2448.0,784,1.0620914697647095
ATAGCGTGCCCTTG-1,3004.0,944,1.131824254989624
ATAGCGTGGTATCG-1,1069.0,471,1.7773619890213013
ATAGCGTGTCTCTA-1,2273.0,839,1.8477783203125
ATAGCTCTCTGATG-1,1163.0,529,2.923473834991455
ATAGCTCTGAGGTG-1,1975.0,729,2.126582384109497
ATAGGAGAAACAGA-1,3554.0,1084,2.1947102546691895
ATAGGCTGTCAGAC-1,2173.0,802,1.65669584274292
ATAGTCCTAGTGTC-1,2205.0,886,2.131519317626953
ATAGTCCTTGCATG-1,2055.0,815,0.7785888314247131
ATAGTCCTTGTCGA-1,2662.0,856,1.1269721984863281
ATAGTTGACAACTG-1,2184.0,746,1.6025640964508057
ATAGTTGACCCTCA-1,4273.0,1318,1.8722208738327026
ATAGTTGAGACGTT-1,2030.0,545,3.0049262046813965
ATAGTTGATAAGCC-1,1870.0,696,1.6577540636062622
ATATACGAAGCCAT-1,2505.0,872,1.6367264986038208
ATATACGAATTGGC-1,3935.0,1154,1.3214739561080933
ATATAGTGGAATGA-1,1062.0,467,2.919020652770996
ATATGCCTAGATCC-1,1910.0,725,2.0418848991394043
ATATGCCTGGACAG-1,3509.0,1027,2.1658592224121094
ATATGCCTTCTCTA-1,1090.0,479,1.3761467933654785
ATATGCCTTGGTAC-1,2021.0,728,1.7318159341812134
ATCAAATGAGCCTA-1,2562.0,926,3.122560501098633
ATCAAATGGGTAAA-1,4211.0,1282,2.2797434329986572
ATCAACCTAAACGA-1,2638.0,907,0.8339651226997375
ATCAACCTGAGGAC-1,2312.0,833,2.7249135971069336
ATCAACCTTCTCTA-1,2505.0,1024,2.994011878967285
ATCAACCTTTGTCT-1,2572.0,838,1.9051321744918823
ATCACACTTTGTCT-1,2560.0,900,2.109375
ATCACGGATTGCTT-1,975.0,457,5.846153736114502
ATCACGGATTTCGT-1,1792.0,737,2.1763393878936768
ATCATCTGACACCA-1,737.0,367,0.6784260272979736
ATCATGCTAGAGTA-1,850.0,459,3.411764621734619
ATCATGCTGAACCT-1,3165.0,1030,2.3380727767944336
ATCCAGGACGCTAA-1,3756.0,1279,1.2513312101364136
ATCCAGGATGGAAA-1,2128.0,756,1.2687970399856567
ATCCATACTCCTTA-1,1624.0,662,2.524630546569824
ATCCATACTTCATC-1,3916.0,1323,2.3748722076416016
ATCCCGTGCAGTCA-1,1996.0,1003,1.95390784740448
ATCCCGTGCATGCA-1,776.0,359,2.8350515365600586
ATCCCGTGGCTGAT-1,2155.0,770,1.8097448348999023
ATCCGCACGCATCA-1,2341.0,813,2.0931224822998047
ATCCTAACGACGGA-1,1776.0,634,3.659909963607788
ATCCTAACGCTACA-1,2064.0,924,1.6957364082336426
ATCGACGAAACTGC-1,3308.0,1184,1.1185005903244019
ATCGACGAATGACC-1,2867.0,901,3.662364959716797
ATCGAGTGGACGTT-1,1973.0,816,1.6725798845291138
ATCGCAGAATCTCT-1,4340.0,1421,2.557603597640991
ATCGCAGAGTGTCA-1,2109.0,771,1.4698909521102905
ATCGCCACTGAGGG-1,1687.0,706,2.845287561416626
ATCGCCTGGGTCAT-1,2875.0,953,2.0173912048339844
ATCGCCTGTGGCAT-1,756.0,348,1.7195767164230347
ATCGCGCTCAGAGG-1,1842.0,716,3.311617851257324
ATCGCGCTGGGATG-1,2732.0,870,1.464128851890564
ATCGCGCTTTTCGT-1,1779.0,715,2.5857222080230713
ATCGGAACCAGTCA-1,1199.0,550,0.9174311757087708
ATCGGTGAGTCAAC-1,1885.0,689,1.6976127624511719
ATCGGTGATTGCAG-1,2901.0,947,2.8955533504486084
ATCGTTTGCCTACC-1,3404.0,1157,2.2326674461364746
ATCGTTTGGGTACT-1,1765.0,690,3.286118984222412
ATCGTTTGTGCCAA-1,737.0,383,1.8995929956436157
ATCTACACCCGCTT-1,754.0,374,1.7241379022598267
ATCTACACCGGGAA-1,2454.0,882,0.7334963083267212
ATCTCAACAGGAGC-1,1915.0,697,2.2454307079315186
ATCTCAACCTCGAA-1,609.0,246,0.0
ATCTCAACCTTGTT-1,2138.0,833,2.1047708988189697
ATCTGGGAAACCAC-1,2420.0,1006,2.066115617752075
ATCTGGGAAGTGTC-1,3477.0,1181,1.7256255149841309
ATCTGGGATTCCGC-1,2771.0,974,2.634428024291992
ATCTGTTGAACGGG-1,2310.0,856,1.6017316579818726
ATCTGTTGACCTCC-1,2713.0,978,1.4006634950637817
ATCTGTTGCCTTCG-1,5198.0,1551,1.8083878755569458
ATCTGTTGGTTGCA-1,2911.0,965,1.3053933382034302
ATCTTGACACCAAC-1,2702.0,907,1.0362694263458252
ATCTTGACCTCCCA-1,1399.0,565,3.145103693008423
ATCTTTCTGCATCA-1,877.0,417,1.4823261499404907
ATCTTTCTGTTTCT-1,2366.0,907,1.0143702030181885
ATCTTTCTTGTCCC-1,1915.0,927,3.49869441986084
ATGAAACTCTGTGA-1,3205.0,966,1.1232448816299438
ATGAAACTGAGGCA-1,1973.0,658,2.2301063537597656
ATGAAGGAACAGCT-1,1477.0,727,1.828029751777649
ATGAAGGACCTGTC-1,2047.0,743,3.7616024017333984
ATGAAGGACCTTAT-1,859.0,381,2.4447031021118164
ATGAAGGACTAGTG-1,713.0,385,1.9635343551635742
ATGAAGGACTTGCC-1,1800.0,905,1.5
ATGACGTGACGACT-1,1881.0,645,1.1695905923843384
ATGACGTGATCGGT-1,3623.0,1167,3.615787982940674
ATGAGAGAAAGTGA-1,2880.0,936,0.7291666865348816
ATGAGAGAACGCAT-1,2350.0,724,1.106382966041565
ATGAGAGAAGTAGA-1,1575.0,618,3.365079402923584
ATGAGCACACAGCT-1,3387.0,1038,1.919102430343628
ATGAGCACATCTTC-1,2599.0,853,1.1927664279937744
ATGATAACTTCACT-1,1523.0,808,1.050558090209961
ATGATATGAAACAG-1,4925.0,1403,1.5837563276290894
ATGATATGACTGGT-1,2343.0,762,2.0913360118865967
ATGATATGAGCACT-1,2189.0,741,1.2334399223327637
ATGATATGGTCATG-1,1768.0,687,1.696832537651062
ATGATATGGTGCTA-1,1978.0,932,2.7300302982330322
ATGATATGTTGTCT-1,2992.0,1096,2.707219362258911
ATGCACGAATGTCG-1,1381.0,601,3.1860971450805664
ATGCACGACTGTAG-1,1479.0,652,1.6903313398361206
ATGCACGAGAACCT-1,2624.0,895,1.3338414430618286
ATGCACGAGTTCGA-1,1920.0,682,1.9791666269302368
ATGCACGATTGGTG-1,4856.0,1553,1.9357495307922363
ATGCAGTGTTACCT-1,1396.0,604,2.077363967895508
ATGCAGTGTTCTAC-1,2333.0,823,3.129018545150757
ATGCCAGAACGACT-1,2167.0,803,1.9843101501464844
ATGCCAGACAGTCA-1,1323.0,646,2.872260093688965
ATGCCGCTTGAACC-1,2463.0,917,2.72025990486145
ATGCGATGCTATGG-1,2998.0,942,3.335556983947754
ATGCGATGCTGAGT-1,2543.0,850,1.5336216688156128
ATGCGATGGTTACG-1,2230.0,795,1.3452914953231812
ATGCGCCTTCATTC-1,2544.0,771,2.6336476802825928
ATGCTTTGCGAATC-1,2482.0,949,2.941176414489746
ATGCTTTGGGCGAA-1,1083.0,516,2.3084025382995605
ATGCTTTGTAGTCG-1,1682.0,664,1.6052318811416626
ATGGACACATCGGT-1,3094.0,1001,1.5190691947937012
ATGGACACGCATCA-1,1025.0,637,2.7317073345184326
ATGGGTACAACCTG-1,1348.0,619,2.818991184234619
ATGGGTACATCGGT-1,1873.0,907,1.655098795890808
ATGGGTACTATTCC-1,2244.0,961,0.8912655711174011
ATGGGTACTGGGAG-1,2458.0,812,1.5459723472595215
ATGTAAACACCTCC-1,2157.0,793,1.7617061138153076
ATGTAAACCCGCTT-1,2959.0,1043,1.3518080711364746
ATGTAAACGGGATG-1,3961.0,1343,3.53446102142334
ATGTAAACTCTCCG-1,4770.0,1326,2.6205451488494873
ATGTAAACTTCACT-1,2707.0,981,2.4381234645843506
ATGTACCTCAGTCA-1,2078.0,675,2.4542829990386963
ATGTACCTTAGTCG-1,2214.0,937,0.4065040647983551
ATGTACCTTTATCC-1,1536.0,631,2.6041667461395264
ATGTACCTTTCACT-1,2523.0,1026,1.6250495910644531
ATGTCACTAATGCC-1,3558.0,1135,1.9673974514007568
ATGTCACTCTGCTC-1,1016.0,499,3.4448819160461426
ATGTCGGAGGTGAG-1,2364.0,948,1.8612520694732666
ATGTTCACAGTCTG-1,1918.0,801,1.9812304973602295
ATGTTCACCGTAGT-1,2457.0,848,2.8490028381347656
ATGTTGCTTTCAGG-1,2016.0,741,1.4384920597076416
ATTAACGATGAGAA-1,1291.0,604,4.105344772338867
ATTAACGATGCAAC-1,2026.0,864,1.2339584827423096
ATTAAGACTGCAGT-1,3366.0,1076,1.7528223991394043
ATTACCTGCCTTAT-1,3536.0,1106,1.5554298162460327
ATTACCTGGAGGAC-1,3449.0,1111,0.9857929944992065
ATTACCTGGGCATT-1,898.0,456,5.122494220733643
ATTAGATGTTTCAC-1,2061.0,624,1.455604076385498
ATTATGGAATCTCT-1,2734.0,1008,0.9144111275672913
ATTCAAGAACGGGA-1,3045.0,908,2.167487621307373
ATTCAAGACCTTTA-1,1974.0,815,2.127659559249878
ATTCAGCTCATTGG-1,917.0,346,2.9443838596343994
ATTCCAACCATTGG-1,2895.0,1062,3.1778929233551025
ATTCCAACTTAGGC-1,1898.0,803,2.3182296752929688
ATTCGACTCACTAG-1,1771.0,749,1.4680970907211304
ATTCGACTGAATAG-1,2064.0,779,1.8410853147506714
ATTCGACTTTTGTC-1,2617.0,1027,2.407336711883545
ATTCGGGAAAGGCG-1,2999.0,1032,2.000666856765747
ATTCGGGATTAGGC-1,3252.0,1040,0.707257091999054
ATTCTTCTGATACC-1,1722.0,654,2.032520294189453
ATTGAATGGACGGA-1,1530.0,631,2.6143791675567627
ATTGATGAAGGTTC-1,2344.0,755,2.474402666091919
ATTGATGACTGAGT-1,2793.0,854,1.396347999572754
ATTGATGAGCGAAG-1,2290.0,850,1.5720523595809937
ATTGATGATCTATC-1,2248.0,798,2.2686831951141357
ATTGCACTGACGGA-1,3065.0,864,2.15334415435791
ATTGCACTGAGAGC-1,2965.0,1078,1.7200675010681152
ATTGCACTGGAGCA-1,1621.0,690,2.5909931659698486
ATTGCACTTAGCCA-1,2393.0,864,0.8775595426559448
ATTGCACTTGCTTT-1,4892.0,1523,2.207685947418213
ATTGCTTGTTACTC-1,2439.0,838,1.8860188722610474
ATTGGTCTGACTAC-1,2507.0,966,2.2736337184906006
ATTGGTCTTGTCTT-1,752.0,389,1.329787254333496
ATTGTAGATTCCCG-1,5503.0,1654,2.3078320026397705
ATTGTAGATTGCAG-1,2589.0,808,2.780996561050415
ATTGTCTGCGTACA-1,2317.0,885,1.8990073204040527
ATTTAGGAACCATG-1,5680.0,1665,2.8521127700805664
ATTTAGGACAGAGG-1,2435.0,920,1.067761778831482
ATTTCCGAGATGAA-1,2449.0,855,4.532462120056152
ATTTCCGAGTGCTA-1,1908.0,807,2.9874212741851807
ATTTCGTGTATGGC-1,2244.0,859,2.0944740772247314
ATTTCTCTACTTTC-1,4151.0,1276,2.866779088973999
ATTTCTCTAGCAAA-1,2441.0,987,1.3519049882888794
ATTTCTCTCACTTT-1,3223.0,1079,2.047781467437744
ATTTCTCTTCCCAC-1,1974.0,678,1.367781162261963
ATTTGCACAAGATG-1,1525.0,626,4.196721076965332
CAAAGCACAGCTCA-1,2393.0,831,1.337233543395996
CAAAGCACCGTAAC-1,2347.0,829,1.7895184755325317
CAAAGCACGGTAAA-1,2138.0,1009,1.4031805992126465
CAAAGCTGAAAGTG-1,1234.0,547,3.1604537963867188
CAAAGCTGTTGCTT-1,2486.0,893,2.373290538787842
CAAATATGTGACAC-1,2407.0,722,2.3680930137634277
CAAATTGAGGGCAA-1,1988.0,656,1.9617706537246704
CAAATTGATGGAGG-1,846.0,415,3.9007091522216797
CAACCAGAAAAGTG-1,2237.0,773,2.503352642059326
CAACCAGAAGTGCT-1,4328.0,1262,2.564695119857788
CAACCAGAGTTCAG-1,3776.0,1218,2.8866524696350098
CAACCAGATAGAAG-1,739.0,365,1.8944519758224487
CAACCGCTGTTCAG-1,1991.0,661,3.566047191619873
CAACCGCTTTGAGC-1,2299.0,805,2.3923444747924805
CAACGATGCGCAAT-1,4519.0,1409,2.0579774379730225
CAACGTGACTCCAC-1,2999.0,1094,2.9343113899230957
CAACGTGAGCCATA-1,1667.0,779,1.259748101234436
CAACGTGATCAAGC-1,2365.0,898,2.1987314224243164
CAAGAAGACCACAA-1,2021.0,830,3.6120731830596924
CAAGAAGACGTCTC-1,3488.0,1242,2.379587173461914
CAAGAAGATTCTAC-1,2810.0,864,1.2811387777328491
CAAGACTGACCTGA-1,1669.0,576,1.9173157215118408
CAAGACTGAGTAGA-1,2612.0,901,1.7993874549865723
CAAGCTGACCATAG-1,3773.0,1274,2.862443685531616
CAAGCTGATCTATC-1,1960.0,852,0.8673469424247742
CAAGGACTGTTCAG-1,3133.0,1006,2.3619534969329834
CAAGGACTTCTTTG-1,1688.0,719,3.495260715484619
CAAGGTTGCTCCAC-1,1896.0,763,1.7405062913894653
CAAGGTTGTCATTC-1,1868.0,683,3.2655246257781982
CAAGGTTGTCTGGA-1,2040.0,957,1.9117647409439087
CAAGTCGAAACAGA-1,2294.0,831,4.75152587890625
CAAGTCGATAGCGT-1,1724.0,724,3.364269256591797
CAATAAACGCCATA-1,829.0,354,3.4981906414031982
CAATAATGAACTGC-1,2255.0,763,3.104212760925293
CAATATGACATGGT-1,2766.0,910,2.7114968299865723
CAATATGACCTTCG-1,1878.0,749,1.8104366064071655
CAATATGACGTTAG-1,1691.0,626,3.2525134086608887
CAATATGAGGAGCA-1,3037.0,870,1.2841620445251465
CAATCGGAGAAACA-1,2630.0,795,1.1406843662261963
CAATCTACTGACTG-1,2744.0,1078,1.9314868450164795
CAATTCACCCAACA-1,1845.0,736,3.0352303981781006
CAATTCACGATAGA-1,2479.0,835,1.5732150077819824
CAATTCACTTGTGG-1,1032.0,402,1.7441860437393188
CAATTCTGCTTGTT-1,3343.0,1203,2.3033204078674316
CAATTCTGGCGTAT-1,1684.0,699,3.7410926818847656
CACAACGATACGAC-1,2405.0,755,2.869022846221924
CACAATCTTGTTCT-1,1547.0,697,1.9392372369766235
CACAATCTTTCCAT-1,3853.0,1229,2.5434725284576416
CACACCTGCTTGAG-1,1594.0,637,1.0037641525268555
CACACCTGTATGGC-1,1875.0,666,4.746666431427002
CACAGAACCCTTGC-1,2019.0,846,3.0212976932525635
CACAGAACCTGATG-1,2838.0,1036,3.8759689331054688
CACAGATGGGATTC-1,3230.0,1027,1.98142409324646
CACAGATGGTTTCT-1,2090.0,831,1.5311005115509033
CACAGCCTGATACC-1,2831.0,999,2.5432708263397217
CACAGCCTTGCCAA-1,2294.0,942,2.9206626415252686
CACAGCCTTGTAGC-1,2555.0,891,1.4481408596038818
CACAGTGATGAAGA-1,3016.0,1007,2.7519893646240234
CACATACTACAGCT-1,1854.0,712,1.5641855001449585
CACATGGAACACGT-1,2962.0,990,1.2491559982299805
CACATGGAAGTCGT-1,2453.0,725,2.4459846019744873
CACCACTGCCAACA-1,2259.0,745,2.080566644668579
CACCACTGGCGAAG-1,2221.0,921,1.440792441368103
CACCCATGTTCTGT-1,561.0,333,4.45632791519165
CACCGGGAATCGAC-1,2879.0,1042,1.1114970445632935
CACCGGGACGAGAG-1,2588.0,895,2.0479135513305664
CACCGGGACGTGTA-1,3096.0,873,1.8087855577468872
CACCGGGACTTCTA-1,4297.0,1612,4.09588098526001
CACCGGGACTTGCC-1,1792.0,724,4.966517925262451
CACCGGGATTCGGA-1,2329.0,929,3.6066980361938477
CACCGTACTAAGGA-1,1657.0,601,2.474351167678833
CACCGTACTAGCGT-1,2715.0,862,2.09944748878479
CACCTGACACCCAA-1,2229.0,908,1.8393899202346802
CACCTGACCAGAAA-1,1695.0,658,2.1828908920288086
CACCTGACCTCAAG-1,1929.0,775,2.1254537105560303
CACCTGACGAAAGT-1,1807.0,724,1.328168272972107
CACCTGACTCGTAG-1,2118.0,753,2.6440038681030273
CACGAAACTTCCGC-1,2111.0,741,1.7053529024124146
CACGACCTCGATAC-1,1766.0,690,2.1517553329467773
CACGCTACAGAAGT-1,684.0,379,3.216374158859253
CACGCTACTGTTCT-1,1448.0,608,2.3480663299560547
CACGCTACTTGACG-1,1129.0,476,6.200177192687988
CACGGGACAGAGTA-1,2969.0,927,2.2566521167755127
CACGGGACATAAGG-1,2340.0,777,1.5811965465545654
CACGGGACGTAGGG-1,2653.0,969,0.6784771680831909
CACGGGTGCTTCGC-1,1790.0,827,1.2290502786636353
CACGGGTGGAGGAC-1,1595.0,709,2.445141077041626
CACGGGTGTGTTTC-1,897.0,385,1.0033445358276367
CACTAACTCCTAAG-1,1605.0,690,1.8068535327911377
CACTAACTGAAAGT-1,2280.0,769,1.1403508186340332
CACTAGGATGATGC-1,1219.0,554,2.050861358642578
CACTATACCCCGTT-1,2570.0,892,1.4396886825561523
CACTATACGTTTGG-1,1840.0,761,2.7717392444610596
CACTGAGACAGTCA-1,727.0,367,3.8514442443847656
CACTGCACTTCATC-1,1917.0,731,2.451747417449951
CACTGCTGAGACTC-1,3139.0,1103,2.3255813121795654
CACTGCTGGAAAGT-1,3108.0,944,1.8661518096923828
CACTTAACCGAATC-1,2253.0,832,4.837993621826172
CACTTAACCGTACA-1,1522.0,675,2.69382381439209
CACTTTGACTCTAT-1,1552.0,652,2.1907217502593994
CACTTTGAGCTGTA-1,802.0,418,1.496259331703186
CAGAAGCTCTCAAG-1,2256.0,727,1.7730495929718018
CAGACATGAACGGG-1,2327.0,745,1.2892135381698608
CAGACATGTCGACA-1,2519.0,872,1.9055180549621582
CAGACCCTAAGGTA-1,4166.0,1336,2.9764761924743652
CAGACCCTAATGCC-1,2292.0,863,4.886561870574951
CAGACCCTAGGAGC-1,2716.0,934,2.1723122596740723
CAGACTGAGTATGC-1,2712.0,844,2.0280234813690186
CAGATCGAATGTCG-1,2192.0,721,4.379561901092529
CAGATCGACCTGAA-1,921.0,432,3.4744842052459717
CAGATCGATATGGC-1,2546.0,782,0.9819324612617493
CAGATGACATTCTC-1,2047.0,1006,2.6380069255828857
CAGCAATGCCTTCG-1,2564.0,834,1.4820592403411865
CAGCAATGGAGGGT-1,1698.0,840,1.8256772756576538
CAGCAATGGTGCTA-1,2290.0,840,1.5720523595809937
CAGCAATGTCTACT-1,2374.0,819,2.6537489891052246
CAGCAATGTGACCA-1,1911.0,699,1.151229739189148
CAGCAATGTGAGGG-1,1078.0,489,2.4118738174438477
CAGCACCTAAGCCT-1,1808.0,665,2.3783185482025146
CAGCACCTAGGCGA-1,1447.0,576,2.34968900680542
CAGCACCTGTAGGG-1,3872.0,1291,2.9183883666992188
CAGCATGACAACCA-1,3218.0,1102,3.169670581817627
CAGCATGAGACGTT-1,2157.0,826,4.079740524291992
CAGCCTACCCAACA-1,2802.0,880,0.8922198414802551
CAGCCTTGCTACCC-1,1842.0,738,2.605863094329834
CAGCCTTGGGGACA-1,2662.0,904,0.976709246635437
CAGCGGACACCCTC-1,1885.0,686,2.3342175483703613
CAGCGGACCTTTAC-1,2174.0,874,2.5298988819122314
CAGCGTCTAAAGCA-1,2929.0,887,2.5947422981262207
CAGCGTCTTATCGG-1,2532.0,873,3.8704581260681152
CAGCTAGATGTGAC-1,1263.0,560,4.196357727050781
CAGCTCTGAGGCGA-1,1959.0,766,1.1230219602584839
CAGCTCTGCAAGCT-1,1570.0,710,1.1464967727661133
CAGCTCTGTCGTAG-1,3302.0,1135,2.271350622177124
CAGCTCTGTGTGGT-1,2170.0,1054,1.843317985534668
CAGGAACTAACTGC-1,2077.0,805,2.407318353652954
CAGGAACTCTCAGA-1,1752.0,724,1.5981734991073608
CAGGCCGAACACCA-1,2694.0,973,2.1158130168914795
CAGGCCGAACACGT-1,3917.0,1201,1.0977789163589478
CAGGCCGAACGACT-1,1194.0,575,2.7638189792633057
CAGGCCGAATCTCT-1,2444.0,838,1.268412470817566
CAGGCCGACTAGCA-1,2346.0,865,2.4296674728393555
CAGGGCACCATACG-1,1318.0,546,2.807283878326416
CAGGGCACCCAACA-1,2241.0,811,2.2757697105407715
CAGGGCACTCCCGT-1,2293.0,884,1.2211077213287354
CAGGTAACAGACTC-1,2472.0,886,2.103559970855713
CAGGTATGAGTCGT-1,2135.0,791,1.358313798904419
CAGGTATGTGCTTT-1,2710.0,1026,1.8450185060501099
CAGGTTGAGGATCT-1,8015.0,2000,2.6949470043182373
CAGTGATGGACGGA-1,1530.0,644,1.2418301105499268
CAGTGATGGCTAAC-1,1549.0,763,3.0342156887054443
CAGTGATGGGACAG-1,3339.0,969,2.635519504547119
CAGTGATGTAAGGA-1,2269.0,800,1.7188189029693604
CAGTGATGTACGCA-1,1015.0,359,3.1527092456817627
CAGTGTGAACACGT-1,548.0,307,6.569343090057373
CAGTGTGATGTCAG-1,2050.0,624,1.4634146690368652
CAGTTACTAAGGTA-1,2856.0,993,2.8011205196380615
CAGTTACTGATAGA-1,2192.0,800,1.551094889640808
CAGTTGGAAAGAGT-1,3688.0,1167,1.5997830629348755
CAGTTGGACATACG-1,2445.0,833,1.7995909452438354
CAGTTTACACACGT-1,5346.0,1871,1.3093901872634888
CAGTTTACCCCAAA-1,1940.0,616,2.0103092193603516
CATAAAACGGAGCA-1,2351.0,822,3.360272169113159
CATAAATGAACTGC-1,2063.0,647,2.7144935131073
CATAACCTTCTCCG-1,3062.0,1000,1.07772696018219
CATACTACCTCGAA-1,1778.0,618,1.7435320615768433
CATACTACCTGAAC-1,2431.0,734,0.6993007063865662
CATACTACGTACCA-1,1618.0,618,0.988875150680542
CATACTTGGGTTAC-1,7171.0,1938,2.3567144870758057
CATAGTCTAATCGC-1,2913.0,861,1.8194301128387451
CATAGTCTCACTTT-1,2713.0,945,3.649096965789795
CATATAGACTAAGC-1,2929.0,1032,1.6387845277786255
CATATAGATCAGGT-1,1871.0,723,2.45857834815979
CATCAACTAGAAGT-1,3378.0,984,1.894612193107605
CATCAACTCCCTCA-1,3673.0,994,0.7350939512252808
CATCAGGACTTCCG-1,1528.0,771,2.552356004714966
CATCAGGATAGCCA-1,1501.0,738,1.8654230833053589
CATCAGGATCCTAT-1,5282.0,1583,2.4233245849609375
CATCAGGATGCACA-1,3139.0,1113,2.9627270698547363
CATCAGGATTTCGT-1,1400.0,614,4.142857074737549
CATCATACCGCATA-1,3302.0,1146,1.635372519493103
CATCATACGGAGCA-1,1486.0,615,3.2301480770111084
CATCATACTCAAGC-1,2456.0,848,1.5879478454589844
CATCGCTGGGATCT-1,2801.0,983,1.9635844230651855
CATCGCTGTGGCAT-1,1963.0,677,1.120733618736267
CATCGGCTATGCTG-1,3317.0,972,1.0853180885314941
CATCGGCTTTGGCA-1,2501.0,791,2.279088258743286
CATCTCCTATGTGC-1,2009.0,827,2.6381285190582275
CATCTCCTCGAACT-1,1858.0,804,2.421959161758423
CATGAGACACGGGA-1,748.0,395,3.7433154582977295
CATGAGACGTTGAC-1,1760.0,843,3.465909004211426
CATGAGACTCGCCT-1,1155.0,493,0.43290042877197266
CATGCCACGGGTGA-1,2421.0,741,3.758777379989624
CATGCCACTGCCAA-1,2396.0,941,2.545909881591797
CATGCGCTAGTCAC-1,5344.0,1659,2.395209550857544
CATGCGCTCAGATC-1,2056.0,742,2.821011781692505
CATGCGCTTTGCAG-1,4792.0,1517,1.7946577072143555
CATGGCCTAGGGTG-1,1347.0,559,2.524127721786499
CATGGCCTGTGCAT-1,2839.0,937,2.25431489944458
CATGTACTATCGTG-1,1619.0,740,1.9765287637710571
CATGTTACAGTCGT-1,2188.0,781,1.9195612668991089
CATGTTACCTGAGT-1,2259.0,819,1.7706949710845947
CATGTTTGGGGATG-1,2193.0,813,2.097583293914795
CATTACACACGGAG-1,1480.0,578,3.9864864349365234
CATTACACCAACTG-1,2360.0,1022,3.474576234817505
CATTACACGGAGTG-1,3904.0,1191,1.511270523071289
CATTACACTACTCT-1,2440.0,824,1.8852459192276
CATTAGCTCCACAA-1,3497.0,1146,3.688876152038574
CATTGACTAGCGGA-1,1915.0,757,2.819843292236328
CATTGGGACTCGAA-1,1397.0,638,3.149606227874756
CATTGTACAGCGTT-1,2233.0,830,2.239140272140503
CATTGTACTCGATG-1,1857.0,713,1.6155089139938354
CATTGTACTTATCC-1,1617.0,609,2.9066171646118164
CATTGTACTTTGCT-1,4202.0,1271,2.97477388381958
CATTGTTGCTAGTG-1,2170.0,680,1.4746544361114502
CATTTCGACTCTAT-1,1792.0,769,2.9017856121063232
CATTTCGAGATACC-1,2657.0,1119,1.0914565324783325
CATTTGACCACACA-1,1688.0,731,2.902843713760376
CATTTGACCCTGAA-1,1729.0,804,1.3880856037139893
CATTTGTGACGACT-1,2456.0,781,1.7100976705551147
CATTTGTGCATTGG-1,2636.0,916,2.3141121864318848
CATTTGTGCGGAGA-1,2444.0,735,3.7643208503723145
CATTTGTGGGATCT-1,2461.0,835,1.62535560131073
CCAAAGTGCTACGA-1,3442.0,1257,2.6147589683532715
CCAAAGTGTGAGAA-1,1051.0,472,2.0932445526123047
CCAACCTGAAGTAG-1,2140.0,879,0.7476635575294495
CCAACCTGACGTAC-1,2608.0,851,1.8404908180236816
CCAACCTGTTCGCC-1,3214.0,1023,1.8979464769363403
CCAAGAACCCAATG-1,1742.0,661,1.6647531986236572
CCAAGAACGTAGCT-1,3230.0,1008,1.2693498134613037
CCAAGAACGTGTCA-1,2333.0,748,1.285897970199585
CCAAGAACTACTGG-1,1767.0,845,2.320317029953003
CCAAGAACTCCTAT-1,840.0,393,0.7142857313156128
CCAAGATGTCATTC-1,1718.0,675,0.9895226955413818
CCAAGATGTTTCAC-1,2099.0,843,1.9533110857009888
CCAAGTGAGGAACG-1,3006.0,876,2.461743116378784
CCAAGTGATCAAGC-1,2712.0,939,1.733038306236267
CCAATGGAACAGCT-1,1422.0,653,5.344584941864014
CCAATTTGAACGTC-1,2671.0,932,1.048296570777893
CCACCATGAACGTC-1,2186.0,760,1.921317458152771
CCACCATGATCGGT-1,2497.0,735,1.4817781448364258
CCACCATGGACGAG-1,4782.0,1561,2.7394394874572754
CCACCATGGGGAGT-1,2050.0,752,1.1707316637039185
CCACCATGTCCTGC-1,2158.0,940,1.714550495147705
CCACTGACCCGCTT-1,1953.0,705,1.843317985534668
CCACTGTGGGAAGC-1,866.0,405,4.272517204284668
CCACTGTGTGTAGC-1,2306.0,690,2.68863844871521
CCACTTCTCGGGAA-1,3466.0,1071,3.635314464569092
CCAGAAACCCTGTC-1,1200.0,544,1.1666666269302368
CCAGAAACGAACTC-1,2588.0,927,1.391035556793213
CCAGAAACGGTCTA-1,2791.0,817,1.1823718547821045
CCAGACCTCTGAGT-1,795.0,388,2.389937162399292
CCAGACCTTGTGGT-1,1460.0,560,2.0547945499420166
CCAGCACTGCGATT-1,4090.0,1322,2.4205379486083984
CCAGCGGAAAGGCG-1,1572.0,640,2.2264630794525146
CCAGCGGACGACTA-1,2454.0,886,2.078239679336548
CCAGCGGATGGGAG-1,3218.0,1075,1.118707299232483
CCAGCTACACAGTC-1,1758.0,689,1.5927189588546753
CCAGCTACCAGCTA-1,1099.0,524,1.9108279943466187
CCAGGTCTACACCA-1,1369.0,606,2.9218406677246094
CCAGGTCTAGCATC-1,1805.0,802,1.717451572418213
CCAGGTCTATGGTC-1,2849.0,868,1.8603018522262573
CCAGTCACACTGGT-1,3251.0,939,3.691171884536743
CCAGTCACACTGTG-1,1762.0,753,1.3053348064422607
CCAGTCACGTTGTG-1,2152.0,770,1.1617100238800049
CCAGTCTGCGGAGA-1,15844.0,3422,1.7924766540527344
CCAGTGCTAACCAC-1,3400.0,1105,1.5
CCAGTGCTCGTAGT-1,2562.0,841,2.1467602252960205
CCATCCGAAAGCAA-1,2457.0,786,3.66300368309021
CCATCCGAACGACT-1,930.0,445,2.5806450843811035
CCATCCGAAGGTTC-1,1806.0,703,1.2735326290130615
CCATCCGATTCGCC-1,1314.0,593,3.120243549346924
CCATCGTGAACGGG-1,2207.0,875,1.6764838695526123
CCATCGTGCTAGAC-1,2559.0,901,2.188354730606079
CCCAACACCTCGCT-1,2866.0,927,1.6399163007736206
CCCAACACGCATCA-1,2201.0,798,1.408450722694397
CCCAACACTTTGTC-1,3442.0,1221,2.0627541542053223
CCCAACTGCAATCG-1,853.0,415,1.641266107559204
CCCAGACTGCCTTC-1,4757.0,1381,1.955013632774353
CCCAGACTGGTTTG-1,2559.0,949,1.5240328311920166
CCCAGACTTTCGCC-1,4412.0,1322,2.60652756690979
CCCAGTTGCAGTTG-1,3416.0,1169,1.8735363483428955
CCCAGTTGGGTACT-1,1757.0,745,2.5611839294433594
CCCAGTTGTCTATC-1,1925.0,727,1.6623376607894897
CCCGATTGTGTTTC-1,2273.0,799,3.2116146087646484
CCCGGAGAAGGGTG-1,1019.0,490,1.668302297592163
CCCTACGAATTGGC-1,1865.0,767,1.3404825925827026
CCCTAGTGCAAAGA-1,2448.0,943,2.124182939529419
CCCTCAGACACTTT-1,2070.0,808,1.7391303777694702
CCCTCAGACGAGAG-1,2926.0,926,1.7429938316345215
CCCTCAGAGGTCAT-1,2024.0,664,1.6304347515106201
CCCTGAACTAAAGG-1,1533.0,569,1.9569472074508667
CCCTGATGCAACCA-1,2914.0,843,1.7501715421676636
CCCTGATGCAAGCT-1,1846.0,727,1.895991325378418
CCCTTACTAACCAC-1,3561.0,1222,2.5273799896240234
CCCTTACTGCAGTT-1,973.0,457,1.8499486446380615
CCGAAAACCTTGTT-1,5147.0,1515,2.564600706100464
CCGACACTGGTTTG-1,3326.0,1138,1.683704137802124
CCGACTACCCAGTA-1,3186.0,1174,2.1343376636505127
CCGACTACCGTGTA-1,1456.0,525,1.923076868057251
CCGACTACTGAGGG-1,2372.0,878,1.728499174118042
CCGATAGACCTAAG-1,1638.0,525,2.5030524730682373
CCGATAGAGTTGGT-1,2958.0,999,2.062204122543335
CCGCGAGACACACA-1,2109.0,778,3.413940191268921
CCGCGAGAGGTTCA-1,1965.0,772,1.9847328662872314
CCGCTATGGGACGA-1,2000.0,819,2.5
CCGCTATGTGCAAC-1,2523.0,1015,2.4177565574645996
CCGCTATGTGCACA-1,2854.0,939,2.1723897457122803
CCGGTACTGTCCTC-1,2496.0,856,2.403846263885498
CCGTACACAAGCAA-1,1745.0,715,1.5472779273986816
CCGTACACAGCGTT-1,2007.0,793,1.2954658269882202
CCGTACACGTCATG-1,2076.0,837,2.938343048095703
CCGTACACGTTGGT-1,3297.0,1193,2.1838035583496094
CCGTACACTAACGC-1,2042.0,764,3.9177277088165283
CCTAAACTTTCGTT-1,2353.0,834,0.9349766373634338
CCTAAGGACCCAAA-1,2056.0,677,1.7509727478027344
CCTAAGGACTAGCA-1,1516.0,625,3.6939313411712646
CCTAAGGAGGGCAA-1,796.0,420,2.5125627517700195
CCTAAGGATGATGC-1,2520.0,837,1.2698413133621216
CCTAAGGATGTCAG-1,2882.0,874,1.7349063158035278
CCTACCGACTCTTA-1,1893.0,679,1.584786057472229
CCTACCGAGGGATG-1,2344.0,811,1.6638225317001343
CCTAGAGAGGTGAG-1,1388.0,546,1.4409221410751343
CCTATAACCAAAGA-1,2562.0,787,2.3419203758239746
CCTATAACGAGACG-1,1506.0,587,2.3904383182525635
CCTATAACTCAGAC-1,2663.0,821,1.239203929901123
CCTATAACTGCATG-1,1721.0,669,2.0918071269989014
CCTCGAACACTTTC-1,1644.0,813,1.9464720487594604
CCTCGAACCCGTAA-1,2060.0,780,2.1844661235809326
CCTCGAACGTATCG-1,1619.0,649,2.594193935394287
CCTCGAACTTACTC-1,3184.0,924,1.9786431789398193
CCTCTACTCTTCGC-1,4464.0,1322,2.262544870376587
CCTCTACTGGCATT-1,2176.0,701,1.5165441036224365
CCTGACTGAAGTAG-1,2128.0,792,3.242481231689453
CCTGACTGGGGAGT-1,2543.0,817,1.3763271570205688
CCTGACTGTGTCTT-1,1619.0,667,3.8912909030914307
CCTGCAACACGTTG-1,2096.0,804,2.29007625579834
CCTGGACTCGTGAT-1,1354.0,593,1.4032496213912964
CCTTAATGCCCAAA-1,1853.0,740,1.9967620372772217
CCTTAATGTTCTAC-1,3834.0,1243,3.7819509506225586
CCTTCACTACGACT-1,2168.0,859,1.3837637901306152
CCTTCACTCAGTCA-1,1420.0,685,2.816901445388794
CCTTCACTGGAGTG-1,1657.0,596,2.05190110206604
CCTTTAGATTCATC-1,3507.0,1193,2.1956088542938232
CGAACATGCCCTAC-1,2322.0,859,2.4978466033935547
CGAACATGTCAGAC-1,2211.0,775,1.447308897972107
CGAAGACTGGAACG-1,2444.0,947,2.7823240756988525
CGAAGACTGTTACG-1,1737.0,689,2.820955753326416
CGAAGGGAAACCTG-1,2158.0,907,1.2048193216323853
CGAAGGGATCCGAA-1,1837.0,734,1.9597169160842896
CGAAGTACCAACTG-1,1565.0,621,2.4920127391815186
CGAATCGAGGAGCA-1,581.0,336,3.27022385597229
CGAATCGAGGAGGT-1,2512.0,922,1.9108279943466187
CGACAAACCCATAG-1,2871.0,802,1.6022292375564575
CGACAAACCGACAT-1,2098.0,812,1.2869399785995483
CGACCACTAAAGTG-1,1934.0,941,2.0165460109710693
CGACCACTGCCAAT-1,1850.0,943,2.972972869873047
CGACCGGAAGGTCT-1,2728.0,868,2.0161290168762207
CGACCGGATGGAAA-1,2698.0,947,2.3721275329589844
CGACCTTGCTAGTG-1,1977.0,767,0.9104704260826111
CGACCTTGGCAAGG-1,865.0,341,10.173410415649414
CGACGTCTATCGTG-1,2043.0,701,2.3494861125946045
CGACGTCTCGTGTA-1,1954.0,692,2.25179123878479
CGACGTCTGAGGCA-1,1057.0,423,1.3245033025741577
CGACTCACGTCGTA-1,2160.0,775,2.314814805984497
CGACTCACGTTGCA-1,1093.0,500,3.1107044219970703
CGACTCTGTGTGAC-1,3131.0,1100,1.5011178255081177
CGACTGCTTCCTCG-1,2015.0,812,1.5880893468856812
CGAGAACTAAGGCG-1,1913.0,728,2.6659696102142334
CGAGAACTACGTTG-1,1842.0,616,2.8230185508728027
CGAGAACTTGTTCT-1,2551.0,928,1.4896118640899658
CGAGATTGGACACT-1,1943.0,835,1.492537260055542
CGAGATTGGCCATA-1,1042.0,454,2.6871402263641357
CGAGCCGAACACCA-1,2385.0,812,3.1027252674102783
CGAGCCGACGACAT-1,1354.0,566,6.573116779327393
CGAGCCGAGGCGAA-1,2447.0,769,3.2693092823028564
CGAGCGTGCTCCAC-1,3303.0,1058,2.089010000228882
CGAGCGTGGATACC-1,3360.0,914,1.4285714626312256
CGAGCGTGTATGCG-1,1530.0,628,3.660130739212036
CGAGGAGACCTCCA-1,1531.0,649,2.2860875129699707
CGAGGAGATGTCGA-1,1069.0,452,3.36763334274292
CGAGGCACCTATGG-1,1975.0,754,1.8734177350997925
CGAGGCACTATGCG-1,4177.0,1327,2.8968160152435303
CGAGGCACTCTTCA-1,1827.0,776,1.9157087802886963
CGAGGCTGACGCTA-1,1373.0,670,1.9664967060089111
CGAGGCTGGCAGTT-1,2940.0,1017,2.2108843326568604
CGAGGGCTACGACT-1,1663.0,599,2.1046302318573
CGAGGGCTCGAATC-1,905.0,431,2.8729281425476074
CGAGTATGTCACCC-1,2745.0,967,3.351548194885254
CGATACGAACAGTC-1,3047.0,1077,1.8050541877746582
CGATACGACAGGAG-1,6733.0,2033,2.2129807472229004
CGATACGATTCACT-1,2023.0,731,1.4335145950317383
CGATAGACCCGTAA-1,1222.0,533,3.682487726211548
CGATAGACCGTACA-1,2090.0,926,0.7655502557754517
CGATAGACGTAGGG-1,1830.0,725,3.005464553833008
CGATAGACTGTTCT-1,1299.0,559,2.3094687461853027
CGATCAGAAGAACA-1,2199.0,870,2.1828103065490723
CGATCAGAGAGGGT-1,2723.0,964,2.0198311805725098
CGATCAGAGGTACT-1,5142.0,1341,1.1474134922027588
CGATCAGATGTGAC-1,6916.0,1981,0.9832273125648499
CGATCCACCGGGAA-1,3231.0,1103,2.22841215133667
CGATCCACTTCCAT-1,591.0,326,2.030456781387329
CGCAAATGCTCGAA-1,1012.0,428,4.644268989562988
CGCAACCTCCTTGC-1,2312.0,808,1.5138407945632935
CGCAACCTGGACGA-1,2322.0,821,1.9810508489608765
CGCACGGAGGACGA-1,1171.0,554,2.476515769958496
CGCACGGATCTTTG-1,1932.0,596,3.2091097831726074
CGCACTACAGAATG-1,1864.0,680,1.233905553817749
CGCACTACAGCCAT-1,3379.0,1034,1.0358093976974487
CGCACTACATTGGC-1,2816.0,849,1.811079502105713
CGCACTACTCGCCT-1,1284.0,566,2.0249221324920654
CGCACTACTCGTGA-1,2071.0,879,2.366006851196289
CGCACTTGTCACGA-1,3086.0,1091,1.7498379945755005
CGCAGGACAGATCC-1,2213.0,823,3.3890645503997803
CGCAGGACCTACTT-1,1067.0,447,1.8744142055511475
CGCAGGACTTGTCT-1,5163.0,1688,2.2080185413360596
CGCAGGTGCACTGA-1,2754.0,868,2.977487325668335
CGCAGGTGCCATAG-1,4316.0,1254,2.9425394535064697
CGCAGGTGGGAACG-1,2280.0,942,2.8070175647735596
CGCATAGATCACGA-1,955.0,462,1.1518324613571167
CGCCATACTGCAAC-1,3448.0,1055,1.5371229648590088
CGCCATTGAGAGGC-1,2763.0,852,2.207745313644409
CGCCATTGCTATGG-1,1794.0,738,1.7837234735488892
CGCCATTGGAGACG-1,2288.0,804,1.6608392000198364
CGCCATTGGAGCAG-1,2024.0,775,4.5948615074157715
CGCCATTGTACTGG-1,1687.0,726,1.8968583345413208
CGCCGAGAGCTTAG-1,2047.0,993,1.6121152639389038
CGCCTAACGAATGA-1,4604.0,1462,1.8245004415512085
CGCCTAACTGCTCC-1,3490.0,1007,1.575931191444397
CGCGAGACACAGCT-1,2246.0,798,3.250222682952881
CGCGAGACAGGTCT-1,3174.0,1036,3.1505985260009766
CGCGAGACGCTACA-1,1969.0,786,1.6759777069091797
CGCGATCTCAGTCA-1,2556.0,948,1.3302034139633179
CGCGATCTGTTGAC-1,2110.0,743,2.606635093688965
CGCGATCTTTCTTG-1,2394.0,761,2.3391811847686768
CGCGGATGGCCAAT-1,2266.0,838,1.2797881364822388
CGCTAAGAATGTCG-1,2703.0,1040,0.5549389719963074
CGCTAAGACAACTG-1,2772.0,859,2.0923521518707275
CGCTAAGACCCTTG-1,2620.0,867,2.0229008197784424
CGCTACTGAACAGA-1,3808.0,1188,2.8098740577697754
CGCTACTGAGAACA-1,2461.0,846,1.0158472061157227
CGCTACTGTGAGCT-1,1926.0,687,0.830737292766571
CGCTACTGTTCCCG-1,1368.0,672,3.1432747840881348
CGCTCATGCATTTC-1,1469.0,629,2.2464261054992676
CGGAATTGCACTAG-1,902.0,426,5.875831604003906
CGGAATTGGTTTGG-1,1897.0,725,2.2667369842529297
CGGAATTGTGGAGG-1,1544.0,660,0.712435245513916
CGGACCGATGCGTA-1,1835.0,809,1.3079018592834473
CGGACCGATGGGAG-1,985.0,469,2.6395938396453857
CGGACTCTAAACAG-1,1659.0,600,1.989150047302246
CGGACTCTCCAATG-1,2003.0,812,2.196704864501953
CGGACTCTCCTCGT-1,1875.0,856,1.8133333921432495
CGGAGGCTATTCCT-1,848.0,397,4.834905624389648
CGGAGGCTTGGATC-1,2836.0,786,1.1988716125488281
CGGATAACAACGAA-1,2578.0,895,1.0085337162017822
CGGATAACAGCTCA-1,2432.0,882,1.3157894611358643
CGGATAACTCAGTG-1,959.0,449,2.398331642150879
CGGCACGAACTCAG-1,2271.0,890,3.6547775268554688
CGGCACGAAGGGTG-1,2437.0,823,3.03652024269104
CGGCACGACTACGA-1,2839.0,1051,3.4871432781219482
CGGCATCTTAGAAG-1,1982.0,823,2.320888042449951
CGGCATCTTCGTAG-1,3312.0,1055,1.9927536249160767
CGGCCAGAAAGGTA-1,2077.0,741,2.407318353652954
CGGCCAGAGAGGCA-1,2410.0,999,2.3236515522003174
CGGCGAACCAGTCA-1,3765.0,1241,2.098273515701294
CGGCGAACGACAAA-1,1589.0,790,0.8810572624206543
CGGCGAACGGTCTA-1,2498.0,878,1.561249017715454
CGGCGAACTACTTC-1,1729.0,778,2.024291515350342
CGGGACTGCGTGTA-1,4278.0,1066,2.501168727874756
CGGGACTGGAATAG-1,2013.0,815,3.378042697906494
CGGGCATGACCCAA-1,1032.0,465,4.651162624359131
CGGGCATGTCTCTA-1,2865.0,1079,2.0593369007110596
CGGGCATGTTGTGG-1,2197.0,743,1.638598084449768
CGGTAAACTCGCAA-1,3145.0,1098,1.367249608039856
CGGTCACTGTTTGG-1,2140.0,807,1.822429895401001
CGGTCACTTACTTC-1,3248.0,1120,1.3238916397094727
CGTAACGAATCAGC-1,1220.0,462,5.327868938446045
CGTAACGATCGCCT-1,3416.0,1025,1.5515222549438477
CGTACCACACACAC-1,2085.0,805,1.7266186475753784
CGTACCACACGTTG-1,2159.0,676,1.4821677207946777
CGTACCACCTCATT-1,2382.0,828,2.2250208854675293
CGTACCACGCTACA-1,893.0,418,6.830906867980957
CGTACCACGGAGCA-1,2132.0,763,1.9699811935424805
CGTACCTGGACGAG-1,833.0,407,22.569026947021484
CGTACCTGGCATCA-1,2473.0,997,2.5070765018463135
CGTAGCCTCTCTCG-1,2311.0,852,2.0337517261505127
CGTAGCCTGCGAAG-1,2242.0,866,1.2042819261550903
CGTAGCCTGTATGC-1,3499.0,1118,4.115461349487305
CGTCAAGAAAGGTA-1,1114.0,508,2.4236984252929688
CGTCAAGAACGTGT-1,2816.0,928,1.5625
CGTCAAGACAGAGG-1,2750.0,958,1.9272726774215698
CGTCAAGACAGGAG-1,2163.0,932,1.9879796504974365
CGTCCATGCTCTTA-1,2746.0,892,1.3109978437423706
CGTCGACTTTCCGC-1,2190.0,905,1.6438356637954712
CGTGATGACGCTAA-1,909.0,494,1.8701870441436768
CGTGATGAGGTTCA-1,1749.0,710,3.201829671859741
CGTGCACTTATGGC-1,3071.0,1068,1.5304460525512695
CGTGTAGAAAAACG-1,2028.0,795,2.1696252822875977
CGTGTAGACGATAC-1,1654.0,787,1.4510278701782227
CGTGTAGAGTTACG-1,2075.0,951,1.783132553100586
CGTGTAGAGTTCAG-1,1890.0,720,1.7460317611694336
CGTGTAGATTCGGA-1,1674.0,842,1.6129032373428345
CGTTAGGAAACCAC-1,2243.0,890,2.0062415599823
CGTTAGGATCATTC-1,4084.0,1355,1.224289894104004
CGTTATACCCTGAA-1,2389.0,1005,3.2649643421173096
CGTTTAACTGGTCA-1,2767.0,872,1.4094687700271606
CTAAACCTCTGACA-1,2533.0,1185,3.632056951522827
CTAAACCTGTGCAT-1,2520.0,912,1.4285714626312256
CTAACACTAACGTC-1,2764.0,869,3.762662887573242
CTAACACTAGTGCT-1,2355.0,894,2.2929935455322266
CTAACGGAACCGAT-1,1999.0,997,1.550775408744812
CTAACGGATTTCTG-1,2257.0,770,1.373504638671875
CTAACTACGGCAAG-1,1287.0,554,1.2432012557983398
CTAAGGACACCATG-1,2135.0,806,2.6697893142700195
CTAAGGACCGTTAG-1,5485.0,1426,1.750227928161621
CTAAGGACGCCATA-1,2879.0,1012,1.9798541069030762
CTAAGGTGCCTAAG-1,1111.0,452,1.8001800775527954
CTAAGGTGTTGCAG-1,2959.0,896,3.8188576698303223
CTAAGGTGTTTCTG-1,1009.0,426,0.8919722437858582
CTAATAGAGCTATG-1,600.0,239,0.1666666716337204
CTAATGCTTGTGGT-1,2067.0,829,2.8543782234191895
CTACAACTCCCGTT-1,2194.0,895,2.0510482788085938
CTACCTCTCAACCA-1,2334.0,787,0.8140531182289124
CTACGCACACCTAG-1,3713.0,1139,2.5047130584716797
CTACGCACTCTCCG-1,2639.0,925,1.326259970664978
CTACGCACTGGTCA-1,2471.0,1015,2.063941717147827
CTACGGCTTTCTTG-1,3914.0,1360,1.6607052087783813
CTACTATGAACCAC-1,3188.0,1097,2.4153075218200684
CTACTATGATGTGC-1,1663.0,650,2.3451592922210693
CTACTATGCTAAGC-1,2706.0,853,2.402069568634033
CTACTATGTAAAGG-1,1265.0,549,2.529644250869751
CTACTCCTATGTCG-1,2181.0,1052,1.8340210914611816
CTACTCCTGCCATA-1,586.0,307,3.7542662620544434
CTAGAGACACTTTC-1,3201.0,1152,1.9056544303894043
CTAGAGACAGCATC-1,2206.0,907,0.8159564733505249
CTAGAGACTTTGGG-1,5522.0,1628,3.3502354621887207
CTAGATCTCTCTAT-1,1822.0,731,1.8111964464187622
CTAGATCTTCGACA-1,2392.0,897,1.4214047193527222
CTAGGATGAGCCTA-1,5878.0,1749,1.5651582479476929
CTAGGATGATCGTG-1,2159.0,762,1.7137563228607178
CTAGGCCTCTCAGA-1,1998.0,712,0.20020020008087158
CTAGGTGATGGTTG-1,3254.0,1195,1.936078667640686
CTAGTTACCAGAGG-1,2741.0,851,1.933600902557373
CTAGTTACCGCATA-1,2360.0,864,2.203389883041382
CTAGTTACGAAACA-1,2247.0,968,2.269692897796631
CTAGTTTGAGTACC-1,1601.0,742,5.621486663818359
CTATAAGATCGTTT-1,2736.0,845,1.0599415302276611
CTATACTGAGGTTC-1,732.0,331,0.4098360538482666
CTATACTGCCAGTA-1,2692.0,840,2.117384910583496
CTATACTGCGCTAA-1,1857.0,734,1.6155089139938354
CTATACTGCTACGA-1,2130.0,948,1.877934217453003
CTATACTGTCTCAT-1,1774.0,842,4.002254962921143
CTATACTGTTCGTT-1,4789.0,1543,1.2319899797439575
CTATAGCTGTCACA-1,2124.0,661,1.9774011373519897
CTATAGCTTCGCTC-1,2543.0,981,2.7526543140411377
CTATAGCTTGCCTC-1,2498.0,912,3.402722120285034
CTATCAACGAACTC-1,2522.0,912,2.141157865524292
CTATCAACGCAGAG-1,3163.0,1063,2.244704484939575
CTATCAACTTTGGG-1,2057.0,683,3.3543996810913086
CTATCCCTCCACCT-1,2173.0,823,2.208927631378174
CTATGTACGAGAGC-1,3145.0,996,1.1764706373214722
CTATGTACGCTTAG-1,2074.0,695,1.928640365600586
CTATGTACTGTTTC-1,4826.0,1483,1.2018234729766846
CTATGTTGAAAGCA-1,3168.0,927,1.9570707082748413
CTATGTTGTCCTCG-1,1635.0,574,1.4067277908325195
CTATGTTGTCTCGC-1,3494.0,1052,2.43274188041687
CTATTGACAAACGA-1,1289.0,571,4.266873359680176
CTATTGACACTGGT-1,2940.0,1028,2.2108843326568604
CTATTGACGGTGAG-1,3968.0,1263,1.6129032373428345
CTATTGTGGCAAGG-1,1939.0,671,3.6101083755493164
CTCAATTGGTTCAG-1,3237.0,958,1.3592833280563354
CTCAATTGGTTGCA-1,1908.0,747,3.1446540355682373
CTCAGAGATAGAAG-1,2568.0,866,1.3629283905029297
CTCAGCACTCTAGG-1,2344.0,896,2.005119562149048
CTCAGCACTGAACC-1,1153.0,489,1.474414587020874
CTCAGCACTTGCAG-1,1860.0,643,1.5591397285461426
CTCAGCTGAACCTG-1,2928.0,923,2.5614755153656006
CTCAGCTGCAGTTG-1,2342.0,820,2.476515769958496
CTCAGCTGTTTCTG-1,1857.0,646,5.169628620147705
CTCAGGCTCGTTGA-1,4505.0,1466,2.4639289379119873
CTCAGGCTGCTAAC-1,1198.0,550,1.6694490909576416
CTCATTGACCTTAT-1,3103.0,1112,0.6767644286155701
CTCATTGATGCTTT-1,3007.0,1006,2.1283671855926514
CTCATTGATTGCTT-1,595.0,303,20.0
CTCCACGAGAGATA-1,4639.0,1448,2.026298761367798
CTCCATCTCTTAGG-1,2109.0,727,1.1853959560394287
CTCCATCTGACGAG-1,2887.0,899,1.5240734815597534
CTCCGAACAAGTGA-1,2446.0,998,2.2485690116882324
CTCCTACTGCCTTC-1,1292.0,563,3.715170383453369
CTCGAAGATGTGGT-1,2952.0,870,2.303523063659668
CTCGAAGATTAGGC-1,2373.0,903,0.9692372679710388
CTCGACTGCTCTAT-1,1144.0,516,1.0489510297775269
CTCGACTGGGTGAG-1,2023.0,754,1.730103850364685
CTCGACTGGTTGAC-1,1814.0,879,2.2601983547210693
CTCGAGCTCTGGAT-1,1157.0,588,0.9507346749305725
CTCGCATGACTTTC-1,1839.0,740,4.295813083648682
CTCGCATGCTTAGG-1,2190.0,798,3.5616438388824463
CTCTAAACCTCGAA-1,2272.0,798,1.0563380718231201
CTCTAAACGGCGAA-1,2003.0,653,1.747378945350647
CTCTAATGTCCAAG-1,2339.0,902,2.992732048034668
CTGAACGACAGTCA-1,2732.0,990,0.8784773349761963
CTGAACGATGAGGG-1,1538.0,724,2.3407022953033447
CTGAAGACCCAACA-1,2753.0,953,2.687976837158203
CTGAAGACGTGCAT-1,2300.0,891,2.5652174949645996
CTGAAGTGAAGCCT-1,4073.0,1437,2.995335102081299
CTGAAGTGCAGCTA-1,1717.0,653,1.339545726776123
CTGAAGTGGCTATG-1,1891.0,714,0.8461131453514099
CTGAAGTGTCCAGA-1,3300.0,956,0.6060606241226196
CTGAATCTGAATAG-1,2023.0,877,1.8783984184265137
CTGACAGAATCGTG-1,2700.0,1012,1.0370370149612427
CTGACCACAGCAAA-1,2478.0,824,0.8071025013923645
CTGAGAACCGGGAA-1,3916.0,1077,2.068437099456787
CTGAGAACGTAAAG-1,1420.0,740,1.7605633735656738
CTGATACTAGTAGA-1,2229.0,692,1.6150740385055542
CTGATTTGGTGTTG-1,2994.0,1063,1.1690046787261963
CTGCAGCTAACCGT-1,2674.0,771,3.4031412601470947
CTGCAGCTGACACT-1,3102.0,808,0.7092198729515076
CTGCAGCTGGATTC-1,4046.0,1389,1.5570933818817139
CTGCAGCTTGGCAT-1,3900.0,1264,2.307692289352417
CTGCCAACAGGAGC-1,2857.0,952,2.9751486778259277
CTGCCAACCAGCTA-1,2211.0,816,1.2663953304290771
CTGCCAACTAACCG-1,2264.0,795,2.031802177429199
CTGCCAACTGCTCC-1,1870.0,795,2.7272727489471436
CTGCCAACTTGCAG-1,2344.0,760,3.2423207759857178
CTGCCAACTTGCTT-1,2332.0,886,2.2727272510528564
CTGCGACTCCACCT-1,688.0,349,3.4883720874786377
CTGGAAACAAACGA-1,2367.0,868,2.8728349208831787
CTGGAAACATCGAC-1,2151.0,842,1.3947001695632935
CTGGATGACTGGAT-1,2037.0,819,2.7982327938079834
CTGGATGACTTGTT-1,1457.0,626,4.118050575256348
CTGGATGATGTGAC-1,869.0,418,1.6110471487045288
CTGGCACTCAAGCT-1,2565.0,903,1.9493176937103271
CTGGCACTGGACAG-1,1555.0,626,6.173633575439453
CTGTAACTAACCAC-1,2167.0,838,2.9533917903900146
CTGTAACTAGCGTT-1,1983.0,723,0.9581442475318909
CTGTATACGTAAAG-1,979.0,436,2.042900800704956
CTGTATACGTACGT-1,3504.0,1112,3.4531962871551514
CTGTATACGTTGGT-1,1828.0,724,0.8752735257148743
CTGTGAGACAACCA-1,4059.0,1299,2.2912046909332275
CTGTGAGACCTTGC-1,1662.0,719,4.211792945861816
CTGTGAGACGAACT-1,2277.0,843,1.3614405393600464
CTGTGAGACTGTAG-1,3256.0,1090,2.3648648262023926
CTTAAAGAACCTGA-1,2297.0,696,1.5672616958618164
CTTAACACCTGTAG-1,2068.0,885,1.6924564838409424
CTTAACACGAGCTT-1,3211.0,1144,5.325443744659424
CTTAACACTATCGG-1,1748.0,627,2.288329601287842
CTTAAGCTACCTAG-1,2362.0,809,2.0745131969451904
CTTAAGCTAGTACC-1,920.0,423,1.7391303777694702
CTTAAGCTCATCAG-1,1860.0,729,3.064516067504883
CTTAAGCTCCGCTT-1,2374.0,853,2.9907329082489014
CTTAAGCTTCCTCG-1,1724.0,713,5.220417499542236
CTTACAACTAACGC-1,2369.0,855,1.7306880950927734
CTTACAACTCCCGT-1,1505.0,608,1.196013331413269
CTTACTGACGTACA-1,1857.0,627,2.207862138748169
CTTAGACTAAACGA-1,2396.0,823,1.293823003768921
CTTAGGGACTTGCC-1,2991.0,1063,0.6686726808547974
CTTAGGGAGAATCC-1,1638.0,575,2.3199024200439453
CTTATCGACTCATT-1,1966.0,743,1.9328585863113403
CTTCACCTACCTGA-1,4888.0,1528,2.3936169147491455
CTTCATGAAGCATC-1,1927.0,681,1.764400601387024
CTTCATGAAGTACC-1,1324.0,544,1.888217568397522
CTTCATGACCGAAT-1,937.0,422,3.521878242492676
CTTGAACTACGCAT-1,2077.0,731,1.6369763612747192
CTTGATTGAGGTTC-1,2005.0,920,1.6957606077194214
CTTGATTGATCTTC-1,2094.0,761,2.531041145324707
CTTGATTGCATTCT-1,2276.0,884,2.943760871887207
CTTGATTGTTTCGT-1,3235.0,982,1.1128284931182861
CTTGTATGACACCA-1,2020.0,784,1.2871286869049072
CTTGTATGCGCAAT-1,1035.0,496,1.932367205619812
CTTTACGAGCGAAG-1,1483.0,573,4.045853137969971
CTTTAGACCGTGAT-1,1507.0,521,2.5215659141540527
CTTTAGACGAGACG-1,2251.0,663,2.087960958480835
CTTTAGACGATACC-1,2500.0,794,1.159999966621399
CTTTAGACGTTGGT-1,2937.0,975,3.302689790725708
CTTTAGACTCATTC-1,2511.0,856,3.225806474685669
CTTTAGTGACGGGA-1,2214.0,978,2.032520294189453
CTTTAGTGGGTGGA-1,1648.0,590,1.5776698589324951
CTTTCAGAGAAACA-1,2496.0,905,1.3621795177459717
CTTTGATGAGCACT-1,2020.0,695,1.3861385583877563
CTTTGATGTCTAGG-1,1935.0,816,2.9457364082336426
CTTTGATGTGTCCC-1,3462.0,976,2.397458076477051
CTTTGATGTGTGGT-1,2490.0,816,1.646586298942566
GAAACAGAACTACG-1,1960.0,753,1.3775510787963867
GAAACAGAATCACG-1,2180.0,791,2.0183486938476562
GAAACAGACATTCT-1,2572.0,858,1.555209994316101
GAAACCTGATCGTG-1,2487.0,813,1.367108941078186
GAAACCTGATGCCA-1,2390.0,841,2.2175731658935547
GAAACCTGCTTATC-1,3639.0,1085,1.0167628526687622
GAAACCTGGACTAC-1,5328.0,1692,2.590090036392212
GAAACCTGTGCTAG-1,1723.0,716,1.6831108331680298
GAAAGATGATTTCC-1,2501.0,955,1.2395042181015015
GAAAGATGCTGATG-1,4691.0,1467,2.3235983848571777
GAAAGATGCTTCGC-1,2316.0,741,0.9930915236473083
GAAAGATGTAAGGA-1,651.0,296,4.147465229034424
GAAAGATGTTTGCT-1,1291.0,540,5.654531478881836
GAAAGCCTACGTTG-1,2282.0,738,1.8404908180236816
GAAAGTGAAAGTGA-1,6177.0,1573,2.590254068374634
GAAAGTGACCACAA-1,3255.0,1119,2.6420891284942627
GAAAGTGACTCAAG-1,3359.0,918,2.53051495552063
GAAATACTACCAAC-1,561.0,283,1.6042780876159668
GAAATACTCTTAGG-1,2039.0,703,2.354095220565796
GAAATACTTCCTCG-1,2036.0,842,1.6699410676956177
GAACACACGTGCAT-1,3828.0,1253,2.42946720123291
GAACACACTGCCTC-1,2168.0,676,4.059040546417236
GAACAGCTAACTGC-1,5494.0,1636,2.3298144340515137
GAACAGCTCTCAGA-1,4199.0,1273,2.9530839920043945
GAACCAACCACAAC-1,863.0,380,1.5063731670379639
GAACCAACTTCCGC-1,1610.0,799,2.049689531326294
GAACCTGAACGTGT-1,4756.0,1491,3.195962905883789
GAACCTGAGAGACG-1,2490.0,878,0.8032128810882568
GAACCTGATGAACC-1,2871.0,939,1.2887495756149292
GAACGGGATACTTC-1,2033.0,725,1.475651741027832
GAACGTTGACGGAG-1,1209.0,563,5.376344203948975
GAACTGTGACCTGA-1,4027.0,1365,2.011422872543335
GAACTGTGCCAGTA-1,2040.0,818,1.813725471496582
GAAGAATGCAATCG-1,2090.0,719,2.2488038539886475
GAAGCGGACCTATT-1,4008.0,1343,2.2954092025756836
GAAGCTACGAATGA-1,2610.0,905,2.183907985687256
GAAGCTACGGTTTG-1,1763.0,837,1.815087914466858
GAAGGGTGAAAGTG-1,2473.0,803,0.8087343573570251
GAAGGGTGCTTAGG-1,2939.0,990,2.415787696838379
GAAGGTCTGAAAGT-1,2280.0,1084,0.9649122953414917
GAAGGTCTGTTGCA-1,3213.0,976,1.2760659456253052
GAAGGTCTTAAAGG-1,5640.0,1630,1.6843972206115723
GAAGTAGACTCCCA-1,1871.0,795,2.3516836166381836
GAAGTAGATCCAAG-1,4035.0,1408,2.651796817779541
GAAGTCACCCTCGT-1,1853.0,771,1.5650297403335571
GAAGTCACCCTGTC-1,1978.0,650,2.3761374950408936
GAAGTCTGTCGCAA-1,1998.0,779,2.102102041244507
GAAGTCTGTTCTGT-1,2244.0,648,2.4955437183380127
GAAGTGCTAAACGA-1,1806.0,817,2.934662342071533
GAAGTGCTCCGCTT-1,3251.0,1127,2.7991387844085693
GAAGTGCTTAACCG-1,2587.0,882,2.2806339263916016
GAATGCACCCTAAG-1,3039.0,954,1.6781835556030273
GAATGCACCTTCGC-1,1980.0,830,2.0202019214630127
GAATGCTGCGGTAT-1,2569.0,732,3.8925652503967285
GAATGGCTAAGATG-1,741.0,378,9.176788330078125
GAATTAACGATAAG-1,2136.0,783,1.264045000076294
GAATTAACGGTCAT-1,1914.0,756,1.7241379022598267
GAATTAACGTCGTA-1,1323.0,708,1.5117157697677612
GAATTAACTGAAGA-1,2481.0,976,2.0959291458129883
GACAACACAGGCGA-1,2578.0,718,1.5903801918029785
GACAACACATCGTG-1,2592.0,887,2.1990740299224854
GACAACACTCGCCT-1,2229.0,809,1.5702108144760132
GACAACTGAGGTTC-1,2501.0,795,1.9992003440856934
GACAGGGAAGAGTA-1,1574.0,662,2.8589580059051514
GACAGGGAATGCCA-1,2543.0,912,1.1797089576721191
GACAGTACGAGCTT-1,4933.0,1550,2.4325966835021973
GACAGTACTTCGGA-1,5193.0,1509,4.794916152954102
GACAGTTGAGTAGA-1,3107.0,1021,1.577083945274353
GACATTCTCCACCT-1,6193.0,1751,2.5028257369995117
GACCAAACGACTAC-1,2043.0,776,3.9158101081848145
GACCAAACGTATCG-1,2228.0,910,2.9622979164123535
GACCATGACTCTCG-1,1018.0,446,7.269155025482178
GACCCTACTAAAGG-1,1493.0,714,1.4735431671142578
GACCTAGACCTCAC-1,1178.0,530,4.9235992431640625
GACCTAGACGAGAG-1,2591.0,846,4.322655200958252
GACCTCACAAGGTA-1,1825.0,631,1.5890411138534546
GACCTCACGTACGT-1,3514.0,1152,2.2766077518463135
GACCTCTGCATCAG-1,4014.0,1118,2.192326784133911
GACGAACTCCCACT-1,2191.0,755,1.4605202674865723
GACGATTGCCAATG-1,1186.0,573,1.5177066326141357
GACGCCGACCTTCG-1,2708.0,1176,1.7355982065200806
GACGCTCTCTCTCG-1,683.0,267,3.221083402633667
GACGGCACACGGGA-1,1803.0,918,0.9983360767364502
GACGGCACGAGATA-1,3154.0,1132,2.2194039821624756
GACGTAACCTATGG-1,2218.0,849,1.3976554870605469
GACGTAACCTGTGA-1,2521.0,938,1.6660056114196777
GACGTAACTATGGC-1,3219.0,1140,1.7707362174987793
GACGTATGTTGACG-1,2554.0,909,0.9005481600761414
GACGTATGTTTGCT-1,2410.0,840,1.1203320026397705
GACGTCCTACGGAG-1,2226.0,806,1.6621743440628052
GACGTCCTCTCAAG-1,2413.0,904,2.6523001194000244
GACGTCCTGATAAG-1,2256.0,788,1.5957447290420532
GACTACGATGGTCA-1,1874.0,778,1.7075773477554321
GACTCCTGCTCGCT-1,1862.0,715,3.437164306640625
GACTCCTGGGTTAC-1,2649.0,869,2.5670063495635986
GACTCCTGTTATCC-1,1462.0,714,2.3255813121795654
GACTCCTGTTGGTG-1,2720.0,883,2.058823585510254
GACTGAACAACCGT-1,663.0,332,5.731523513793945
GACTGAACCAATCG-1,2301.0,767,1.1299434900283813
GACTGATGTGATGC-1,2650.0,858,1.3584905862808228
GACTTTACATGCCA-1,2480.0,788,0.9274193644523621
GACTTTACGACAGG-1,1350.0,553,1.5555555820465088
GAGAAATGTTCTCA-1,2056.0,634,3.2101166248321533
GAGATAGAAAAAGC-1,3327.0,1230,1.6531410217285156
GAGATCACGACAAA-1,3174.0,1131,2.016383171081543
GAGATGCTCTGGAT-1,2075.0,849,2.7951807975769043
GAGATGCTGAATGA-1,1804.0,811,1.7738358974456787
GAGCAGGATTCCCG-1,1900.0,827,1.736842155456543
GAGCATACTTTGCT-1,6694.0,1753,1.6731401681900024
GAGCGCACGCGTAT-1,1777.0,713,2.7574563026428223
GAGCGCACGGTGAG-1,1056.0,484,4.640151500701904
GAGCGCTGAAGATG-1,1631.0,783,2.8816676139831543
GAGCGCTGTCTTAC-1,1979.0,722,1.4653865098953247
GAGCGGCTGGGAGT-1,1520.0,596,2.4342105388641357
GAGGACGACTCAGA-1,1171.0,514,1.280956506729126
GAGGATCTGAAAGT-1,717.0,372,0.4184100329875946
GAGGCAGACTTGCC-1,2239.0,925,1.2058955430984497
GAGGGAACACCAGT-1,1677.0,747,0.5963029265403748
GAGGGAACGAGGGT-1,1827.0,840,2.3535850048065186
GAGGGATGGGAAAT-1,1497.0,673,2.0040080547332764
GAGGGCCTTCACCC-1,2480.0,955,2.701612949371338
GAGGGTGAAGAGTA-1,2599.0,796,1.5390534400939941
GAGGTACTACGGTT-1,2041.0,719,3.037726640701294
GAGGTACTACTCAG-1,1980.0,718,2.0202019214630127
GAGGTACTGACACT-1,1922.0,857,1.3527575731277466
GAGGTACTGGGAGT-1,1321.0,578,0.8327025175094604
GAGGTACTTAGCGT-1,3386.0,1063,2.8352038860321045
GAGGTGGAGTACGT-1,1515.0,594,4.092409133911133
GAGGTGGATCCTCG-1,1988.0,997,1.9617706537246704
GAGGTTACTCGTTT-1,3757.0,1268,1.2509981393814087
GAGGTTTGTAAGCC-1,684.0,341,3.3625731468200684
GAGTCAACCATTCT-1,897.0,388,1.7837234735488892
GAGTCAACGGGAGT-1,2627.0,753,1.9033117294311523
GAGTCTGATCGTGA-1,2354.0,834,1.2744264602661133
GAGTCTGATTTGGG-1,1493.0,593,2.0763564109802246
GAGTGACTCAGCTA-1,2887.0,1189,1.6279875040054321
GAGTGACTCGGTAT-1,2183.0,911,1.5116811990737915
GAGTGACTCTTGCC-1,1833.0,738,1.527550458908081
GAGTGACTGACTAC-1,1256.0,476,4.06050968170166
GAGTGACTGTCTAG-1,2146.0,816,1.9571295976638794
GAGTGGGAGTCTTT-1,1581.0,641,2.5300443172454834
GAGTGGGATGCCCT-1,2475.0,746,2.060606002807617
GAGTGGGATGCTGA-1,1498.0,635,1.9359145164489746
GAGTGTTGCTGTAG-1,2790.0,953,2.078853130340576
GAGTGTTGTGGTCA-1,2044.0,801,1.6144814491271973
GAGTTGTGCATGGT-1,693.0,326,2.7417027950286865
GAGTTGTGCTGAGT-1,2000.0,849,2.299999952316284
GAGTTGTGGCGAGA-1,1225.0,499,1.2244898080825806
GAGTTGTGGTAGCT-1,2422.0,865,0.9083402156829834
GAGTTGTGTATGCG-1,4179.0,1420,2.536491870880127
GATAAGGAGAAACA-1,1139.0,487,3.072870969772339
GATAAGGATTCACT-1,2518.0,876,2.7799839973449707
GATACTCTATCGGT-1,2343.0,797,1.6645326614379883
GATACTCTTACTTC-1,2881.0,981,2.880944013595581
GATACTCTTGACTG-1,2146.0,756,2.609506130218506
GATAGAGAAGGGTG-1,2063.0,850,3.102278232574463
GATAGAGACTGTGA-1,3964.0,1097,0.9586276412010193
GATAGAGATCACGA-1,2811.0,998,1.4229811429977417
GATAGCACCCATAG-1,2638.0,829,2.0849127769470215
GATAGCACGAAGGC-1,3630.0,1159,1.9559228420257568
GATAGCACTTGTCT-1,2942.0,955,2.039428949356079
GATATAACAAGGTA-1,3234.0,1061,1.5769944190979004
GATATAACACGCAT-1,2247.0,696,0.7120605111122131
GATATATGCTGGAT-1,2668.0,786,2.248875617980957
GATATATGTCCGTC-1,1819.0,743,1.4843320846557617
GATATATGTGGAGG-1,3775.0,1211,2.5165562629699707
GATATCCTAGAAGT-1,2302.0,893,1.3032145500183105
GATATCCTCCCGTT-1,1071.0,491,1.3071895837783813
GATATTGACAGGAG-1,1736.0,744,3.6290323734283447
GATATTGACGAGTT-1,4410.0,1447,1.360544204711914
GATATTGAGCCAAT-1,2424.0,767,1.485148549079895
GATCCCTGACCTTT-1,2213.0,1050,1.0845006704330444
GATCCCTGTGTAGC-1,2324.0,853,1.4629948139190674
GATCCGCTGGTCAT-1,3070.0,1118,1.7263844013214111
GATCGAACCGAGAG-1,4590.0,1428,2.4836602210998535
GATCGATGACTAGC-1,1137.0,555,0.8795074820518494
GATCGATGGTAAAG-1,1771.0,612,1.8633540868759155
GATCGATGTAAGGA-1,2504.0,854,1.2779552936553955
GATCGTGACACTAG-1,2252.0,789,1.731793999671936
GATCGTGATTCACT-1,2068.0,889,1.063829779624939
GATCTACTGGTGAG-1,1969.0,784,2.6917216777801514
GATCTACTTTGCAG-1,1624.0,712,1.1699507236480713
GATCTTACACCCAA-1,3608.0,1323,2.5776052474975586
GATCTTACCCTACC-1,2803.0,921,2.4259722232818604
GATCTTACGAATAG-1,1542.0,682,2.0752270221710205
GATCTTACGAGATA-1,2202.0,794,2.67938232421875
GATGCAACTCCAGA-1,2487.0,846,0.8845999240875244
GATGCCCTACGTAC-1,2810.0,1012,2.5266904830932617
GATGCCCTCTCATT-1,2403.0,839,1.3732833862304688
GATGCCCTGGCAAG-1,2300.0,807,1.0
GATGCCCTTTTGCT-1,1525.0,587,3.6065573692321777
GATTACCTTGTTCT-1,2471.0,881,1.983002781867981
GATTCGGAACGACT-1,2625.0,781,2.4761905670166016
GATTCGGACAGGAG-1,2873.0,1010,1.6359206438064575
GATTCGGAGAAGGC-1,3634.0,1182,2.3665382862091064
GATTCTTGATTCGG-1,3001.0,1149,1.5994668006896973
GATTCTTGCCGATA-1,2262.0,812,2.0335986614227295
GATTCTTGCGAGTT-1,1550.0,607,2.7096774578094482
GATTGGACCCGTTC-1,3465.0,1155,1.298701286315918
GATTGGACGGTGTT-1,1759.0,714,3.183627128601074
GATTGGACTTTCGT-1,1634.0,642,2.0195839405059814
GATTGGTGTGTCAG-1,3236.0,1088,1.1742892265319824
GATTTAGACACTCC-1,4120.0,1291,3.1553397178649902
GATTTAGACTAAGC-1,2967.0,1196,1.3818671703338623
GATTTAGATTCGTT-1,664.0,325,1.5060241222381592
GATTTGCTAACGAA-1,2322.0,804,1.8087855577468872
GATTTGCTAACGGG-1,691.0,370,1.1577423810958862
GCAACCCTCCTCGT-1,744.0,359,1.6129032373428345
GCAACTGATTGCGA-1,2805.0,855,2.638146162033081
GCAAGACTACTGGT-1,2894.0,1165,0.6219764947891235
GCAAGACTAGGTCT-1,2191.0,836,2.8297581672668457
GCAAGACTCCCTTG-1,2701.0,923,2.073306083679199
GCAATCGACTGCAA-1,2346.0,863,3.5379369258880615
GCAATCGAGACGTT-1,3899.0,1284,3.0520646572113037
GCAATCGATCCTTA-1,3054.0,1011,2.161100149154663
GCAATTCTCGTGTA-1,2592.0,889,1.8904321193695068
GCAATTCTTCTCCG-1,3262.0,984,1.808706283569336
GCACAAACAATGCC-1,1240.0,512,3.4677419662475586
GCACAAACGGTACT-1,2829.0,939,1.1311417818069458
GCACAATGGTGCAT-1,2612.0,883,1.1868300437927246
GCACACCTGTGCTA-1,1376.0,697,2.180232524871826
GCACCACTCATGAC-1,3644.0,1211,1.5916575193405151
GCACCACTGTTTGG-1,776.0,362,1.5463917255401611
GCACCACTTCCTTA-1,1945.0,969,2.930591344833374
GCACCACTTTCGGA-1,3246.0,1135,1.756007432937622
GCACCTACGCGATT-1,4274.0,1239,1.0996724367141724
GCACCTTGGCTGTA-1,1753.0,580,1.3690816164016724
GCACCTTGGGGAGT-1,3740.0,1103,1.951871633529663
GCACGGACCAGCTA-1,3172.0,975,1.6393442153930664
GCACGGTGACCTCC-1,2262.0,825,1.1936339139938354
GCACGGTGCTATGG-1,3105.0,1170,2.5764894485473633
GCACTAGAACGGGA-1,2493.0,921,2.52707576751709
GCACTAGAAGATGA-1,1548.0,640,2.454780340194702
GCACTAGACCTTTA-1,3630.0,1180,2.3966941833496094
GCACTAGACGTAAC-1,745.0,378,1.8791946172714233
GCACTAGAGTCGTA-1,2424.0,982,2.351485252380371
GCACTAGATGCAAC-1,2667.0,916,1.3873265981674194
GCACTGCTGAGGCA-1,3473.0,1122,1.842787265777588
GCAGATACAGCGTT-1,2093.0,792,3.726708173751831
GCAGATACGACGGA-1,1670.0,619,1.6167664527893066
GCAGATACGCAGAG-1,2140.0,750,2.1962616443634033
GCAGCCGACAGTCA-1,3037.0,913,2.798814535140991
GCAGCGTGCACTCC-1,2298.0,775,1.2619669437408447
GCAGCTCTCAATCG-1,1860.0,661,1.1827956438064575
GCAGCTCTGTTTCT-1,1688.0,766,1.1848341226577759
GCAGGGCTAAGAAC-1,2969.0,768,1.9535197019577026
GCAGGGCTAAGGGC-1,1466.0,675,1.5688949823379517
GCAGGGCTATCGAC-1,1981.0,944,2.3220596313476562
GCAGGGCTTGGGAG-1,2195.0,940,4.920273303985596
GCAGTCCTAACTGC-1,2107.0,761,2.1357381343841553
GCAGTCCTCTCTTA-1,1832.0,727,2.01965069770813
GCATCAGATGCGTA-1,2047.0,767,3.8593063354492188
GCATGTGACAAGCT-1,2951.0,873,2.236530065536499
GCATTGGAGAAGGC-1,3069.0,1043,1.2056044340133667
GCCAAAACGAGGCA-1,2087.0,850,4.456157207489014
GCCAAATGATCGAC-1,2887.0,995,1.9743678569793701
GCCAACCTACGGTT-1,2141.0,680,2.1952359676361084
GCCAACCTCGCCTT-1,1770.0,595,1.1864407062530518
GCCACGGAGGCGAA-1,2000.0,700,1.75
GCCACGGATACTGG-1,2411.0,753,2.115304946899414
GCCACTACCTACTT-1,1737.0,682,5.354058742523193
GCCACTACGTCTTT-1,2097.0,736,2.2412970066070557
GCCCAACTACCGAT-1,2579.0,891,1.550988793373108
GCCCAACTATGGTC-1,1833.0,685,1.8548827171325684
GCCCATACAGCGTT-1,1959.0,780,0.40837162733078003
GCCGACGAACTCTT-1,2982.0,986,2.079141616821289
GCCGAGTGCGTTGA-1,3191.0,989,3.039799451828003
GCCGGAACGAACTC-1,2325.0,830,2.1505377292633057
GCCGGAACGTTCTT-1,1582.0,810,2.654867172241211
GCCGGAACTGCACA-1,1591.0,685,4.902576923370361
GCCGGAACTTACTC-1,2021.0,784,1.08856999874115
GCCGTACTACCTGA-1,2258.0,642,3.498671293258667
GCCGTACTGGCAAG-1,1698.0,742,3.6513545513153076
GCCTACACAGTTCG-1,2058.0,961,1.5063167810440063
GCCTACACCACTGA-1,2617.0,906,2.1016430854797363
GCCTACACCTTGAG-1,2817.0,829,0.8519701957702637
GCCTAGCTACGGAG-1,1730.0,621,0.9826589822769165
GCCTAGCTCTATTC-1,2419.0,822,1.6535758972167969
GCCTAGCTTCTCAT-1,2155.0,717,2.134570837020874
GCCTAGCTTCTCTA-1,3411.0,1210,3.3128113746643066
GCCTCAACCATGGT-1,2602.0,800,1.1145273447036743
GCCTCAACTCTTTG-1,5990.0,1963,1.1185308694839478
GCCTCATGTCTTAC-1,2173.0,749,3.037275552749634
GCCTGACTCTCAAG-1,2004.0,757,1.4471057653427124
GCGAAGGAACTCTT-1,1247.0,570,2.3255813121795654
GCGAAGGAGAGCTT-1,10282.0,2710,3.3748297691345215
GCGAAGGATGCCAA-1,2468.0,831,1.9854133129119873
GCGAGAGAGGGACA-1,1883.0,721,1.1683484315872192
GCGAGCACTGTCGA-1,613.0,336,1.9575856924057007
GCGAGCACTTGACG-1,2283.0,802,2.4967148303985596
GCGAGCACTTGCTT-1,3144.0,1001,3.0534350872039795
GCGATATGGTACGT-1,2071.0,886,1.0140029191970825
GCGATATGGTGTTG-1,1762.0,631,2.440408706665039
GCGCACGAAGTCGT-1,2266.0,759,2.7802295684814453
GCGCACGACTTTAC-1,1689.0,631,1.539372444152832
GCGCATCTAGGTCT-1,1395.0,550,1.3620071411132812
GCGCATCTGGTTAC-1,2518.0,984,2.85941219329834
GCGCATCTTCGATG-1,2297.0,767,1.6543316841125488
GCGCATCTTGCTCC-1,1995.0,835,2.1052632331848145
GCGCATCTTTCTAC-1,2508.0,777,1.7543859481811523
GCGCGAACGTTCTT-1,1661.0,639,1.384708046913147
GCGCGATGAACGGG-1,2635.0,860,0.9867172837257385
GCGCGATGGTGCAT-1,3228.0,1413,3.283766984939575
GCGGAGCTCCTGAA-1,1952.0,747,1.5368852615356445
GCGGCAACCCGATA-1,2372.0,779,1.0539629459381104
GCGGCAACGGAGGT-1,1320.0,540,2.8787879943847656
GCGGCAACTGTCGA-1,701.0,367,4.7075605392456055
GCGTAAACACGGTT-1,5928.0,1629,2.1423752307891846
GCGTAATGCACCAA-1,3970.0,1380,2.745591878890991
GCGTATGAACACCA-1,2132.0,689,2.298311471939087
GCGTATGATGAGAA-1,2732.0,1001,0.9882869720458984
GCTACAGAAAGGTA-1,2454.0,809,1.18174409866333
GCTACAGAATCTTC-1,648.0,337,1.8518518209457397
GCTACAGATCTTAC-1,2112.0,734,6.818181991577148
GCTACCTGAGAAGT-1,3296.0,1103,4.490291118621826
GCTACCTGATCACG-1,2168.0,796,1.0608856678009033
GCTACGCTAGAATG-1,2980.0,966,4.194631099700928
GCTACGCTAGCTAC-1,2110.0,782,3.838862657546997
GCTACGCTCCCTAC-1,2759.0,1018,1.3048205375671387
GCTAGAACAGAGGC-1,1513.0,642,1.6523463726043701
GCTAGAACGGATCT-1,2700.0,967,2.185185194015503
GCTAGAACTCCCGT-1,1104.0,436,1.8115942478179932
GCTAGATGAGCTCA-1,2305.0,826,3.3839478492736816
GCTAGATGGCGATT-1,2016.0,779,2.827380895614624
GCTATACTAAGGCG-1,3088.0,1000,1.4896372556686401
GCTATACTAGCGTT-1,1509.0,601,3.909874200820923
GCTATACTCTCTTA-1,2780.0,796,1.9784172773361206
GCTATACTGGACGA-1,2824.0,945,2.4079320430755615
GCTCAAGAACCATG-1,5557.0,1679,1.799532175064087
GCTCAAGAAGTCAC-1,3219.0,1123,2.3609817028045654
GCTCAGCTGTCTAG-1,1683.0,596,1.1289364099502563
GCTCCATGAGAAGT-1,2130.0,995,1.408450722694397
GCTCCATGCCGAAT-1,1954.0,720,1.0235414505004883
GCTCGACTCTAGTG-1,1418.0,588,2.750352621078491
GCTGATGAGGTATC-1,1908.0,759,2.6205451488494873
GCTTAACTACAGTC-1,916.0,452,2.9475982189178467
GCTTAACTACTGGT-1,1799.0,780,2.1678709983825684
GCTTAACTGCTGAT-1,2605.0,836,0.49904030561447144
GCTTAACTTAGACC-1,1124.0,515,3.914590835571289
GCTTAACTTCAGTG-1,2711.0,846,1.6230173110961914
GGAACACTCACTTT-1,778.0,392,1.9280205965042114
GGAACACTTCAGAC-1,628.0,283,2.866241931915283
GGAACTACTACTTC-1,1806.0,710,2.6024363040924072
GGAACTTGAAGGTA-1,3452.0,1158,2.491309404373169
GGAACTTGAGAATG-1,2303.0,796,3.213200092315674
GGAACTTGCTCCAC-1,2406.0,895,1.7871986627578735
GGAACTTGGGTAGG-1,1740.0,585,4.367815971374512
GGAAGGACATCGGT-1,1387.0,559,0.937274694442749
GGAAGGACCACTAG-1,2054.0,859,1.119766354560852
GGAAGGACGAGGGT-1,2881.0,879,3.366886615753174
GGAAGGACGCGAAG-1,2169.0,858,1.9824804067611694
GGAAGGTGGCGAGA-1,1633.0,842,2.327005624771118
GGAATCTGAAGGGC-1,1734.0,643,2.1337947845458984
GGAATCTGAGGAGC-1,3501.0,1308,1.1996572017669678
GGAATCTGCTTAGG-1,1513.0,595,2.3132848739624023
GGAATCTGCTTGTT-1,3350.0,1181,4.865671634674072
GGAATCTGGGAGGT-1,2668.0,909,0.787106454372406
GGAATGCTTTCTAC-1,2254.0,710,1.5084294080734253
GGACAGGAAAGGGC-1,2177.0,821,3.8125860691070557
GGACAGGAGTGCTA-1,2028.0,817,2.4161734580993652
GGACAGGATCTCGC-1,2191.0,841,1.2323139905929565
GGACCCGAAGCTAC-1,3323.0,1197,1.625037670135498
GGACCGTGCTTACT-1,1555.0,640,1.0932475328445435
GGACCGTGGGAACG-1,4455.0,1425,2.8058362007141113
GGACCGTGTAACGC-1,2914.0,947,2.264927864074707
GGACCTCTGTAAGA-1,2399.0,900,3.251354694366455
GGACCTCTTTTCTG-1,2024.0,852,3.0632410049438477
GGACGAGAGTGTCA-1,930.0,460,2.5806450843811035
GGACGCTGACGCAT-1,3051.0,1100,2.8515241146087646
GGACGCTGCTAGCA-1,3129.0,824,1.9814636707305908
GGACGCTGTCCTCG-1,1529.0,780,1.3734467029571533
GGAGAGACGTGAGG-1,2677.0,932,1.6062756776809692
GGAGCAGATTCAGG-1,1324.0,542,2.7190332412719727
GGAGCCACCTTCTA-1,3351.0,1137,1.5816174745559692
GGAGCGCTACGCAT-1,3766.0,1225,1.48698890209198
GGAGCGCTCCGAAT-1,3246.0,997,1.1706715822219849
GGAGGATGCCACCT-1,1585.0,572,0.9463722109794617
GGAGGATGGTTGAC-1,1792.0,780,2.0089285373687744
GGAGGATGTCAGTG-1,2009.0,765,2.3394722938537598
GGAGGCCTCGTTGA-1,1941.0,906,1.59711492061615
GGAGGCCTTTCTTG-1,2408.0,793,2.1179401874542236
GGAGGTGATACGCA-1,2326.0,753,2.1926052570343018
GGAGGTGATCGCTC-1,1813.0,772,1.930501937866211
GGATACTGCAGCTA-1,2652.0,854,1.7345399856567383
GGATACTGTCTAGG-1,2715.0,936,1.3627992868423462
GGATAGCTCGTCTC-1,3054.0,1048,1.8336607217788696
GGATAGCTCTGAAC-1,2053.0,819,3.11738920211792
GGATGTACCAAAGA-1,1887.0,645,1.6428192853927612
GGATGTACGCGAAG-1,1595.0,619,1.5673980712890625
GGATGTACGTCTTT-1,562.0,314,3.0249109268188477
GGATGTACGTGTCA-1,1638.0,726,3.174603223800659
GGATTTCTAGGTTC-1,1902.0,737,2.313354253768921
GGATTTCTTTGTCT-1,3345.0,1162,1.943198800086975
GGCAAGGAAAAAGC-1,2377.0,1081,2.145561695098877
GGCAAGGAAGAAGT-1,2711.0,868,1.770564317703247
GGCAAGGACTTGGA-1,3094.0,1032,2.2301228046417236
GGCAAGGAGGACTT-1,2909.0,913,1.5812994241714478
GGCAATACGCTAAC-1,1078.0,476,3.246753215789795
GGCAATACGGCATT-1,1109.0,490,2.4346258640289307
GGCAATACGTTTCT-1,2079.0,799,2.212602138519287
GGCACGTGGCTTAG-1,3600.0,1201,1.3333333730697632
GGCACGTGTGAGAA-1,10359.0,2694,1.7569262981414795
GGCACTCTTTTGTC-1,2545.0,997,1.1787818670272827
GGCATATGCTTATC-1,1940.0,898,1.4948453903198242
GGCATATGGGGAGT-1,575.0,212,1.2173912525177002
GGCATATGTGTGAC-1,5305.0,1586,2.7144203186035156
GGCCACGACAGAGG-1,891.0,427,3.0303030014038086
GGCCAGACTGGTTG-1,2564.0,947,1.6770670413970947
GGCCCAGAAAGTAG-1,2686.0,937,1.0796723365783691
GGCCGAACAACGAA-1,2354.0,724,2.5913338661193848
GGCCGAACGCAGAG-1,837.0,380,3.5842294692993164
GGCCGAACGTAGGG-1,1809.0,715,2.1006081104278564
GGCCGAACTCTAGG-1,1494.0,739,0.6024096608161926
GGCCGATGCAGGAG-1,2878.0,931,1.42460036277771
GGCCGATGCCGAAT-1,2616.0,973,1.3379205465316772
GGCCGATGTACTCT-1,2608.0,773,2.4156441688537598
GGCGACACTGCCCT-1,4441.0,1497,1.7563611268997192
GGCGACTGCGTAAC-1,2524.0,906,0.7131537199020386
GGCGCATGCCTAAG-1,2096.0,798,2.0515267848968506
GGCGCATGCTCCAC-1,2535.0,953,0.7100591659545898
GGCGCATGTGGAAA-1,1201.0,471,0.6661115884780884
GGCGGACTAGAGGC-1,1760.0,821,1.704545497894287
GGCGGACTAGGAGC-1,1975.0,806,1.6708860397338867
GGCGGACTCTGACA-1,2076.0,714,1.4932562112808228
GGCGGACTCTTGGA-1,1934.0,828,3.360909938812256
GGCGGACTTACTGG-1,2404.0,727,3.161397695541382
GGCGGACTTGAACC-1,2112.0,773,1.6098484992980957
GGCTAAACACCTGA-1,2434.0,976,0.5341002345085144
GGCTAAACTCTTAC-1,2667.0,856,1.6872891187667847
GGCTAATGAGCACT-1,1650.0,727,1.878787875175476
GGCTAATGGTCTAG-1,2255.0,761,2.084257125854492
GGCTCACTACTCAG-1,3516.0,1084,1.9055745601654053
GGGAACGAAGCTCA-1,4322.0,1557,2.498843193054199
GGGAACGACACAAC-1,1713.0,693,1.868067741394043
GGGAACGAGTGTCA-1,1149.0,559,2.2628371715545654
GGGAAGTGTTGAGC-1,1555.0,627,4.308681488037109
GGGACCACACGTTG-1,1863.0,795,2.6301662921905518
GGGACCACAGAACA-1,2091.0,750,2.343376398086548
GGGACCACGAATAG-1,2385.0,838,1.257861614227295
GGGACCACGTCATG-1,2564.0,803,2.067082643508911
GGGACCACTCAAGC-1,1064.0,453,1.6917293071746826
GGGACCACTCGTGA-1,2291.0,734,2.2697513103485107
GGGACCACTGCATG-1,1933.0,607,1.7071908712387085
GGGACCTGACCCTC-1,3080.0,1029,1.753246784210205
GGGACCTGCTTGCC-1,2340.0,805,1.9658119678497314
GGGACCTGTGGAGG-1,1762.0,669,3.2349603176116943
GGGATGGACGACAT-1,1309.0,505,1.0695186853408813
GGGATGGATACTTC-1,2272.0,858,2.7728872299194336
GGGATGGATGGTTG-1,2068.0,832,2.369439125061035
GGGATTACGTCTAG-1,3001.0,1019,1.8660446405410767
GGGCAAGATGCATG-1,1424.0,585,2.3876404762268066
GGGCACACGGTGAG-1,4258.0,1225,3.4523251056671143
GGGCACACGTTGCA-1,4082.0,1287,2.08231258392334
GGGCAGCTTGGGAG-1,2246.0,903,2.4487979412078857
GGGCAGCTTTTCTG-1,2333.0,752,1.5859408378601074
GGGCCAACCTTGGA-1,8424.0,2020,1.0565052032470703
GGGCCAACGCGTTA-1,2178.0,774,2.5711662769317627
GGGCCAACTACGCA-1,1435.0,666,2.578397274017334
GGGCCAACTCCAAG-1,2440.0,843,1.8442622423171997
GGGCCATGATGGTC-1,2486.0,857,3.3386967182159424
GGGCCATGTTGACG-1,2262.0,887,1.6357206106185913
GGGTAACTCAGCTA-1,3430.0,1082,2.0699708461761475
GGGTAACTCTAGTG-1,1773.0,656,1.5228426456451416
GGGTAACTCTGGAT-1,1948.0,674,1.950718641281128
GGGTTAACGTGCAT-1,1815.0,911,1.6528925895690918
GGTAAAGAGCTAAC-1,1614.0,734,3.159851312637329
GGTACAACTGCAAC-1,2655.0,910,0.6779661178588867
GGTACATGAAAGCA-1,1699.0,672,2.1777515411376953
GGTACATGAGCTCA-1,1753.0,802,0.9127210378646851
GGTACATGCGGTAT-1,1373.0,539,1.7479970455169678
GGTACATGGTTACG-1,1930.0,699,1.4507771730422974
GGTACATGTGGGAG-1,2747.0,941,2.3298144340515137
GGTACTGAACTCTT-1,2050.0,828,2.829268217086792
GGTAGTACACCACA-1,2290.0,800,2.6200873851776123
GGTAGTACACTAGC-1,1655.0,642,3.0211479663848877
GGTAGTACCCTGTC-1,2091.0,733,1.9607843160629272
GGTAGTACGCCATA-1,1347.0,607,1.5590200424194336
GGTAGTACTGTCTT-1,2748.0,992,1.2372634410858154
GGTATCGAGACAAA-1,809.0,379,1.8541408777236938
GGTATCGATGAACC-1,1508.0,562,2.0557029247283936
GGTCAAACCAAAGA-1,2392.0,847,1.1287624835968018
GGTCTAGAGAAACA-1,2333.0,787,2.8289756774902344
GGTCTAGATAGCGT-1,4661.0,1461,1.2014589309692383
GGTGATACCGACTA-1,1698.0,732,2.4734983444213867
GGTGATACGACTAC-1,2717.0,941,1.4354066848754883
GGTGATACTGTTTC-1,2084.0,785,1.1996160745620728
GGTGGAGAAACGGG-1,1397.0,696,1.7179670333862305
GGTGGAGAAGTAGA-1,1898.0,795,1.6859852075576782
GGTGGAGACAGATC-1,1440.0,809,2.0138888359069824
GGTGGAGATCGATG-1,2297.0,828,2.089682102203369
GGTGGAGATCTCTA-1,1836.0,651,2.4509804248809814
GGTGGAGATTACTC-1,2454.0,882,1.018744945526123
GGTTTACTACGCAT-1,2346.0,972,2.259164571762085
GTAACGTGACCTCC-1,4523.0,1323,1.790846824645996
GTAACGTGATCGGT-1,1887.0,679,2.4377317428588867
GTAACGTGCAGCTA-1,2109.0,774,1.6121385097503662
GTAACGTGGTTGAC-1,2307.0,784,2.0806241035461426
GTAAGCACAACGGG-1,2030.0,766,0.8374384045600891
GTAAGCACTCATTC-1,1138.0,520,2.1089630126953125
GTAAGCTGGTACCA-1,1450.0,671,2.8965516090393066
GTAATAACCTTCTA-1,2208.0,796,3.5778985023498535
GTAATAACGTTGTG-1,2118.0,644,2.549575090408325
GTACCCTGACAGTC-1,5050.0,1549,1.603960394859314
GTACCCTGGAGCTT-1,2350.0,756,1.6595745086669922
GTACCCTGTCCTTA-1,1631.0,723,1.839362382888794
GTACCCTGTGAACC-1,2511.0,788,2.4691357612609863
GTACGTGAACGTTG-1,1742.0,643,2.812858819961548
GTACTTTGTCGACA-1,2420.0,856,2.6033058166503906
GTAGACTGAGATGA-1,2139.0,825,2.805049180984497
GTAGACTGTATTCC-1,2008.0,730,1.0956175327301025
GTAGCAACAGTCGT-1,2232.0,831,1.9713261127471924
GTAGCAACCATTTC-1,1657.0,653,3.3796017169952393
GTAGCAACGGTAGG-1,955.0,429,0.4188481569290161
GTAGCATGCACTCC-1,1680.0,641,2.440476179122925
GTAGCATGTAAGCC-1,1544.0,637,4.145077705383301
GTAGCCCTGACGTT-1,2453.0,812,3.220546245574951
GTAGCTGAAGCTAC-1,5103.0,1527,2.7238879203796387
GTAGCTGAATTCGG-1,2430.0,859,2.222222328186035
GTAGGTACACGGGA-1,2858.0,972,1.7144856452941895
GTAGTGACCTCATT-1,2328.0,744,1.761168360710144
GTAGTGTGAGCGGA-1,2056.0,869,1.5564202070236206
GTAGTGTGAGGCGA-1,1148.0,508,2.3519163131713867
GTAGTGTGTGGTTG-1,1969.0,624,0.8633823990821838
GTATCACTGGTAGG-1,2503.0,923,2.7566919326782227
GTATCTACAGAAGT-1,2285.0,976,1.9693654775619507
GTATCTACGACGAG-1,1939.0,801,1.7019082307815552
GTATCTACGTTACG-1,2808.0,1014,3.0270655155181885
GTATTAGAAACAGA-1,3490.0,1429,1.4326647520065308
GTATTAGAGGTCTA-1,1410.0,586,1.4184397459030151
GTATTCACACAGCT-1,1806.0,692,2.9900331497192383
GTATTCACGGGTGA-1,1741.0,704,2.1252152919769287
GTCAACGACACTGA-1,3629.0,1176,1.79112708568573
GTCAACGAGTGTAC-1,2148.0,806,1.8621973991394043
GTCAACGATCAGGT-1,555.0,324,6.666666507720947
GTCAATCTACACCA-1,2273.0,883,2.4197096824645996
GTCAATCTGTAGCT-1,3336.0,1249,3.2074339389801025
GTCAATCTTGTGGT-1,2261.0,765,0.6634232401847839
GTCACCTGCCTCCA-1,2127.0,743,1.034320592880249
GTCACCTGTCCCGT-1,2796.0,907,2.4320456981658936
GTCATACTAATCGC-1,1610.0,666,2.9813663959503174
GTCATACTGCGATT-1,1457.0,669,0.6863418221473694
GTCATACTTCGCCT-1,984.0,364,2.9471545219421387
GTCATACTTTACCT-1,1861.0,794,1.8807092905044556
GTCATACTTTGACG-1,2738.0,959,1.1687363386154175
GTCCAAGAAAAACG-1,2261.0,766,1.3268464803695679
GTCCACTGACCTCC-1,3332.0,937,1.1704682111740112
GTCCACTGGGTACT-1,4417.0,1398,2.7846953868865967
GTCCAGCTACGGGA-1,2634.0,942,1.25284743309021
GTCCCATGTGGTGT-1,4746.0,1469,2.52844500541687
GTCGAATGAAGGCG-1,2120.0,905,2.2169811725616455
GTCGACCTGAATGA-1,1550.0,812,2.064516067504883
GTCGACCTGTTCAG-1,1836.0,572,1.9607843160629272
GTCGCACTTGAGAA-1,4067.0,1378,1.647405982017517
GTCTAACTGGTCTA-1,3369.0,1058,2.879192590713501
GTCTAGGAGCTTCC-1,3654.0,1215,2.1072797775268555
GTGAACACACTCTT-1,2218.0,697,1.3525699377059937
GTGAACACAGATCC-1,871.0,424,10.447761535644531
GTGAACACTCAGGT-1,1244.0,531,0.9646302461624146
GTGACCCTTAAGCC-1,1896.0,676,1.5295358896255493
GTGATGACAAGTGA-1,6333.0,1819,2.115900754928589
GTGATGACCTGAGT-1,1096.0,503,2.0072991847991943
GTGATGACGGTTTG-1,2084.0,801,2.4472169876098633
GTGATTCTCATTTC-1,2569.0,943,0.9342156648635864
GTGATTCTCTCTCG-1,2597.0,874,2.656911849975586
GTGATTCTGGTTCA-1,1657.0,813,1.6898008584976196
GTGATTCTGTCGAT-1,1991.0,694,1.8081365823745728
GTGATTCTTAGCGT-1,1344.0,494,2.455357074737549
GTGCCACTCAGGAG-1,1897.0,660,0.8961518406867981
GTGGATTGCACTAG-1,4561.0,1467,3.22297739982605
GTGGATTGCGGAGA-1,2774.0,976,2.2710886001586914
GTGGATTGTAACGC-1,2765.0,833,1.8806509971618652
GTGTACGATCAGTG-1,1979.0,689,1.667508840560913
GTGTAGTGGGTACT-1,2627.0,921,2.7407689094543457
GTGTATCTAGCCTA-1,1434.0,625,2.440725326538086
GTGTATCTAGTAGA-1,4444.0,1428,2.0477046966552734
GTGTATCTGTTACG-1,2122.0,817,1.602262020111084
GTGTCAGAAGCGTT-1,2056.0,909,2.091439723968506
GTGTCAGAATGCTG-1,750.0,326,6.0
GTTAAAACCGAGAG-1,2019.0,956,0.8420009613037109
GTTAAAACTTCGCC-1,2059.0,676,5.050995826721191
GTTAAATGCTCGAA-1,2651.0,765,2.2632968425750732
GTTAAATGTCGACA-1,3783.0,1207,1.9561195373535156
GTTAACCTAGCTAC-1,2450.0,829,2.6938774585723877
GTTAACCTTGCTTT-1,6102.0,1648,1.6224188804626465
GTTAGGTGCACTCC-1,1391.0,554,3.5226454734802246
GTTAGGTGCCAGTA-1,4975.0,1500,2.6733667850494385
GTTAGGTGCCCAAA-1,2189.0,953,0.5938785076141357
GTTAGGTGGAACTC-1,1653.0,647,1.7543859481811523
GTTAGTCTAAGAAC-1,1154.0,537,4.3327555656433105
GTTATAGAGGACAG-1,2053.0,786,1.6074037551879883
GTTATGCTTTCATC-1,2431.0,814,1.8922253847122192
GTTCAACTGGGACA-1,1503.0,761,2.129075288772583
GTTCAACTTATGCG-1,2657.0,862,2.2205495834350586
GTTGACGAGCCCTT-1,1899.0,838,0.9478672742843628
GTTGACGATATCGG-1,2264.0,1102,1.94346284866333
GTTGAGTGGTCTTT-1,4397.0,1392,1.0689105987548828
GTTGAGTGTGCTTT-1,3840.0,1042,1.953125
GTTGATCTGGGACA-1,944.0,372,0.4237288236618042
GTTGATCTTTTCAC-1,2461.0,971,2.1535961627960205
GTTGGATGTTTACC-1,4438.0,1364,2.5236592292785645
GTTGTACTATTCCT-1,3103.0,1137,1.9658395051956177
GTTGTACTTTTGGG-1,2404.0,847,2.2462563514709473
GTTTAAGACCATGA-1,2598.0,935,2.270977735519409
GTTTAAGACTGTCC-1,1584.0,710,2.2095959186553955
TAAACAACCAACCA-1,3425.0,1070,1.8686131238937378
TAAACAACGAATCC-1,2818.0,914,1.0645848512649536
TAAAGACTCAGGAG-1,2375.0,855,1.51578950881958
TAAATCGATGAGGG-1,2036.0,759,1.9155206680297852
TAACAATGTGCCCT-1,1343.0,654,1.5636634826660156
TAACACCTTCGCTC-1,2755.0,981,1.451905608177185
TAACACCTTCGTAG-1,3283.0,1193,1.7666767835617065
TAACACCTTGTTTC-1,1004.0,397,1.0956175327301025
TAACATGACACTAG-1,3390.0,1123,1.9469026327133179
TAACCGGACTTACT-1,2009.0,616,1.3439521789550781
TAACGTCTCAACCA-1,1931.0,747,2.1750388145446777
TAACGTCTCATTGG-1,2567.0,876,2.1425788402557373
TAACTAGAATTTCC-1,2538.0,949,1.4184397459030151
TAACTAGACTTAGG-1,2921.0,965,2.0198562145233154
TAACTAGATCTGGA-1,2348.0,789,1.4480408430099487
TAACTCACGAGGAC-1,1922.0,752,4.058272838592529
TAACTCACGTACAC-1,2011.0,717,2.635504722595215
TAACTCACGTATCG-1,3807.0,1198,1.9437878131866455
TAACTCACTCTACT-1,2227.0,952,3.0085315704345703
TAAGAACTGTGTCA-1,1730.0,625,3.757225513458252
TAAGAGGACTAAGC-1,2019.0,784,2.1297671794891357
TAAGAGGACTTGTT-1,2061.0,914,1.5526443719863892
TAAGATACCCACAA-1,1199.0,534,5.421184539794922
TAAGATACGGTTCA-1,1465.0,659,0.9556313753128052
TAAGATTGCGTAGT-1,2789.0,913,1.577626347541809
TAAGATTGTTGCTT-1,2289.0,863,1.266928791999817
TAAGCGTGAGGTTC-1,2838.0,959,2.2903454303741455
TAAGCGTGGACAAA-1,5192.0,1637,2.0608627796173096
TAAGCGTGGGAAAT-1,2330.0,796,1.158798336982727
TAAGCGTGTGCTCC-1,4978.0,1508,2.229811191558838
TAAGGCTGCCATGA-1,2361.0,906,2.49894118309021
TAAGGCTGCTGCTC-1,2147.0,714,1.5836050510406494
TAAGGCTGTCTCGC-1,3420.0,1195,2.13450288772583
TAAGGGCTGCTGTA-1,1852.0,867,1.349892020225525
TAAGGGCTTTACTC-1,2208.0,819,3.2155797481536865
TAAGTAACCGAGAG-1,702.0,375,2.706552743911743
TAAGTAACCTCCAC-1,1740.0,656,3.3333332538604736
TAAGTAACCTGTAG-1,3397.0,1047,2.7671475410461426
TAAGTAACTTGTCT-1,2113.0,745,2.9342167377471924
TAATGATGAGCGGA-1,2768.0,866,1.5534682273864746
TAATGCCTCATGAC-1,4189.0,1186,0.9548818469047546
TAATGCCTCGTCTC-1,4213.0,1669,1.970092535018921
TAATGTGAAGATGA-1,1314.0,539,1.4459664821624756
TAATGTGACTGCAA-1,2532.0,942,2.1721959114074707
TAATGTGATTACTC-1,2326.0,839,2.837489366531372
TACAAATGGGTACT-1,2547.0,927,2.198665142059326
TACAATGAAAACAG-1,1995.0,796,1.604009985923767
TACAATGACTTAGG-1,1948.0,734,1.6940451860427856
TACAATGATGCTAG-1,2466.0,831,3.2846715450286865
TACACACTCACACA-1,3128.0,967,2.301790237426758
TACACACTCTTACT-1,1246.0,620,3.210272789001465
TACATAGAACGCAT-1,2223.0,814,3.5537562370300293
TACATCACACGGGA-1,1622.0,605,1.664611577987671
TACATCACCTGTTT-1,4202.0,1391,3.6887197494506836
TACATCACGCTAAC-1,1795.0,655,1.7827298641204834
TACATCACTGAACC-1,4605.0,1512,1.281216025352478
TACCATTGAGGTTC-1,1535.0,625,1.4983713626861572
TACCATTGCGGGAA-1,2071.0,719,3.090294599533081
TACCATTGGGGATG-1,1425.0,547,2.3157894611358643
TACCATTGTGAGGG-1,2349.0,864,3.7037036418914795
TACCGGCTGTTGGT-1,2809.0,902,2.7767889499664307
TACGAGTGATCTCT-1,2692.0,853,1.8573551177978516
TACGAGTGATGCTG-1,3689.0,1143,2.0059635639190674
TACGAGTGCGGAGA-1,2265.0,990,1.721854329109192
TACGAGTGGTTGGT-1,2222.0,858,1.845184564590454
TACGATCTAGTGTC-1,1422.0,604,2.7426159381866455
TACGATCTCACTGA-1,4206.0,1291,2.3537802696228027
TACGATCTTACGAC-1,1686.0,701,2.787663221359253
TACGCAGACGTCTC-1,720.0,340,10.416666984558105
TACGCAGAGAATCC-1,2121.0,859,0.8015087246894836
TACGCCACATTCCT-1,1967.0,768,0.6100661158561707
TACGCCACTCCCAC-1,5289.0,1621,3.157496690750122
TACGCCACTCCGAA-1,1857.0,715,2.100161552429199
TACGCGCTCTTCTA-1,1474.0,642,5.359565734863281
TACGGAACGCGTTA-1,1380.0,594,2.2463767528533936
TACGGCCTGGGACA-1,1557.0,783,1.734104037284851
TACGGCCTGTCCTC-1,1025.0,419,5.463414669036865
TACGTACTACGGAG-1,5282.0,1608,1.4956456422805786
TACGTACTCAGTTG-1,2993.0,927,1.6371533870697021
TACGTACTCCCGTT-1,1937.0,740,1.910170316696167
TACGTTACAGAAGT-1,2256.0,805,1.4184397459030151
TACGTTACCAAGCT-1,1701.0,705,2.5279247760772705
TACTAAGAAAGGTA-1,988.0,491,1.4170039892196655
TACTAAGAATCACG-1,1219.0,514,3.117309331893921
TACTAAGATGATGC-1,1864.0,768,2.3068668842315674
TACTAAGATTGCGA-1,2551.0,880,1.4896118640899658
TACTACACGAGAGC-1,3236.0,993,0.9270704388618469
TACTACACTTACCT-1,750.0,356,3.7333333492279053
TACTACTGAACCTG-1,1831.0,748,1.6930638551712036
TACTACTGATGTCG-1,2304.0,993,1.5625
TACTACTGATTCTC-1,2383.0,801,1.300881266593933
TACTACTGTATGGC-1,2843.0,843,2.8491029739379883
TACTCAACGGTCTA-1,3741.0,1194,1.390002727508545
TACTCAACTGCTAG-1,2242.0,794,2.943800210952759
TACTCCCTCAGTTG-1,1556.0,606,1.156812310218811
TACTCTGAATCGAC-1,1986.0,810,1.8126888275146484
TACTCTGACGAGTT-1,2524.0,882,1.8621236085891724
TACTCTGATTGACG-1,1492.0,682,1.5415549278259277
TACTGGGATCGATG-1,3823.0,1126,1.5694481134414673
TACTGTTGAAAGCA-1,1991.0,792,1.8081365823745728
TACTGTTGAGGCGA-1,1701.0,829,2.763080596923828
TACTGTTGCTGAAC-1,5201.0,1657,3.1916940212249756
TACTTGACTCCTCG-1,1705.0,786,1.6422287225723267
TACTTGACTGGTGT-1,1599.0,610,1.9387116432189941
TACTTTCTTTTGGG-1,1591.0,664,4.148334503173828
TAGAAACTAATCGC-1,2208.0,790,1.2228261232376099
TAGAAACTGCTTCC-1,2211.0,852,2.351876974105835
TAGAAACTGGGATG-1,1371.0,678,1.3129103183746338
TAGAATTGCGACAT-1,1742.0,589,2.123995304107666
TAGAATTGTATCGG-1,3222.0,930,2.048417091369629
TAGACGTGCTTGAG-1,1986.0,690,3.373615264892578
TAGACGTGTCGCTC-1,2593.0,840,1.002699613571167
TAGAGCACCTTACT-1,1444.0,647,2.008310317993164
TAGATTGACTTGTT-1,1594.0,622,3.450439214706421
TAGATTGAGGCATT-1,813.0,427,2.214022159576416
TAGCATCTCAGCTA-1,1700.0,856,1.2352941036224365
TAGCATCTCCCTCA-1,1138.0,522,2.6362037658691406
TAGCATCTGCTGTA-1,3628.0,1262,2.232635021209717
TAGCATCTGGGACA-1,2069.0,722,2.029966115951538
TAGCATCTTGTCGA-1,1753.0,641,1.4831717014312744
TAGCCCACAAAAGC-1,3164.0,997,1.3274335861206055
TAGCCCACAGCCAT-1,2261.0,983,2.2114109992980957
TAGCCCACAGCTAC-1,2171.0,1099,2.901888608932495
TAGCCCACCCACAA-1,1986.0,607,2.215508460998535
TAGCCCTGCGGAGA-1,2044.0,704,4.892367839813232
TAGCCGCTTACGAC-1,2796.0,947,1.2517882585525513
TAGCCGCTTACTTC-1,2301.0,886,1.7383745908737183
TAGCCGCTTTCCAT-1,3331.0,1062,2.2515761852264404
TAGCTACTGAATAG-1,1645.0,659,1.155015230178833
TAGCTACTGTAGCT-1,2915.0,995,1.2692967653274536
TAGCTACTTTTGCT-1,1079.0,492,2.687673807144165
TAGGACTGTGCTGA-1,1709.0,754,2.984201192855835
TAGGAGCTAAGGCG-1,2038.0,676,3.091265916824341
TAGGAGCTGAGGGT-1,2596.0,837,1.8489984273910522
TAGGAGCTTGCATG-1,1163.0,532,0.7738606929779053
TAGGCAACCGTCTC-1,1691.0,598,1.7149615287780762
TAGGCATGCTCTCG-1,3106.0,1274,1.3522214889526367
TAGGCATGGCGAGA-1,2403.0,921,1.206824779510498
TAGGCTGATGCCTC-1,1640.0,700,1.4634146690368652
TAGGGACTGAACTC-1,1919.0,828,2.761855125427246
TAGGTCGACACTGA-1,2469.0,828,2.187120199203491
TAGGTCGAGGATCT-1,1221.0,543,2.047502040863037
TAGGTGACACACTG-1,1991.0,815,3.666499137878418
TAGGTGACACGTTG-1,1889.0,709,3.864478588104248
TAGGTGTGTTCTGT-1,1726.0,842,3.0127463340759277
TAGGTTCTGAAGGC-1,3539.0,1200,1.8931901454925537
TAGGTTCTTCTTAC-1,3246.0,1126,2.464571714401245
TAGGTTCTTGCTGA-1,3808.0,1327,1.8119747638702393
TAGTAAACCTCGCT-1,2781.0,849,1.9057892560958862
TAGTAAACGTCACA-1,4046.0,1160,2.125555992126465
TAGTAATGAGATCC-1,1814.0,707,0.8269018530845642
TAGTACCTAAGAAC-1,1663.0,675,1.8641010522842407
TAGTATGATCTTAC-1,1833.0,709,3.055100917816162
TAGTATGATTCTCA-1,3358.0,990,2.025014877319336
TAGTCTTGGCTGTA-1,652.0,270,0.0
TAGTCTTGGGACTT-1,945.0,445,1.6931216716766357
TAGTCTTGTGGAAA-1,2207.0,892,3.5342092514038086
TAGTGGTGAAGTGA-1,2006.0,1040,3.5892322063446045
TAGTTAGAACCACA-1,1737.0,832,1.5544041395187378
TAGTTAGATGAACC-1,2217.0,815,1.5336040258407593
TATAAGACAACAGA-1,982.0,437,4.887983798980713
TATAAGACAGCTCA-1,4150.0,1401,2.1927711963653564
TATAAGTGACACCA-1,3900.0,1341,4.307692527770996
TATAAGTGTATCGG-1,973.0,480,1.644398808479309
TATAAGTGTGGTGT-1,4913.0,1517,2.4424993991851807
TATACAGAACCCTC-1,1976.0,704,2.378542423248291
TATACAGAAGAACA-1,1662.0,622,1.5643802881240845
TATACAGATCCAGA-1,2249.0,823,1.8230324983596802
TATACCACCTGATG-1,1972.0,731,3.3975658416748047
TATACGCTACCAAC-1,2144.0,781,1.492537260055542
TATAGATGGACGGA-1,2088.0,849,1.436781644821167
TATAGATGTTCCGC-1,3650.0,1209,3.1506848335266113
TATCACTGACTGTG-1,1289.0,511,5.508145809173584
TATCCAACCAGCTA-1,1074.0,472,1.4897578954696655
TATCCAACTCTCTA-1,1973.0,838,2.7369487285614014
TATCGACTACTAGC-1,1478.0,643,2.503382921218872
TATCGACTCGATAC-1,3151.0,1101,2.602348566055298
TATCGTACAGATGA-1,2185.0,879,2.517162561416626
TATCGTACATTCCT-1,2324.0,895,2.4096386432647705
TATCTCGAGAGATA-1,1174.0,408,1.36286199092865
TATCTGACAGGTTC-1,1888.0,832,2.4894068241119385
TATCTGACTGTTTC-1,2662.0,845,1.2772351503372192
TATCTTCTAAACAG-1,3051.0,928,2.064896821975708
TATGAATGGAGGAC-1,2033.0,920,1.0329562425613403
TATGAATGTTTGCT-1,3725.0,1269,2.577181100845337
TATGCGGATAACCG-1,1373.0,652,3.350327730178833
TATGGGTGCATCAG-1,3551.0,1463,1.1827653646469116
TATGGGTGCTAGCA-1,2023.0,840,2.323282241821289
TATGGTCTCTACCC-1,1898.0,706,2.4762909412384033
TATGTCACGGAACG-1,3336.0,956,2.547961711883545
TATGTCACTAACCG-1,3467.0,1219,1.8171329498291016
TATGTCACTTCTCA-1,1388.0,612,2.953890562057495
TATGTGCTCCGATA-1,2912.0,970,1.6483516693115234
TATGTGCTGGATTC-1,2276.0,789,0.8347979187965393
TATTGCTGAAGAAC-1,805.0,382,3.8509316444396973
TATTGCTGCCGTTC-1,1289.0,533,4.887509822845459
TATTGCTGTCTGGA-1,2093.0,627,2.102245569229126
TATTGCTGTGCACA-1,780.0,388,3.076923131942749
TATTTCCTATTGGC-1,1638.0,655,1.8925518989562988
TATTTCCTGGAGGT-1,2265.0,1103,1.8101545572280884
TATTTCCTGGTGTT-1,2209.0,782,0.9053870439529419
TCAACACTGTTTGG-1,2765.0,1231,2.4231464862823486
TCAAGGACAGCGTT-1,1738.0,617,1.4959723949432373
TCAAGGACATTCTC-1,1218.0,589,1.8062397241592407
TCAAGGACGGTGTT-1,2074.0,758,1.0125361680984497
TCAATCACACTCTT-1,2134.0,882,2.764760971069336
TCAATCACAGTCGT-1,2583.0,909,3.21331787109375
TCACAACTATGTGC-1,1839.0,661,1.9575856924057007
TCACAACTTTGCTT-1,1300.0,558,3.384615421295166
TCACATACACTTTC-1,2580.0,947,1.5891473293304443
TCACATACAGGGTG-1,1203.0,491,1.6625103950500488
TCACCCGAGACGGA-1,4220.0,1386,2.156398057937622
TCACCGTGCTCGCT-1,4576.0,1481,3.4965035915374756
TCACCTCTACGACT-1,2131.0,823,3.6133270263671875
TCACCTCTTCCAAG-1,2765.0,1064,2.567811965942383
TCACGAGAGGAGGT-1,1644.0,681,1.9464720487594604
TCACTATGGGGCAA-1,1431.0,652,1.8867924213409424
TCACTATGGTTGTG-1,808.0,363,0.6188119053840637
TCAGACGACGCTAA-1,2309.0,824,1.2559549808502197
TCAGACGACGTTAG-1,2038.0,933,1.9136408567428589
TCAGAGACTCCAGA-1,2093.0,611,1.4811276197433472
TCAGCAGACTCCAC-1,2640.0,886,1.0984848737716675
TCAGCGCTCTAGTG-1,1781.0,806,2.695115089416504
TCAGCGCTGGATCT-1,1276.0,531,2.0376174449920654
TCAGCGCTGGTATC-1,2363.0,864,3.004655122756958
TCAGGATGAAGTAG-1,1623.0,648,1.2322858572006226
TCAGGATGCCTTTA-1,3122.0,1142,2.5944907665252686
TCAGTGGAAGATCC-1,1688.0,736,1.8957345485687256
TCAGTTACCTACGA-1,2574.0,955,2.680652618408203
TCAGTTACTAGAAG-1,2239.0,826,1.2505582571029663
TCATCAACCCGATA-1,2340.0,725,2.222222328186035
TCATCAACTGTTCT-1,4052.0,1174,2.7393879890441895
TCATCATGCAGTTG-1,2220.0,841,1.3513513803482056
TCATCCCTTACTGG-1,2834.0,1006,1.3761467933654785
TCATTCGATACAGC-1,4631.0,1418,2.9799180030822754
TCCACGTGGAAACA-1,3201.0,955,1.5932520627975464
TCCACTCTACACTG-1,2049.0,829,0.6832601428031921
TCCACTCTGAGCTT-1,3186.0,1038,2.5109856128692627
TCCACTCTTACTTC-1,1502.0,632,0.73235684633255
TCCATAACAAAGTG-1,2226.0,750,2.2461814880371094
TCCATAACCGTAGT-1,2093.0,846,1.0033445358276367
TCCATAACGATGAA-1,2555.0,1033,1.6046966314315796
TCCATAACTACGCA-1,2497.0,859,1.7621145248413086
TCCATCCTCCCTAC-1,2010.0,890,2.13930344581604
TCCCACGATCATTC-1,2636.0,893,1.0622154474258423
TCCCATCTCAAAGA-1,3217.0,1030,1.9894311428070068
TCCCGAACACAGTC-1,1722.0,913,3.5423924922943115
TCCCGAACTTCGCC-1,4180.0,1385,2.4162678718566895
TCCCGATGAGATCC-1,1773.0,750,2.0868585109710693
TCCCGATGCCTGAA-1,810.0,416,2.0987653732299805
TCCCGATGCTGTGA-1,1888.0,740,5.2436442375183105
TCCCTACTCAACTG-1,1717.0,703,1.4560279846191406
TCCGAAGACAATCG-1,1103.0,522,1.6319129467010498
TCCGAAGACGTTAG-1,2866.0,856,1.7445917129516602
TCCGGACTGAGGTG-1,2387.0,914,0.8797653913497925
TCCGGACTGTACGT-1,1942.0,742,2.6261587142944336
TCCTAAACATCGAC-1,893.0,381,0.7838745713233948
TCCTAAACCGAGAG-1,3321.0,1079,2.6498043537139893
TCCTAAACCGCATA-1,1386.0,671,2.1645021438598633
TCCTAATGGTTTGG-1,2660.0,1101,1.6917293071746826
TCCTACCTGTCGTA-1,2508.0,858,1.0366826057434082
TCCTATGAAAAGCA-1,1545.0,663,2.2006473541259766
TCGAATCTCTGGTA-1,1305.0,581,2.375478982925415
TCGACCTGCCGATA-1,2173.0,845,1.4726184606552124
TCGACGCTTCTATC-1,2541.0,881,1.0232192277908325
TCGACGCTTTGACG-1,2196.0,823,3.1876137256622314
TCGAGAACGACAGG-1,2496.0,835,4.32692289352417
TCGAGAACGTTAGC-1,3384.0,1290,1.5957447290420532
TCGAGCCTATCAGC-1,1489.0,598,2.216252565383911
TCGAGCCTGCGAGA-1,3237.0,1130,2.4405312538146973
TCGAGCCTTGTGAC-1,2608.0,793,3.3358895778656006
TCGATACTATTCCT-1,2486.0,838,1.3676588535308838
TCGATACTTGCACA-1,1825.0,765,2.136986255645752
TCGATTTGATGCCA-1,2116.0,768,1.1814744472503662
TCGATTTGCACTCC-1,2506.0,815,1.0774141550064087
TCGATTTGCAGCTA-1,1686.0,810,2.372479200363159
TCGATTTGCCTACC-1,2281.0,912,2.8057868480682373
TCGATTTGTCGTGA-1,2737.0,818,1.8633540868759155
TCGCACACCATCAG-1,891.0,468,7.631874084472656
TCGCAGCTAGATCC-1,2098.0,790,2.3832221031188965
TCGCCATGAGACTC-1,1864.0,665,1.7703862190246582
TCGCCATGTGGTCA-1,1582.0,703,1.769911527633667
TCGGACCTAACAGA-1,2910.0,875,1.1340205669403076
TCGGACCTATAAGG-1,1368.0,657,1.1695905923843384
TCGGACCTGTACAC-1,5600.0,1567,1.4285714626312256
TCGGTAGAGTAGGG-1,2104.0,688,1.520912528038025
TCGGTAGATCCCAC-1,2177.0,749,1.7455213069915771
TCGTAGGATCGACA-1,2905.0,1076,3.1325302124023438
TCGTGAGAACTGTG-1,649.0,326,7.241910457611084
TCGTTATGGACAAA-1,2162.0,782,1.2488436698913574
TCTAACACCAGTTG-1,1090.0,543,3.669724702835083
TCTAACACGAGCAG-1,3182.0,1100,1.6027655601501465
TCTAACTGAACCAC-1,2303.0,841,2.648719072341919
TCTAAGCTAATGCC-1,2515.0,809,1.2723658084869385
TCTAAGCTTAGTCG-1,1791.0,789,1.78671133518219
TCTAAGCTTCTAGG-1,3782.0,1263,1.6922262907028198
TCTAAGCTTGTTCT-1,2052.0,758,2.485380172729492
TCTAAGCTTTCGCC-1,686.0,368,0.8746355772018433
TCTACAACGACTAC-1,2564.0,1022,2.2620904445648193
TCTAGACTTAGAAG-1,1834.0,730,3.707742691040039
TCTAGTTGCACCAA-1,3303.0,1101,1.3321223258972168
TCTATGTGAAGAGT-1,1131.0,478,1.679929256439209
TCTATGTGAGTCTG-1,951.0,488,2.9442691802978516
TCTCAAACCTAAGC-1,1479.0,618,1.6903313398361206
TCTCTAGAATTTCC-1,2723.0,940,1.211898684501648
TCTGATACACGTGT-1,2225.0,771,2.067415714263916
TCTGATACTCGCCT-1,2451.0,784,3.3455731868743896
TCTTACGAACCTGA-1,2156.0,847,2.504638195037842
TCTTCAGAGCTACA-1,3625.0,1303,1.9586206674575806
TCTTGATGCGGAGA-1,2273.0,821,2.1997361183166504
TGAAATTGGTGAGG-1,3348.0,1111,2.4790918827056885
TGAACCGAAAACGA-1,2185.0,752,2.6086957454681396
TGAACCGACTACTT-1,2913.0,1128,1.441812515258789
TGAACCGATTCGGA-1,2871.0,958,2.0202019214630127
TGAAGCACTCACGA-1,1917.0,742,2.556077241897583
TGAAGCTGAACGAA-1,2514.0,782,2.10819411277771
TGAAGCTGAGACTC-1,609.0,279,6.075533866882324
TGAAGCTGCATGGT-1,2029.0,824,1.9221291542053223
TGAAGCTGCGTAAC-1,2178.0,751,2.3875114917755127
TGAATAACCACTTT-1,2591.0,872,1.736781120300293
TGAATAACTCCCAC-1,2142.0,939,4.528478145599365
TGACACGACCTTAT-1,1510.0,606,1.920529842376709
TGACCAGACAACCA-1,1800.0,698,1.1111111640930176
TGACCAGAGGATTC-1,1923.0,705,2.4440977573394775
TGACCGCTAAAAGC-1,3021.0,963,1.4233697652816772
TGACCGCTCTGCAA-1,1926.0,607,1.6095534563064575
TGACGATGCAAAGA-1,1634.0,621,1.7135863304138184
TGACGCCTGTACCA-1,5159.0,1650,2.965691089630127
TGACGCCTTTACTC-1,2613.0,1093,0.8802143335342407
TGACTGGAAGAGAT-1,1442.0,545,2.21914005279541
TGACTGGACCGTAA-1,1494.0,670,0.46854081749916077
TGACTGGACGCAAT-1,1756.0,617,1.6514806747436523
TGACTGGAGGACAG-1,1852.0,723,2.15982723236084
TGACTGGATTCTCA-1,4076.0,1194,1.962708592414856
TGACTTACACACCA-1,3324.0,1019,0.9025270938873291
TGACTTACAGTCTG-1,4136.0,1291,1.9100580215454102
TGACTTTGCGCATA-1,2348.0,758,1.36286199092865
TGACTTTGTTTGTC-1,2289.0,855,1.5727392435073853
TGAGACACAAGGTA-1,5138.0,1549,1.3234721422195435
TGAGACACTCAAGC-1,1816.0,743,3.9647576808929443
TGAGACACTGTGCA-1,769.0,411,6.501950740814209
TGAGCTGAATGCTG-1,4165.0,1372,2.040816307067871
TGAGCTGACTGGAT-1,2132.0,802,3.283302068710327
TGAGCTGAGCGAGA-1,664.0,280,5.42168664932251
TGAGCTGATGCTAG-1,661.0,337,3.3282904624938965
TGAGGACTCTCATT-1,3669.0,1121,4.033796787261963
TGAGGACTTCATTC-1,3089.0,1028,1.8452574014663696
TGAGGTACGAACCT-1,4755.0,1524,2.86014723777771
TGAGTCGAGTTACG-1,1377.0,645,2.4691357612609863
TGAGTGACTGAGCT-1,2457.0,847,1.9129018783569336
TGATAAACGAATCC-1,2519.0,866,2.143707752227783
TGATAAACTCCGTC-1,2068.0,941,1.7891682386398315
TGATAAACTTTCAC-1,1922.0,751,1.8210197687149048
TGATACCTCACTAG-1,1506.0,583,1.3280212879180908
TGATACCTGTTGGT-1,2216.0,796,1.5342960357666016
TGATACCTTATGCG-1,2264.0,793,2.340989351272583
TGATACCTTGAAGA-1,3063.0,975,1.273261547088623
TGATATGAACCTTT-1,2958.0,936,1.7241379022598267
TGATCACTAGCATC-1,1110.0,524,4.594594478607178
TGATCACTCTCGCT-1,1843.0,659,2.441671133041382
TGATCACTTCTACT-1,1756.0,607,2.67653751373291
TGATCGGACTGACA-1,4211.0,1433,3.6333413124084473
TGATCGGAGGAGCA-1,1352.0,562,1.2573964595794678
TGATCGGATATGCG-1,1526.0,696,3.669724702835083
TGATTAGACATTGG-1,2278.0,927,1.3169447183609009
TGATTAGATGACTG-1,1175.0,517,2.9787232875823975
TGATTAGATGCTAG-1,2242.0,719,1.8287243843078613
TGATTCACTATGCG-1,1901.0,599,2.3145713806152344
TGATTCACTGTCAG-1,1733.0,639,1.500288486480713
TGATTCTGCCGAAT-1,3102.0,977,1.8052868843078613
TGATTCTGCTCTTA-1,2820.0,1019,1.3829786777496338
TGCAAGTGAGAACA-1,2063.0,816,2.908385753631592
TGCAAGTGGGTAGG-1,1705.0,672,1.8181818723678589
TGCAATCTTCAGGT-1,6317.0,1903,1.6938420534133911
TGCACAGACGACAT-1,2463.0,1162,2.801461696624756
TGCCAAGAGCAGTT-1,2914.0,964,1.6129032373428345
TGCCAAGATCTCTA-1,3094.0,936,1.7453135251998901
TGCCACTGAACGTC-1,2656.0,947,0.7530120611190796
TGCCACTGCGATAC-1,1949.0,989,1.2827091217041016
TGCCAGCTTGGCAT-1,2184.0,790,1.3736263513565063
TGCCCAACAGCAAA-1,2794.0,902,1.2168933153152466
TGCCCAACCGCATA-1,2799.0,982,3.2511610984802246
TGCCGACTCTCCCA-1,1904.0,673,2.2058823108673096
TGCGAAACAGTCAC-1,2339.0,856,2.479692220687866
TGCGAAACGTTGCA-1,1420.0,629,3.239436626434326
TGCGATGAACGGTT-1,1829.0,692,2.2963368892669678
TGCGATGACCTCGT-1,2220.0,843,2.027027130126953
TGCGATGACTAGTG-1,2846.0,940,1.89739990234375
TGCGATGACTGCTC-1,2314.0,795,1.9446845054626465
TGCGATGACTTGCC-1,1951.0,780,1.281394124031067
TGCGATGAGTGCTA-1,1915.0,821,2.3498694896698
TGCGCACTCTTGAG-1,1059.0,471,1.7941454648971558
TGCGTAGAATAAGG-1,1588.0,702,2.8337531089782715
TGCGTAGACGGGAA-1,1553.0,631,2.1893110275268555
TGCGTAGATGGTCA-1,5486.0,1557,2.770689010620117
TGCTAGGAAACCGT-1,2223.0,868,2.429149866104126
TGCTAGGATAGTCG-1,3056.0,901,1.7342932224273682
TGCTATACGGTTCA-1,2123.0,798,2.5435705184936523
TGCTATACTGCTGA-1,2583.0,1020,2.942315101623535
TGCTGAGAGAGCAG-1,1992.0,885,3.4136545658111572
TGCTGAGATTATCC-1,2754.0,881,1.4161219596862793
TGGAAAGACTCTCG-1,1918.0,719,2.4504692554473877
TGGAAAGAGCGATT-1,2879.0,1043,1.1462312936782837
TGGAAAGAGGTCAT-1,3494.0,1238,3.548941135406494
TGGAAAGATATGGC-1,1647.0,565,2.4286582469940186
TGGAACACAAACAG-1,1467.0,776,2.9993183612823486
TGGAACACGCTAAC-1,1655.0,696,2.477341413497925
TGGAAGCTCAGATC-1,1931.0,725,1.3464525938034058
TGGACCCTACACTG-1,696.0,365,1.8678160905838013
TGGACCCTCATGGT-1,1912.0,811,2.3535563945770264
TGGACCCTGGTACT-1,3734.0,1212,3.133368968963623
TGGACTGAGTATGC-1,3267.0,1178,1.7141108512878418
TGGAGACTATCAGC-1,3293.0,1132,1.4880048036575317
TGGAGACTGAAACA-1,625.0,273,8.800000190734863
TGGAGACTTCAAGC-1,2015.0,661,0.9925558567047119
TGGAGACTTGACCA-1,2131.0,831,1.2670108079910278
TGGAGGGACGGAGA-1,2106.0,786,2.374169111251831
TGGAGGGAGCTATG-1,1147.0,471,1.394943356513977
TGGATCGATAAAGG-1,2568.0,835,0.9735202789306641
TGGATGTGACCTAG-1,1634.0,564,2.2031824588775635
TGGATGTGATGTCG-1,2588.0,913,6.452859401702881
TGGATGTGTGAAGA-1,2635.0,929,1.8975331783294678
TGGATTCTCATACG-1,2451.0,958,2.5703794956207275
TGGCAATGCTTGTT-1,1726.0,706,2.5492467880249023
TGGCAATGGAGGGT-1,2063.0,737,5.962191104888916
TGGCACCTTCACGA-1,768.0,388,2.6041667461395264
TGGCACCTTCAGTG-1,1808.0,842,1.9358407258987427
TGGGTATGAAGAGT-1,3115.0,965,1.4125200510025024
TGGGTATGCACAAC-1,3100.0,1088,1.419354796409607
TGGGTATGGTACGT-1,1137.0,511,1.8469656705856323
TGGGTATGTTTGGG-1,2341.0,794,1.9649722576141357
TGGTAGACATGCCA-1,2963.0,900,1.5524805784225464
TGGTAGACCCTCAC-1,1802.0,865,2.830188751220703
TGGTAGACCTGATG-1,1696.0,789,1.1202830076217651
TGGTAGTGCACTGA-1,1111.0,504,1.1701170206069946
TGGTATCTAAACAG-1,2095.0,701,1.813842535018921
TGGTATCTCTTCCG-1,2483.0,817,2.053966999053955
TGGTCAGACCCAAA-1,1948.0,796,1.950718641281128
TGGTCAGACCGTTC-1,996.0,542,10.140562057495117
TGGTTACTGACGTT-1,2738.0,972,0.5843681693077087
TGGTTACTGTTCTT-1,2611.0,906,2.1447720527648926
TGTAACCTAGAGGC-1,2765.0,871,1.663652777671814
TGTAACCTTGCCTC-1,2337.0,922,2.995293140411377
TGTAATGACACAAC-1,1462.0,724,1.4363884925842285
TGTAATGAGGTAAA-1,1205.0,628,1.4107884168624878
TGTACTTGCTCTAT-1,4907.0,1479,1.6710821390151978
TGTAGGTGCGAGAG-1,1144.0,533,3.14685320854187
TGTAGGTGCTATGG-1,4234.0,1101,2.479924440383911
TGTAGGTGCTCTAT-1,6287.0,1913,2.719898223876953
TGTAGGTGTGCTGA-1,2544.0,855,2.0833332538604736
TGTAGTCTTCCAGA-1,4154.0,1266,1.3962445259094238
TGTAGTCTTGCACA-1,2177.0,884,3.4910426139831543
TGTATCTGTTAGGC-1,1996.0,817,1.3527053594589233
TGTATGCTCATGGT-1,1479.0,619,3.245436191558838
TGTATGCTGTAGGG-1,1455.0,591,2.130584239959717
TGTATGCTTTCATC-1,1968.0,685,2.1849594116210938
TGTCAGGAATACCG-1,2767.0,887,3.180339813232422
TGTCAGGAGATGAA-1,4083.0,1336,1.9838354587554932
TGTCTAACCCCTTG-1,1978.0,656,2.7805864810943604
TGTGACGATTCTCA-1,3098.0,1227,1.549386739730835
TGTGAGACTGTCAG-1,2666.0,980,1.575393795967102
TGTGAGACTTGAGC-1,2447.0,817,2.3702492713928223
TGTGAGTGACCACA-1,1583.0,582,3.158559799194336
TGTGAGTGAGTGCT-1,4110.0,1370,2.043795585632324
TGTGAGTGGAGATA-1,969.0,460,0.7223942279815674
TGTGATCTCTCTAT-1,1690.0,638,2.9585797786712646
TGTGATCTGACACT-1,1108.0,471,3.880866527557373
TGTGGATGGCCAAT-1,1945.0,650,2.6735217571258545
TGTTAAGACAAAGA-1,848.0,414,1.7688679695129395
TGTTAAGATAAGGA-1,2173.0,907,3.31339168548584
TGTTAAGATTGGCA-1,598.0,308,6.688963413238525
TGTTACACCGCATA-1,3410.0,1147,1.847507357597351
TGTTACACGACTAC-1,1953.0,732,3.0721967220306396
TGTTACTGGCTACA-1,2483.0,992,3.0205397605895996
TGTTACTGTAGTCG-1,1772.0,801,3.4424378871917725
TTAACCACCGTAAC-1,2192.0,822,2.7372262477874756
TTAACCACTAAGGA-1,1198.0,529,1.9198664426803589
TTAACCACTCAGAC-1,1828.0,737,2.9540481567382812
TTACACACGTGTTG-1,2613.0,806,1.569077730178833
TTACACACTCCTAT-1,2508.0,816,2.1929824352264404
TTACCATGAATCGC-1,2421.0,889,3.304419755935669
TTACCATGGTTGAC-1,4142.0,1305,1.0140029191970825
TTACCATGTGTCTT-1,1123.0,588,3.294746160507202
TTACCATGTTGTGG-1,1548.0,657,1.4211885929107666
TTACGACTGAGAGC-1,3288.0,1154,1.7335766553878784
TTACGACTTGACAC-1,1902.0,713,2.2082018852233887
TTACGTACGTTCAG-1,947.0,326,2.7455122470855713
TTACTCGAACGTTG-1,15301.0,3315,1.7645905017852783
TTACTCGAAGAATG-1,3863.0,1129,2.5886616706848145
TTACTCGACGCAAT-1,5031.0,1603,2.484595537185669
TTACTCGAGGGTGA-1,2549.0,879,2.1184778213500977
TTACTCGATCTACT-1,2551.0,1156,1.7248138189315796
TTAGAATGTGGTGT-1,1740.0,642,1.7241379022598267
TTAGAATGTGTAGC-1,627.0,285,3.3492822647094727
TTAGACCTCCTACC-1,2485.0,825,4.346076488494873
TTAGACCTCCTTTA-1,2311.0,823,1.514495849609375
TTAGCTACAACCGT-1,2101.0,719,2.09424090385437
TTAGCTACTGTCCC-1,3703.0,1253,1.8633540868759155
TTAGCTACTTTCGT-1,2921.0,971,4.313591003417969
TTAGGGACGCGAAG-1,2200.0,853,2.3636362552642822
TTAGGGTGCTGGAT-1,2846.0,916,1.6865776777267456
TTAGGGTGTCCTGC-1,2734.0,1053,3.1089978218078613
TTAGGTCTACTTTC-1,1106.0,515,3.435804605484009
TTAGTCACCAGTTG-1,2674.0,1017,1.5706806182861328
TTAGTCTGAAAGCA-1,2747.0,953,3.0214779376983643
TTAGTCTGCCAACA-1,1735.0,832,2.4207491874694824
TTAGTCTGTGCACA-1,1692.0,645,4.018912315368652
TTATCCGACTAGTG-1,1903.0,667,2.4697844982147217
TTATCCGAGAAAGT-1,4231.0,1326,3.190735101699829
TTATGAGAGATAAG-1,1293.0,547,2.7842228412628174
TTATGCACGTCACA-1,1590.0,636,1.8238993883132935
TTATGGCTTATGGC-1,6165.0,1783,2.2060015201568604
TTATTCCTATGCTG-1,3963.0,1211,2.1953065395355225
TTATTCCTGGACAG-1,2514.0,788,1.312649130821228
TTATTCCTGGTACT-1,2496.0,807,2.4439103603363037
TTATTCCTTCGTGA-1,3207.0,1104,2.4633615016937256
TTCAAAGATAAAGG-1,2385.0,884,2.389937162399292
TTCAACACAACAGA-1,2430.0,848,1.193415641784668
TTCAACACCCCAAA-1,2094.0,788,2.387774705886841
TTCAACACGGACGA-1,2584.0,1013,2.0123839378356934
TTCAAGCTAAGAAC-1,2641.0,1003,2.6126468181610107
TTCAAGCTAGATGA-1,2974.0,916,2.3537323474884033
TTCAAGCTGTTGAC-1,2375.0,818,1.978947401046753
TTCAAGCTTCCAAG-1,740.0,406,5.54054069519043
TTCAAGCTTGATGC-1,2404.0,828,1.6222962141036987
TTCAAGCTTTCGCC-1,2878.0,882,2.8144545555114746
TTCACAACCCGTTC-1,2526.0,959,0.9501187801361084
TTCACAACGTCTGA-1,678.0,395,0.5899705290794373
TTCAGACTACCCAA-1,789.0,368,3.6755385398864746
TTCAGACTCTCGAA-1,2264.0,787,0.971731424331665
TTCAGTACCGACTA-1,2769.0,929,1.7334778308868408
TTCAGTACTCAAGC-1,5220.0,1379,2.2605364322662354
TTCAGTACTCCTAT-1,1850.0,711,2.8648648262023926
TTCAGTTGCCAAGT-1,2003.0,733,2.3964054584503174
TTCAGTTGTCCTTA-1,1975.0,752,0.8607594966888428
TTCAGTTGTCTAGG-1,1031.0,464,1.1639184951782227
TTCAGTTGTCTCGC-1,1865.0,626,1.7694369554519653
TTCATCGAGGTGGA-1,1914.0,735,1.462904930114746
TTCATGTGTGGTGT-1,3025.0,946,1.8512396812438965
TTCATTCTATGTCG-1,2625.0,876,1.447619080543518
TTCATTCTTCTCTA-1,1986.0,647,3.8267874717712402
TTCCAAACCTATGG-1,1057.0,536,1.2298959493637085
TTCCAAACCTCCCA-1,2726.0,954,1.3206162452697754
TTCCAAACTCCCAC-1,793.0,486,1.6393442153930664
TTCCAAACTTGACG-1,1647.0,712,2.9751062393188477
TTCCATGACGAGAG-1,1840.0,786,3.2608695030212402
TTCCATGACTGTCC-1,1050.0,438,2.952380895614624
TTCCCACTTGAGGG-1,1520.0,807,2.3026316165924072
TTCCCACTTGTCTT-1,3163.0,1016,1.802086591720581
TTCCTAGAAAGTGA-1,1552.0,551,0.3865979313850403
TTCCTAGACTAGTG-1,1943.0,841,1.2352032661437988
TTCGAGGACTCTAT-1,2746.0,929,2.294246196746826
TTCGAGGAGGGCAA-1,1816.0,757,1.6519824266433716
TTCGAGGATAGAAG-1,2749.0,971,2.691887855529785
TTCGATTGAGCATC-1,1910.0,708,1.518324613571167
TTCGGAGAATGCCA-1,1191.0,567,2.8547439575195312
TTCGGAGATGTGCA-1,2412.0,881,1.1608623266220093
TTCGTATGAAAAGC-1,1991.0,801,1.6072325706481934
TTCGTATGGATAGA-1,1983.0,873,1.3111447095870972
TTCGTATGGTCTGA-1,2258.0,805,2.8786537647247314
TTCGTATGTCCTTA-1,4348.0,1359,2.000920057296753
TTCTACGAACGTAC-1,2494.0,866,1.3231756687164307
TTCTACGAGTTGGT-1,2589.0,945,1.235998511314392
TTCTAGTGACACGT-1,3018.0,1068,1.0271703004837036
TTCTAGTGCATGAC-1,2073.0,819,3.5697057247161865
TTCTAGTGGAGAGC-1,1586.0,815,2.8373265266418457
TTCTAGTGGTCACA-1,2832.0,1058,1.48305082321167
TTCTCAGAAGAGAT-1,2189.0,845,1.6902694702148438
TTCTCAGAAGCATC-1,2497.0,881,2.122547149658203
TTCTCAGATGGAGG-1,2643.0,1051,0.7188800573348999
TTCTGATGGAGACG-1,2434.0,1179,1.8898931741714478
TTCTTACTCTGGAT-1,1741.0,718,2.2400918006896973
TTGAACCTCCTTGC-1,1746.0,657,1.489117980003357
TTGAATGAACTACG-1,2289.0,882,2.4027960300445557
TTGAATGACTTACT-1,2102.0,709,1.6650809049606323
TTGAATGATCTCAT-1,2015.0,754,1.736972689628601
TTGACACTCTGTAG-1,1943.0,735,1.338136911392212
TTGACACTGATAAG-1,1315.0,603,2.6615970134735107
TTGAGGACAGAACA-1,2956.0,944,2.909337043762207
TTGAGGACTACGCA-1,6344.0,1794,2.443253517150879
TTGAGGTGGACGGA-1,2011.0,712,1.044256567955017
TTGCATTGAGCTAC-1,1991.0,721,1.7579106092453003
TTGCATTGCTAAGC-1,3248.0,1097,4.987684726715088
TTGCATTGTGACTG-1,2441.0,813,1.7206063270568848
TTGCTAACACCAAC-1,1921.0,788,2.134305000305176
TTGCTAACACGCTA-1,2576.0,917,1.9798136949539185
TTGCTAACCACTCC-1,1943.0,656,2.2645394802093506
TTGCTATGGTACGT-1,3109.0,1104,2.058539628982544
TTGCTATGGTAGGG-1,3406.0,1268,2.4075162410736084
TTGGAGACCAATCG-1,4166.0,1239,1.1761882305145264
TTGGAGACGCTATG-1,2662.0,862,2.404207468032837
TTGGAGACTATGGC-1,1779.0,739,2.866779088973999
TTGGGAACTGAACC-1,2652.0,858,2.1116139888763428
TTGGTACTACTGGT-1,3268.0,1066,2.8457772731781006
TTGGTACTCTTAGG-1,2928.0,752,1.7418032884597778
TTGGTACTGAATCC-1,1855.0,615,2.5336928367614746
TTGGTACTGGATTC-1,1883.0,721,1.9118428230285645
TTGTACACGTTGTG-1,1537.0,571,3.7735848426818848
TTGTACACTTGCAG-1,2260.0,861,1.3716814517974854
TTGTAGCTAGCTCA-1,2519.0,933,2.223104476928711
TTGTAGCTCTCTTA-1,2136.0,807,2.621722936630249
TTGTCATGGACGGA-1,2178.0,1082,1.8365472555160522
TTTAGAGATCCTCG-1,2362.0,820,1.3547841310501099
TTTAGCTGATACCG-1,2756.0,887,2.285921573638916
TTTAGCTGGATACC-1,2454.0,850,1.1002445220947266
TTTAGCTGTACTCT-1,5678.0,1567,2.113420248031616
TTTAGGCTCCTTTA-1,1984.0,803,2.3185484409332275
TTTATCCTGTTGTG-1,3680.0,1156,1.3043478727340698
TTTCACGAGGTTCA-1,2037.0,721,1.3254786729812622
TTTCAGTGGAAGGC-1,1781.0,692,1.5160022974014282
TTTCAGTGTCACGA-1,1634.0,700,3.4271726608276367
TTTCAGTGTCTATC-1,937.0,458,2.4546425342559814
TTTCAGTGTGCAGT-1,1322.0,637,1.8910741806030273
TTTCCAGAGGTGAG-1,2187.0,873,0.6858710646629333
TTTCGAACACCTGA-1,4460.0,1544,1.3004484176635742
TTTCGAACTCTCAT-1,3461.0,1155,2.1092169284820557
TTTCTACTGAGGCA-1,3447.0,1227,0.9283434748649597
TTTCTACTTCCTCG-1,1684.0,622,2.1971497535705566
TTTGCATGAGAGGC-1,1024.0,454,2.05078125
TTTGCATGCCTCAC-1,1985.0,724,0.8060453534126282
