细胞编号,Leiden簇,细胞类型,T细胞状态,UMAP_1,UMAP_2
AAACATACAACCAC-1,0,T 细胞,细胞毒性型,1.1358,1.1933
AAACATTGAGCTAC-1,2,B 细胞,不适用,2.9808,7.1391
AAACATTGATCAGC-1,1,T 细胞,初始/记忆型,4.2035,2.3651
AAACCGTGCTTCCG-1,3,单核/髓系细胞,不适用,12.3297,2.1014
AAACCGTGTATGCG-1,4,NK 细胞,不适用,-3.676,1.3721
AAACGCACTGGTAC-1,1,T 细胞,初始/记忆型,3.5549,1.8775
AAACGCTGACCAGT-1,0,T 细胞,细胞毒性型,-0.0927,1.1056
AAACGCTGGTTCTT-1,0,T 细胞,细胞毒性型,0.0034,1.7451
AAACGCTGTAGCCA-1,0,T 细胞,细胞毒性型,-0.6031,0.3224
AAACGCTGTTTCTG-1,3,单核/髓系细胞,不适用,13.3892,0.3702
AAACTTGAAAAACG-1,2,B 细胞,不适用,2.6828,6.8127
AAACTTGATCCAGA-1,5,T 细胞,初始/记忆型,4.1272,-0.3958
AAAGAGACGAGATA-1,1,T 细胞,初始/记忆型,3.5011,0.8943
AAAGAGACGCGAGA-1,6,单核/髓系细胞,不适用,12.8755,3.6646
AAAGAGACGGACTT-1,0,T 细胞,细胞毒性型,-0.1853,0.3537
AAAGAGACGGCATT-1,5,T 细胞,初始/记忆型,3.2085,-1.9524
AAAGATCTGGGCAA-1,6,单核/髓系细胞,不适用,13.8605,4.3183
AAAGCAGAAGCCAT-1,0,T 细胞,细胞毒性型,0.0137,1.3107
AAAGCAGATATCGG-1,3,单核/髓系细胞,不适用,11.4657,2.083
AAAGCCTGTATGCG-1,1,T 细胞,初始/记忆型,1.9044,1.5068
AAAGGCCTGTCTAG-1,2,B 细胞,不适用,2.6023,6.2232
AAAGTTTGATCACG-1,2,B 细胞,不适用,2.3243,8.3704
AAAGTTTGGGGTGA-1,2,B 细胞,不适用,3.1868,6.9248
AAAGTTTGTAGAGA-1,5,T 细胞,初始/记忆型,3.689,-1.5925
AAAGTTTGTAGCGT-1,6,单核/髓系细胞,不适用,13.506,5.0483
AAATCAACAATGCC-1,2,B 细胞,不适用,2.7092,7.2425
AAATCAACACCAGT-1,5,T 细胞,初始/记忆型,3.3764,-1.8228
AAATCAACCAGGAG-1,5,T 细胞,初始/记忆型,4.7909,0.1791
AAATCAACCCTATT-1,3,单核/髓系细胞,不适用,12.7162,-0.7389
AAATCAACGGAAGC-1,5,T 细胞,初始/记忆型,4.4791,-1.2488
AAATCAACTCGCAA-1,1,T 细胞,初始/记忆型,4.0103,0.9028
AAATCATGACCACA-1,3,单核/髓系细胞,不适用,12.3663,-0.9375
AAATCCCTCCACAA-1,0,T 细胞,细胞毒性型,1.6474,0.9791
AAATCCCTGCTATG-1,2,B 细胞,不适用,1.663,9.029
AAATGTTGAACGAA-1,6,单核/髓系细胞,不适用,12.5809,3.136
AAATGTTGCCACAA-1,1,T 细胞,初始/记忆型,3.2209,2.0863
AAATGTTGTGGCAT-1,6,单核/髓系细胞,不适用,11.6554,3.1675
AAATTCGAAGGTTC-1,5,T 细胞,初始/记忆型,2.3544,-0.2942
AAATTCGAATCACG-1,6,单核/髓系细胞,不适用,13.2556,4.9205
AAATTCGAGCTGAT-1,3,单核/髓系细胞,不适用,13.0494,0.5407
AAATTCGAGGAGTG-1,5,T 细胞,初始/记忆型,2.8058,-0.0232
AAATTCGATTCTCA-1,4,NK 细胞,不适用,-3.1819,2.4647
AAATTGACACGACT-1,0,T 细胞,细胞毒性型,-0.4396,1.393
AAATTGACTCGCTC-1,1,T 细胞,初始/记忆型,1.9917,2.1566
AACAAACTCATTTC-1,5,T 细胞,初始/记忆型,4.0428,-0.0927
AACAAACTTTCGTT-1,5,T 细胞,初始/记忆型,3.4255,-0.819
AACAATACGACGAG-1,1,T 细胞,初始/记忆型,2.9343,0.4671
AACACGTGCAGAGG-1,5,T 细胞,初始/记忆型,3.96,0.229
AACACGTGGAAAGT-1,5,T 细胞,初始/记忆型,3.9551,-0.0922
AACACGTGGAACCT-1,6,单核/髓系细胞,不适用,12.3656,4.0632
AACACGTGGCTACA-1,5,T 细胞,初始/记忆型,4.1193,-2.0174
AACACGTGTACGAC-1,3,单核/髓系细胞,不适用,12.7676,0.263
AACAGCACAAGAGT-1,6,单核/髓系细胞,不适用,14.1284,3.1808
AACATTGATGGGAG-1,3,单核/髓系细胞,不适用,12.0226,0.707
AACCAGTGATACCG-1,3,单核/髓系细胞,不适用,12.488,0.5468
AACCCAGATCGCTC-1,5,T 细胞,初始/记忆型,4.3428,-0.7997
AACCGATGCTCCCA-1,1,T 细胞,初始/记忆型,3.8555,0.6904
AACCGATGGTCATG-1,2,B 细胞,不适用,1.7234,8.0031
AACCGATGTTCTAC-1,6,单核/髓系细胞,不适用,12.8339,3.9684
AACCGCCTAGCGTT-1,1,T 细胞,初始/记忆型,4.0329,2.3311
AACCGCCTCTACGA-1,3,单核/髓系细胞,不适用,11.235,2.1706
AACCTACTGTGAGG-1,3,单核/髓系细胞,不适用,11.0509,2.728
AACCTACTGTGTTG-1,5,T 细胞,初始/记忆型,3.4602,-0.3307
AACCTTACGAGACG-1,5,T 细胞,初始/记忆型,3.9249,-1.6098
AACCTTACGCGAGA-1,4,NK 细胞,不适用,-4.2067,1.6498
AACCTTACTAACGC-1,3,单核/髓系细胞,不适用,12.9849,0.1735
AACCTTTGGACGGA-1,1,T 细胞,初始/记忆型,3.0514,0.1838
AACCTTTGTACGCA-1,3,单核/髓系细胞,不适用,12.1584,0.7721
AACGCAACAAGTAG-1,1,T 细胞,初始/记忆型,3.2697,1.7586
AACGCATGACCCAA-1,1,T 细胞,初始/记忆型,2.6045,0.456
AACGCATGCCTTCG-1,5,T 细胞,初始/记忆型,4.117,-1.4776
AACGCATGTACTTC-1,1,T 细胞,初始/记忆型,2.8832,1.9335
AACGCCCTCGGGAA-1,1,T 细胞,初始/记忆型,3.4378,2.0092
AACGCCCTCGTACA-1,4,NK 细胞,不适用,-4.6051,1.6989
AACGCCCTGCTTAG-1,2,B 细胞,不适用,1.2831,8.658
AACGCCCTGGCATT-1,1,T 细胞,初始/记忆型,3.043,2.0507
AACGTCGAGTATCG-1,4,NK 细胞,不适用,-4.512,1.6358
AACGTGTGAAAGCA-1,1,T 细胞,初始/记忆型,5.0575,1.1505
AACGTGTGGCGGAA-1,2,B 细胞,不适用,2.7315,7.0215
AACGTGTGTCCAAG-1,1,T 细胞,初始/记忆型,2.3676,0.2534
AACGTGTGTGCTTT-1,1,T 细胞,初始/记忆型,3.7597,1.6741
AACTACCTTAGAGA-1,5,T 细胞,初始/记忆型,3.2162,-0.741
AACTCACTCAAGCT-1,6,单核/髓系细胞,不适用,12.0056,3.5337
AACTCACTTGGAGG-1,6,单核/髓系细胞,不适用,11.7831,3.7453
AACTCGGAAAGTGA-1,0,T 细胞,细胞毒性型,0.3032,1.5857
AACTCGGAAGGTCT-1,6,单核/髓系细胞,不适用,13.6996,3.4599
AACTCTTGCAGGAG-1,1,T 细胞,初始/记忆型,3.9582,1.7968
AACTGTCTCCCTTG-1,6,单核/髓系细胞,不适用,12.7884,3.9576
AACTTGCTACGCTA-1,2,B 细胞,不适用,2.4138,6.445
AACTTGCTGGGACA-1,5,T 细胞,初始/记忆型,4.6938,-0.8168
AAGAACGAGTGTTG-1,5,T 细胞,初始/记忆型,2.8751,-1.1122
AAGAAGACGTAGGG-1,2,B 细胞,不适用,3.0613,8.6557
AAGACAGAAGTCTG-1,2,B 细胞,不适用,3.1079,8.1435
AAGACAGAGGATCT-1,5,T 细胞,初始/记忆型,3.8148,-1.0023
AAGACAGATTACCT-1,6,单核/髓系细胞,不适用,12.363,4.3322
AAGAGATGGGTAGG-1,2,B 细胞,不适用,1.9991,8.6091
AAGATGGAAAACAG-1,2,B 细胞,不适用,2.8897,8.2916
AAGATGGAGAACTC-1,6,单核/髓系细胞,不适用,12.3917,3.0923
AAGATGGAGATAAG-1,7,树突状细胞,不适用,10.949,2.688
AAGATTACAACCTG-1,5,T 细胞,初始/记忆型,4.0464,-1.8324
AAGATTACAGATCC-1,6,单核/髓系细胞,不适用,12.3126,2.8725
AAGATTACCCGTTC-1,6,单核/髓系细胞,不适用,12.6557,3.4841
AAGATTACCGCCTT-1,7,树突状细胞,不适用,10.6223,2.9956
AAGATTACCTCAAG-1,4,NK 细胞,不适用,-4.4415,1.0885
AAGATTACTCCTCG-1,6,单核/髓系细胞,不适用,13.203,3.1572
AAGCAAGAGCGAGA-1,0,T 细胞,细胞毒性型,1.6646,1.2718
AAGCAAGAGCTTAG-1,0,T 细胞,细胞毒性型,-1.857,0.3838
AAGCAAGAGGTGTT-1,4,NK 细胞,不适用,-3.4491,1.069
AAGCACTGAGCAAA-1,2,B 细胞,不适用,1.7694,6.8004
AAGCACTGCATACG-1,0,T 细胞,细胞毒性型,0.033,0.4966
AAGCACTGGTTCTT-1,2,B 细胞,不适用,2.6093,6.65
AAGCCAACGTGTTG-1,5,T 细胞,初始/记忆型,5.1325,0.5355
AAGCCATGAACTGC-1,7,树突状细胞,不适用,9.2671,2.731
AAGCCATGACACGT-1,6,单核/髓系细胞,不适用,13.7531,3.9025
AAGCCATGCGTGAT-1,1,T 细胞,初始/记忆型,4.2662,1.7019
AAGCCATGTCTCGC-1,0,T 细胞,细胞毒性型,0.509,0.7016
AAGCCTGACATGCA-1,1,T 细胞,初始/记忆型,2.2984,2.1199
AAGCCTGACCGAAT-1,6,单核/髓系细胞,不适用,14.2259,3.9749
AAGCGACTCCTCAC-1,3,单核/髓系细胞,不适用,12.5203,0.9698
AAGCGACTGTGTCA-1,5,T 细胞,初始/记忆型,4.8518,-1.0578
AAGCGACTTACAGC-1,2,B 细胞,不适用,2.7908,8.817
AAGCGACTTTGACG-1,3,单核/髓系细胞,不适用,13.0123,0.0666
AAGCGTACGTCTTT-1,5,T 细胞,初始/记忆型,1.8525,-0.644
AAGGCTTGCGAACT-1,0,T 细胞,细胞毒性型,-1.4699,0.6423
AAGGTCACGGTTAC-1,6,单核/髓系细胞,不适用,13.2038,3.5321
AAGGTCACTGTTTC-1,2,B 细胞,不适用,2.566,8.3284
AAGGTCACTTCCCG-1,0,T 细胞,细胞毒性型,-0.3939,2.014
AAGGTCTGACAGTC-1,5,T 细胞,初始/记忆型,3.3857,0.3301
AAGGTCTGCAGATC-1,5,T 细胞,初始/记忆型,3.8981,-0.989
AAGGTCTGGTATGC-1,6,单核/髓系细胞,不适用,14.5501,4.7736
AAGTAACTCTGAAC-1,6,单核/髓系细胞,不适用,13.0257,3.2011
AAGTAACTGAGATA-1,2,B 细胞,不适用,1.4945,8.8156
AAGTAGGATACAGC-1,4,NK 细胞,不适用,-4.3351,1.0874
AAGTATACCGAACT-1,1,T 细胞,初始/记忆型,2.8562,0.7523
AAGTCCGACTTGTT-1,5,T 细胞,初始/记忆型,2.8012,-1.4476
AAGTCCGATAGAAG-1,5,T 细胞,初始/记忆型,4.8425,-0.823
AAGTCTCTAGTCGT-1,5,T 细胞,初始/记忆型,3.8457,0.086
AAGTCTCTCGGAGA-1,0,T 细胞,细胞毒性型,-1.3237,0.5276
AAGTGGCTTGGAGG-1,2,B 细胞,不适用,2.9361,8.1417
AAGTTCCTCATTCT-1,3,单核/髓系细胞,不适用,12.5322,0.5697
AAGTTCCTTCTTAC-1,0,T 细胞,细胞毒性型,1.5818,1.2834
AATAAGCTCGAATC-1,1,T 细胞,初始/记忆型,4.1434,0.402
AATAAGCTCGTTGA-1,5,T 细胞,初始/记忆型,3.8149,-2.1266
AATACCCTGGACGA-1,2,B 细胞,不适用,2.1273,8.8497
AATACCCTGGCATT-1,1,T 细胞,初始/记忆型,4.4733,0.8613
AATACTGAAAGGGC-1,0,T 细胞,细胞毒性型,-2.396,1.4836
AATACTGAATTGGC-1,4,NK 细胞,不适用,-3.7427,1.2248
AATAGGGAACCCTC-1,2,B 细胞,不适用,2.0342,7.4475
AATAGGGAGAATGA-1,0,T 细胞,细胞毒性型,-1.3595,0.6542
AATCAAACTATCGG-1,0,T 细胞,细胞毒性型,-0.2117,0.1447
AATCCGGAATGCTG-1,2,B 细胞,不适用,2.1641,6.8083
AATCCTACCGGTAT-1,5,T 细胞,初始/记忆型,4.3016,-1.3147
AATCCTTGACGGGA-1,3,单核/髓系细胞,不适用,11.9136,2.5504
AATCCTTGGTGAGG-1,4,NK 细胞,不适用,-4.424,1.0222
AATCGGTGGAACTC-1,0,T 细胞,细胞毒性型,-2.5064,1.5987
AATCGGTGTGCTTT-1,5,T 细胞,初始/记忆型,4.5654,-0.0549
AATCTAGAAAAGTG-1,1,T 细胞,初始/记忆型,3.0559,2.1801
AATCTAGAATCGGT-1,5,T 细胞,初始/记忆型,3.7976,-1.1025
AATCTCACAGCCTA-1,6,单核/髓系细胞,不适用,11.4329,3.3487
AATCTCACTCTAGG-1,1,T 细胞,初始/记忆型,5.1553,1.3023
AATCTCTGAACAGA-1,5,T 细胞,初始/记忆型,2.9479,-1.1891
AATCTCTGCTTTAC-1,4,NK 细胞,不适用,-3.9991,1.3898
AATGATACACCAAC-1,0,T 细胞,细胞毒性型,-1.9419,1.1174
AATGATACGGTCAT-1,6,单核/髓系细胞,不适用,12.1733,3.3041
AATGCGTGACACCA-1,2,B 细胞,不适用,2.142,7.6141
AATGCGTGGACGGA-1,7,树突状细胞,不适用,10.3755,3.0015
AATGCGTGGCTATG-1,2,B 细胞,不适用,2.4198,7.6729
AATGGAGAATCGTG-1,6,单核/髓系细胞,不适用,12.9585,4.9402
AATGGAGATCCTTA-1,0,T 细胞,细胞毒性型,-0.2441,1.962
AATGGCTGACACCA-1,2,B 细胞,不适用,2.9884,7.4815
AATGGCTGCGTGAT-1,1,T 细胞,初始/记忆型,2.7642,2.2875
AATGGCTGTAAAGG-1,0,T 细胞,细胞毒性型,0.957,1.4475
AATGGCTGTACTCT-1,0,T 细胞,细胞毒性型,-0.3131,0.748
AATGGCTGTGAAGA-1,5,T 细胞,初始/记忆型,4.5019,-0.5061
AATGTAACGGTGGA-1,1,T 细胞,初始/记忆型,4.9677,1.025
AATGTAACGTTTGG-1,0,T 细胞,细胞毒性型,0.8462,1.5063
AATGTCCTCTTCTA-1,1,T 细胞,初始/记忆型,4.2511,1.8792
AATGTTGACAGTCA-1,1,T 细胞,初始/记忆型,4.8454,1.8023
AATGTTGAGTTGAC-1,6,单核/髓系细胞,不适用,13.1787,5.1189
AATGTTGATCTACT-1,1,T 细胞,初始/记忆型,3.7295,1.0592
AATTACGAATTCCT-1,7,树突状细胞,不适用,10.5221,2.7012
AATTACGACTTCTA-1,5,T 细胞,初始/记忆型,5.016,-0.943
AATTACGAGTAGCT-1,0,T 细胞,细胞毒性型,-0.5363,2.3864
AATTACGAGTGAGG-1,1,T 细胞,初始/记忆型,3.4242,2.8219
AATTACGATTGGCA-1,2,B 细胞,不适用,2.9968,9.0207
AATTCCTGCTCAGA-1,2,B 细胞,不适用,2.8117,7.6511
AATTGATGTCGCAA-1,3,单核/髓系细胞,不适用,12.5848,-0.2194
AATTGTGACTTGGA-1,2,B 细胞,不适用,1.5763,7.6011
ACAAAGGAGGGTGA-1,5,T 细胞,初始/记忆型,3.738,-1.3411
ACAAATTGATTCTC-1,3,单核/髓系细胞,不适用,12.8109,-0.1455
ACAAATTGCTCAGA-1,6,单核/髓系细胞,不适用,13.3359,4.8573
ACAAATTGTTGCGA-1,4,NK 细胞,不适用,-4.0834,1.9936
ACAACCGAGGGATG-1,4,NK 细胞,不适用,-3.3163,2.4375
ACAACCGAGTTACG-1,5,T 细胞,初始/记忆型,2.5557,0.6816
ACAAGAGAAGTCGT-1,6,单核/髓系细胞,不适用,11.9282,2.9931
ACAAGAGACTTATC-1,5,T 细胞,初始/记忆型,2.9832,-1.3063
ACAAGAGAGTTGAC-1,2,B 细胞,不适用,2.8051,8.3892
ACAATCCTAACCGT-1,1,T 细胞,初始/记忆型,3.9735,1.7305
ACAATCCTTAGCGT-1,2,B 细胞,不适用,3.2277,7.8438
ACAATTGACTGACA-1,0,T 细胞,细胞毒性型,-1.2158,0.5613
ACAATTGATGACTG-1,4,NK 细胞,不适用,-3.7093,1.6588
ACACAGACACCTGA-1,6,单核/髓系细胞,不适用,14.408,4.7223
ACACAGACCATACG-1,0,T 细胞,细胞毒性型,-1.2979,0.87
ACACCAGAGGGCAA-1,0,T 细胞,细胞毒性型,-0.0475,0.7462
ACACCCTGGTGTTG-1,4,NK 细胞,不适用,-3.6868,1.7137
ACACGAACAGTTCG-1,5,T 细胞,初始/记忆型,2.3253,0.6071
ACACGATGACGCAT-1,0,T 细胞,细胞毒性型,-0.6036,1.7672
ACACGATGATGTGC-1,6,单核/髓系细胞,不适用,12.8004,3.3655
ACACGATGTCGTAG-1,0,T 细胞,细胞毒性型,-0.8006,1.6366
ACACGATGTGGTCA-1,0,T 细胞,细胞毒性型,-0.5954,1.8229
ACAGACACGGCATT-1,0,T 细胞,细胞毒性型,0.3087,0.9915
ACAGACACGTTGTG-1,1,T 细胞,初始/记忆型,4.4784,1.0875
ACAGCAACACCTAG-1,6,单核/髓系细胞,不适用,13.8974,3.1577
ACAGCAACCTCAAG-1,3,单核/髓系细胞,不适用,12.4002,-1.0445
ACAGGTACCCCACT-1,5,T 细胞,初始/记忆型,5.1041,0.3951
ACAGGTACGCTGTA-1,0,T 细胞,细胞毒性型,0.2989,2.0555
ACAGGTACTGGTGT-1,4,NK 细胞,不适用,-4.6241,1.8999
ACAGTCGACCCAAA-1,0,T 细胞,细胞毒性型,0.9954,0.5326
ACAGTCGACCGATA-1,0,T 细胞,细胞毒性型,-0.9172,1.1961
ACAGTGACTCACCC-1,0,T 细胞,细胞毒性型,1.5781,2.0308
ACAGTGACTCTATC-1,0,T 细胞,细胞毒性型,0.4141,1.4662
ACAGTGTGGTCACA-1,5,T 细胞,初始/记忆型,3.6045,-1.6556
ACAGTGTGTTGCGA-1,6,单核/髓系细胞,不适用,12.9677,5.0336
ACATCACTCTACTT-1,6,单核/髓系细胞,不适用,12.0087,3.9242
ACATGGTGAAGCCT-1,1,T 细胞,初始/记忆型,3.1592,1.2232
ACATGGTGCAACCA-1,2,B 细胞,不适用,2.2901,7.5388
ACATGGTGCGAGTT-1,1,T 细胞,初始/记忆型,4.1142,0.402
ACATGGTGCGTTGA-1,0,T 细胞,细胞毒性型,-0.224,1.9374
ACATTCTGGCATAC-1,5,T 细胞,初始/记忆型,5.3757,0.1755
ACATTCTGGGAACG-1,6,单核/髓系细胞,不适用,12.1336,4.5313
ACCAACGACATGCA-1,5,T 细胞,初始/记忆型,2.9938,-1.069
ACCACAGAAAGTAG-1,5,T 细胞,初始/记忆型,2.7451,-0.3511
ACCACAGAGTTGGT-1,5,T 细胞,初始/记忆型,4.6889,-0.3576
ACCACCTGTGTGCA-1,5,T 细胞,初始/记忆型,3.1831,-1.9879
ACCACGCTACAGCT-1,5,T 细胞,初始/记忆型,5.2077,0.1923
ACCACGCTACCCAA-1,0,T 细胞,细胞毒性型,-0.4392,0.538
ACCACGCTGCGAGA-1,1,T 细胞,初始/记忆型,1.9738,0.3395
ACCACGCTGCTGTA-1,0,T 细胞,细胞毒性型,1.5115,1.0796
ACCAGCCTGACAGG-1,1,T 细胞,初始/记忆型,3.4275,1.2736
ACCAGTGAACGGTT-1,2,B 细胞,不适用,1.935,8.1337
ACCAGTGAATACCG-1,3,单核/髓系细胞,不适用,12.2777,-0.1247
ACCAGTGAGGGATG-1,5,T 细胞,初始/记忆型,3.3946,-0.4099
ACCAGTGATGACTG-1,6,单核/髓系细胞,不适用,14.0417,4.795
ACCATTACCTTCTA-1,1,T 细胞,初始/记忆型,3.9695,0.4061
ACCATTACGAGATA-1,1,T 细胞,初始/记忆型,4.0351,3.0749
ACCATTTGTCATTC-1,5,T 细胞,初始/记忆型,2.8819,-0.194
ACCCAAGAACTGTG-1,0,T 细胞,细胞毒性型,-1.5498,0.2188
ACCCAAGAATTCCT-1,3,单核/髓系细胞,不适用,12.823,-0.5724
ACCCAAGAGGACAG-1,1,T 细胞,初始/记忆型,4.1246,1.3885
ACCCAAGATTCACT-1,2,B 细胞,不适用,2.7023,8.5237
ACCCACTGCGCCTT-1,6,单核/髓系细胞,不适用,12.906,3.0797
ACCCACTGGACAGG-1,5,T 细胞,初始/记忆型,3.253,-1.3721
ACCCACTGGTTCAG-1,8,树突状细胞,不适用,16.6761,0.1699
ACCCACTGTCGTAG-1,6,单核/髓系细胞,不适用,11.1579,3.7662
ACCCAGCTCAGAAA-1,1,T 细胞,初始/记忆型,3.5016,1.8018
ACCCAGCTGTTAGC-1,6,单核/髓系细胞,不适用,12.6742,4.906
ACCCAGCTTGCTTT-1,5,T 细胞,初始/记忆型,4.1043,0.2529
ACCCGTTGATGACC-1,2,B 细胞,不适用,2.9825,8.6498
ACCCGTTGCTGCAA-1,5,T 细胞,初始/记忆型,5.013,-0.757
ACCCGTTGCTTCTA-1,7,树突状细胞,不适用,4.3143,4.0671
ACCCTCGACCTATT-1,1,T 细胞,初始/记忆型,2.2429,1.8226
ACCCTCGACGGTAT-1,2,B 细胞,不适用,1.569,8.0442
ACCCTCGATAAGGA-1,3,单核/髓系细胞,不适用,12.5525,2.4757
ACCCTCGATCAAGC-1,3,单核/髓系细胞,不适用,13.2834,0.7351
ACCGTGCTACCAGT-1,5,T 细胞,初始/记忆型,2.5323,-0.3329
ACCGTGCTGGAACG-1,2,B 细胞,不适用,2.3992,7.4031
ACCTATTGCTGAGT-1,2,B 细胞,不适用,1.9132,8.4038
ACCTATTGTGCCCT-1,3,单核/髓系细胞,不适用,12.8412,-0.2654
ACCTCCGAGTCCTC-1,1,T 细胞,初始/记忆型,3.9007,2.5472
ACCTCCGATATGCG-1,1,T 细胞,初始/记忆型,3.5657,1.3688
ACCTCCGATGCTGA-1,5,T 细胞,初始/记忆型,2.8246,-0.9177
ACCTCGTGAACCAC-1,0,T 细胞,细胞毒性型,0.5088,1.4814
ACCTGAGATATCGG-1,6,单核/髓系细胞,不适用,12.908,3.6664
ACCTGGCTAAGTAG-1,4,NK 细胞,不适用,-4.1847,0.7075
ACCTGGCTGTCTTT-1,3,单核/髓系细胞,不适用,13.1549,0.0089
ACCTTTGACTCCCA-1,6,单核/髓系细胞,不适用,11.7185,3.7078
ACCTTTGAGGAACG-1,3,单核/髓系细胞,不适用,11.6959,2.6365
ACCTTTGAGGAAGC-1,3,单核/髓系细胞,不适用,12.414,1.6063
ACGAACACCTTGTT-1,0,T 细胞,细胞毒性型,-2.8899,1.2954
ACGAACTGGCTATG-1,8,树突状细胞,不适用,16.0269,0.0787
ACGAAGCTCTCCAC-1,5,T 细胞,初始/记忆型,3.9046,-2.1955
ACGAAGCTCTGAGT-1,2,B 细胞,不适用,2.9228,6.4888
ACGACCCTATCTCT-1,3,单核/髓系细胞,不适用,11.3452,1.7162
ACGACCCTGATGAA-1,0,T 细胞,细胞毒性型,1.0298,0.0006
ACGACCCTTGACAC-1,2,B 细胞,不适用,1.8122,7.3968
ACGACCCTTGACCA-1,5,T 细胞,初始/记忆型,3.051,-1.733
ACGAGGGACAGGAG-1,7,树突状细胞,不适用,9.3437,2.7205
ACGAGGGACGAACT-1,5,T 细胞,初始/记忆型,3.2114,-0.8784
ACGAGGGATGTAGC-1,1,T 细胞,初始/记忆型,2.5526,2.2519
ACGAGTACCCTAAG-1,2,B 细胞,不适用,1.9873,8.72
ACGAGTACGAATCC-1,2,B 细胞,不适用,2.4926,6.5623
ACGATCGAGGACTT-1,4,NK 细胞,不适用,-2.3374,2.4006
ACGATCGAGTCACA-1,6,单核/髓系细胞,不适用,12.4073,4.8933
ACGATGACAATGCC-1,1,T 细胞,初始/记忆型,3.0899,1.0437
ACGATGACTGGTCA-1,1,T 细胞,初始/记忆型,2.7878,2.1701
ACGATTCTACGGGA-1,0,T 细胞,细胞毒性型,-0.1181,0.9999
ACGCAATGGTTCAG-1,4,NK 细胞,不适用,-3.5272,0.786
ACGCACCTGTTAGC-1,2,B 细胞,不适用,1.7915,8.2092
ACGCCACTGAACTC-1,6,单核/髓系细胞,不适用,14.1471,3.2746
ACGCCGGAAACCAC-1,6,单核/髓系细胞,不适用,12.5393,4.0174
ACGCCGGAAAGCCT-1,5,T 细胞,初始/记忆型,3.4536,0.071
ACGCCGGAAATGCC-1,1,T 细胞,初始/记忆型,2.2884,0.2509
ACGCCTTGCTCCCA-1,3,单核/髓系细胞,不适用,12.2746,-0.2625
ACGCGGTGGCGAGA-1,1,T 细胞,初始/记忆型,4.4581,1.6026
ACGCGGTGTGTGGT-1,2,B 细胞,不适用,2.0493,7.0625
ACGCGGTGTTTGCT-1,0,T 细胞,细胞毒性型,-1.9643,0.3171
ACGCTCACAGTACC-1,5,T 细胞,初始/记忆型,3.617,-0.8004
ACGCTCACCCTTGC-1,1,T 细胞,初始/记忆型,5.4007,0.7447
ACGCTGCTGTTCTT-1,4,NK 细胞,不适用,-4.3397,2.0068
ACGGAACTCAGATC-1,4,NK 细胞,不适用,-3.826,1.6989
ACGGAACTGTCGTA-1,3,单核/髓系细胞,不适用,12.8358,0.4216
ACGGAGGACTCTTA-1,6,单核/髓系细胞,不适用,12.662,4.0583
ACGGATTGGGAGGT-1,2,B 细胞,不适用,2.1186,8.467
ACGGATTGGTTAGC-1,1,T 细胞,初始/记忆型,3.8196,0.651
ACGGCTCTGAGCAG-1,1,T 细胞,初始/记忆型,2.2636,2.4375
ACGGCTCTTGCACA-1,5,T 细胞,初始/记忆型,4.9266,-0.1298
ACGGTAACCGCTAA-1,1,T 细胞,初始/记忆型,1.8474,1.6031
ACGGTAACCTTCGC-1,0,T 细胞,细胞毒性型,-1.6418,0.9469
ACGGTAACGGTGGA-1,5,T 细胞,初始/记忆型,2.8378,-1.6783
ACGGTAACTCGCAA-1,0,T 细胞,细胞毒性型,0.0147,1.0281
ACGGTATGAGTCGT-1,6,单核/髓系细胞,不适用,13.088,3.8153
ACGGTATGGGTATC-1,2,B 细胞,不适用,3.4035,7.5365
ACGGTATGGTTGTG-1,2,B 细胞,不适用,2.1789,8.0796
ACGGTCCTAACGGG-1,1,T 细胞,初始/记忆型,3.5993,2.2531
ACGGTCCTCGGGAA-1,1,T 细胞,初始/记忆型,2.2125,1.5119
ACGTAGACAACCAC-1,1,T 细胞,初始/记忆型,3.3339,1.5666
ACGTAGACTACAGC-1,2,B 细胞,不适用,2.7207,7.6923
ACGTCAGAAACGAA-1,1,T 细胞,初始/记忆型,3.0141,2.6077
ACGTCAGAGAGCTT-1,6,单核/髓系细胞,不适用,12.1451,2.6671
ACGTCAGAGGGATG-1,5,T 细胞,初始/记忆型,3.8693,-0.3447
ACGTCCTGATAAGG-1,6,单核/髓系细胞,不适用,13.3555,4.0646
ACGTCCTGTGAACC-1,3,单核/髓系细胞,不适用,11.4421,2.4341
ACGTCGCTCCTGAA-1,4,NK 细胞,不适用,-4.0161,2.3467
ACGTCGCTCTATTC-1,7,树突状细胞,不适用,11.1516,3.2388
ACGTCGCTTCTCAT-1,2,B 细胞,不适用,2.6331,8.262
ACGTGATGCCATGA-1,7,树突状细胞,不适用,10.6135,2.6513
ACGTGATGGGTCTA-1,5,T 细胞,初始/记忆型,3.1385,-0.9933
ACGTGATGTAACCG-1,3,单核/髓系细胞,不适用,12.5528,0.5668
ACGTGATGTGACAC-1,4,NK 细胞,不适用,-3.9439,1.2353
ACGTGCCTCCGTAA-1,1,T 细胞,初始/记忆型,2.634,2.4703
ACGTGCCTTCTATC-1,0,T 细胞,细胞毒性型,-1.3067,0.2842
ACGTTACTTTCCAT-1,5,T 细胞,初始/记忆型,4.3439,0.1319
ACGTTGGAAAAGCA-1,5,T 细胞,初始/记忆型,2.944,-1.0805
ACGTTGGAAACCTG-1,0,T 细胞,细胞毒性型,-0.7004,0.3116
ACGTTGGACCGTAA-1,6,单核/髓系细胞,不适用,13.2781,3.7749
ACGTTGGAGCCAAT-1,4,NK 细胞,不适用,-4.0079,1.5394
ACGTTGGATATGGC-1,2,B 细胞,不适用,1.6668,8.7242
ACGTTGGATCAGGT-1,3,单核/髓系细胞,不适用,11.4723,1.9449
ACGTTTACATCAGC-1,5,T 细胞,初始/记忆型,5.31,-0.3204
ACTAAAACCCACAA-1,0,T 细胞,细胞毒性型,0.5916,0.867
ACTAAAACTCGACA-1,6,单核/髓系细胞,不适用,13.4921,5.0629
ACTACGGAATTTCC-1,1,T 细胞,初始/记忆型,3.8899,0.965
ACTACGGACCTATT-1,5,T 细胞,初始/记忆型,3.6826,0.264
ACTACGGATCGCTC-1,1,T 细胞,初始/记忆型,4.2253,1.4292
ACTACTACTAAGGA-1,5,T 细胞,初始/记忆型,3.0721,-1.6453
ACTAGGTGGAACCT-1,0,T 细胞,细胞毒性型,0.768,1.9339
ACTAGGTGGAACTC-1,1,T 细胞,初始/记忆型,3.4468,1.1785
ACTATCACCTTGGA-1,0,T 细胞,细胞毒性型,-0.5122,1.6264
ACTATCACTGCCAA-1,5,T 细胞,初始/记忆型,5.2521,-0.7651
ACTCAGGACTGAAC-1,1,T 细胞,初始/记忆型,5.1752,1.371
ACTCAGGATCTATC-1,2,B 细胞,不适用,1.5088,8.3818
ACTCAGGATTCGTT-1,6,单核/髓系细胞,不适用,13.5805,4.764
ACTCCTCTCAACTG-1,1,T 细胞,初始/记忆型,3.6102,2.8004
ACTCGCACGAAAGT-1,6,单核/髓系细胞,不适用,11.7862,4.0634
ACTCGCACTACGAC-1,6,单核/髓系细胞,不适用,12.275,3.1989
ACTCTCCTGACACT-1,5,T 细胞,初始/记忆型,3.4454,-2.0558
ACTCTCCTGCATAC-1,7,树突状细胞,不适用,4.9403,2.3779
ACTCTCCTGTTTGG-1,5,T 细胞,初始/记忆型,4.39,-0.5223
ACTGAGACAACCAC-1,0,T 细胞,细胞毒性型,-0.472,0.7068
ACTGAGACCCATAG-1,3,单核/髓系细胞,不适用,12.81,0.0269
ACTGAGACGTTGGT-1,2,B 细胞,不适用,2.3741,6.9749
ACTGCCACACACGT-1,0,T 细胞,细胞毒性型,-0.72,1.1758
ACTGCCACTCCGTC-1,4,NK 细胞,不适用,-4.0089,0.9684
ACTGGCCTTCAGTG-1,4,NK 细胞,不适用,-4.0596,0.8451
ACTGTGGACGTGTA-1,0,T 细胞,细胞毒性型,-1.5726,1.2462
ACTGTGGATCTAGG-1,2,B 细胞,不适用,2.7767,6.6283
ACTGTTACCCACAA-1,6,单核/髓系细胞,不适用,13.4323,4.7569
ACTGTTACTGCAGT-1,5,T 细胞,初始/记忆型,4.6728,-1.4125
ACTTAAGAACCACA-1,5,T 细胞,初始/记忆型,4.2824,-1.8853
ACTTAAGACCACAA-1,5,T 细胞,初始/记忆型,1.9956,-0.0732
ACTTAAGATTACTC-1,7,树突状细胞,不适用,9.9801,2.8405
ACTTAGCTGCGTAT-1,3,单核/髓系细胞,不适用,12.3646,0.0386
ACTTAGCTGGGAGT-1,1,T 细胞,初始/记忆型,3.7337,2.7712
ACTTCAACAAGCAA-1,7,树突状细胞,不适用,3.4377,4.3322
ACTTCAACGTAGGG-1,4,NK 细胞,不适用,-3.6918,1.6624
ACTTCCCTTTCCGC-1,5,T 细胞,初始/记忆型,4.6338,-1.2088
ACTTCTGACATGCA-1,2,B 细胞,不适用,2.3437,8.3833
ACTTGACTCCACAA-1,2,B 细胞,不适用,1.9766,7.6199
ACTTGGGAGAAAGT-1,6,单核/髓系细胞,不适用,12.6159,3.3125
ACTTGGGAGGTTTG-1,1,T 细胞,初始/记忆型,3.147,1.2651
ACTTGGGATGTGAC-1,3,单核/髓系细胞,不适用,13.4804,0.1259
ACTTGGGATTGACG-1,6,单核/髓系细胞,不适用,11.7365,2.9514
ACTTGTACCCGAAT-1,5,T 细胞,初始/记忆型,2.5967,-0.0752
ACTTGTACCTGTCC-1,5,T 细胞,初始/记忆型,3.2499,-2.265
ACTTTGTGCGATAC-1,5,T 细胞,初始/记忆型,2.1114,-1.3361
ACTTTGTGGAAAGT-1,5,T 细胞,初始/记忆型,3.4447,-0.8679
ACTTTGTGGATAGA-1,6,单核/髓系细胞,不适用,11.8958,3.8528
AGAAACGAAAGTAG-1,2,B 细胞,不适用,2.9993,9.0683
AGAAAGTGCGCAAT-1,5,T 细胞,初始/记忆型,3.9923,-0.2368
AGAAAGTGGGGATG-1,6,单核/髓系细胞,不适用,13.4267,4.249
AGAACAGAAATGCC-1,4,NK 细胞,不适用,-4.0364,1.7024
AGAACAGACGACTA-1,2,B 细胞,不适用,2.6631,8.1483
AGAACAGAGACAAA-1,1,T 细胞,初始/记忆型,3.4361,1.5023
AGAACGCTTTGCTT-1,5,T 细胞,初始/记忆型,3.7225,-1.9866
AGAAGATGTGACTG-1,1,T 细胞,初始/记忆型,3.7145,2.8325
AGAATGGAAGAAGT-1,0,T 细胞,细胞毒性型,-1.4675,1.1907
AGAATTTGTAACCG-1,1,T 细胞,初始/记忆型,4.7197,1.7077
AGAATTTGTAGAGA-1,5,T 细胞,初始/记忆型,2.5821,-1.9295
AGACACACTGTAGC-1,5,T 细胞,初始/记忆型,4.9878,-0.8259
AGACACTGTCAAGC-1,6,单核/髓系细胞,不适用,13.3328,5.1339
AGACCTGAAGTAGA-1,6,单核/髓系细胞,不适用,11.8802,4.4063
AGACCTGACCAACA-1,1,T 细胞,初始/记忆型,2.6597,0.7183
AGACCTGAGGAAGC-1,0,T 细胞,细胞毒性型,0.424,2.2425
AGACGTACAGAGGC-1,1,T 细胞,初始/记忆型,3.0871,1.6193
AGACGTACCCCTAC-1,2,B 细胞,不适用,2.4292,8.5122
AGACGTACCTCTTA-1,6,单核/髓系细胞,不适用,11.2609,3.2406
AGACGTACTCGTGA-1,3,单核/髓系细胞,不适用,12.5869,-0.1555
AGACTGACCATCAG-1,0,T 细胞,细胞毒性型,-0.8537,1.8253
AGACTGACCCTTTA-1,5,T 细胞,初始/记忆型,3.2331,-0.6853
AGACTTCTCATGCA-1,2,B 细胞,不适用,2.7945,8.2155
AGAGATGACAGTCA-1,2,B 细胞,不适用,3.3214,8.3558
AGAGATGACTGAAC-1,1,T 细胞,初始/记忆型,1.9886,-0.1195
AGAGATGAGGTTTG-1,6,单核/髓系细胞,不适用,12.9615,3.4074
AGAGATGATCTCGC-1,2,B 细胞,不适用,2.6955,7.3184
AGAGATGATTGTGG-1,1,T 细胞,初始/记忆型,3.934,0.4557
AGAGCGGAGGCAAG-1,6,单核/髓系细胞,不适用,11.1348,2.9738
AGAGGTCTACAGCT-1,7,树突状细胞,不适用,3.4146,4.4447
AGAGTCTGGTCGTA-1,3,单核/髓系细胞,不适用,11.928,-0.3885
AGAGTGCTCAGCTA-1,1,T 细胞,初始/记忆型,2.021,0.6939
AGAGTGCTCGAATC-1,1,T 细胞,初始/记忆型,3.3659,0.3037
AGAGTGCTGTCATG-1,1,T 细胞,初始/记忆型,2.7358,1.2734
AGAGTGCTGTCCTC-1,0,T 细胞,细胞毒性型,-0.1184,1.3659
AGAGTGCTGTGTTG-1,2,B 细胞,不适用,2.7179,8.4405
AGATATACCCGTAA-1,4,NK 细胞,不适用,-3.7646,0.7424
AGATATACGATGAA-1,1,T 细胞,初始/记忆型,2.9216,0.9948
AGATATACTGTTCT-1,2,B 细胞,不适用,1.8031,7.3489
AGATATTGCCTACC-1,0,T 细胞,细胞毒性型,-1.4203,1.3264
AGATATTGGCCAAT-1,6,单核/髓系细胞,不适用,11.3262,3.1745
AGATCGTGTCTGGA-1,3,单核/髓系细胞,不适用,11.5481,2.6115
AGATCGTGTTTGTC-1,2,B 细胞,不适用,2.0428,8.5179
AGATCTCTATCACG-1,2,B 细胞,不适用,2.6353,8.9368
AGATTAACGTTCTT-1,3,单核/髓系细胞,不适用,13.038,0.148
AGATTCCTATCGTG-1,1,T 细胞,初始/记忆型,4.7644,1.8444
AGATTCCTCACTTT-1,6,单核/髓系细胞,不适用,13.0163,3.4124
AGATTCCTGACGAG-1,6,单核/髓系细胞,不适用,12.6787,3.9533
AGATTCCTGTTCAG-1,4,NK 细胞,不适用,-4.9496,1.6827
AGCAAAGATATGCG-1,5,T 细胞,初始/记忆型,4.8435,-0.6359
AGCACAACAGTCTG-1,0,T 细胞,细胞毒性型,1.6208,0.6731
AGCACTGAGGGAGT-1,1,T 细胞,初始/记忆型,3.0747,1.4674
AGCACTGATATGCG-1,1,T 细胞,初始/记忆型,4.3788,1.6708
AGCACTGATGCTTT-1,7,树突状细胞,不适用,9.4504,2.7881
AGCACTGATTGCGA-1,5,T 细胞,初始/记忆型,3.8243,-1.2433
AGCATCGAAGATCC-1,1,T 细胞,初始/记忆型,3.8056,0.8736
AGCATCGAAGGGTG-1,2,B 细胞,不适用,1.7553,7.8408
AGCATCGAGCTTCC-1,6,单核/髓系细胞,不适用,12.2116,4.9934
AGCATCGAGTGAGG-1,1,T 细胞,初始/记忆型,3.1566,2.3689
AGCATCGATAACCG-1,6,单核/髓系细胞,不适用,12.2807,4.5539
AGCATGACGATGAA-1,0,T 细胞,细胞毒性型,-0.8929,0.8729
AGCCAATGGGGAGT-1,3,单核/髓系细胞,不适用,13.2761,-0.0293
AGCCAATGTATCTC-1,1,T 细胞,初始/记忆型,2.6281,-0.0304
AGCCACCTGGATCT-1,0,T 细胞,细胞毒性型,-1.0215,0.9627
AGCCGGTGCCAATG-1,1,T 细胞,初始/记忆型,3.4866,2.5024
AGCCGGTGTGTTTC-1,5,T 细胞,初始/记忆型,3.887,-0.5572
AGCCGTCTCAATCG-1,5,T 细胞,初始/记忆型,3.2424,-0.0988
AGCCGTCTGAGAGC-1,0,T 细胞,细胞毒性型,2.0581,0.827
AGCCTCACGTTCGA-1,5,T 细胞,初始/记忆型,2.7988,-1.3279
AGCCTCACTGTCAG-1,3,单核/髓系细胞,不适用,11.4988,1.0592
AGCCTCTGCAGTTG-1,2,B 细胞,不适用,2.4893,8.5643
AGCCTCTGCCAATG-1,4,NK 细胞,不适用,-3.7651,1.9766
AGCGAACTGGATCT-1,5,T 细胞,初始/记忆型,4.6052,-1.1627
AGCGAACTTACTGG-1,1,T 细胞,初始/记忆型,4.3606,2.1211
AGCGATACGGAGCA-1,5,T 细胞,初始/记忆型,3.5967,-2.3437
AGCGATTGAGATCC-1,4,NK 细胞,不适用,-4.4611,1.5592
AGCGCCGAATCTCT-1,1,T 细胞,初始/记忆型,2.5878,0.2132
AGCGCCGACAGAGG-1,1,T 细胞,初始/记忆型,4.0174,1.7178
AGCGCTCTACCTTT-1,5,T 细胞,初始/记忆型,3.6433,0.0257
AGCGGCACCGGGAA-1,5,T 细胞,初始/记忆型,4.0713,-1.2557
AGCGGCTGATGTGC-1,5,T 细胞,初始/记忆型,3.6773,-0.4033
AGCGGGCTTGCCAA-1,1,T 细胞,初始/记忆型,3.1407,0.2358
AGCGTAACATGCTG-1,1,T 细胞,初始/记忆型,3.1382,1.2775
AGCGTAACTGAGAA-1,3,单核/髓系细胞,不适用,11.4142,1.8998
AGCTCGCTACTGGT-1,5,T 细胞,初始/记忆型,4.3346,-1.667
AGCTCGCTCTGCTC-1,5,T 细胞,初始/记忆型,3.8754,0.0332
AGCTGAACCATACG-1,3,单核/髓系细胞,不适用,12.6973,-0.1072
AGCTGAACCTCTCG-1,1,T 细胞,初始/记忆型,4.7929,0.5478
AGCTGCCTTGGGAG-1,6,单核/髓系细胞,不适用,14.2575,3.3609
AGCTGCCTTTCATC-1,1,T 细胞,初始/记忆型,4.2383,2.8044
AGCTGCCTTTCTGT-1,1,T 细胞,初始/记忆型,2.3093,0.7078
AGCTGTGATCCAAG-1,0,T 细胞,细胞毒性型,1.1632,0.5601
AGCTTTACAAGTAG-1,5,T 细胞,初始/记忆型,4.5042,0.2591
AGCTTTACACCAAC-1,0,T 细胞,细胞毒性型,-0.3738,1.9021
AGCTTTACTCTCAT-1,2,B 细胞,不适用,2.0351,7.7872
AGGAAATGAGGAGC-1,1,T 细胞,初始/记忆型,3.8629,1.1057
AGGAACCTCTTAGG-1,3,单核/髓系细胞,不适用,12.3621,0.1926
AGGAACCTTGCCTC-1,0,T 细胞,细胞毒性型,-0.7698,0.9994
AGGAATGATAACGC-1,1,T 细胞,初始/记忆型,2.3363,1.9921
AGGAATGATTTGTC-1,1,T 细胞,初始/记忆型,4.3999,2.0976
AGGAGTCTGGTTTG-1,5,T 细胞,初始/记忆型,3.3197,-0.3032
AGGAGTCTTGTCAG-1,5,T 细胞,初始/记忆型,4.4303,-1.6017
AGGATAGACATTTC-1,1,T 细胞,初始/记忆型,4.8361,1.1108
AGGATAGAGGATTC-1,0,T 细胞,细胞毒性型,-2.3599,1.2301
AGGATGCTACTAGC-1,2,B 细胞,不适用,3.076,8.3271
AGGATGCTTTAGGC-1,4,NK 细胞,不适用,-4.2903,1.1268
AGGCAACTGAAGGC-1,1,T 细胞,初始/记忆型,2.5321,-0.2149
AGGCAGGAGTACCA-1,0,T 细胞,细胞毒性型,0.1104,1.8632
AGGCCTCTAGTCGT-1,1,T 细胞,初始/记忆型,5.1938,1.2243
AGGCCTCTCGGAGA-1,5,T 细胞,初始/记忆型,5.081,-0.933
AGGCCTCTCGTAAC-1,5,T 细胞,初始/记忆型,3.3375,-1.398
AGGGACGACGTTGA-1,5,T 细胞,初始/记忆型,3.5654,-1.933
AGGGACGAGTCAAC-1,4,NK 细胞,不适用,-4.3845,2.0716
AGGGACGAGTTGTG-1,5,T 细胞,初始/记忆型,4.6998,-1.8251
AGGGACGATAGAGA-1,0,T 细胞,细胞毒性型,0.3176,2.234
AGGGACGATGCATG-1,0,T 细胞,细胞毒性型,-0.6633,0.9025
AGGGAGTGAGCCTA-1,1,T 细胞,初始/记忆型,3.3772,1.3269
AGGGCCACCATACG-1,5,T 细胞,初始/记忆型,3.0006,-0.8489
AGGGCGCTAACCAC-1,6,单核/髓系细胞,不适用,13.93,4.0409
AGGGCGCTATGGTC-1,1,T 细胞,初始/记忆型,3.2078,0.7451
AGGGTGGACAGTCA-1,2,B 细胞,不适用,2.1348,7.0954
AGGGTGGACTCAAG-1,3,单核/髓系细胞,不适用,12.1939,2.2589
AGGGTGGAGTTGCA-1,0,T 细胞,细胞毒性型,-0.3374,0.5143
AGGGTTTGTTCATC-1,3,单核/髓系细胞,不适用,11.9541,2.2938
AGGTCATGAGTGTC-1,2,B 细胞,不适用,3.1424,8.0139
AGGTCATGCTTATC-1,0,T 细胞,细胞毒性型,0.2547,1.5368
AGGTCTGATTCTCA-1,3,单核/髓系细胞,不适用,12.1508,1.5678
AGGTGGGAAGAATG-1,1,T 细胞,初始/记忆型,1.7073,0.9513
AGGTGGGAAGTTCG-1,5,T 细胞,初始/记忆型,3.6373,-0.9076
AGGTGTTGGTTACG-1,2,B 细胞,不适用,1.4,7.7553
AGGTTCGAACCTCC-1,6,单核/髓系细胞,不适用,14.0755,4.0914
AGGTTCGAACGTAC-1,6,单核/髓系细胞,不适用,13.4342,5.0141
AGGTTCGAGGGTGA-1,5,T 细胞,初始/记忆型,3.3318,-1.5615
AGTAAGGAGTTTGG-1,1,T 细胞,初始/记忆型,3.0972,1.56
AGTAAGGATTCTTG-1,1,T 细胞,初始/记忆型,3.8424,2.0557
AGTAATACATCACG-1,4,NK 细胞,不适用,-3.2768,2.2443
AGTAATACCGAACT-1,2,B 细胞,不适用,2.2161,8.437
AGTAATTGTCCCAC-1,1,T 细胞,初始/记忆型,4.0579,1.4478
AGTACGTGAGGGTG-1,5,T 细胞,初始/记忆型,3.5835,-0.2343
AGTACGTGCTGCAA-1,1,T 细胞,初始/记忆型,4.5344,0.7736
AGTACGTGCTTGGA-1,1,T 细胞,初始/记忆型,3.2592,2.1651
AGTACTCTACGTGT-1,2,B 细胞,不适用,2.9006,8.7529
AGTACTCTCAACCA-1,0,T 细胞,细胞毒性型,-1.3956,0.49
AGTACTCTCGGTAT-1,1,T 细胞,初始/记忆型,2.5594,2.2794
AGTAGGCTTGCCTC-1,3,单核/髓系细胞,不适用,12.1744,0.7169
AGTATAACTTGTCT-1,3,单核/髓系细胞,不适用,11.8643,-0.0553
AGTATCCTAGAACA-1,5,T 细胞,初始/记忆型,3.7972,-1.3469
AGTCACGATGAGCT-1,4,NK 细胞,不适用,-3.3436,2.0614
AGTCAGACGAATAG-1,1,T 细胞,初始/记忆型,2.3933,1.643
AGTCAGACGCTTAG-1,0,T 细胞,细胞毒性型,1.0868,0.9116
AGTCAGACTAGAGA-1,0,T 细胞,细胞毒性型,-0.5109,2.0851
AGTCAGACTGCACA-1,1,T 细胞,初始/记忆型,3.7086,1.7279
AGTCCAGATATCTC-1,5,T 细胞,初始/记忆型,2.3412,-0.9289
AGTCCAGATTTCAC-1,1,T 细胞,初始/记忆型,3.5516,0.6567
AGTCGAACCAACCA-1,5,T 细胞,初始/记忆型,3.8895,-1.4801
AGTCGCCTCCGTAA-1,1,T 细胞,初始/记忆型,4.1705,1.0363
AGTCTACTAGGGTG-1,6,单核/髓系细胞,不适用,12.249,3.8589
AGTCTACTTGCATG-1,3,单核/髓系细胞,不适用,11.4844,0.336
AGTCTTACACCACA-1,5,T 细胞,初始/记忆型,4.0821,-1.418
AGTCTTACTTCGCC-1,0,T 细胞,细胞毒性型,-0.1321,1.4833
AGTCTTACTTCGGA-1,8,树突状细胞,不适用,16.9222,0.0141
AGTGACTGCAACTG-1,3,单核/髓系细胞,不适用,12.2329,0.2266
AGTGTTCTAACCTG-1,1,T 细胞,初始/记忆型,2.9701,1.2866
AGTGTTCTATAAGG-1,1,T 细胞,初始/记忆型,2.2628,1.0096
AGTGTTCTCACTTT-1,6,单核/髓系细胞,不适用,12.3198,4.5244
AGTTAAACCACTTT-1,5,T 细胞,初始/记忆型,3.034,-0.3172
AGTTATGAACAGTC-1,6,单核/髓系细胞,不适用,12.1601,4.7536
AGTTATGACTGAGT-1,1,T 细胞,初始/记忆型,3.4044,2.7844
AGTTATGAGTTCAG-1,1,T 细胞,初始/记忆型,4.6713,0.9611
AGTTCTACCAGCTA-1,6,单核/髓系细胞,不适用,13.0845,5.1435
AGTTCTTGAAGCCT-1,0,T 细胞,细胞毒性型,-0.5238,1.2823
AGTTGTCTACTACG-1,5,T 细胞,初始/记忆型,4.8159,-1.1286
AGTTTAGATGGTCA-1,5,T 细胞,初始/记忆型,2.3635,-0.2017
AGTTTCACGGTCTA-1,0,T 细胞,细胞毒性型,-1.7119,1.5645
AGTTTGCTACAGTC-1,5,T 细胞,初始/记忆型,4.286,-0.9743
AGTTTGCTACTGGT-1,4,NK 细胞,不适用,-2.5705,2.4485
AGTTTGCTCCAAGT-1,5,T 细胞,初始/记忆型,4.6999,0.7115
ATAAACACAGTGCT-1,2,B 细胞,不适用,3.1092,7.4309
ATAAACACCACCAA-1,1,T 细胞,初始/记忆型,2.0857,0.7431
ATAACAACATGCTG-1,6,单核/髓系细胞,不适用,12.231,4.4394
ATAACAACGTCTAG-1,1,T 细胞,初始/记忆型,2.2061,0.6657
ATAACAACTTTGTC-1,5,T 细胞,初始/记忆型,3.274,-1.2504
ATAACATGTACTCT-1,1,T 细胞,初始/记忆型,2.3633,1.5424
ATAACCCTGTTGGT-1,0,T 细胞,细胞毒性型,1.3849,-0.0377
ATAACCCTTGGTAC-1,1,T 细胞,初始/记忆型,4.4664,2.1432
ATAAGTACGAATGA-1,2,B 细胞,不适用,1.6543,7.139
ATAAGTTGGTACGT-1,3,单核/髓系细胞,不适用,13.1225,-0.2027
ATAAGTTGTCTAGG-1,1,T 细胞,初始/记忆型,1.8957,1.0425
ATAATCGAGCTGAT-1,2,B 细胞,不适用,2.635,8.4334
ATAATCGATGGTTG-1,5,T 细胞,初始/记忆型,3.0408,-0.8338
ATAATGACCTACTT-1,1,T 细胞,初始/记忆型,3.7482,0.5563
ATAATGACTCGTGA-1,6,单核/髓系细胞,不适用,12.8382,2.836
ATACAATGTTAGGC-1,1,T 细胞,初始/记忆型,4.3249,0.7185
ATACCACTCGTACA-1,6,单核/髓系细胞,不适用,12.7771,4.5113
ATACCACTCTAAGC-1,7,树突状细胞,不适用,9.6141,2.8284
ATACCACTGCCAAT-1,4,NK 细胞,不适用,-2.2662,2.3975
ATACCGGAATGCTG-1,7,树突状细胞,不适用,9.5305,2.8009
ATACCGGACATTTC-1,6,单核/髓系细胞,不适用,12.2129,2.8017
ATACCGGACTTCGC-1,1,T 细胞,初始/记忆型,2.4899,1.94
ATACCGGAGGTGTT-1,6,单核/髓系细胞,不适用,13.2367,4.5703
ATACCGGATCTCGC-1,1,T 细胞,初始/记忆型,2.0371,0.2602
ATACCTACGCATCA-1,5,T 细胞,初始/记忆型,3.9785,0.0365
ATACCTTGGGGCAA-1,5,T 细胞,初始/记忆型,4.7285,-0.5665
ATACGGACAGACTC-1,6,单核/髓系细胞,不适用,13.7866,3.7967
ATACGGACCTACTT-1,6,单核/髓系细胞,不适用,14.6208,3.8825
ATACGGACGAGGTG-1,2,B 细胞,不适用,2.6624,8.5413
ATACGGACTATGCG-1,2,B 细胞,不适用,2.79,8.9391
ATACGGACTCTGGA-1,6,单核/髓系细胞,不适用,13.6671,4.0473
ATACGTCTTAACGC-1,6,单核/髓系细胞,不适用,13.2139,5.0673
ATACTCTGCTTCGC-1,3,单核/髓系细胞,不适用,11.4456,1.8617
ATACTCTGGTATGC-1,4,NK 细胞,不适用,-3.9344,1.7754
ATAGATACCATGGT-1,1,T 细胞,初始/记忆型,3.8446,2.3176
ATAGATACGACGAG-1,5,T 细胞,初始/记忆型,4.5241,-0.8553
ATAGATTGGTGTAC-1,2,B 细胞,不适用,2.4261,7.7251
ATAGCCGAACGGAG-1,5,T 细胞,初始/记忆型,3.9686,-1.6888
ATAGCGTGCAGATC-1,1,T 细胞,初始/记忆型,3.4868,1.7609
ATAGCGTGCCCTTG-1,6,单核/髓系细胞,不适用,12.1599,3.883
ATAGCGTGGTATCG-1,6,单核/髓系细胞,不适用,14.3481,3.9934
ATAGCGTGTCTCTA-1,5,T 细胞,初始/记忆型,4.7233,-0.5715
ATAGCTCTCTGATG-1,5,T 细胞,初始/记忆型,3.1486,-0.9357
ATAGCTCTGAGGTG-1,5,T 细胞,初始/记忆型,4.5798,-0.4558
ATAGGAGAAACAGA-1,3,单核/髓系细胞,不适用,11.7797,2.3661
ATAGGCTGTCAGAC-1,5,T 细胞,初始/记忆型,4.968,-0.6636
ATAGTCCTAGTGTC-1,6,单核/髓系细胞,不适用,12.7636,4.5067
ATAGTCCTTGCATG-1,1,T 细胞,初始/记忆型,4.5546,2.3962
ATAGTCCTTGTCGA-1,5,T 细胞,初始/记忆型,3.6864,-0.9096
ATAGTTGACAACTG-1,5,T 细胞,初始/记忆型,3.3165,-0.7961
ATAGTTGACCCTCA-1,3,单核/髓系细胞,不适用,12.5376,0.4482
ATAGTTGAGACGTT-1,5,T 细胞,初始/记忆型,1.979,-1.0046
ATAGTTGATAAGCC-1,1,T 细胞,初始/记忆型,3.4149,0.1417
ATATACGAAGCCAT-1,5,T 细胞,初始/记忆型,5.4437,0.0104
ATATACGAATTGGC-1,1,T 细胞,初始/记忆型,3.8129,1.6736
ATATAGTGGAATGA-1,6,单核/髓系细胞,不适用,14.2271,4.3275
ATATGCCTAGATCC-1,6,单核/髓系细胞,不适用,13.2923,3.8889
ATATGCCTGGACAG-1,5,T 细胞,初始/记忆型,2.9702,0.1568
ATATGCCTTCTCTA-1,1,T 细胞,初始/记忆型,2.9679,0.3266
ATATGCCTTGGTAC-1,5,T 细胞,初始/记忆型,4.2281,-0.9723
ATCAAATGAGCCTA-1,6,单核/髓系细胞,不适用,12.2282,2.5646
ATCAAATGGGTAAA-1,3,单核/髓系细胞,不适用,11.9471,0.0617
ATCAACCTAAACGA-1,1,T 细胞,初始/记忆型,4.298,2.079
ATCAACCTGAGGAC-1,5,T 细胞,初始/记忆型,4.3211,-1.2379
ATCAACCTTCTCTA-1,0,T 细胞,细胞毒性型,-0.0472,2.1976
ATCAACCTTTGTCT-1,0,T 细胞,细胞毒性型,0.3439,0.6624
ATCACACTTTGTCT-1,1,T 细胞,初始/记忆型,3.6518,-0.0701
ATCACGGATTGCTT-1,6,单核/髓系细胞,不适用,14.1909,4.4714
ATCACGGATTTCGT-1,2,B 细胞,不适用,2.3923,8.0277
ATCATCTGACACCA-1,8,树突状细胞,不适用,16.8231,0.0178
ATCATGCTAGAGTA-1,0,T 细胞,细胞毒性型,-1.6509,0.6164
ATCATGCTGAACCT-1,2,B 细胞,不适用,2.9403,7.2761
ATCCAGGACGCTAA-1,3,单核/髓系细胞,不适用,12.2889,-0.1646
ATCCAGGATGGAAA-1,1,T 细胞,初始/记忆型,3.6554,1.8373
ATCCATACTCCTTA-1,6,单核/髓系细胞,不适用,13.1926,4.0336
ATCCATACTTCATC-1,3,单核/髓系细胞,不适用,12.6076,-0.914
ATCCCGTGCAGTCA-1,4,NK 细胞,不适用,-4.6901,1.869
ATCCCGTGCATGCA-1,2,B 细胞,不适用,2.7094,8.6387
ATCCCGTGGCTGAT-1,2,B 细胞,不适用,2.1888,8.1976
ATCCGCACGCATCA-1,2,B 细胞,不适用,2.2985,6.9344
ATCCTAACGACGGA-1,2,B 细胞,不适用,2.3606,7.8065
ATCCTAACGCTACA-1,0,T 细胞,细胞毒性型,-0.6891,1.3175
ATCGACGAAACTGC-1,6,单核/髓系细胞,不适用,11.5618,3.5561
ATCGACGAATGACC-1,1,T 细胞,初始/记忆型,4.387,0.0462
ATCGAGTGGACGTT-1,0,T 细胞,细胞毒性型,-1.9846,0.74
ATCGCAGAATCTCT-1,3,单核/髓系细胞,不适用,11.6992,-0.5888
ATCGCAGAGTGTCA-1,2,B 细胞,不适用,2.6803,7.5012
ATCGCCACTGAGGG-1,0,T 细胞,细胞毒性型,0.0468,1.0797
ATCGCCTGGGTCAT-1,5,T 细胞,初始/记忆型,3.4803,-0.2137
ATCGCCTGTGGCAT-1,2,B 细胞,不适用,1.3934,7.9772
ATCGCGCTCAGAGG-1,6,单核/髓系细胞,不适用,13.1272,4.7714
ATCGCGCTGGGATG-1,1,T 细胞,初始/记忆型,3.4267,1.9193
ATCGCGCTTTTCGT-1,2,B 细胞,不适用,3.1905,8.2095
ATCGGAACCAGTCA-1,5,T 细胞,初始/记忆型,2.9775,-0.0649
ATCGGTGAGTCAAC-1,5,T 细胞,初始/记忆型,3.9774,-1.5556
ATCGGTGATTGCAG-1,1,T 细胞,初始/记忆型,3.1965,0.5961
ATCGTTTGCCTACC-1,6,单核/髓系细胞,不适用,11.6265,3.2628
ATCGTTTGGGTACT-1,6,单核/髓系细胞,不适用,13.5658,3.5669
ATCGTTTGTGCCAA-1,6,单核/髓系细胞,不适用,13.6057,4.2877
ATCTACACCCGCTT-1,6,单核/髓系细胞,不适用,14.1663,3.7289
ATCTACACCGGGAA-1,1,T 细胞,初始/记忆型,4.8691,0.8343
ATCTCAACAGGAGC-1,2,B 细胞,不适用,3.1961,8.511
ATCTCAACCTCGAA-1,5,T 细胞,初始/记忆型,2.3502,-1.6274
ATCTCAACCTTGTT-1,6,单核/髓系细胞,不适用,13.9457,5.0711
ATCTGGGAAACCAC-1,6,单核/髓系细胞,不适用,11.6968,3.7924
ATCTGGGAAGTGTC-1,3,单核/髓系细胞,不适用,11.1154,2.0965
ATCTGGGATTCCGC-1,0,T 细胞,细胞毒性型,-0.9114,1.6278
ATCTGTTGAACGGG-1,1,T 细胞,初始/记忆型,3.7912,1.796
ATCTGTTGACCTCC-1,1,T 细胞,初始/记忆型,3.6666,0.8072
ATCTGTTGCCTTCG-1,3,单核/髓系细胞,不适用,11.3365,1.3367
ATCTGTTGGTTGCA-1,1,T 细胞,初始/记忆型,2.6952,1.9182
ATCTTGACACCAAC-1,1,T 细胞,初始/记忆型,3.2938,0.6545
ATCTTGACCTCCCA-1,6,单核/髓系细胞,不适用,12.8809,2.5045
ATCTTTCTGCATCA-1,0,T 细胞,细胞毒性型,0.6393,0.1167
ATCTTTCTGTTTCT-1,0,T 细胞,细胞毒性型,0.5172,1.5401
ATCTTTCTTGTCCC-1,4,NK 细胞,不适用,-4.8473,1.4685
ATGAAACTCTGTGA-1,0,T 细胞,细胞毒性型,1.31,1.7016
ATGAAACTGAGGCA-1,5,T 细胞,初始/记忆型,4.1327,-0.8232
ATGAAGGAACAGCT-1,0,T 细胞,细胞毒性型,-0.7156,0.6784
ATGAAGGACCTGTC-1,2,B 细胞,不适用,2.9788,7.7658
ATGAAGGACCTTAT-1,2,B 细胞,不适用,1.793,8.8298
ATGAAGGACTAGTG-1,2,B 细胞,不适用,1.8241,8.8479
ATGAAGGACTTGCC-1,4,NK 细胞,不适用,-4.4418,1.7887
ATGACGTGACGACT-1,2,B 细胞,不适用,1.882,7.9172
ATGACGTGATCGGT-1,3,单核/髓系细胞,不适用,11.6214,0.7736
ATGAGAGAAAGTGA-1,1,T 细胞,初始/记忆型,3.1867,1.9588
ATGAGAGAACGCAT-1,5,T 细胞,初始/记忆型,5.0628,-1.5579
ATGAGAGAAGTAGA-1,2,B 细胞,不适用,2.8222,7.6575
ATGAGCACACAGCT-1,1,T 细胞,初始/记忆型,3.3579,0.4033
ATGAGCACATCTTC-1,5,T 细胞,初始/记忆型,5.0009,-0.784
ATGATAACTTCACT-1,4,NK 细胞,不适用,-4.596,1.8027
ATGATATGAAACAG-1,1,T 细胞,初始/记忆型,4.2568,1.6782
ATGATATGACTGGT-1,5,T 细胞,初始/记忆型,4.5605,-1.2004
ATGATATGAGCACT-1,5,T 细胞,初始/记忆型,4.9155,-0.4179
ATGATATGGTCATG-1,5,T 细胞,初始/记忆型,4.7197,-0.7367
ATGATATGGTGCTA-1,4,NK 细胞,不适用,-3.8426,1.9317
ATGATATGTTGTCT-1,3,单核/髓系细胞,不适用,11.5319,2.4055
ATGCACGAATGTCG-1,2,B 细胞,不适用,2.9749,8.8908
ATGCACGACTGTAG-1,1,T 细胞,初始/记忆型,4.4795,2.2386
ATGCACGAGAACCT-1,2,B 细胞,不适用,2.099,6.9045
ATGCACGAGTTCGA-1,5,T 细胞,初始/记忆型,4.2108,-0.4477
ATGCACGATTGGTG-1,3,单核/髓系细胞,不适用,11.2501,1.7309
ATGCAGTGTTACCT-1,2,B 细胞,不适用,2.7582,8.4196
ATGCAGTGTTCTAC-1,1,T 细胞,初始/记忆型,2.1475,0.9077
ATGCCAGAACGACT-1,1,T 细胞,初始/记忆型,2.7751,0.534
ATGCCAGACAGTCA-1,6,单核/髓系细胞,不适用,13.2863,4.9077
ATGCCGCTTGAACC-1,6,单核/髓系细胞,不适用,12.6854,2.6299
ATGCGATGCTATGG-1,3,单核/髓系细胞,不适用,11.3285,2.5143
ATGCGATGCTGAGT-1,1,T 细胞,初始/记忆型,2.2866,0.2898
ATGCGATGGTTACG-1,2,B 细胞,不适用,2.3461,7.0171
ATGCGCCTTCATTC-1,5,T 细胞,初始/记忆型,3.3168,-1.5083
ATGCTTTGCGAATC-1,1,T 细胞,初始/记忆型,3.1322,0.6255
ATGCTTTGGGCGAA-1,0,T 细胞,细胞毒性型,-0.1268,0.6307
ATGCTTTGTAGTCG-1,2,B 细胞,不适用,2.8256,8.1419
ATGGACACATCGGT-1,1,T 细胞,初始/记忆型,2.8172,1.7513
ATGGACACGCATCA-1,4,NK 细胞,不适用,-3.4154,0.9699
ATGGGTACAACCTG-1,2,B 细胞,不适用,1.9392,8.4417
ATGGGTACATCGGT-1,4,NK 细胞,不适用,-4.2511,1.4838
ATGGGTACTATTCC-1,1,T 细胞,初始/记忆型,3.5515,2.5625
ATGGGTACTGGGAG-1,1,T 细胞,初始/记忆型,3.5158,1.4782
ATGTAAACACCTCC-1,5,T 细胞,初始/记忆型,3.2622,-0.3331
ATGTAAACCCGCTT-1,1,T 细胞,初始/记忆型,4.0816,1.0407
ATGTAAACGGGATG-1,7,树突状细胞,不适用,10.8417,2.6153
ATGTAAACTCTCCG-1,0,T 细胞,细胞毒性型,0.6555,2.1066
ATGTAAACTTCACT-1,6,单核/髓系细胞,不适用,11.2798,2.788
ATGTACCTCAGTCA-1,1,T 细胞,初始/记忆型,2.5732,0.3977
ATGTACCTTAGTCG-1,1,T 细胞,初始/记忆型,3.6917,3.0463
ATGTACCTTTATCC-1,6,单核/髓系细胞,不适用,13.5132,3.951
ATGTACCTTTCACT-1,0,T 细胞,细胞毒性型,-2.3795,1.0806
ATGTCACTAATGCC-1,6,单核/髓系细胞,不适用,12.7586,4.5776
ATGTCACTCTGCTC-1,5,T 细胞,初始/记忆型,2.2171,-0.4035
ATGTCGGAGGTGAG-1,1,T 细胞,初始/记忆型,4.7481,2.0845
ATGTTCACAGTCTG-1,6,单核/髓系细胞,不适用,11.9737,3.605
ATGTTCACCGTAGT-1,1,T 细胞,初始/记忆型,2.8757,2.2364
ATGTTGCTTTCAGG-1,1,T 细胞,初始/记忆型,2.9527,1.6471
ATTAACGATGAGAA-1,4,NK 细胞,不适用,-3.3757,0.6726
ATTAACGATGCAAC-1,0,T 细胞,细胞毒性型,-2.8891,0.9661
ATTAAGACTGCAGT-1,1,T 细胞,初始/记忆型,3.0599,2.5196
ATTACCTGCCTTAT-1,6,单核/髓系细胞,不适用,13.0928,4.8657
ATTACCTGGAGGAC-1,3,单核/髓系细胞,不适用,12.8185,0.8243
ATTACCTGGGCATT-1,2,B 细胞,不适用,2.5232,8.2117
ATTAGATGTTTCAC-1,5,T 细胞,初始/记忆型,3.3366,-1.3433
ATTATGGAATCTCT-1,1,T 细胞,初始/记忆型,4.5873,2.6725
ATTCAAGAACGGGA-1,5,T 细胞,初始/记忆型,4.5893,-0.4638
ATTCAAGACCTTTA-1,1,T 细胞,初始/记忆型,3.4996,1.5101
ATTCAGCTCATTGG-1,8,树突状细胞,不适用,16.7871,-0.0383
ATTCCAACCATTGG-1,6,单核/髓系细胞,不适用,12.4271,4.2478
ATTCCAACTTAGGC-1,4,NK 细胞,不适用,-3.2935,2.144
ATTCGACTCACTAG-1,1,T 细胞,初始/记忆型,2.2318,0.7958
ATTCGACTGAATAG-1,6,单核/髓系细胞,不适用,12.5901,4.3558
ATTCGACTTTTGTC-1,3,单核/髓系细胞,不适用,12.7883,-0.6951
ATTCGGGAAAGGCG-1,6,单核/髓系细胞,不适用,12.4604,4.683
ATTCGGGATTAGGC-1,1,T 细胞,初始/记忆型,3.9404,1.4391
ATTCTTCTGATACC-1,0,T 细胞,细胞毒性型,1.1235,1.4254
ATTGAATGGACGGA-1,1,T 细胞,初始/记忆型,2.1575,0.2959
ATTGATGAAGGTTC-1,5,T 细胞,初始/记忆型,4.1593,-1.7977
ATTGATGACTGAGT-1,1,T 细胞,初始/记忆型,3.0611,0.7321
ATTGATGAGCGAAG-1,1,T 细胞,初始/记忆型,3.1469,1.2582
ATTGATGATCTATC-1,5,T 细胞,初始/记忆型,4.1177,-0.2958
ATTGCACTGACGGA-1,5,T 细胞,初始/记忆型,4.5763,-1.5302
ATTGCACTGAGAGC-1,3,单核/髓系细胞,不适用,12.6662,0.6682
ATTGCACTGGAGCA-1,6,单核/髓系细胞,不适用,13.0185,3.9085
ATTGCACTTAGCCA-1,1,T 细胞,初始/记忆型,4.5078,1.2226
ATTGCACTTGCTTT-1,3,单核/髓系细胞,不适用,11.9405,-0.332
ATTGCTTGTTACTC-1,2,B 细胞,不适用,1.5702,7.9965
ATTGGTCTGACTAC-1,2,B 细胞,不适用,2.6738,6.9686
ATTGGTCTTGTCTT-1,2,B 细胞,不适用,2.6013,8.7278
ATTGTAGATTCCCG-1,7,树突状细胞,不适用,10.138,2.6295
ATTGTAGATTGCAG-1,0,T 细胞,细胞毒性型,1.4217,1.303
ATTGTCTGCGTACA-1,1,T 细胞,初始/记忆型,2.5757,1.0348
ATTTAGGAACCATG-1,3,单核/髓系细胞,不适用,11.4812,0.5303
ATTTAGGACAGAGG-1,1,T 细胞,初始/记忆型,4.5072,2.2424
ATTTCCGAGATGAA-1,5,T 细胞,初始/记忆型,3.0061,0.1535
ATTTCCGAGTGCTA-1,1,T 细胞,初始/记忆型,2.6813,2.116
ATTTCGTGTATGGC-1,4,NK 细胞,不适用,-2.7294,1.8906
ATTTCTCTACTTTC-1,3,单核/髓系细胞,不适用,11.9078,-0.3064
ATTTCTCTAGCAAA-1,1,T 细胞,初始/记忆型,2.7738,2.3876
ATTTCTCTCACTTT-1,3,单核/髓系细胞,不适用,12.6348,2.3121
ATTTCTCTTCCCAC-1,5,T 细胞,初始/记忆型,5.2809,0.3947
ATTTGCACAAGATG-1,6,单核/髓系细胞,不适用,14.3487,4.9849
CAAAGCACAGCTCA-1,1,T 细胞,初始/记忆型,4.3925,0.8217
CAAAGCACCGTAAC-1,2,B 细胞,不适用,1.9362,7.0392
CAAAGCACGGTAAA-1,0,T 细胞,细胞毒性型,-2.4085,0.7717
CAAAGCTGAAAGTG-1,0,T 细胞,细胞毒性型,1.2221,0.8098
CAAAGCTGTTGCTT-1,6,单核/髓系细胞,不适用,12.2332,3.6925
CAAATATGTGACAC-1,5,T 细胞,初始/记忆型,3.6976,-1.2919
CAAATTGAGGGCAA-1,1,T 细胞,初始/记忆型,3.6455,0.9098
CAAATTGATGGAGG-1,6,单核/髓系细胞,不适用,14.5873,4.4061
CAACCAGAAAAGTG-1,5,T 细胞,初始/记忆型,3.5534,-1.2869
CAACCAGAAGTGCT-1,1,T 细胞,初始/记忆型,1.9655,1.8585
CAACCAGAGTTCAG-1,6,单核/髓系细胞,不适用,11.9234,3.2758
CAACCAGATAGAAG-1,6,单核/髓系细胞,不适用,14.2068,3.639
CAACCGCTGTTCAG-1,5,T 细胞,初始/记忆型,3.5711,-1.5265
CAACCGCTTTGAGC-1,1,T 细胞,初始/记忆型,3.5271,2.2392
CAACGATGCGCAAT-1,3,单核/髓系细胞,不适用,11.4449,1.3115
CAACGTGACTCCAC-1,3,单核/髓系细胞,不适用,11.7988,2.1492
CAACGTGAGCCATA-1,0,T 细胞,细胞毒性型,-2.6258,0.4429
CAACGTGATCAAGC-1,6,单核/髓系细胞,不适用,12.2036,2.7489
CAAGAAGACCACAA-1,0,T 细胞,细胞毒性型,1.0213,1.7944
CAAGAAGACGTCTC-1,3,单核/髓系细胞,不适用,11.4787,2.205
CAAGAAGATTCTAC-1,5,T 细胞,初始/记忆型,4.1913,0.0146
CAAGACTGACCTGA-1,2,B 细胞,不适用,2.3043,7.8766
CAAGACTGAGTAGA-1,2,B 细胞,不适用,2.2009,7.3517
CAAGCTGACCATAG-1,3,单核/髓系细胞,不适用,12.2629,-0.447
CAAGCTGATCTATC-1,0,T 细胞,细胞毒性型,-2.8254,0.8629
CAAGGACTGTTCAG-1,1,T 细胞,初始/记忆型,3.5322,0.2542
CAAGGACTTCTTTG-1,0,T 细胞,细胞毒性型,0.0118,0.8326
CAAGGTTGCTCCAC-1,1,T 细胞,初始/记忆型,4.6002,2.0808
CAAGGTTGTCATTC-1,2,B 细胞,不适用,2.8325,9.0092
CAAGGTTGTCTGGA-1,4,NK 细胞,不适用,-4.064,2.3313
CAAGTCGAAACAGA-1,2,B 细胞,不适用,2.5855,8.3495
CAAGTCGATAGCGT-1,6,单核/髓系细胞,不适用,12.8538,4.0025
CAATAAACGCCATA-1,6,单核/髓系细胞,不适用,13.7259,3.5245
CAATAATGAACTGC-1,6,单核/髓系细胞,不适用,13.1374,4.0128
CAATATGACATGGT-1,1,T 细胞,初始/记忆型,3.6031,2.0134
CAATATGACCTTCG-1,0,T 细胞,细胞毒性型,-2.6402,0.957
CAATATGACGTTAG-1,5,T 细胞,初始/记忆型,2.8255,-1.6003
CAATATGAGGAGCA-1,1,T 细胞,初始/记忆型,3.1393,1.5807
CAATCGGAGAAACA-1,1,T 细胞,初始/记忆型,3.462,1.6051
CAATCTACTGACTG-1,4,NK 细胞,不适用,-3.5639,1.8528
CAATTCACCCAACA-1,0,T 细胞,细胞毒性型,-1.942,0.4868
CAATTCACGATAGA-1,1,T 细胞,初始/记忆型,3.4434,0.3321
CAATTCACTTGTGG-1,5,T 细胞,初始/记忆型,3.1863,-2.2232
CAATTCTGCTTGTT-1,6,单核/髓系细胞,不适用,12.6464,2.6932
CAATTCTGGCGTAT-1,3,单核/髓系细胞,不适用,12.7383,1.3926
CACAACGATACGAC-1,5,T 细胞,初始/记忆型,3.246,-0.5923
CACAATCTTGTTCT-1,0,T 细胞,细胞毒性型,0.7312,1.6245
CACAATCTTTCCAT-1,0,T 细胞,细胞毒性型,0.0615,1.9547
CACACCTGCTTGAG-1,5,T 细胞,初始/记忆型,4.5036,-1.6409
CACACCTGTATGGC-1,1,T 细胞,初始/记忆型,2.4629,-0.0703
CACAGAACCCTTGC-1,2,B 细胞,不适用,2.4445,6.7645
CACAGAACCTGATG-1,1,T 细胞,初始/记忆型,2.3097,2.3137
CACAGATGGGATTC-1,0,T 细胞,细胞毒性型,1.52,1.4525
CACAGATGGTTTCT-1,6,单核/髓系细胞,不适用,12.1846,4.2868
CACAGCCTGATACC-1,0,T 细胞,细胞毒性型,1.7837,2.2426
CACAGCCTTGCCAA-1,3,单核/髓系细胞,不适用,13.1913,0.0461
CACAGCCTTGTAGC-1,1,T 细胞,初始/记忆型,4.6118,0.9549
CACAGTGATGAAGA-1,6,单核/髓系细胞,不适用,12.7126,4.7373
CACATACTACAGCT-1,0,T 细胞,细胞毒性型,-1.1579,0.5668
CACATGGAACACGT-1,5,T 细胞,初始/记忆型,3.8922,-0.4351
CACATGGAAGTCGT-1,5,T 细胞,初始/记忆型,3.5002,-1.9717
CACCACTGCCAACA-1,5,T 细胞,初始/记忆型,4.1737,-0.9844
CACCACTGGCGAAG-1,4,NK 细胞,不适用,-2.7005,2.505
CACCCATGTTCTGT-1,0,T 细胞,细胞毒性型,0.2725,-0.1208
CACCGGGAATCGAC-1,1,T 细胞,初始/记忆型,3.5037,2.3959
CACCGGGACGAGAG-1,0,T 细胞,细胞毒性型,-2.1484,0.8553
CACCGGGACGTGTA-1,5,T 细胞,初始/记忆型,4.032,-0.7548
CACCGGGACTTCTA-1,7,树突状细胞,不适用,3.6247,3.8816
CACCGGGACTTGCC-1,0,T 细胞,细胞毒性型,-1.7782,0.4909
CACCGGGATTCGGA-1,0,T 细胞,细胞毒性型,-1.902,0.5837
CACCGTACTAAGGA-1,2,B 细胞,不适用,3.0331,8.085
CACCGTACTAGCGT-1,5,T 细胞,初始/记忆型,3.8784,-1.1243
CACCTGACACCCAA-1,0,T 细胞,细胞毒性型,-1.987,0.766
CACCTGACCAGAAA-1,1,T 细胞,初始/记忆型,2.1215,1.0525
CACCTGACCTCAAG-1,0,T 细胞,细胞毒性型,-1.4374,1.1949
CACCTGACGAAAGT-1,2,B 细胞,不适用,3.0367,7.7575
CACCTGACTCGTAG-1,5,T 细胞,初始/记忆型,4.3578,-0.7254
CACGAAACTTCCGC-1,2,B 细胞,不适用,2.7076,8.6493
CACGACCTCGATAC-1,2,B 细胞,不适用,1.9601,8.6872
CACGCTACAGAAGT-1,1,T 细胞,初始/记忆型,3.3051,0.5562
CACGCTACTGTTCT-1,2,B 细胞,不适用,2.2152,7.5374
CACGCTACTTGACG-1,6,单核/髓系细胞,不适用,14.0407,4.0165
CACGGGACAGAGTA-1,5,T 细胞,初始/记忆型,3.8155,-0.6576
CACGGGACATAAGG-1,1,T 细胞,初始/记忆型,2.7721,-0.0412
CACGGGACGTAGGG-1,1,T 细胞,初始/记忆型,4.5636,1.9522
CACGGGTGCTTCGC-1,0,T 细胞,细胞毒性型,-1.8123,0.8121
CACGGGTGGAGGAC-1,0,T 细胞,细胞毒性型,-2.5164,1.6522
CACGGGTGTGTTTC-1,5,T 细胞,初始/记忆型,2.8002,-1.4334
CACTAACTCCTAAG-1,2,B 细胞,不适用,1.4273,7.3153
CACTAACTGAAAGT-1,5,T 细胞,初始/记忆型,5.1872,0.7015
CACTAGGATGATGC-1,2,B 细胞,不适用,2.7148,9.1322
CACTATACCCCGTT-1,2,B 细胞,不适用,1.8124,7.3068
CACTATACGTTTGG-1,0,T 细胞,细胞毒性型,-1.5542,0.1709
CACTGAGACAGTCA-1,6,单核/髓系细胞,不适用,14.0678,4.2401
CACTGCACTTCATC-1,1,T 细胞,初始/记忆型,3.1328,1.17
CACTGCTGAGACTC-1,3,单核/髓系细胞,不适用,12.4419,-0.5146
CACTGCTGGAAAGT-1,1,T 细胞,初始/记忆型,2.6624,2.1249
CACTTAACCGAATC-1,1,T 细胞,初始/记忆型,3.1989,2.3632
CACTTAACCGTACA-1,2,B 细胞,不适用,2.6729,8.2782
CACTTTGACTCTAT-1,0,T 细胞,细胞毒性型,-0.5392,0.6969
CACTTTGAGCTGTA-1,0,T 细胞,细胞毒性型,0.1871,0.1852
CAGAAGCTCTCAAG-1,5,T 细胞,初始/记忆型,4.118,-1.8433
CAGACATGAACGGG-1,5,T 细胞,初始/记忆型,4.7634,-1.0798
CAGACATGTCGACA-1,1,T 细胞,初始/记忆型,2.5316,1.5241
CAGACCCTAAGGTA-1,3,单核/髓系细胞,不适用,12.2866,0.8981
CAGACCCTAATGCC-1,1,T 细胞,初始/记忆型,4.6766,0.5944
CAGACCCTAGGAGC-1,5,T 细胞,初始/记忆型,3.5308,-0.2446
CAGACTGAGTATGC-1,5,T 细胞,初始/记忆型,3.4796,-0.3989
CAGATCGAATGTCG-1,2,B 细胞,不适用,2.5367,7.8475
CAGATCGACCTGAA-1,0,T 细胞,细胞毒性型,0.9672,1.0065
CAGATCGATATGGC-1,5,T 细胞,初始/记忆型,3.2366,-1.28
CAGATGACATTCTC-1,4,NK 细胞,不适用,-4.3097,0.8117
CAGCAATGCCTTCG-1,1,T 细胞,初始/记忆型,3.906,0.8811
CAGCAATGGAGGGT-1,4,NK 细胞,不适用,-3.8007,1.8116
CAGCAATGGTGCTA-1,5,T 细胞,初始/记忆型,4.5831,0.0703
CAGCAATGTCTACT-1,6,单核/髓系细胞,不适用,13.4683,4.4076
CAGCAATGTGACCA-1,1,T 细胞,初始/记忆型,3.9949,0.87
CAGCAATGTGAGGG-1,6,单核/髓系细胞,不适用,14.3743,3.8109
CAGCACCTAAGCCT-1,1,T 细胞,初始/记忆型,3.4846,0.0897
CAGCACCTAGGCGA-1,5,T 细胞,初始/记忆型,2.8102,-0.4425
CAGCACCTGTAGGG-1,6,单核/髓系细胞,不适用,11.7127,3.9089
CAGCATGACAACCA-1,6,单核/髓系细胞,不适用,12.0023,4.001
CAGCATGAGACGTT-1,0,T 细胞,细胞毒性型,0.7759,1.8418
CAGCCTACCCAACA-1,1,T 细胞,初始/记忆型,2.8213,2.3638
CAGCCTTGCTACCC-1,6,单核/髓系细胞,不适用,12.6273,3.8952
CAGCCTTGGGGACA-1,1,T 细胞,初始/记忆型,2.9526,1.3781
CAGCGGACACCCTC-1,5,T 细胞,初始/记忆型,3.8454,-1.3504
CAGCGGACCTTTAC-1,4,NK 细胞,不适用,-3.7374,1.5613
CAGCGTCTAAAGCA-1,1,T 细胞,初始/记忆型,2.4521,1.2267
CAGCGTCTTATCGG-1,1,T 细胞,初始/记忆型,2.9656,0.9416
CAGCTAGATGTGAC-1,6,单核/髓系细胞,不适用,14.0245,4.6423
CAGCTCTGAGGCGA-1,1,T 细胞,初始/记忆型,3.4756,2.8283
CAGCTCTGCAAGCT-1,0,T 细胞,细胞毒性型,-1.4911,0.961
CAGCTCTGTCGTAG-1,6,单核/髓系细胞,不适用,11.7885,3.4185
CAGCTCTGTGTGGT-1,4,NK 细胞,不适用,-4.6829,2.0024
CAGGAACTAACTGC-1,0,T 细胞,细胞毒性型,0.2466,1.2812
CAGGAACTCTCAGA-1,6,单核/髓系细胞,不适用,12.4286,4.8981
CAGGCCGAACACCA-1,5,T 细胞,初始/记忆型,4.3045,-0.5869
CAGGCCGAACACGT-1,1,T 细胞,初始/记忆型,4.0155,2.1382
CAGGCCGAACGACT-1,1,T 细胞,初始/记忆型,2.8254,0.8779
CAGGCCGAATCTCT-1,3,单核/髓系细胞,不适用,12.6026,0.683
CAGGCCGACTAGCA-1,2,B 细胞,不适用,2.821,8.0149
CAGGGCACCATACG-1,2,B 细胞,不适用,3.1357,8.613
CAGGGCACCCAACA-1,5,T 细胞,初始/记忆型,3.2017,-0.5738
CAGGGCACTCCCGT-1,1,T 细胞,初始/记忆型,3.5103,1.9593
CAGGTAACAGACTC-1,3,单核/髓系细胞,不适用,12.2931,2.177
CAGGTATGAGTCGT-1,1,T 细胞,初始/记忆型,3.1451,0.8226
CAGGTATGTGCTTT-1,1,T 细胞,初始/记忆型,3.822,2.9461
CAGGTTGAGGATCT-1,2,B 细胞,不适用,3.1026,6.5562
CAGTGATGGACGGA-1,2,B 细胞,不适用,2.4936,8.4409
CAGTGATGGCTAAC-1,0,T 细胞,细胞毒性型,-2.5826,0.7179
CAGTGATGGGACAG-1,1,T 细胞,初始/记忆型,3.4942,0.8194
CAGTGATGTAAGGA-1,2,B 细胞,不适用,2.8432,7.8139
CAGTGATGTACGCA-1,2,B 细胞,不适用,1.0321,7.6306
CAGTGTGAACACGT-1,0,T 细胞,细胞毒性型,0.4877,-0.4394
CAGTGTGATGTCAG-1,5,T 细胞,初始/记忆型,3.0083,-2.0181
CAGTTACTAAGGTA-1,2,B 细胞,不适用,2.0687,7.6329
CAGTTACTGATAGA-1,1,T 细胞,初始/记忆型,2.6484,1.6161
CAGTTGGAAAGAGT-1,3,单核/髓系细胞,不适用,11.7051,1.9649
CAGTTGGACATACG-1,5,T 细胞,初始/记忆型,4.3355,-0.3525
CAGTTTACACACGT-1,4,NK 细胞,不适用,-3.6975,1.936
CAGTTTACCCCAAA-1,5,T 细胞,初始/记忆型,3.0571,-1.4742
CATAAAACGGAGCA-1,6,单核/髓系细胞,不适用,13.2526,5.0144
CATAAATGAACTGC-1,5,T 细胞,初始/记忆型,4.1452,-2.3074
CATAACCTTCTCCG-1,1,T 细胞,初始/记忆型,4.7322,0.9341
CATACTACCTCGAA-1,5,T 细胞,初始/记忆型,3.589,-1.5285
CATACTACCTGAAC-1,5,T 细胞,初始/记忆型,4.5898,0.0956
CATACTACGTACCA-1,3,单核/髓系细胞,不适用,13.0313,1.9067
CATACTTGGGTTAC-1,3,单核/髓系细胞,不适用,12.6838,-1.0305
CATAGTCTAATCGC-1,1,T 细胞,初始/记忆型,2.9843,-0.0107
CATAGTCTCACTTT-1,1,T 细胞,初始/记忆型,2.566,0.3673
CATATAGACTAAGC-1,7,树突状细胞,不适用,10.0329,2.8341
CATATAGATCAGGT-1,2,B 细胞,不适用,3.284,7.7541
CATCAACTAGAAGT-1,1,T 细胞,初始/记忆型,3.4661,0.5077
CATCAACTCCCTCA-1,1,T 细胞,初始/记忆型,3.3943,0.5869
CATCAGGACTTCCG-1,4,NK 细胞,不适用,-4.0907,1.8876
CATCAGGATAGCCA-1,4,NK 细胞,不适用,-4.0719,0.8503
CATCAGGATCCTAT-1,3,单核/髓系细胞,不适用,12.6239,-0.5377
CATCAGGATGCACA-1,3,单核/髓系细胞,不适用,12.1239,1.7221
CATCAGGATTTCGT-1,6,单核/髓系细胞,不适用,14.1961,4.7219
CATCATACCGCATA-1,3,单核/髓系细胞,不适用,11.5016,2.0723
CATCATACGGAGCA-1,2,B 细胞,不适用,1.9626,7.9166
CATCATACTCAAGC-1,5,T 细胞,初始/记忆型,5.5667,0.2123
CATCGCTGGGATCT-1,1,T 细胞,初始/记忆型,2.3023,2.3027
CATCGCTGTGGCAT-1,2,B 细胞,不适用,2.0148,8.8242
CATCGGCTATGCTG-1,5,T 细胞,初始/记忆型,3.7457,0.5141
CATCGGCTTTGGCA-1,5,T 细胞,初始/记忆型,2.8222,-0.6646
CATCTCCTATGTGC-1,2,B 细胞,不适用,2.9819,7.7015
CATCTCCTCGAACT-1,3,单核/髓系细胞,不适用,11.7591,1.5121
CATGAGACACGGGA-1,2,B 细胞,不适用,3.0963,8.414
CATGAGACGTTGAC-1,4,NK 细胞,不适用,-4.3819,1.8304
CATGAGACTCGCCT-1,1,T 细胞,初始/记忆型,3.4594,0.2785
CATGCCACGGGTGA-1,5,T 细胞,初始/记忆型,1.7491,-0.5662
CATGCCACTGCCAA-1,1,T 细胞,初始/记忆型,3.6173,1.5991
CATGCGCTAGTCAC-1,3,单核/髓系细胞,不适用,12.1227,-0.9208
CATGCGCTCAGATC-1,6,单核/髓系细胞,不适用,13.5384,4.2333
CATGCGCTTTGCAG-1,3,单核/髓系细胞,不适用,12.6915,-0.3832
CATGGCCTAGGGTG-1,6,单核/髓系细胞,不适用,14.3704,4.4901
CATGGCCTGTGCAT-1,5,T 细胞,初始/记忆型,5.3314,-0.1832
CATGTACTATCGTG-1,0,T 细胞,细胞毒性型,-1.765,0.1737
CATGTTACAGTCGT-1,0,T 细胞,细胞毒性型,-1.7457,1.6869
CATGTTACCTGAGT-1,0,T 细胞,细胞毒性型,1.2957,0.6171
CATGTTTGGGGATG-1,6,单核/髓系细胞,不适用,12.9996,4.0538
CATTACACACGGAG-1,2,B 细胞,不适用,3.0727,8.8505
CATTACACCAACTG-1,4,NK 细胞,不适用,-4.1398,1.5649
CATTACACGGAGTG-1,5,T 细胞,初始/记忆型,4.801,-0.2579
CATTACACTACTCT-1,5,T 细胞,初始/记忆型,3.7123,-1.0862
CATTAGCTCCACAA-1,6,单核/髓系细胞,不适用,12.0544,3.015
CATTGACTAGCGGA-1,6,单核/髓系细胞,不适用,13.1039,4.1433
CATTGGGACTCGAA-1,1,T 细胞,初始/记忆型,1.9505,0.5968
CATTGTACAGCGTT-1,5,T 细胞,初始/记忆型,4.093,-1.5303
CATTGTACTCGATG-1,2,B 细胞,不适用,2.2269,7.8984
CATTGTACTTATCC-1,5,T 细胞,初始/记忆型,3.0441,-0.8302
CATTGTACTTTGCT-1,3,单核/髓系细胞,不适用,12.3408,0.1565
CATTGTTGCTAGTG-1,5,T 细胞,初始/记忆型,3.4559,-0.4745
CATTTCGACTCTAT-1,0,T 细胞,细胞毒性型,-0.011,1.602
CATTTCGAGATACC-1,4,NK 细胞,不适用,-4.6154,1.3486
CATTTGACCACACA-1,0,T 细胞,细胞毒性型,-1.0428,0.8163
CATTTGACCCTGAA-1,0,T 细胞,细胞毒性型,-0.6955,1.0964
CATTTGTGACGACT-1,2,B 细胞,不适用,3.0802,7.7662
CATTTGTGCATTGG-1,1,T 细胞,初始/记忆型,3.6355,0.2178
CATTTGTGCGGAGA-1,5,T 细胞,初始/记忆型,4.2531,-0.6387
CATTTGTGGGATCT-1,2,B 细胞,不适用,2.917,7.562
CCAAAGTGCTACGA-1,6,单核/髓系细胞,不适用,11.5955,3.8376
CCAAAGTGTGAGAA-1,6,单核/髓系细胞,不适用,14.217,3.922
CCAACCTGAAGTAG-1,0,T 细胞,细胞毒性型,-2.2849,1.1227
CCAACCTGACGTAC-1,6,单核/髓系细胞,不适用,13.472,4.9135
CCAACCTGTTCGCC-1,6,单核/髓系细胞,不适用,13.4552,4.0107
CCAAGAACCCAATG-1,1,T 细胞,初始/记忆型,2.1528,-0.1383
CCAAGAACGTAGCT-1,1,T 细胞,初始/记忆型,4.753,1.5992
CCAAGAACGTGTCA-1,1,T 细胞,初始/记忆型,3.2174,1.2368
CCAAGAACTACTGG-1,0,T 细胞,细胞毒性型,-2.4666,0.3257
CCAAGAACTCCTAT-1,2,B 细胞,不适用,2.5251,7.3553
CCAAGATGTCATTC-1,5,T 细胞,初始/记忆型,4.0373,0.382
CCAAGATGTTTCAC-1,1,T 细胞,初始/记忆型,2.1608,0.6551
CCAAGTGAGGAACG-1,5,T 细胞,初始/记忆型,4.4586,-1.6681
CCAAGTGATCAAGC-1,1,T 细胞,初始/记忆型,2.4421,-0.1941
CCAATGGAACAGCT-1,6,单核/髓系细胞,不适用,14.1394,4.4043
CCAATTTGAACGTC-1,6,单核/髓系细胞,不适用,12.2537,3.7459
CCACCATGAACGTC-1,5,T 细胞,初始/记忆型,4.5065,-1.6169
CCACCATGATCGGT-1,1,T 细胞,初始/记忆型,2.6337,-0.2819
CCACCATGGACGAG-1,3,单核/髓系细胞,不适用,11.4794,1.0397
CCACCATGGGGAGT-1,1,T 细胞,初始/记忆型,4.4662,0.5556
CCACCATGTCCTGC-1,0,T 细胞,细胞毒性型,-2.2601,0.3504
CCACTGACCCGCTT-1,6,单核/髓系细胞,不适用,13.983,4.3222
CCACTGTGGGAAGC-1,6,单核/髓系细胞,不适用,14.3269,4.8343
CCACTGTGTGTAGC-1,5,T 细胞,初始/记忆型,3.1511,-0.3745
CCACTTCTCGGGAA-1,6,单核/髓系细胞,不适用,12.6431,2.4766
CCAGAAACCCTGTC-1,2,B 细胞,不适用,1.3934,8.2738
CCAGAAACGAACTC-1,1,T 细胞,初始/记忆型,4.4022,0.7762
CCAGAAACGGTCTA-1,5,T 细胞,初始/记忆型,3.9207,-0.7931
CCAGACCTCTGAGT-1,6,单核/髓系细胞,不适用,13.8154,3.6148
CCAGACCTTGTGGT-1,1,T 细胞,初始/记忆型,2.7494,0.7403
CCAGCACTGCGATT-1,3,单核/髓系细胞,不适用,12.3314,0.2081
CCAGCGGAAAGGCG-1,6,单核/髓系细胞,不适用,13.5762,3.4247
CCAGCGGACGACTA-1,6,单核/髓系细胞,不适用,12.6273,3.3688
CCAGCGGATGGGAG-1,1,T 细胞,初始/记忆型,4.9961,1.1627
CCAGCTACACAGTC-1,5,T 细胞,初始/记忆型,5.0714,-0.1455
CCAGCTACCAGCTA-1,2,B 细胞,不适用,2.2283,8.3165
CCAGGTCTACACCA-1,2,B 细胞,不适用,1.5877,8.322
CCAGGTCTAGCATC-1,6,单核/髓系细胞,不适用,12.544,4.273
CCAGGTCTATGGTC-1,5,T 细胞,初始/记忆型,3.8446,0.3736
CCAGTCACACTGGT-1,6,单核/髓系细胞,不适用,13.1812,4.43
CCAGTCACACTGTG-1,2,B 细胞,不适用,1.813,7.9566
CCAGTCACGTTGTG-1,5,T 细胞,初始/记忆型,4.8294,0.5257
CCAGTCTGCGGAGA-1,7,树突状细胞,不适用,3.5764,5.013
CCAGTGCTAACCAC-1,1,T 细胞,初始/记忆型,4.3608,1.6759
CCAGTGCTCGTAGT-1,1,T 细胞,初始/记忆型,2.7892,0.7992
CCATCCGAAAGCAA-1,0,T 细胞,细胞毒性型,1.3524,0.3235
CCATCCGAACGACT-1,5,T 细胞,初始/记忆型,4.5995,-1.5109
CCATCCGAAGGTTC-1,2,B 细胞,不适用,2.4998,8.5758
CCATCCGATTCGCC-1,6,单核/髓系细胞,不适用,13.5575,4.5362
CCATCGTGAACGGG-1,1,T 细胞,初始/记忆型,2.9191,2.5786
CCATCGTGCTAGAC-1,3,单核/髓系细胞,不适用,12.1116,1.3351
CCCAACACCTCGCT-1,2,B 细胞,不适用,1.8024,7.0552
CCCAACACGCATCA-1,5,T 细胞,初始/记忆型,3.577,-0.6747
CCCAACACTTTGTC-1,6,单核/髓系细胞,不适用,11.6074,3.9383
CCCAACTGCAATCG-1,6,单核/髓系细胞,不适用,13.9339,3.7938
CCCAGACTGCCTTC-1,3,单核/髓系细胞,不适用,11.1629,2.0582
CCCAGACTGGTTTG-1,2,B 细胞,不适用,2.3455,7.5929
CCCAGACTTTCGCC-1,3,单核/髓系细胞,不适用,12.1096,0.2324
CCCAGTTGCAGTTG-1,3,单核/髓系细胞,不适用,11.8056,2.4874
CCCAGTTGGGTACT-1,1,T 细胞,初始/记忆型,1.9306,2.1395
CCCAGTTGTCTATC-1,2,B 细胞,不适用,2.2003,8.5932
CCCGATTGTGTTTC-1,0,T 细胞,细胞毒性型,1.1358,1.3091
CCCGGAGAAGGGTG-1,6,单核/髓系细胞,不适用,13.7644,4.9591
CCCTACGAATTGGC-1,6,单核/髓系细胞,不适用,12.6902,4.084
CCCTAGTGCAAAGA-1,1,T 细胞,初始/记忆型,3.1436,2.419
CCCTCAGACACTTT-1,2,B 细胞,不适用,2.8503,7.2473
CCCTCAGACGAGAG-1,1,T 细胞,初始/记忆型,4.4238,0.1516
CCCTCAGAGGTCAT-1,5,T 细胞,初始/记忆型,3.2735,-1.3858
CCCTGAACTAAAGG-1,2,B 细胞,不适用,2.6864,8.4785
CCCTGATGCAACCA-1,5,T 细胞,初始/记忆型,4.4899,-0.1017
CCCTGATGCAAGCT-1,2,B 细胞,不适用,2.5338,8.9446
CCCTTACTAACCAC-1,6,单核/髓系细胞,不适用,11.017,3.2374
CCCTTACTGCAGTT-1,0,T 细胞,细胞毒性型,1.6133,-0.5559
CCGAAAACCTTGTT-1,3,单核/髓系细胞,不适用,11.8342,1.0117
CCGACACTGGTTTG-1,1,T 细胞,初始/记忆型,3.9139,2.4462
CCGACTACCCAGTA-1,6,单核/髓系细胞,不适用,11.8237,4.0922
CCGACTACCGTGTA-1,5,T 细胞,初始/记忆型,4.4858,-2.121
CCGACTACTGAGGG-1,0,T 细胞,细胞毒性型,1.0073,1.8687
CCGATAGACCTAAG-1,5,T 细胞,初始/记忆型,3.3041,-1.8247
CCGATAGAGTTGGT-1,3,单核/髓系细胞,不适用,12.6226,2.1327
CCGCGAGACACACA-1,6,单核/髓系细胞,不适用,12.712,3.6856
CCGCGAGAGGTTCA-1,0,T 细胞,细胞毒性型,-0.2623,2.0469
CCGCTATGGGACGA-1,2,B 细胞,不适用,2.6378,7.5213
CCGCTATGTGCAAC-1,6,单核/髓系细胞,不适用,11.6081,2.7961
CCGCTATGTGCACA-1,6,单核/髓系细胞,不适用,13.0295,4.9369
CCGGTACTGTCCTC-1,1,T 细胞,初始/记忆型,4.5344,1.6719
CCGTACACAAGCAA-1,5,T 细胞,初始/记忆型,5.2297,0.7837
CCGTACACAGCGTT-1,2,B 细胞,不适用,1.8117,7.5349
CCGTACACGTCATG-1,0,T 细胞,细胞毒性型,-2.0558,0.2434
CCGTACACGTTGGT-1,6,单核/髓系细胞,不适用,11.5375,4.0952
CCGTACACTAACGC-1,0,T 细胞,细胞毒性型,0.2556,1.7048
CCTAAACTTTCGTT-1,5,T 细胞,初始/记忆型,3.139,-1.3876
CCTAAGGACCCAAA-1,5,T 细胞,初始/记忆型,4.9973,0.4648
CCTAAGGACTAGCA-1,6,单核/髓系细胞,不适用,13.0901,3.3794
CCTAAGGAGGGCAA-1,0,T 细胞,细胞毒性型,0.4319,1.0503
CCTAAGGATGATGC-1,5,T 细胞,初始/记忆型,4.1942,0.4774
CCTAAGGATGTCAG-1,5,T 细胞,初始/记忆型,3.75,-1.4324
CCTACCGACTCTTA-1,5,T 细胞,初始/记忆型,3.4231,-1.6644
CCTACCGAGGGATG-1,2,B 细胞,不适用,2.428,6.8612
CCTAGAGAGGTGAG-1,2,B 细胞,不适用,2.0148,8.0633
CCTATAACCAAAGA-1,5,T 细胞,初始/记忆型,3.5365,-1.8548
CCTATAACGAGACG-1,3,单核/髓系细胞,不适用,12.88,0.6126
CCTATAACTCAGAC-1,5,T 细胞,初始/记忆型,4.3863,-1.1378
CCTATAACTGCATG-1,3,单核/髓系细胞,不适用,12.5563,0.2242
CCTCGAACACTTTC-1,4,NK 细胞,不适用,-4.5169,1.2552
CCTCGAACCCGTAA-1,3,单核/髓系细胞,不适用,12.8015,2.4389
CCTCGAACGTATCG-1,5,T 细胞,初始/记忆型,4.4621,0.3798
CCTCGAACTTACTC-1,1,T 细胞,初始/记忆型,2.065,0.9072
CCTCTACTCTTCGC-1,6,单核/髓系细胞,不适用,12.2247,4.15
CCTCTACTGGCATT-1,5,T 细胞,初始/记忆型,3.6213,-1.6463
CCTGACTGAAGTAG-1,0,T 细胞,细胞毒性型,-0.3056,1.7548
CCTGACTGGGGAGT-1,5,T 细胞,初始/记忆型,4.0398,-0.6449
CCTGACTGTGTCTT-1,2,B 细胞,不适用,3.2271,8.0778
CCTGCAACACGTTG-1,6,单核/髓系细胞,不适用,11.9416,3.8735
CCTGGACTCGTGAT-1,5,T 细胞,初始/记忆型,3.2003,-0.0643
CCTTAATGCCCAAA-1,2,B 细胞,不适用,3.3657,7.9325
CCTTAATGTTCTAC-1,3,单核/髓系细胞,不适用,12.2166,1.2704
CCTTCACTACGACT-1,5,T 细胞,初始/记忆型,4.6327,-0.116
CCTTCACTCAGTCA-1,2,B 细胞,不适用,2.8407,7.3511
CCTTCACTGGAGTG-1,6,单核/髓系细胞,不适用,13.9058,4.933
CCTTTAGATTCATC-1,6,单核/髓系细胞,不适用,12.2796,3.8871
CGAACATGCCCTAC-1,3,单核/髓系细胞,不适用,12.4984,1.9203
CGAACATGTCAGAC-1,1,T 细胞,初始/记忆型,2.7937,1.1147
CGAAGACTGGAACG-1,0,T 细胞,细胞毒性型,-0.264,1.4247
CGAAGACTGTTACG-1,1,T 细胞,初始/记忆型,2.4543,1.3969
CGAAGGGAAACCTG-1,0,T 细胞,细胞毒性型,-1.1311,1.3608
CGAAGGGATCCGAA-1,2,B 细胞,不适用,2.3998,7.4534
CGAAGTACCAACTG-1,2,B 细胞,不适用,2.4119,9.112
CGAATCGAGGAGCA-1,6,单核/髓系细胞,不适用,14.5999,4.2789
CGAATCGAGGAGGT-1,1,T 细胞,初始/记忆型,4.4418,0.9233
CGACAAACCCATAG-1,1,T 细胞,初始/记忆型,2.0881,0.9897
CGACAAACCGACAT-1,2,B 细胞,不适用,2.8142,7.1165
CGACCACTAAAGTG-1,4,NK 细胞,不适用,-4.1833,2.2872
CGACCACTGCCAAT-1,4,NK 细胞,不适用,-4.3895,0.8839
CGACCGGAAGGTCT-1,5,T 细胞,初始/记忆型,3.8437,-0.8032
CGACCGGATGGAAA-1,1,T 细胞,初始/记忆型,3.4201,2.1768
CGACCTTGCTAGTG-1,1,T 细胞,初始/记忆型,3.0991,2.0025
CGACCTTGGCAAGG-1,5,T 细胞,初始/记忆型,2.2586,-1.3606
CGACGTCTATCGTG-1,0,T 细胞,细胞毒性型,0.3046,1.2702
CGACGTCTCGTGTA-1,1,T 细胞,初始/记忆型,2.284,0.7307
CGACGTCTGAGGCA-1,5,T 细胞,初始/记忆型,2.2381,-1.1072
CGACTCACGTCGTA-1,5,T 细胞,初始/记忆型,4.162,-0.4347
CGACTCACGTTGCA-1,5,T 细胞,初始/记忆型,2.9936,-0.8952
CGACTCTGTGTGAC-1,1,T 细胞,初始/记忆型,3.6674,2.4465
CGACTGCTTCCTCG-1,6,单核/髓系细胞,不适用,13.012,3.273
CGAGAACTAAGGCG-1,0,T 细胞,细胞毒性型,-1.675,0.3396
CGAGAACTACGTTG-1,5,T 细胞,初始/记忆型,2.2174,-0.9179
CGAGAACTTGTTCT-1,6,单核/髓系细胞,不适用,12.2651,4.7846
CGAGATTGGACACT-1,0,T 细胞,细胞毒性型,-2.0601,0.6202
CGAGATTGGCCATA-1,0,T 细胞,细胞毒性型,-1.5554,0.0477
CGAGCCGAACACCA-1,1,T 细胞,初始/记忆型,2.7905,1.126
CGAGCCGACGACAT-1,0,T 细胞,细胞毒性型,0.1056,1.445
CGAGCCGAGGCGAA-1,0,T 细胞,细胞毒性型,1.2822,1.0521
CGAGCGTGCTCCAC-1,0,T 细胞,细胞毒性型,1.3168,1.2636
CGAGCGTGGATACC-1,1,T 细胞,初始/记忆型,3.5263,1.9773
CGAGCGTGTATGCG-1,6,单核/髓系细胞,不适用,14.123,3.7884
CGAGGAGACCTCCA-1,2,B 细胞,不适用,2.5551,7.9323
CGAGGAGATGTCGA-1,5,T 细胞,初始/记忆型,3.0555,-1.7403
CGAGGCACCTATGG-1,0,T 细胞,细胞毒性型,-2.1226,0.2732
CGAGGCACTATGCG-1,6,单核/髓系细胞,不适用,11.0141,2.8683
CGAGGCACTCTTCA-1,0,T 细胞,细胞毒性型,0.3888,1.3464
CGAGGCTGACGCTA-1,4,NK 细胞,不适用,-4.1787,0.8661
CGAGGCTGGCAGTT-1,6,单核/髓系细胞,不适用,12.3544,2.7336
CGAGGGCTACGACT-1,2,B 细胞,不适用,2.0838,8.8916
CGAGGGCTCGAATC-1,5,T 细胞,初始/记忆型,1.7791,-1.3277
CGAGTATGTCACCC-1,3,单核/髓系细胞,不适用,13.2886,0.1034
CGATACGAACAGTC-1,3,单核/髓系细胞,不适用,11.4166,2.2838
CGATACGACAGGAG-1,7,树突状细胞,不适用,3.6791,4.2114
CGATACGATTCACT-1,2,B 细胞,不适用,1.8973,8.2611
CGATAGACCCGTAA-1,3,单核/髓系细胞,不适用,12.5459,2.1561
CGATAGACCGTACA-1,1,T 细胞,初始/记忆型,4.2738,1.8371
CGATAGACGTAGGG-1,6,单核/髓系细胞,不适用,13.2072,3.4376
CGATAGACTGTTCT-1,1,T 细胞,初始/记忆型,2.6055,0.9275
CGATCAGAAGAACA-1,0,T 细胞,细胞毒性型,-1.5839,1.1361
CGATCAGAGAGGGT-1,1,T 细胞,初始/记忆型,4.4543,1.3358
CGATCAGAGGTACT-1,1,T 细胞,初始/记忆型,4.7841,1.7802
CGATCAGATGTGAC-1,7,树突状细胞,不适用,8.9723,2.9616
CGATCCACCGGGAA-1,0,T 细胞,细胞毒性型,-0.5829,1.9887
CGATCCACTTCCAT-1,2,B 细胞,不适用,1.7622,8.3056
CGCAAATGCTCGAA-1,5,T 细胞,初始/记忆型,2.6652,-0.3299
CGCAACCTCCTTGC-1,1,T 细胞,初始/记忆型,2.7739,0.5856
CGCAACCTGGACGA-1,1,T 细胞,初始/记忆型,5.1354,0.762
CGCACGGAGGACGA-1,2,B 细胞,不适用,2.2594,7.4155
CGCACGGATCTTTG-1,5,T 细胞,初始/记忆型,3.6821,-2.0316
CGCACTACAGAATG-1,5,T 细胞,初始/记忆型,2.9472,0.1869
CGCACTACAGCCAT-1,1,T 细胞,初始/记忆型,2.665,1.4972
CGCACTACATTGGC-1,1,T 细胞,初始/记忆型,2.6168,0.4924
CGCACTACTCGCCT-1,2,B 细胞,不适用,2.6753,8.4631
CGCACTACTCGTGA-1,0,T 细胞,细胞毒性型,0.5757,2.2385
CGCACTTGTCACGA-1,6,单核/髓系细胞,不适用,11.8992,3.9854
CGCAGGACAGATCC-1,0,T 细胞,细胞毒性型,0.1406,1.6813
CGCAGGACCTACTT-1,5,T 细胞,初始/记忆型,4.6291,-1.3877
CGCAGGACTTGTCT-1,3,单核/髓系细胞,不适用,11.5467,1.1325
CGCAGGTGCACTGA-1,1,T 细胞,初始/记忆型,3.656,1.4757
CGCAGGTGCCATAG-1,3,单核/髓系细胞,不适用,12.5447,0.1807
CGCAGGTGGGAACG-1,1,T 细胞,初始/记忆型,3.6738,3.3896
CGCATAGATCACGA-1,6,单核/髓系细胞,不适用,14.1123,4.741
CGCCATACTGCAAC-1,1,T 细胞,初始/记忆型,4.0561,1.4162
CGCCATTGAGAGGC-1,5,T 细胞,初始/记忆型,3.9924,-0.3212
CGCCATTGCTATGG-1,5,T 细胞,初始/记忆型,4.6805,-0.2677
CGCCATTGGAGACG-1,1,T 细胞,初始/记忆型,3.8743,1.2141
CGCCATTGGAGCAG-1,2,B 细胞,不适用,2.6893,7.8377
CGCCATTGTACTGG-1,2,B 细胞,不适用,2.8435,7.269
CGCCGAGAGCTTAG-1,4,NK 细胞,不适用,-4.2494,2.149
CGCCTAACGAATGA-1,7,树突状细胞,不适用,10.6035,2.9283
CGCCTAACTGCTCC-1,1,T 细胞,初始/记忆型,2.3097,1.5252
CGCGAGACACAGCT-1,0,T 细胞,细胞毒性型,1.0635,1.2445
CGCGAGACAGGTCT-1,2,B 细胞,不适用,2.3624,6.6664
CGCGAGACGCTACA-1,1,T 细胞,初始/记忆型,1.9179,1.7383
CGCGATCTCAGTCA-1,6,单核/髓系细胞,不适用,12.2521,2.8648
CGCGATCTGTTGAC-1,6,单核/髓系细胞,不适用,13.3793,5.2965
CGCGATCTTTCTTG-1,2,B 细胞,不适用,2.0615,7.3013
CGCGGATGGCCAAT-1,1,T 细胞,初始/记忆型,3.4745,1.7373
CGCTAAGAATGTCG-1,1,T 细胞,初始/记忆型,5.0002,1.3664
CGCTAAGACAACTG-1,1,T 细胞,初始/记忆型,3.9678,0.3524
CGCTAAGACCCTTG-1,1,T 细胞,初始/记忆型,2.5159,0.7941
CGCTACTGAACAGA-1,3,单核/髓系细胞,不适用,11.7828,2.3446
CGCTACTGAGAACA-1,1,T 细胞,初始/记忆型,4.0008,0.9179
CGCTACTGTGAGCT-1,5,T 细胞,初始/记忆型,4.6174,-1.2825
CGCTACTGTTCCCG-1,0,T 细胞,细胞毒性型,-1.6372,0.4834
CGCTCATGCATTTC-1,6,单核/髓系细胞,不适用,13.4691,4.0129
CGGAATTGCACTAG-1,5,T 细胞,初始/记忆型,2.7951,-2.2795
CGGAATTGGTTTGG-1,1,T 细胞,初始/记忆型,2.8436,0.0695
CGGAATTGTGGAGG-1,5,T 细胞,初始/记忆型,5.1289,0.6792
CGGACCGATGCGTA-1,0,T 细胞,细胞毒性型,-2.2325,0.8996
CGGACCGATGGGAG-1,5,T 细胞,初始/记忆型,3.6751,-1.5645
CGGACTCTAAACAG-1,2,B 细胞,不适用,1.5286,8.001
CGGACTCTCCAATG-1,1,T 细胞,初始/记忆型,3.3564,2.37
CGGACTCTCCTCGT-1,0,T 细胞,细胞毒性型,-2.4385,0.2864
CGGAGGCTATTCCT-1,5,T 细胞,初始/记忆型,2.4496,-0.7639
CGGAGGCTTGGATC-1,5,T 细胞,初始/记忆型,3.2163,-1.1332
CGGATAACAACGAA-1,6,单核/髓系细胞,不适用,12.2823,3.4328
CGGATAACAGCTCA-1,1,T 细胞,初始/记忆型,2.4123,1.4607
CGGATAACTCAGTG-1,6,单核/髓系细胞,不适用,13.4362,4.6298
CGGCACGAACTCAG-1,0,T 细胞,细胞毒性型,-0.0309,2.2266
CGGCACGAAGGGTG-1,5,T 细胞,初始/记忆型,4.6435,-0.7092
CGGCACGACTACGA-1,3,单核/髓系细胞,不适用,12.6528,-0.0887
CGGCATCTTAGAAG-1,0,T 细胞,细胞毒性型,0.4458,2.0541
CGGCATCTTCGTAG-1,6,单核/髓系细胞,不适用,12.5098,4.2786
CGGCCAGAAAGGTA-1,5,T 细胞,初始/记忆型,4.0102,-0.8393
CGGCCAGAGAGGCA-1,0,T 细胞,细胞毒性型,-1.9715,1.1942
CGGCGAACCAGTCA-1,3,单核/髓系细胞,不适用,12.2358,1.4414
CGGCGAACGACAAA-1,4,NK 细胞,不适用,-4.5265,2.0277
CGGCGAACGGTCTA-1,1,T 细胞,初始/记忆型,2.6884,1.0065
CGGCGAACTACTTC-1,4,NK 细胞,不适用,-4.4849,0.9204
CGGGACTGCGTGTA-1,5,T 细胞,初始/记忆型,4.7211,-0.9512
CGGGACTGGAATAG-1,0,T 细胞,细胞毒性型,-1.5628,0.2666
CGGGCATGACCCAA-1,0,T 细胞,细胞毒性型,-0.6606,0.215
CGGGCATGTCTCTA-1,4,NK 细胞,不适用,-2.9838,2.4054
CGGGCATGTTGTGG-1,5,T 细胞,初始/记忆型,5.2079,-0.9149
CGGTAAACTCGCAA-1,0,T 细胞,细胞毒性型,1.0851,2.1311
CGGTCACTGTTTGG-1,1,T 细胞,初始/记忆型,2.7705,0.9924
CGGTCACTTACTTC-1,1,T 细胞,初始/记忆型,3.1659,2.7799
CGTAACGAATCAGC-1,5,T 细胞,初始/记忆型,2.2755,-0.7593
CGTAACGATCGCCT-1,1,T 细胞,初始/记忆型,2.6619,0.9394
CGTACCACACACAC-1,1,T 细胞,初始/记忆型,4.4346,1.3669
CGTACCACACGTTG-1,5,T 细胞,初始/记忆型,4.9931,0.2926
CGTACCACCTCATT-1,5,T 细胞,初始/记忆型,3.5016,-0.5843
CGTACCACGCTACA-1,0,T 细胞,细胞毒性型,1.2856,-0.5571
CGTACCACGGAGCA-1,5,T 细胞,初始/记忆型,3.2668,-0.6657
CGTACCTGGACGAG-1,3,单核/髓系细胞,不适用,13.2097,-0.4239
CGTACCTGGCATCA-1,4,NK 细胞,不适用,-3.9127,2.3502
CGTAGCCTCTCTCG-1,6,单核/髓系细胞,不适用,13.0573,3.6469
CGTAGCCTGCGAAG-1,1,T 细胞,初始/记忆型,4.7323,1.6546
CGTAGCCTGTATGC-1,3,单核/髓系细胞,不适用,12.2213,1.3755
CGTCAAGAAAGGTA-1,6,单核/髓系细胞,不适用,13.5647,4.4629
CGTCAAGAACGTGT-1,5,T 细胞,初始/记忆型,4.0729,-0.0631
CGTCAAGACAGAGG-1,1,T 细胞,初始/记忆型,2.826,2.0172
CGTCAAGACAGGAG-1,0,T 细胞,细胞毒性型,-1.4086,0.5278
CGTCCATGCTCTTA-1,1,T 细胞,初始/记忆型,3.1494,0.7722
CGTCGACTTTCCGC-1,0,T 细胞,细胞毒性型,-0.0114,2.229
CGTGATGACGCTAA-1,5,T 细胞,初始/记忆型,3.8556,-1.1572
CGTGATGAGGTTCA-1,0,T 细胞,细胞毒性型,0.8405,0.6235
CGTGCACTTATGGC-1,3,单核/髓系细胞,不适用,11.259,2.204
CGTGTAGAAAAACG-1,1,T 细胞,初始/记忆型,3.1806,1.6318
CGTGTAGACGATAC-1,4,NK 细胞,不适用,-2.0269,2.3511
CGTGTAGAGTTACG-1,4,NK 细胞,不适用,-4.6617,0.9712
CGTGTAGAGTTCAG-1,6,单核/髓系细胞,不适用,13.3838,4.5636
CGTGTAGATTCGGA-1,4,NK 细胞,不适用,-4.2314,1.4736
CGTTAGGAAACCAC-1,1,T 细胞,初始/记忆型,4.2953,0.2405
CGTTAGGATCATTC-1,3,单核/髓系细胞,不适用,11.1868,2.208
CGTTATACCCTGAA-1,0,T 细胞,细胞毒性型,-2.0647,0.5315
CGTTTAACTGGTCA-1,1,T 细胞,初始/记忆型,3.1643,1.9059
CTAAACCTCTGACA-1,4,NK 细胞,不适用,-4.7236,1.3602
CTAAACCTGTGCAT-1,2,B 细胞,不适用,1.4416,7.1354
CTAACACTAACGTC-1,1,T 细胞,初始/记忆型,2.5057,1.2019
CTAACACTAGTGCT-1,3,单核/髓系细胞,不适用,12.0679,1.5858
CTAACGGAACCGAT-1,4,NK 细胞,不适用,-4.2864,1.5328
CTAACGGATTTCTG-1,5,T 细胞,初始/记忆型,4.1766,-0.0944
CTAACTACGGCAAG-1,0,T 细胞,细胞毒性型,0.7575,0.1401
CTAAGGACACCATG-1,5,T 细胞,初始/记忆型,2.8462,-1.7208
CTAAGGACCGTTAG-1,5,T 细胞,初始/记忆型,3.8717,-0.6929
CTAAGGACGCCATA-1,6,单核/髓系细胞,不适用,12.2209,4.8346
CTAAGGTGCCTAAG-1,2,B 细胞,不适用,3.1845,8.6231
CTAAGGTGTTGCAG-1,1,T 细胞,初始/记忆型,2.9718,0.3182
CTAAGGTGTTTCTG-1,0,T 细胞,细胞毒性型,2.451,-0.3889
CTAATAGAGCTATG-1,5,T 细胞,初始/记忆型,2.626,-1.3309
CTAATGCTTGTGGT-1,6,单核/髓系细胞,不适用,13.8075,4.1083
CTACAACTCCCGTT-1,0,T 细胞,细胞毒性型,-2.3204,1.199
CTACCTCTCAACCA-1,0,T 细胞,细胞毒性型,0.9505,0.5487
CTACGCACACCTAG-1,3,单核/髓系细胞,不适用,12.9915,0.2373
CTACGCACTCTCCG-1,1,T 细胞,初始/记忆型,4.3616,1.2638
CTACGCACTGGTCA-1,4,NK 细胞,不适用,-3.3292,1.2249
CTACGGCTTTCTTG-1,3,单核/髓系细胞,不适用,11.2049,2.4404
CTACTATGAACCAC-1,6,单核/髓系细胞,不适用,12.1464,3.0506
CTACTATGATGTGC-1,6,单核/髓系细胞,不适用,13.9266,4.3689
CTACTATGCTAAGC-1,0,T 细胞,细胞毒性型,0.7107,0.69
CTACTATGTAAAGG-1,2,B 细胞,不适用,2.1428,8.8788
CTACTCCTATGTCG-1,4,NK 细胞,不适用,-4.514,2.2253
CTACTCCTGCCATA-1,6,单核/髓系细胞,不适用,14.7518,4.3619
CTAGAGACACTTTC-1,1,T 细胞,初始/记忆型,4.5934,0.8573
CTAGAGACAGCATC-1,0,T 细胞,细胞毒性型,-2.1649,0.7511
CTAGAGACTTTGGG-1,3,单核/髓系细胞,不适用,11.9395,1.4278
CTAGATCTCTCTAT-1,1,T 细胞,初始/记忆型,3.805,0.1426
CTAGATCTTCGACA-1,5,T 细胞,初始/记忆型,4.0315,0.1055
CTAGGATGAGCCTA-1,7,树突状细胞,不适用,3.6829,4.7998
CTAGGATGATCGTG-1,2,B 细胞,不适用,3.0298,7.0842
CTAGGCCTCTCAGA-1,1,T 细胞,初始/记忆型,4.4045,2.2368
CTAGGTGATGGTTG-1,3,单核/髓系细胞,不适用,12.2104,-0.2158
CTAGTTACCAGAGG-1,1,T 细胞,初始/记忆型,2.8739,0.4853
CTAGTTACCGCATA-1,5,T 细胞,初始/记忆型,4.2962,-0.7136
CTAGTTACGAAACA-1,4,NK 细胞,不适用,-4.4047,1.2015
CTAGTTTGAGTACC-1,0,T 细胞,细胞毒性型,-1.9716,0.3266
CTATAAGATCGTTT-1,2,B 细胞,不适用,1.4845,7.6021
CTATACTGAGGTTC-1,6,单核/髓系细胞,不适用,14.4566,4.0383
CTATACTGCCAGTA-1,5,T 细胞,初始/记忆型,3.7094,-0.9524
CTATACTGCGCTAA-1,6,单核/髓系细胞,不适用,12.8015,4.3647
CTATACTGCTACGA-1,4,NK 细胞,不适用,-4.7422,1.4029
CTATACTGTCTCAT-1,4,NK 细胞,不适用,-4.269,1.7242
CTATACTGTTCGTT-1,7,树突状细胞,不适用,4.8384,2.7668
CTATAGCTGTCACA-1,5,T 细胞,初始/记忆型,2.8023,-1.5608
CTATAGCTTCGCTC-1,6,单核/髓系细胞,不适用,12.9368,4.5766
CTATAGCTTGCCTC-1,6,单核/髓系细胞,不适用,13.1859,2.9202
CTATCAACGAACTC-1,5,T 细胞,初始/记忆型,4.6841,0.2465
CTATCAACGCAGAG-1,1,T 细胞,初始/记忆型,2.5503,1.795
CTATCAACTTTGGG-1,5,T 细胞,初始/记忆型,3.4995,-1.1275
CTATCCCTCCACCT-1,6,单核/髓系细胞,不适用,13.0426,3.8656
CTATGTACGAGAGC-1,1,T 细胞,初始/记忆型,4.3116,2.2382
CTATGTACGCTTAG-1,1,T 细胞,初始/记忆型,2.8386,0.1543
CTATGTACTGTTTC-1,2,B 细胞,不适用,2.6447,6.3463
CTATGTTGAAAGCA-1,1,T 细胞,初始/记忆型,2.6914,0.934
CTATGTTGTCCTCG-1,5,T 细胞,初始/记忆型,3.5248,-1.0535
CTATGTTGTCTCGC-1,1,T 细胞,初始/记忆型,2.3738,1.7805
CTATTGACAAACGA-1,6,单核/髓系细胞,不适用,12.9115,3.421
CTATTGACACTGGT-1,3,单核/髓系细胞,不适用,12.5756,1.0671
CTATTGACGGTGAG-1,3,单核/髓系细胞,不适用,12.33,0.7775
CTATTGTGGCAAGG-1,0,T 细胞,细胞毒性型,2.0237,0.572
CTCAATTGGTTCAG-1,1,T 细胞,初始/记忆型,2.7686,1.6405
CTCAATTGGTTGCA-1,6,单核/髓系细胞,不适用,12.9586,3.6319
CTCAGAGATAGAAG-1,5,T 细胞,初始/记忆型,4.1878,-0.8178
CTCAGCACTCTAGG-1,1,T 细胞,初始/记忆型,2.8858,1.9894
CTCAGCACTGAACC-1,6,单核/髓系细胞,不适用,13.8779,3.4902
CTCAGCACTTGCAG-1,5,T 细胞,初始/记忆型,4.086,-0.2889
CTCAGCTGAACCTG-1,6,单核/髓系细胞,不适用,13.7379,4.6816
CTCAGCTGCAGTTG-1,0,T 细胞,细胞毒性型,0.5932,0.2898
CTCAGCTGTTTCTG-1,0,T 细胞,细胞毒性型,0.6135,0.2391
CTCAGGCTCGTTGA-1,3,单核/髓系细胞,不适用,12.0335,0.0789
CTCAGGCTGCTAAC-1,1,T 细胞,初始/记忆型,3.7672,1.2364
CTCATTGACCTTAT-1,1,T 细胞,初始/记忆型,3.9623,2.3459
CTCATTGATGCTTT-1,3,单核/髓系细胞,不适用,12.4843,1.4444
CTCATTGATTGCTT-1,6,单核/髓系细胞,不适用,14.6704,4.4586
CTCCACGAGAGATA-1,7,树突状细胞,不适用,9.7481,2.7768
CTCCATCTCTTAGG-1,5,T 细胞,初始/记忆型,3.1091,-0.7579
CTCCATCTGACGAG-1,5,T 细胞,初始/记忆型,3.7568,-0.1652
CTCCGAACAAGTGA-1,3,单核/髓系细胞,不适用,12.616,0.3755
CTCCTACTGCCTTC-1,6,单核/髓系细胞,不适用,13.0372,3.046
CTCGAAGATGTGGT-1,5,T 细胞,初始/记忆型,4.6254,-1.2112
CTCGAAGATTAGGC-1,6,单核/髓系细胞,不适用,11.7533,4.1924
CTCGACTGCTCTAT-1,1,T 细胞,初始/记忆型,3.9091,0.8015
CTCGACTGGGTGAG-1,5,T 细胞,初始/记忆型,2.4261,-1.269
CTCGACTGGTTGAC-1,4,NK 细胞,不适用,-4.2842,1.7495
CTCGAGCTCTGGAT-1,0,T 细胞,细胞毒性型,-2.2477,1.0524
CTCGCATGACTTTC-1,1,T 细胞,初始/记忆型,1.4988,0.398
CTCGCATGCTTAGG-1,1,T 细胞,初始/记忆型,3.0027,-0.0091
CTCTAAACCTCGAA-1,1,T 细胞,初始/记忆型,3.9921,0.6911
CTCTAAACGGCGAA-1,5,T 细胞,初始/记忆型,2.2655,-0.8471
CTCTAATGTCCAAG-1,6,单核/髓系细胞,不适用,12.5442,4.1501
CTGAACGACAGTCA-1,1,T 细胞,初始/记忆型,4.8874,2.0638
CTGAACGATGAGGG-1,1,T 细胞,初始/记忆型,4.2942,0.8708
CTGAAGACCCAACA-1,1,T 细胞,初始/记忆型,3.0668,1.0728
CTGAAGACGTGCAT-1,2,B 细胞,不适用,1.9755,6.8464
CTGAAGTGAAGCCT-1,3,单核/髓系细胞,不适用,11.6732,0.8863
CTGAAGTGCAGCTA-1,2,B 细胞,不适用,2.4069,8.019
CTGAAGTGGCTATG-1,5,T 细胞,初始/记忆型,3.0938,-0.6603
CTGAAGTGTCCAGA-1,1,T 细胞,初始/记忆型,4.3274,1.4271
CTGAATCTGAATAG-1,1,T 细胞,初始/记忆型,3.9972,2.0455
CTGACAGAATCGTG-1,0,T 细胞,细胞毒性型,-2.3961,0.4995
CTGACCACAGCAAA-1,5,T 细胞,初始/记忆型,4.9384,-0.2862
CTGAGAACCGGGAA-1,1,T 细胞,初始/记忆型,4.5603,1.419
CTGAGAACGTAAAG-1,4,NK 细胞,不适用,-3.9962,1.1982
CTGATACTAGTAGA-1,5,T 细胞,初始/记忆型,3.3502,-0.8379
CTGATTTGGTGTTG-1,6,单核/髓系细胞,不适用,11.4198,3.5566
CTGCAGCTAACCGT-1,5,T 细胞,初始/记忆型,3.5794,-1.5013
CTGCAGCTGACACT-1,5,T 细胞,初始/记忆型,4.997,-0.162
CTGCAGCTGGATTC-1,3,单核/髓系细胞,不适用,11.3458,1.0982
CTGCAGCTTGGCAT-1,0,T 细胞,细胞毒性型,0.5681,2.3409
CTGCCAACAGGAGC-1,0,T 细胞,细胞毒性型,0.6226,1.1617
CTGCCAACCAGCTA-1,1,T 细胞,初始/记忆型,4.2171,0.4582
CTGCCAACTAACCG-1,3,单核/髓系细胞,不适用,12.4658,2.0263
CTGCCAACTGCTCC-1,0,T 细胞,细胞毒性型,-1.4193,1.0386
CTGCCAACTTGCAG-1,5,T 细胞,初始/记忆型,4.5686,-1.306
CTGCCAACTTGCTT-1,0,T 细胞,细胞毒性型,-0.23,1.7717
CTGCGACTCCACCT-1,0,T 细胞,细胞毒性型,1.067,-0.0267
CTGGAAACAAACGA-1,0,T 细胞,细胞毒性型,-1.8407,0.3175
CTGGAAACATCGAC-1,1,T 细胞,初始/记忆型,4.3368,0.6649
CTGGATGACTGGAT-1,0,T 细胞,细胞毒性型,-0.9432,1.5904
CTGGATGACTTGTT-1,5,T 细胞,初始/记忆型,1.717,0.4891
CTGGATGATGTGAC-1,2,B 细胞,不适用,1.7435,8.8163
CTGGCACTCAAGCT-1,6,单核/髓系细胞,不适用,13.6021,4.8918
CTGGCACTGGACAG-1,0,T 细胞,细胞毒性型,0.132,0.6481
CTGTAACTAACCAC-1,0,T 细胞,细胞毒性型,1.9272,1.6712
CTGTAACTAGCGTT-1,5,T 细胞,初始/记忆型,3.6185,0.0421
CTGTATACGTAAAG-1,5,T 细胞,初始/记忆型,2.2977,-0.7174
CTGTATACGTACGT-1,3,单核/髓系细胞,不适用,11.7425,2.4938
CTGTATACGTTGGT-1,1,T 细胞,初始/记忆型,3.8581,0.9869
CTGTGAGACAACCA-1,3,单核/髓系细胞,不适用,12.2561,-0.5731
CTGTGAGACCTTGC-1,0,T 细胞,细胞毒性型,-0.8498,0.4314
CTGTGAGACGAACT-1,6,单核/髓系细胞,不适用,12.9671,4.6458
CTGTGAGACTGTAG-1,6,单核/髓系细胞,不适用,12.5132,4.2935
CTTAAAGAACCTGA-1,5,T 细胞,初始/记忆型,4.1361,-1.3352
CTTAACACCTGTAG-1,1,T 细胞,初始/记忆型,3.2549,1.3097
CTTAACACGAGCTT-1,1,T 细胞,初始/记忆型,4.4495,0.6456
CTTAACACTATCGG-1,2,B 细胞,不适用,2.0117,8.0729
CTTAAGCTACCTAG-1,1,T 细胞,初始/记忆型,3.7922,0.3845
CTTAAGCTAGTACC-1,5,T 细胞,初始/记忆型,2.9175,-0.0703
CTTAAGCTCATCAG-1,5,T 细胞,初始/记忆型,3.9779,-0.5631
CTTAAGCTCCGCTT-1,2,B 细胞,不适用,1.7751,7.057
CTTAAGCTTCCTCG-1,0,T 细胞,细胞毒性型,0.329,1.5974
CTTACAACTAACGC-1,1,T 细胞,初始/记忆型,3.8795,1.1334
CTTACAACTCCCGT-1,6,单核/髓系细胞,不适用,13.9035,4.8036
CTTACTGACGTACA-1,5,T 细胞,初始/记忆型,4.3322,-1.2495
CTTAGACTAAACGA-1,1,T 细胞,初始/记忆型,2.8007,1.6015
CTTAGGGACTTGCC-1,1,T 细胞,初始/记忆型,3.56,2.9134
CTTAGGGAGAATCC-1,5,T 细胞,初始/记忆型,3.5754,-1.6249
CTTATCGACTCATT-1,1,T 细胞,初始/记忆型,4.2691,0.8656
CTTCACCTACCTGA-1,3,单核/髓系细胞,不适用,11.9391,0.5291
CTTCATGAAGCATC-1,2,B 细胞,不适用,3.1927,8.4897
CTTCATGAAGTACC-1,1,T 细胞,初始/记忆型,4.8066,1.037
CTTCATGACCGAAT-1,0,T 细胞,细胞毒性型,0.2862,0.5615
CTTGAACTACGCAT-1,5,T 细胞,初始/记忆型,4.7522,0.448
CTTGATTGAGGTTC-1,0,T 细胞,细胞毒性型,-2.4142,0.8863
CTTGATTGATCTTC-1,6,单核/髓系细胞,不适用,12.3034,3.2569
CTTGATTGCATTCT-1,1,T 细胞,初始/记忆型,2.5346,2.1485
CTTGATTGTTTCGT-1,1,T 细胞,初始/记忆型,3.4791,0.2939
CTTGTATGACACCA-1,2,B 细胞,不适用,3.3671,8.0356
CTTGTATGCGCAAT-1,2,B 细胞,不适用,2.3693,9.0945
CTTTACGAGCGAAG-1,5,T 细胞,初始/记忆型,3.1326,-2.1392
CTTTAGACCGTGAT-1,5,T 细胞,初始/记忆型,4.26,-1.3418
CTTTAGACGAGACG-1,5,T 细胞,初始/记忆型,3.8766,-0.1318
CTTTAGACGATACC-1,1,T 细胞,初始/记忆型,4.8654,0.6859
CTTTAGACGTTGGT-1,0,T 细胞,细胞毒性型,1.2268,1.3717
CTTTAGACTCATTC-1,0,T 细胞,细胞毒性型,-0.7424,1.1382
CTTTAGTGACGGGA-1,4,NK 细胞,不适用,-4.1391,1.0957
CTTTAGTGGGTGGA-1,5,T 细胞,初始/记忆型,2.8812,-2.0589
CTTTCAGAGAAACA-1,1,T 细胞,初始/记忆型,3.7265,1.683
CTTTGATGAGCACT-1,1,T 细胞,初始/记忆型,4.5044,1.4996
CTTTGATGTCTAGG-1,0,T 细胞,细胞毒性型,0.1215,1.6204
CTTTGATGTGTCCC-1,1,T 细胞,初始/记忆型,2.7624,1.0666
CTTTGATGTGTGGT-1,5,T 细胞,初始/记忆型,3.3505,-1.9267
GAAACAGAACTACG-1,1,T 细胞,初始/记忆型,2.4983,0.6455
GAAACAGAATCACG-1,1,T 细胞,初始/记忆型,4.2036,0.8689
GAAACAGACATTCT-1,5,T 细胞,初始/记忆型,5.5067,0.5121
GAAACCTGATCGTG-1,1,T 细胞,初始/记忆型,4.5364,1.4174
GAAACCTGATGCCA-1,1,T 细胞,初始/记忆型,3.1826,1.6117
GAAACCTGCTTATC-1,1,T 细胞,初始/记忆型,3.8951,0.9756
GAAACCTGGACTAC-1,3,单核/髓系细胞,不适用,11.9011,-0.3788
GAAACCTGTGCTAG-1,5,T 细胞,初始/记忆型,4.316,0.4705
GAAAGATGATTTCC-1,1,T 细胞,初始/记忆型,4.2272,1.9302
GAAAGATGCTGATG-1,3,单核/髓系细胞,不适用,12.7556,-0.4999
GAAAGATGCTTCGC-1,6,单核/髓系细胞,不适用,13.4029,3.7818
GAAAGATGTAAGGA-1,5,T 细胞,初始/记忆型,2.301,-1.0963
GAAAGATGTTTGCT-1,0,T 细胞,细胞毒性型,-0.1187,1.0
GAAAGCCTACGTTG-1,2,B 细胞,不适用,3.3161,8.0628
GAAAGTGAAAGTGA-1,7,树突状细胞,不适用,9.6392,2.8945
GAAAGTGACCACAA-1,6,单核/髓系细胞,不适用,11.821,3.2538
GAAAGTGACTCAAG-1,1,T 细胞,初始/记忆型,2.3423,1.241
GAAATACTACCAAC-1,6,单核/髓系细胞,不适用,14.7234,4.2145
GAAATACTCTTAGG-1,2,B 细胞,不适用,2.8976,7.9967
GAAATACTTCCTCG-1,1,T 细胞,初始/记忆型,4.5081,1.0824
GAACACACGTGCAT-1,6,单核/髓系细胞,不适用,11.3159,3.3689
GAACACACTGCCTC-1,5,T 细胞,初始/记忆型,3.6114,-0.7745
GAACAGCTAACTGC-1,3,单核/髓系细胞,不适用,11.1669,1.5376
GAACAGCTCTCAGA-1,3,单核/髓系细胞,不适用,12.0399,-0.3384
GAACCAACCACAAC-1,0,T 细胞,细胞毒性型,0.9785,0.1092
GAACCAACTTCCGC-1,4,NK 细胞,不适用,-4.212,1.233
GAACCTGAACGTGT-1,0,T 细胞,细胞毒性型,0.5958,1.9861
GAACCTGAGAGACG-1,5,T 细胞,初始/记忆型,5.1173,0.0628
GAACCTGATGAACC-1,1,T 细胞,初始/记忆型,3.8603,2.2034
GAACGGGATACTTC-1,1,T 细胞,初始/记忆型,4.0435,0.386
GAACGTTGACGGAG-1,0,T 细胞,细胞毒性型,-1.6256,0.5208
GAACTGTGACCTGA-1,3,单核/髓系细胞,不适用,12.5651,0.3166
GAACTGTGCCAGTA-1,6,单核/髓系细胞,不适用,11.9065,4.2143
GAAGAATGCAATCG-1,5,T 细胞,初始/记忆型,4.9454,-1.1482
GAAGCGGACCTATT-1,3,单核/髓系细胞,不适用,11.6317,2.3607
GAAGCTACGAATGA-1,6,单核/髓系细胞,不适用,12.0713,2.8161
GAAGCTACGGTTTG-1,1,T 细胞,初始/记忆型,2.9873,2.4211
GAAGGGTGAAAGTG-1,1,T 细胞,初始/记忆型,5.0154,1.2548
GAAGGGTGCTTAGG-1,6,单核/髓系细胞,不适用,12.608,3.8082
GAAGGTCTGAAAGT-1,1,T 细胞,初始/记忆型,4.3454,2.4758
GAAGGTCTGTTGCA-1,5,T 细胞,初始/记忆型,4.5273,-1.758
GAAGGTCTTAAAGG-1,7,树突状细胞,不适用,9.3902,2.8594
GAAGTAGACTCCCA-1,0,T 细胞,细胞毒性型,-0.7116,2.1097
GAAGTAGATCCAAG-1,3,单核/髓系细胞,不适用,12.3447,-0.7784
GAAGTCACCCTCGT-1,6,单核/髓系细胞,不适用,13.2603,3.8241
GAAGTCACCCTGTC-1,2,B 细胞,不适用,1.9012,8.5409
GAAGTCTGTCGCAA-1,2,B 细胞,不适用,1.7274,7.2061
GAAGTCTGTTCTGT-1,5,T 细胞,初始/记忆型,3.1034,-1.6244
GAAGTGCTAAACGA-1,4,NK 细胞,不适用,-3.7444,2.0036
GAAGTGCTCCGCTT-1,6,单核/髓系细胞,不适用,11.801,2.9512
GAAGTGCTTAACCG-1,1,T 细胞,初始/记忆型,4.3863,1.5027
GAATGCACCCTAAG-1,1,T 细胞,初始/记忆型,4.4114,2.1534
GAATGCACCTTCGC-1,4,NK 细胞,不适用,-3.829,1.6236
GAATGCTGCGGTAT-1,5,T 细胞,初始/记忆型,3.9483,-1.5649
GAATGGCTAAGATG-1,5,T 细胞,初始/记忆型,2.7706,-1.672
GAATTAACGATAAG-1,5,T 细胞,初始/记忆型,5.3725,-0.6961
GAATTAACGGTCAT-1,5,T 细胞,初始/记忆型,4.1538,-1.1791
GAATTAACGTCGTA-1,4,NK 细胞,不适用,-3.126,1.6289
GAATTAACTGAAGA-1,2,B 细胞,不适用,2.2083,6.5533
GACAACACAGGCGA-1,5,T 细胞,初始/记忆型,3.911,-1.4524
GACAACACATCGTG-1,5,T 细胞,初始/记忆型,2.6458,-0.6237
GACAACACTCGCCT-1,0,T 细胞,细胞毒性型,1.8762,0.0406
GACAACTGAGGTTC-1,1,T 细胞,初始/记忆型,2.6779,1.4662
GACAGGGAAGAGTA-1,2,B 细胞,不适用,2.4354,7.6812
GACAGGGAATGCCA-1,1,T 细胞,初始/记忆型,3.2272,1.9072
GACAGTACGAGCTT-1,3,单核/髓系细胞,不适用,12.0489,-0.3161
GACAGTACTTCGGA-1,3,单核/髓系细胞,不适用,11.9453,-0.3014
GACAGTTGAGTAGA-1,2,B 细胞,不适用,2.9081,7.034
GACATTCTCCACCT-1,7,树突状细胞,不适用,9.7396,2.6892
GACCAAACGACTAC-1,6,单核/髓系细胞,不适用,12.5219,3.0053
GACCAAACGTATCG-1,6,单核/髓系细胞,不适用,11.8785,3.4649
GACCATGACTCTCG-1,6,单核/髓系细胞,不适用,13.9197,3.2882
GACCCTACTAAAGG-1,2,B 细胞,不适用,3.0398,8.4531
GACCTAGACCTCAC-1,1,T 细胞,初始/记忆型,1.4738,0.8649
GACCTAGACGAGAG-1,5,T 细胞,初始/记忆型,4.1662,-0.4677
GACCTCACAAGGTA-1,5,T 细胞,初始/记忆型,2.5559,-0.9765
GACCTCACGTACGT-1,3,单核/髓系细胞,不适用,12.0606,1.9248
GACCTCTGCATCAG-1,5,T 细胞,初始/记忆型,3.0097,-0.5688
GACGAACTCCCACT-1,5,T 细胞,初始/记忆型,3.1144,-0.0701
GACGATTGCCAATG-1,2,B 细胞,不适用,1.3308,8.0687
GACGCCGACCTTCG-1,1,T 细胞,初始/记忆型,4.3812,2.7544
GACGCTCTCTCTCG-1,8,树突状细胞,不适用,16.7861,0.0409
GACGGCACACGGGA-1,4,NK 细胞,不适用,-3.793,1.4844
GACGGCACGAGATA-1,6,单核/髓系细胞,不适用,12.1698,3.456
GACGTAACCTATGG-1,1,T 细胞,初始/记忆型,3.5879,0.3659
GACGTAACCTGTGA-1,1,T 细胞,初始/记忆型,4.6985,2.1213
GACGTAACTATGGC-1,1,T 细胞,初始/记忆型,3.7888,3.0722
GACGTATGTTGACG-1,5,T 细胞,初始/记忆型,5.0873,0.1181
GACGTATGTTTGCT-1,1,T 细胞,初始/记忆型,4.0775,0.8887
GACGTCCTACGGAG-1,1,T 细胞,初始/记忆型,2.3688,0.9426
GACGTCCTCTCAAG-1,6,单核/髓系细胞,不适用,12.3791,2.9832
GACGTCCTGATAAG-1,2,B 细胞,不适用,1.5703,7.4163
GACTACGATGGTCA-1,2,B 细胞,不适用,2.7273,7.6553
GACTCCTGCTCGCT-1,5,T 细胞,初始/记忆型,3.3147,-0.1604
GACTCCTGGGTTAC-1,5,T 细胞,初始/记忆型,4.0829,-0.4473
GACTCCTGTTATCC-1,1,T 细胞,初始/记忆型,2.0017,2.3189
GACTCCTGTTGGTG-1,6,单核/髓系细胞,不适用,12.6089,4.6866
GACTGAACAACCGT-1,2,B 细胞,不适用,3.017,8.8314
GACTGAACCAATCG-1,6,单核/髓系细胞,不适用,13.5341,4.5337
GACTGATGTGATGC-1,5,T 细胞,初始/记忆型,4.7561,-1.3152
GACTTTACATGCCA-1,1,T 细胞,初始/记忆型,3.5451,0.8959
GACTTTACGACAGG-1,2,B 细胞,不适用,1.7242,7.8554
GAGAAATGTTCTCA-1,2,B 细胞,不适用,1.3793,7.5549
GAGATAGAAAAAGC-1,3,单核/髓系细胞,不适用,11.4728,2.7786
GAGATCACGACAAA-1,3,单核/髓系细胞,不适用,12.0672,-0.0516
GAGATGCTCTGGAT-1,0,T 细胞,细胞毒性型,-0.6516,1.4954
GAGATGCTGAATGA-1,1,T 细胞,初始/记忆型,2.4945,1.3953
GAGCAGGATTCCCG-1,0,T 细胞,细胞毒性型,-0.3406,1.5593
GAGCATACTTTGCT-1,3,单核/髓系细胞,不适用,12.7956,-0.9501
GAGCGCACGCGTAT-1,6,单核/髓系细胞,不适用,13.3568,5.1186
GAGCGCACGGTGAG-1,0,T 细胞,细胞毒性型,0.3745,1.2322
GAGCGCTGAAGATG-1,4,NK 细胞,不适用,-3.6607,2.2841
GAGCGCTGTCTTAC-1,6,单核/髓系细胞,不适用,13.8396,3.6428
GAGCGGCTGGGAGT-1,2,B 细胞,不适用,3.0353,8.6848
GAGGACGACTCAGA-1,1,T 细胞,初始/记忆型,2.2561,1.1953
GAGGATCTGAAAGT-1,2,B 细胞,不适用,1.5476,8.6802
GAGGCAGACTTGCC-1,0,T 细胞,细胞毒性型,-2.6599,0.5334
GAGGGAACACCAGT-1,1,T 细胞,初始/记忆型,3.7965,2.0073
GAGGGAACGAGGGT-1,1,T 细胞,初始/记忆型,2.5545,1.8193
GAGGGATGGGAAAT-1,1,T 细胞,初始/记忆型,3.3224,0.7822
GAGGGCCTTCACCC-1,1,T 细胞,初始/记忆型,2.7686,2.632
GAGGGTGAAGAGTA-1,5,T 细胞,初始/记忆型,3.4546,-0.4312
GAGGTACTACGGTT-1,5,T 细胞,初始/记忆型,2.9508,-1.4879
GAGGTACTACTCAG-1,6,单核/髓系细胞,不适用,13.8495,4.9467
GAGGTACTGACACT-1,4,NK 细胞,不适用,-3.0678,1.6236
GAGGTACTGGGAGT-1,5,T 细胞,初始/记忆型,4.8083,0.4831
GAGGTACTTAGCGT-1,6,单核/髓系细胞,不适用,12.5647,3.1257
GAGGTGGAGTACGT-1,5,T 细胞,初始/记忆型,2.3911,-0.9355
GAGGTGGATCCTCG-1,4,NK 细胞,不适用,-4.2841,1.1957
GAGGTTACTCGTTT-1,6,单核/髓系细胞,不适用,11.4338,3.0131
GAGGTTTGTAAGCC-1,6,单核/髓系细胞,不适用,14.3089,3.8531
GAGTCAACCATTCT-1,5,T 细胞,初始/记忆型,4.0044,-1.1342
GAGTCAACGGGAGT-1,5,T 细胞,初始/记忆型,2.7231,-1.1536
GAGTCTGATCGTGA-1,1,T 细胞,初始/记忆型,2.2505,0.4225
GAGTCTGATTTGGG-1,2,B 细胞,不适用,1.2866,8.359
GAGTGACTCAGCTA-1,1,T 细胞,初始/记忆型,4.5594,1.001
GAGTGACTCGGTAT-1,0,T 细胞,细胞毒性型,-0.893,0.9925
GAGTGACTCTTGCC-1,2,B 细胞,不适用,1.7972,8.0023
GAGTGACTGACTAC-1,2,B 细胞,不适用,1.455,7.7665
GAGTGACTGTCTAG-1,5,T 细胞,初始/记忆型,3.5105,0.1229
GAGTGGGAGTCTTT-1,2,B 细胞,不适用,2.3241,7.7199
GAGTGGGATGCCCT-1,5,T 细胞,初始/记忆型,3.7504,-0.6938
GAGTGGGATGCTGA-1,2,B 细胞,不适用,3.4166,8.5929
GAGTGTTGCTGTAG-1,1,T 细胞,初始/记忆型,2.5755,1.9968
GAGTGTTGTGGTCA-1,5,T 细胞,初始/记忆型,3.9591,-0.4768
GAGTTGTGCATGGT-1,6,单核/髓系细胞,不适用,14.2451,5.0947
GAGTTGTGCTGAGT-1,0,T 细胞,细胞毒性型,-1.4261,0.9078
GAGTTGTGGCGAGA-1,6,单核/髓系细胞,不适用,13.9575,4.0763
GAGTTGTGGTAGCT-1,8,树突状细胞,不适用,16.6821,0.0799
GAGTTGTGTATGCG-1,3,单核/髓系细胞,不适用,12.237,-0.9068
GATAAGGAGAAACA-1,6,单核/髓系细胞,不适用,14.4336,4.6274
GATAAGGATTCACT-1,6,单核/髓系细胞,不适用,13.2294,3.9422
GATACTCTATCGGT-1,5,T 细胞,初始/记忆型,2.7696,-1.3394
GATACTCTTACTTC-1,1,T 细胞,初始/记忆型,4.0658,1.3819
GATACTCTTGACTG-1,6,单核/髓系细胞,不适用,12.344,3.8337
GATAGAGAAGGGTG-1,0,T 细胞,细胞毒性型,-2.3488,0.5702
GATAGAGACTGTGA-1,1,T 细胞,初始/记忆型,5.0574,1.7907
GATAGAGATCACGA-1,6,单核/髓系细胞,不适用,11.4979,3.4031
GATAGCACCCATAG-1,1,T 细胞,初始/记忆型,2.9184,1.0932
GATAGCACGAAGGC-1,3,单核/髓系细胞,不适用,11.3806,2.0303
GATAGCACTTGTCT-1,5,T 细胞,初始/记忆型,3.9389,-0.1913
GATATAACAAGGTA-1,1,T 细胞,初始/记忆型,3.7637,2.4041
GATATAACACGCAT-1,5,T 细胞,初始/记忆型,4.9883,-0.0617
GATATATGCTGGAT-1,5,T 细胞,初始/记忆型,4.2733,-1.727
GATATATGTCCGTC-1,0,T 细胞,细胞毒性型,-1.9015,0.4997
GATATATGTGGAGG-1,6,单核/髓系细胞,不适用,12.8067,4.7464
GATATCCTAGAAGT-1,5,T 细胞,初始/记忆型,4.0371,0.1899
GATATCCTCCCGTT-1,6,单核/髓系细胞,不适用,14.0337,4.5589
GATATTGACAGGAG-1,1,T 细胞,初始/记忆型,2.0517,1.6561
GATATTGACGAGTT-1,3,单核/髓系细胞,不适用,12.9899,0.0774
GATATTGAGCCAAT-1,5,T 细胞,初始/记忆型,3.5146,-0.9392
GATCCCTGACCTTT-1,4,NK 细胞,不适用,-4.8473,1.5927
GATCCCTGTGTAGC-1,0,T 细胞,细胞毒性型,-1.0289,0.3766
GATCCGCTGGTCAT-1,6,单核/髓系细胞,不适用,11.5263,3.6384
GATCGAACCGAGAG-1,0,T 细胞,细胞毒性型,1.2709,2.2697
GATCGATGACTAGC-1,2,B 细胞,不适用,2.7194,8.3016
GATCGATGGTAAAG-1,2,B 细胞,不适用,1.8023,7.4917
GATCGATGTAAGGA-1,6,单核/髓系细胞,不适用,12.5381,4.1942
GATCGTGACACTAG-1,5,T 细胞,初始/记忆型,4.0092,0.0168
GATCGTGATTCACT-1,1,T 细胞,初始/记忆型,4.7743,1.7811
GATCTACTGGTGAG-1,0,T 细胞,细胞毒性型,0.5456,1.3862
GATCTACTTTGCAG-1,2,B 细胞,不适用,2.3047,8.196
GATCTTACACCCAA-1,3,单核/髓系细胞,不适用,12.771,0.2574
GATCTTACCCTACC-1,1,T 细胞,初始/记忆型,2.8007,1.7384
GATCTTACGAATAG-1,6,单核/髓系细胞,不适用,13.5059,2.9705
GATCTTACGAGATA-1,6,单核/髓系细胞,不适用,13.5729,4.9964
GATGCAACTCCAGA-1,1,T 细胞,初始/记忆型,2.946,1.7172
GATGCCCTACGTAC-1,1,T 细胞,初始/记忆型,2.6972,2.4165
GATGCCCTCTCATT-1,5,T 细胞,初始/记忆型,4.948,-0.9473
GATGCCCTGGCAAG-1,6,单核/髓系细胞,不适用,12.3917,4.2962
GATGCCCTTTTGCT-1,1,T 细胞,初始/记忆型,2.2906,-0.2319
GATTACCTTGTTCT-1,5,T 细胞,初始/记忆型,2.6541,-0.9305
GATTCGGAACGACT-1,5,T 细胞,初始/记忆型,3.6464,-1.2166
GATTCGGACAGGAG-1,6,单核/髓系细胞,不适用,11.664,3.3435
GATTCGGAGAAGGC-1,3,单核/髓系细胞,不适用,12.9515,0.3752
GATTCTTGATTCGG-1,6,单核/髓系细胞,不适用,11.19,3.3017
GATTCTTGCCGATA-1,5,T 细胞,初始/记忆型,4.7983,-0.5864
GATTCTTGCGAGTT-1,2,B 细胞,不适用,2.1031,9.0381
GATTGGACCCGTTC-1,2,B 细胞,不适用,2.3787,6.6379
GATTGGACGGTGTT-1,2,B 细胞,不适用,2.9982,7.6122
GATTGGACTTTCGT-1,2,B 细胞,不适用,1.5679,8.7058
GATTGGTGTGTCAG-1,1,T 细胞,初始/记忆型,3.9101,2.4144
GATTTAGACACTCC-1,3,单核/髓系细胞,不适用,12.1406,-0.5277
GATTTAGACTAAGC-1,2,B 细胞,不适用,3.2374,6.8811
GATTTAGATTCGTT-1,6,单核/髓系细胞,不适用,14.2715,3.9456
GATTTGCTAACGAA-1,1,T 细胞,初始/记忆型,3.3879,0.3483
GATTTGCTAACGGG-1,6,单核/髓系细胞,不适用,13.9215,3.8841
GCAACCCTCCTCGT-1,6,单核/髓系细胞,不适用,14.2742,4.7305
GCAACTGATTGCGA-1,5,T 细胞,初始/记忆型,4.4658,-0.1772
GCAAGACTACTGGT-1,1,T 细胞,初始/记忆型,4.0974,2.5241
GCAAGACTAGGTCT-1,1,T 细胞,初始/记忆型,2.8031,2.7088
GCAAGACTCCCTTG-1,1,T 细胞,初始/记忆型,2.9904,0.6289
GCAATCGACTGCAA-1,0,T 细胞,细胞毒性型,0.1612,2.1164
GCAATCGAGACGTT-1,3,单核/髓系细胞,不适用,11.8083,1.3983
GCAATCGATCCTTA-1,3,单核/髓系细胞,不适用,12.0285,2.1862
GCAATTCTCGTGTA-1,1,T 细胞,初始/记忆型,3.5647,2.5902
GCAATTCTTCTCCG-1,1,T 细胞,初始/记忆型,3.7547,1.9206
GCACAAACAATGCC-1,0,T 细胞,细胞毒性型,1.1547,0.4939
GCACAAACGGTACT-1,1,T 细胞,初始/记忆型,3.4225,2.2803
GCACAATGGTGCAT-1,6,单核/髓系细胞,不适用,11.3177,3.4956
GCACACCTGTGCTA-1,4,NK 细胞,不适用,-3.9253,1.0284
GCACCACTCATGAC-1,6,单核/髓系细胞,不适用,13.0118,3.8301
GCACCACTGTTTGG-1,6,单核/髓系细胞,不适用,14.1261,4.4141
GCACCACTTCCTTA-1,4,NK 细胞,不适用,-3.641,1.8418
GCACCACTTTCGGA-1,6,单核/髓系细胞,不适用,11.8814,4.1473
GCACCTACGCGATT-1,1,T 细胞,初始/记忆型,3.6247,1.4604
GCACCTTGGCTGTA-1,5,T 细胞,初始/记忆型,4.9084,-0.0378
GCACCTTGGGGAGT-1,3,单核/髓系细胞,不适用,12.027,1.9821
GCACGGACCAGCTA-1,1,T 细胞,初始/记忆型,3.165,2.0431
GCACGGTGACCTCC-1,5,T 细胞,初始/记忆型,5.5714,0.0329
GCACGGTGCTATGG-1,6,单核/髓系细胞,不适用,11.2197,3.9195
GCACTAGAACGGGA-1,1,T 细胞,初始/记忆型,2.5182,2.585
GCACTAGAAGATGA-1,2,B 细胞,不适用,2.2418,8.3616
GCACTAGACCTTTA-1,3,单核/髓系细胞,不适用,12.2857,0.4063
GCACTAGACGTAAC-1,2,B 细胞,不适用,1.9062,8.9804
GCACTAGAGTCGTA-1,4,NK 细胞,不适用,-2.7896,2.5226
GCACTAGATGCAAC-1,1,T 细胞,初始/记忆型,4.2526,0.9054
GCACTGCTGAGGCA-1,0,T 细胞,细胞毒性型,1.0175,2.0012
GCAGATACAGCGTT-1,0,T 细胞,细胞毒性型,0.0659,1.3239
GCAGATACGACGGA-1,5,T 细胞,初始/记忆型,2.55,0.1162
GCAGATACGCAGAG-1,1,T 细胞,初始/记忆型,3.2668,0.2349
GCAGCCGACAGTCA-1,0,T 细胞,细胞毒性型,1.6376,0.3829
GCAGCGTGCACTCC-1,5,T 细胞,初始/记忆型,4.0187,0.395
GCAGCTCTCAATCG-1,5,T 细胞,初始/记忆型,4.2131,-1.5364
GCAGCTCTGTTTCT-1,1,T 细胞,初始/记忆型,3.4602,1.9957
GCAGGGCTAAGAAC-1,5,T 细胞,初始/记忆型,3.3536,-1.1303
GCAGGGCTAAGGGC-1,5,T 细胞,初始/记忆型,4.5625,-0.5309
GCAGGGCTATCGAC-1,4,NK 细胞,不适用,-4.924,1.4193
GCAGGGCTTGGGAG-1,0,T 细胞,细胞毒性型,0.0406,2.2515
GCAGTCCTAACTGC-1,1,T 细胞,初始/记忆型,4.5096,1.0326
GCAGTCCTCTCTTA-1,5,T 细胞,初始/记忆型,4.361,-0.397
GCATCAGATGCGTA-1,0,T 细胞,细胞毒性型,-0.0247,2.0959
GCATGTGACAAGCT-1,5,T 细胞,初始/记忆型,3.0952,-1.3104
GCATTGGAGAAGGC-1,1,T 细胞,初始/记忆型,3.9212,1.4813
GCCAAAACGAGGCA-1,0,T 细胞,细胞毒性型,0.0965,1.5627
GCCAAATGATCGAC-1,0,T 细胞,细胞毒性型,1.4143,1.5223
GCCAACCTACGGTT-1,5,T 细胞,初始/记忆型,4.3354,-0.8149
GCCAACCTCGCCTT-1,5,T 细胞,初始/记忆型,3.1512,-0.5009
GCCACGGAGGCGAA-1,6,单核/髓系细胞,不适用,13.0691,3.515
GCCACGGATACTGG-1,5,T 细胞,初始/记忆型,3.9274,-1.3976
GCCACTACCTACTT-1,2,B 细胞,不适用,1.9044,8.2244
GCCACTACGTCTTT-1,1,T 细胞,初始/记忆型,3.071,0.1302
GCCCAACTACCGAT-1,5,T 细胞,初始/记忆型,4.0922,-0.1844
GCCCAACTATGGTC-1,0,T 细胞,细胞毒性型,-2.3664,0.5823
GCCCATACAGCGTT-1,0,T 细胞,细胞毒性型,0.9185,0.6641
GCCGACGAACTCTT-1,6,单核/髓系细胞,不适用,11.2819,2.7825
GCCGAGTGCGTTGA-1,1,T 细胞,初始/记忆型,1.7807,2.0087
GCCGGAACGAACTC-1,0,T 细胞,细胞毒性型,-1.0862,0.5792
GCCGGAACGTTCTT-1,4,NK 细胞,不适用,-3.6209,0.9561
GCCGGAACTGCACA-1,0,T 细胞,细胞毒性型,-2.8819,0.5939
GCCGGAACTTACTC-1,1,T 细胞,初始/记忆型,3.8778,0.5489
GCCGTACTACCTGA-1,5,T 细胞,初始/记忆型,3.021,-1.8709
GCCGTACTGGCAAG-1,6,单核/髓系细胞,不适用,12.9086,4.5859
GCCTACACAGTTCG-1,4,NK 细胞,不适用,-4.5536,1.356
GCCTACACCACTGA-1,3,单核/髓系细胞,不适用,12.2372,0.5295
GCCTACACCTTGAG-1,5,T 细胞,初始/记忆型,5.0263,0.0858
GCCTAGCTACGGAG-1,2,B 细胞,不适用,1.9899,8.1064
GCCTAGCTCTATTC-1,5,T 细胞,初始/记忆型,4.9624,0.7009
GCCTAGCTTCTCAT-1,1,T 细胞,初始/记忆型,4.2148,0.5356
GCCTAGCTTCTCTA-1,3,单核/髓系细胞,不适用,12.2531,-0.7278
GCCTCAACCATGGT-1,5,T 细胞,初始/记忆型,4.423,-0.741
GCCTCAACTCTTTG-1,7,树突状细胞,不适用,3.5691,4.5111
GCCTCATGTCTTAC-1,0,T 细胞,细胞毒性型,0.9807,1.0316
GCCTGACTCTCAAG-1,6,单核/髓系细胞,不适用,13.7862,4.3595
GCGAAGGAACTCTT-1,1,T 细胞,初始/记忆型,1.9283,-0.0292
GCGAAGGAGAGCTT-1,7,树突状细胞,不适用,3.6486,4.4532
GCGAAGGATGCCAA-1,5,T 细胞,初始/记忆型,4.996,-1.216
GCGAGAGAGGGACA-1,1,T 细胞,初始/记忆型,3.9597,1.6926
GCGAGCACTGTCGA-1,2,B 细胞,不适用,1.8704,7.5181
GCGAGCACTTGACG-1,5,T 细胞,初始/记忆型,4.7873,0.0471
GCGAGCACTTGCTT-1,3,单核/髓系细胞,不适用,11.846,2.2075
GCGATATGGTACGT-1,1,T 细胞,初始/记忆型,4.1669,2.2649
GCGATATGGTGTTG-1,5,T 细胞,初始/记忆型,2.7513,-0.8082
GCGCACGAAGTCGT-1,5,T 细胞,初始/记忆型,4.346,-1.5638
GCGCACGACTTTAC-1,6,单核/髓系细胞,不适用,13.3678,4.3459
GCGCATCTAGGTCT-1,5,T 细胞,初始/记忆型,3.0472,-1.9307
GCGCATCTGGTTAC-1,7,树突状细胞,不适用,3.8139,4.3401
GCGCATCTTCGATG-1,5,T 细胞,初始/记忆型,4.8253,-0.3914
GCGCATCTTGCTCC-1,4,NK 细胞,不适用,-3.7322,1.6411
GCGCATCTTTCTAC-1,1,T 细胞,初始/记忆型,2.7847,-0.1316
GCGCGAACGTTCTT-1,2,B 细胞,不适用,1.8963,8.001
GCGCGATGAACGGG-1,5,T 细胞,初始/记忆型,3.7108,-0.1764
GCGCGATGGTGCAT-1,4,NK 细胞,不适用,-3.4939,2.2628
GCGGAGCTCCTGAA-1,1,T 细胞,初始/记忆型,3.7645,0.7687
GCGGCAACCCGATA-1,1,T 细胞,初始/记忆型,3.3299,1.1272
GCGGCAACGGAGGT-1,2,B 细胞,不适用,1.512,8.165
GCGGCAACTGTCGA-1,6,单核/髓系细胞,不适用,14.1059,4.9242
GCGTAAACACGGTT-1,7,树突状细胞,不适用,9.2712,2.9522
GCGTAATGCACCAA-1,3,单核/髓系细胞,不适用,12.329,-0.1235
GCGTATGAACACCA-1,1,T 细胞,初始/记忆型,2.2291,1.284
GCGTATGATGAGAA-1,6,单核/髓系细胞,不适用,11.4095,3.0194
GCTACAGAAAGGTA-1,5,T 细胞,初始/记忆型,4.5144,-0.8329
GCTACAGAATCTTC-1,2,B 细胞,不适用,1.4499,8.1608
GCTACAGATCTTAC-1,1,T 细胞,初始/记忆型,2.0436,1.8012
GCTACCTGAGAAGT-1,6,单核/髓系细胞,不适用,12.2581,4.7243
GCTACCTGATCACG-1,5,T 细胞,初始/记忆型,4.6247,0.1443
GCTACGCTAGAATG-1,1,T 细胞,初始/记忆型,2.4815,-0.2057
GCTACGCTAGCTAC-1,0,T 细胞,细胞毒性型,1.0355,0.8306
GCTACGCTCCCTAC-1,1,T 细胞,初始/记忆型,4.3172,1.2203
GCTAGAACAGAGGC-1,2,B 细胞,不适用,2.9691,8.401
GCTAGAACGGATCT-1,1,T 细胞,初始/记忆型,3.8157,1.6819
GCTAGAACTCCCGT-1,0,T 细胞,细胞毒性型,2.1466,-0.5621
GCTAGATGAGCTCA-1,6,单核/髓系细胞,不适用,14.0444,4.4812
GCTAGATGGCGATT-1,0,T 细胞,细胞毒性型,-0.609,1.457
GCTATACTAAGGCG-1,1,T 细胞,初始/记忆型,3.7742,1.246
GCTATACTAGCGTT-1,0,T 细胞,细胞毒性型,-0.8737,0.4899
GCTATACTCTCTTA-1,5,T 细胞,初始/记忆型,4.332,-1.2613
GCTATACTGGACGA-1,1,T 细胞,初始/记忆型,3.3756,1.9166
GCTCAAGAACCATG-1,3,单核/髓系细胞,不适用,11.7159,0.8573
GCTCAAGAAGTCAC-1,3,单核/髓系细胞,不适用,12.0553,1.6001
GCTCAGCTGTCTAG-1,5,T 细胞,初始/记忆型,4.0724,-0.6306
GCTCCATGAGAAGT-1,0,T 细胞,细胞毒性型,-1.5304,0.6755
GCTCCATGCCGAAT-1,5,T 细胞,初始/记忆型,4.492,-0.6899
GCTCGACTCTAGTG-1,6,单核/髓系细胞,不适用,14.1044,4.6639
GCTGATGAGGTATC-1,6,单核/髓系细胞,不适用,13.7004,4.6033
GCTTAACTACAGTC-1,6,单核/髓系细胞,不适用,14.3591,3.9639
GCTTAACTACTGGT-1,0,T 细胞,细胞毒性型,-1.832,0.781
GCTTAACTGCTGAT-1,5,T 细胞,初始/记忆型,4.5685,-0.0352
GCTTAACTTAGACC-1,6,单核/髓系细胞,不适用,13.1498,4.1128
GCTTAACTTCAGTG-1,5,T 细胞,初始/记忆型,3.195,0.1376
GGAACACTCACTTT-1,6,单核/髓系细胞,不适用,14.4199,4.0836
GGAACACTTCAGAC-1,8,树突状细胞,不适用,16.8713,0.023
GGAACTACTACTTC-1,1,T 细胞,初始/记忆型,3.2532,1.7474
GGAACTTGAAGGTA-1,6,单核/髓系细胞,不适用,11.3869,3.995
GGAACTTGAGAATG-1,0,T 细胞,细胞毒性型,1.3864,0.3592
GGAACTTGCTCCAC-1,6,单核/髓系细胞,不适用,11.3857,2.9596
GGAACTTGGGTAGG-1,2,B 细胞,不适用,3.0596,8.6927
GGAAGGACATCGGT-1,6,单核/髓系细胞,不适用,13.3924,4.4351
GGAAGGACCACTAG-1,1,T 细胞,初始/记忆型,1.4437,1.8607
GGAAGGACGAGGGT-1,1,T 细胞,初始/记忆型,2.4284,0.2819
GGAAGGACGCGAAG-1,0,T 细胞,细胞毒性型,1.6636,2.2105
GGAAGGTGGCGAGA-1,4,NK 细胞,不适用,-4.7739,1.6608
GGAATCTGAAGGGC-1,1,T 细胞,初始/记忆型,3.2207,1.328
GGAATCTGAGGAGC-1,1,T 细胞,初始/记忆型,5.3211,1.0611
GGAATCTGCTTAGG-1,2,B 细胞,不适用,2.6304,7.5836
GGAATCTGCTTGTT-1,6,单核/髓系细胞,不适用,12.8038,4.6114
GGAATCTGGGAGGT-1,5,T 细胞,初始/记忆型,5.0299,-0.0475
GGAATGCTTTCTAC-1,5,T 细胞,初始/记忆型,4.9772,-1.5083
GGACAGGAAAGGGC-1,0,T 细胞,细胞毒性型,-0.3162,1.8022
GGACAGGAGTGCTA-1,2,B 细胞,不适用,2.3616,7.5562
GGACAGGATCTCGC-1,0,T 细胞,细胞毒性型,1.843,1.8436
GGACCCGAAGCTAC-1,6,单核/髓系细胞,不适用,11.5936,3.0237
GGACCGTGCTTACT-1,6,单核/髓系细胞,不适用,12.3769,3.4015
GGACCGTGGGAACG-1,7,树突状细胞,不适用,10.3007,2.6383
GGACCGTGTAACGC-1,1,T 细胞,初始/记忆型,2.086,1.6829
GGACCTCTGTAAGA-1,6,单核/髓系细胞,不适用,13.0243,3.292
GGACCTCTTTTCTG-1,0,T 细胞,细胞毒性型,-1.4151,0.5825
GGACGAGAGTGTCA-1,6,单核/髓系细胞,不适用,14.6317,4.3729
GGACGCTGACGCAT-1,0,T 细胞,细胞毒性型,-0.1112,2.2944
GGACGCTGCTAGCA-1,5,T 细胞,初始/记忆型,3.598,-1.0406
GGACGCTGTCCTCG-1,4,NK 细胞,不适用,-4.8029,1.9476
GGAGAGACGTGAGG-1,2,B 细胞,不适用,2.2539,6.3529
GGAGCAGATTCAGG-1,2,B 细胞,不适用,1.6184,8.2679
GGAGCCACCTTCTA-1,2,B 细胞,不适用,2.2341,6.7653
GGAGCGCTACGCAT-1,3,单核/髓系细胞,不适用,11.0953,2.3764
GGAGCGCTCCGAAT-1,1,T 细胞,初始/记忆型,3.4992,1.3062
GGAGGATGCCACCT-1,5,T 细胞,初始/记忆型,3.757,-1.2276
GGAGGATGGTTGAC-1,6,单核/髓系细胞,不适用,11.5614,3.0981
GGAGGATGTCAGTG-1,6,单核/髓系细胞,不适用,11.9322,3.2805
GGAGGCCTCGTTGA-1,0,T 细胞,细胞毒性型,-2.9322,0.8727
GGAGGCCTTTCTTG-1,5,T 细胞,初始/记忆型,3.5129,-0.2441
GGAGGTGATACGCA-1,1,T 细胞,初始/记忆型,2.4456,1.7241
GGAGGTGATCGCTC-1,1,T 细胞,初始/记忆型,4.5177,1.1771
GGATACTGCAGCTA-1,1,T 细胞,初始/记忆型,4.711,1.3307
GGATACTGTCTAGG-1,1,T 细胞,初始/记忆型,3.2925,1.3275
GGATAGCTCGTCTC-1,1,T 细胞,初始/记忆型,3.0113,2.1089
GGATAGCTCTGAAC-1,0,T 细胞,细胞毒性型,-1.6174,0.9183
GGATGTACCAAAGA-1,2,B 细胞,不适用,2.9986,8.0943
GGATGTACGCGAAG-1,5,T 细胞,初始/记忆型,4.5959,-0.1398
GGATGTACGTCTTT-1,6,单核/髓系细胞,不适用,14.7491,4.0289
GGATGTACGTGTCA-1,0,T 细胞,细胞毒性型,-0.4418,0.9461
GGATTTCTAGGTTC-1,1,T 细胞,初始/记忆型,3.6054,1.4263
GGATTTCTTTGTCT-1,3,单核/髓系细胞,不适用,11.3313,2.0186
GGCAAGGAAAAAGC-1,4,NK 细胞,不适用,-4.4688,2.2142
GGCAAGGAAGAAGT-1,5,T 细胞,初始/记忆型,3.8395,-0.1455
GGCAAGGACTTGGA-1,6,单核/髓系细胞,不适用,11.6708,3.2551
GGCAAGGAGGACTT-1,1,T 细胞,初始/记忆型,3.5081,1.0241
GGCAATACGCTAAC-1,2,B 细胞,不适用,2.8997,8.3283
GGCAATACGGCATT-1,0,T 细胞,细胞毒性型,-0.2373,-0.1264
GGCAATACGTTTCT-1,2,B 细胞,不适用,2.9988,8.4991
GGCACGTGGCTTAG-1,3,单核/髓系细胞,不适用,12.6345,0.6271
GGCACGTGTGAGAA-1,7,树突状细胞,不适用,3.8458,4.4221
GGCACTCTTTTGTC-1,1,T 细胞,初始/记忆型,3.6198,1.7172
GGCATATGCTTATC-1,4,NK 细胞,不适用,-3.6368,1.8354
GGCATATGGGGAGT-1,8,树突状细胞,不适用,16.9139,-0.0927
GGCATATGTGTGAC-1,1,T 细胞,初始/记忆型,3.7965,3.5127
GGCCACGACAGAGG-1,5,T 细胞,初始/记忆型,2.428,-1.3233
GGCCAGACTGGTTG-1,1,T 细胞,初始/记忆型,2.7085,0.4466
GGCCCAGAAAGTAG-1,6,单核/髓系细胞,不适用,12.6653,4.9051
GGCCGAACAACGAA-1,5,T 细胞,初始/记忆型,3.4555,-1.8858
GGCCGAACGCAGAG-1,5,T 细胞,初始/记忆型,2.5737,-1.1676
GGCCGAACGTAGGG-1,5,T 细胞,初始/记忆型,4.6694,-1.6503
GGCCGAACTCTAGG-1,4,NK 细胞,不适用,-4.4368,1.3641
GGCCGATGCAGGAG-1,1,T 细胞,初始/记忆型,4.5896,1.1879
GGCCGATGCCGAAT-1,1,T 细胞,初始/记忆型,3.6833,2.1828
GGCCGATGTACTCT-1,0,T 细胞,细胞毒性型,0.3266,1.212
GGCGACACTGCCCT-1,0,T 细胞,细胞毒性型,-1.0128,2.1614
GGCGACTGCGTAAC-1,1,T 细胞,初始/记忆型,4.1158,1.6805
GGCGCATGCCTAAG-1,3,单核/髓系细胞,不适用,12.8896,-0.5312
GGCGCATGCTCCAC-1,5,T 细胞,初始/记忆型,4.6938,-0.2199
GGCGCATGTGGAAA-1,1,T 细胞,初始/记忆型,3.1922,0.102
GGCGGACTAGAGGC-1,1,T 细胞,初始/记忆型,2.1983,2.0798
GGCGGACTAGGAGC-1,0,T 细胞,细胞毒性型,-0.1177,2.3014
GGCGGACTCTGACA-1,5,T 细胞,初始/记忆型,3.957,-2.1964
GGCGGACTCTTGGA-1,0,T 细胞,细胞毒性型,-0.9133,0.7284
GGCGGACTTACTGG-1,5,T 细胞,初始/记忆型,2.708,-1.3914
GGCGGACTTGAACC-1,1,T 细胞,初始/记忆型,3.5067,1.516
GGCTAAACACCTGA-1,4,NK 细胞,不适用,-2.8642,2.2303
GGCTAAACTCTTAC-1,5,T 细胞,初始/记忆型,4.7112,-0.3218
GGCTAATGAGCACT-1,0,T 细胞,细胞毒性型,0.1248,1.5985
GGCTAATGGTCTAG-1,5,T 细胞,初始/记忆型,4.1883,-2.0381
GGCTCACTACTCAG-1,6,单核/髓系细胞,不适用,12.1328,4.2838
GGGAACGAAGCTCA-1,3,单核/髓系细胞,不适用,12.1607,-0.78
GGGAACGACACAAC-1,2,B 细胞,不适用,2.6042,7.7472
GGGAACGAGTGTCA-1,6,单核/髓系细胞,不适用,12.7933,3.1112
GGGAAGTGTTGAGC-1,6,单核/髓系细胞,不适用,14.2808,4.5621
GGGACCACACGTTG-1,0,T 细胞,细胞毒性型,-2.5377,0.8046
GGGACCACAGAACA-1,5,T 细胞,初始/记忆型,4.3475,-1.1942
GGGACCACGAATAG-1,1,T 细胞,初始/记忆型,4.7983,1.1825
GGGACCACGTCATG-1,5,T 细胞,初始/记忆型,4.1394,-0.7835
GGGACCACTCAAGC-1,5,T 细胞,初始/记忆型,4.687,-0.8705
GGGACCACTCGTGA-1,5,T 细胞,初始/记忆型,3.077,-1.6041
GGGACCACTGCATG-1,5,T 细胞,初始/记忆型,2.5723,-1.2744
GGGACCTGACCCTC-1,6,单核/髓系细胞,不适用,12.391,3.6335
GGGACCTGCTTGCC-1,5,T 细胞,初始/记忆型,4.6721,-0.9701
GGGACCTGTGGAGG-1,2,B 细胞,不适用,2.5055,8.7977
GGGATGGACGACAT-1,2,B 细胞,不适用,1.6439,7.8775
GGGATGGATACTTC-1,1,T 细胞,初始/记忆型,2.466,1.3448
GGGATGGATGGTTG-1,6,单核/髓系细胞,不适用,12.1434,4.0368
GGGATTACGTCTAG-1,1,T 细胞,初始/记忆型,3.6834,1.0825
GGGCAAGATGCATG-1,6,单核/髓系细胞,不适用,13.8885,4.9737
GGGCACACGGTGAG-1,3,单核/髓系细胞,不适用,13.1881,-0.5932
GGGCACACGTTGCA-1,1,T 细胞,初始/记忆型,2.9405,1.2579
GGGCAGCTTGGGAG-1,0,T 细胞,细胞毒性型,-0.0304,1.6383
GGGCAGCTTTTCTG-1,5,T 细胞,初始/记忆型,4.1421,-1.9721
GGGCCAACCTTGGA-1,7,树突状细胞,不适用,9.0024,2.8706
GGGCCAACGCGTTA-1,2,B 细胞,不适用,1.886,7.2001
GGGCCAACTACGCA-1,6,单核/髓系细胞,不适用,12.3197,3.8898
GGGCCAACTCCAAG-1,2,B 细胞,不适用,2.3291,7.5482
GGGCCATGATGGTC-1,0,T 细胞,细胞毒性型,1.5177,1.776
GGGCCATGTTGACG-1,1,T 细胞,初始/记忆型,4.7141,1.9601
GGGTAACTCAGCTA-1,1,T 细胞,初始/记忆型,4.1557,0.3653
GGGTAACTCTAGTG-1,2,B 细胞,不适用,2.8469,8.6514
GGGTAACTCTGGAT-1,1,T 细胞,初始/记忆型,2.2277,0.1145
GGGTTAACGTGCAT-1,4,NK 细胞,不适用,-3.6456,1.4749
GGTAAAGAGCTAAC-1,0,T 细胞,细胞毒性型,-2.8739,0.5512
GGTACAACTGCAAC-1,1,T 细胞,初始/记忆型,3.3658,1.2293
GGTACATGAAAGCA-1,2,B 细胞,不适用,3.3636,7.2679
GGTACATGAGCTCA-1,1,T 细胞,初始/记忆型,1.9585,2.0857
GGTACATGCGGTAT-1,5,T 细胞,初始/记忆型,2.9122,-0.9743
GGTACATGGTTACG-1,0,T 细胞,细胞毒性型,1.458,0.0371
GGTACATGTGGGAG-1,1,T 细胞,初始/记忆型,2.5853,1.7278
GGTACTGAACTCTT-1,6,单核/髓系细胞,不适用,12.6297,4.0155
GGTAGTACACCACA-1,0,T 细胞,细胞毒性型,1.4051,1.5613
GGTAGTACACTAGC-1,6,单核/髓系细胞,不适用,12.8567,2.8486
GGTAGTACCCTGTC-1,5,T 细胞,初始/记忆型,4.3056,0.1686
GGTAGTACGCCATA-1,6,单核/髓系细胞,不适用,13.5239,4.0679
GGTAGTACTGTCTT-1,0,T 细胞,细胞毒性型,0.8824,1.4391
GGTATCGAGACAAA-1,6,单核/髓系细胞,不适用,13.2122,4.7913
GGTATCGATGAACC-1,2,B 细胞,不适用,1.5661,8.4891
GGTCAAACCAAAGA-1,1,T 细胞,初始/记忆型,5.2444,1.4716
GGTCTAGAGAAACA-1,6,单核/髓系细胞,不适用,13.9281,4.8181
GGTCTAGATAGCGT-1,3,单核/髓系细胞,不适用,10.8603,2.1932
GGTGATACCGACTA-1,2,B 细胞,不适用,2.6215,7.2374
GGTGATACGACTAC-1,6,单核/髓系细胞,不适用,13.174,4.268
GGTGATACTGTTTC-1,5,T 细胞,初始/记忆型,3.6328,-1.3429
GGTGGAGAAACGGG-1,4,NK 细胞,不适用,-2.7043,2.5549
GGTGGAGAAGTAGA-1,1,T 细胞,初始/记忆型,3.8411,2.3399
GGTGGAGACAGATC-1,0,T 细胞,细胞毒性型,-2.4245,1.8955
GGTGGAGATCGATG-1,1,T 细胞,初始/记忆型,4.6541,1.6358
GGTGGAGATCTCTA-1,6,单核/髓系细胞,不适用,14.5819,4.8313
GGTGGAGATTACTC-1,0,T 细胞,细胞毒性型,-2.3042,0.9092
GGTTTACTACGCAT-1,0,T 细胞,细胞毒性型,-0.506,2.0488
GTAACGTGACCTCC-1,6,单核/髓系细胞,不适用,12.169,3.3863
GTAACGTGATCGGT-1,2,B 细胞,不适用,3.0203,7.6393
GTAACGTGCAGCTA-1,2,B 细胞,不适用,1.266,8.157
GTAACGTGGTTGAC-1,2,B 细胞,不适用,1.6932,7.5333
GTAAGCACAACGGG-1,5,T 细胞,初始/记忆型,5.2514,0.1926
GTAAGCACTCATTC-1,2,B 细胞,不适用,1.6184,8.0134
GTAAGCTGGTACCA-1,6,单核/髓系细胞,不适用,12.8974,3.6762
GTAATAACCTTCTA-1,6,单核/髓系细胞,不适用,12.1942,4.277
GTAATAACGTTGTG-1,5,T 细胞,初始/记忆型,2.3713,-1.2837
GTACCCTGACAGTC-1,3,单核/髓系细胞,不适用,13.0238,-0.017
GTACCCTGGAGCTT-1,5,T 细胞,初始/记忆型,4.0202,-0.4388
GTACCCTGTCCTTA-1,0,T 细胞,细胞毒性型,-2.0676,0.7704
GTACCCTGTGAACC-1,5,T 细胞,初始/记忆型,1.9946,-0.3244
GTACGTGAACGTTG-1,0,T 细胞,细胞毒性型,-1.4221,0.4495
GTACTTTGTCGACA-1,0,T 细胞,细胞毒性型,-0.1938,1.5133
GTAGACTGAGATGA-1,6,单核/髓系细胞,不适用,12.735,3.4938
GTAGACTGTATTCC-1,1,T 细胞,初始/记忆型,5.0839,0.7976
GTAGCAACAGTCGT-1,6,单核/髓系细胞,不适用,13.3286,4.5574
GTAGCAACCATTTC-1,2,B 细胞,不适用,1.8502,6.9338
GTAGCAACGGTAGG-1,6,单核/髓系细胞,不适用,14.3938,4.6507
GTAGCATGCACTCC-1,2,B 细胞,不适用,2.0129,7.5704
GTAGCATGTAAGCC-1,6,单核/髓系细胞,不适用,13.7335,5.1278
GTAGCCCTGACGTT-1,5,T 细胞,初始/记忆型,2.3777,-0.2614
GTAGCTGAAGCTAC-1,3,单核/髓系细胞,不适用,11.7919,-0.2242
GTAGCTGAATTCGG-1,1,T 细胞,初始/记忆型,5.2241,1.0753
GTAGGTACACGGGA-1,6,单核/髓系细胞,不适用,12.5029,4.3317
GTAGTGACCTCATT-1,5,T 细胞,初始/记忆型,2.4336,-1.1074
GTAGTGTGAGCGGA-1,4,NK 细胞,不适用,-3.7412,2.2818
GTAGTGTGAGGCGA-1,6,单核/髓系细胞,不适用,13.2484,3.9887
GTAGTGTGTGGTTG-1,5,T 细胞,初始/记忆型,4.8107,0.3816
GTATCACTGGTAGG-1,6,单核/髓系细胞,不适用,11.9876,3.9224
GTATCTACAGAAGT-1,0,T 细胞,细胞毒性型,-2.4972,1.038
GTATCTACGACGAG-1,0,T 细胞,细胞毒性型,-1.1596,0.9919
GTATCTACGTTACG-1,1,T 细胞,初始/记忆型,2.441,1.8838
GTATTAGAAACAGA-1,1,T 细胞,初始/记忆型,3.8473,3.8028
GTATTAGAGGTCTA-1,5,T 细胞,初始/记忆型,1.7469,-1.0234
GTATTCACACAGCT-1,5,T 细胞,初始/记忆型,3.1471,-2.1003
GTATTCACGGGTGA-1,0,T 细胞,细胞毒性型,-0.8182,1.2312
GTCAACGACACTGA-1,1,T 细胞,初始/记忆型,3.3348,1.5637
GTCAACGAGTGTAC-1,6,单核/髓系细胞,不适用,12.5283,2.9453
GTCAACGATCAGGT-1,0,T 细胞,细胞毒性型,0.9235,-0.3687
GTCAATCTACACCA-1,0,T 细胞,细胞毒性型,0.0191,1.1677
GTCAATCTGTAGCT-1,0,T 细胞,细胞毒性型,-0.127,2.526
GTCAATCTTGTGGT-1,5,T 细胞,初始/记忆型,5.5097,0.1133
GTCACCTGCCTCCA-1,1,T 细胞,初始/记忆型,4.0809,1.0562
GTCACCTGTCCCGT-1,1,T 细胞,初始/记忆型,3.4782,1.0519
GTCATACTAATCGC-1,2,B 细胞,不适用,2.0791,7.4059
GTCATACTGCGATT-1,0,T 细胞,细胞毒性型,-2.4474,1.2014
GTCATACTTCGCCT-1,8,树突状细胞,不适用,16.8098,0.0029
GTCATACTTTACCT-1,0,T 细胞,细胞毒性型,-0.527,1.4487
GTCATACTTTGACG-1,5,T 细胞,初始/记忆型,5.2798,0.5408
GTCCAAGAAAAACG-1,5,T 细胞,初始/记忆型,3.9458,-1.7109
GTCCACTGACCTCC-1,5,T 细胞,初始/记忆型,3.3075,-0.5315
GTCCACTGGGTACT-1,3,单核/髓系细胞,不适用,11.6879,-0.0163
GTCCAGCTACGGGA-1,5,T 细胞,初始/记忆型,5.0559,-1.2236
GTCCCATGTGGTGT-1,3,单核/髓系细胞,不适用,11.1932,2.1602
GTCGAATGAAGGCG-1,3,单核/髓系细胞,不适用,11.0397,2.4615
GTCGACCTGAATGA-1,4,NK 细胞,不适用,-3.9372,2.074
GTCGACCTGTTCAG-1,5,T 细胞,初始/记忆型,1.9321,-0.6545
GTCGCACTTGAGAA-1,2,B 细胞,不适用,3.1068,7.0036
GTCTAACTGGTCTA-1,3,单核/髓系细胞,不适用,12.6279,0.795
GTCTAGGAGCTTCC-1,6,单核/髓系细胞,不适用,11.803,3.6772
GTGAACACACTCTT-1,5,T 细胞,初始/记忆型,4.1669,-1.2113
GTGAACACAGATCC-1,0,T 细胞,细胞毒性型,0.2637,1.1894
GTGAACACTCAGGT-1,1,T 细胞,初始/记忆型,3.2328,1.5285
GTGACCCTTAAGCC-1,1,T 细胞,初始/记忆型,1.7304,0.3445
GTGATGACAAGTGA-1,1,T 细胞,初始/记忆型,3.968,3.191
GTGATGACCTGAGT-1,2,B 细胞,不适用,1.6836,8.5212
GTGATGACGGTTTG-1,0,T 细胞,细胞毒性型,0.7903,1.2381
GTGATTCTCATTTC-1,1,T 细胞,初始/记忆型,3.6259,3.0068
GTGATTCTCTCTCG-1,6,单核/髓系细胞,不适用,13.3359,4.8718
GTGATTCTGGTTCA-1,4,NK 细胞,不适用,-3.9469,1.3236
GTGATTCTGTCGAT-1,5,T 细胞,初始/记忆型,4.9045,-1.2421
GTGATTCTTAGCGT-1,2,B 细胞,不适用,2.0113,8.5884
GTGCCACTCAGGAG-1,5,T 细胞,初始/记忆型,4.3242,0.3287
GTGGATTGCACTAG-1,3,单核/髓系细胞,不适用,11.9791,-0.4508
GTGGATTGCGGAGA-1,1,T 细胞,初始/记忆型,2.9264,2.2529
GTGGATTGTAACGC-1,5,T 细胞,初始/记忆型,3.7621,-0.6225
GTGTACGATCAGTG-1,5,T 细胞,初始/记忆型,3.5006,-0.3935
GTGTAGTGGGTACT-1,1,T 细胞,初始/记忆型,1.9059,1.1422
GTGTATCTAGCCTA-1,2,B 细胞,不适用,2.4474,8.0243
GTGTATCTAGTAGA-1,4,NK 细胞,不适用,-2.9391,1.9114
GTGTATCTGTTACG-1,2,B 细胞,不适用,3.0836,7.2953
GTGTCAGAAGCGTT-1,0,T 细胞,细胞毒性型,-2.443,1.0465
GTGTCAGAATGCTG-1,5,T 细胞,初始/记忆型,3.4021,-1.7398
GTTAAAACCGAGAG-1,0,T 细胞,细胞毒性型,-3.2043,1.0579
GTTAAAACTTCGCC-1,0,T 细胞,细胞毒性型,1.3216,0.6212
GTTAAATGCTCGAA-1,0,T 细胞,细胞毒性型,1.0526,0.826
GTTAAATGTCGACA-1,2,B 细胞,不适用,2.8509,7.0103
GTTAACCTAGCTAC-1,1,T 细胞,初始/记忆型,2.379,0.3451
GTTAACCTTGCTTT-1,7,树突状细胞,不适用,9.3902,2.7804
GTTAGGTGCACTCC-1,1,T 细胞,初始/记忆型,2.3287,0.3036
GTTAGGTGCCAGTA-1,6,单核/髓系细胞,不适用,11.9724,4.5656
GTTAGGTGCCCAAA-1,3,单核/髓系细胞,不适用,12.7585,0.3288
GTTAGGTGGAACTC-1,2,B 细胞,不适用,1.6633,8.76
GTTAGTCTAAGAAC-1,0,T 细胞,细胞毒性型,0.3224,1.2407
GTTATAGAGGACAG-1,5,T 细胞,初始/记忆型,1.5295,0.1768
GTTATGCTTTCATC-1,5,T 细胞,初始/记忆型,3.2356,-0.4599
GTTCAACTGGGACA-1,4,NK 细胞,不适用,-4.0999,1.5244
GTTCAACTTATGCG-1,5,T 细胞,初始/记忆型,4.148,-1.8481
GTTGACGAGCCCTT-1,0,T 细胞,细胞毒性型,-2.3365,0.8499
GTTGACGATATCGG-1,4,NK 细胞,不适用,-4.6795,1.8227
GTTGAGTGGTCTTT-1,6,单核/髓系细胞,不适用,11.3645,3.3025
GTTGAGTGTGCTTT-1,1,T 细胞,初始/记忆型,2.1008,1.2356
GTTGATCTGGGACA-1,5,T 细胞,初始/记忆型,3.0812,-1.9531
GTTGATCTTTTCAC-1,0,T 细胞,细胞毒性型,-1.0013,0.9302
GTTGGATGTTTACC-1,3,单核/髓系细胞,不适用,12.6449,-0.4477
GTTGTACTATTCCT-1,6,单核/髓系细胞,不适用,11.7702,4.4899
GTTGTACTTTTGGG-1,1,T 细胞,初始/记忆型,3.526,0.5803
GTTTAAGACCATGA-1,6,单核/髓系细胞,不适用,11.9182,3.5243
GTTTAAGACTGTCC-1,0,T 细胞,细胞毒性型,-1.2244,0.949
TAAACAACCAACCA-1,1,T 细胞,初始/记忆型,3.2889,2.2364
TAAACAACGAATCC-1,2,B 细胞,不适用,2.3204,7.296
TAAAGACTCAGGAG-1,1,T 细胞,初始/记忆型,2.3359,1.7726
TAAATCGATGAGGG-1,1,T 细胞,初始/记忆型,4.0734,-0.0249
TAACAATGTGCCCT-1,2,B 细胞,不适用,1.9947,7.6253
TAACACCTTCGCTC-1,6,单核/髓系细胞,不适用,12.2598,3.5491
TAACACCTTCGTAG-1,6,单核/髓系细胞,不适用,11.5515,3.5276
TAACACCTTGTTTC-1,8,树突状细胞,不适用,16.813,-0.0341
TAACATGACACTAG-1,2,B 细胞,不适用,2.023,6.7568
TAACCGGACTTACT-1,5,T 细胞,初始/记忆型,4.5087,-1.7441
TAACGTCTCAACCA-1,6,单核/髓系细胞,不适用,14.2256,4.6392
TAACGTCTCATTGG-1,5,T 细胞,初始/记忆型,4.3103,0.1457
TAACTAGAATTTCC-1,1,T 细胞,初始/记忆型,3.0555,2.0863
TAACTAGACTTAGG-1,1,T 细胞,初始/记忆型,2.9308,2.4023
TAACTAGATCTGGA-1,5,T 细胞,初始/记忆型,3.0627,-1.3315
TAACTCACGAGGAC-1,6,单核/髓系细胞,不适用,13.39,4.1478
TAACTCACGTACAC-1,2,B 细胞,不适用,2.7391,8.6397
TAACTCACGTATCG-1,6,单核/髓系细胞,不适用,12.5801,4.2865
TAACTCACTCTACT-1,4,NK 细胞,不适用,-4.3856,1.4331
TAAGAACTGTGTCA-1,6,单核/髓系细胞,不适用,14.0196,5.0724
TAAGAGGACTAAGC-1,2,B 细胞,不适用,2.145,7.2054
TAAGAGGACTTGTT-1,4,NK 细胞,不适用,-3.2474,1.8618
TAAGATACCCACAA-1,5,T 细胞,初始/记忆型,1.5714,-0.4101
TAAGATACGGTTCA-1,6,单核/髓系细胞,不适用,12.8298,2.9548
TAAGATTGCGTAGT-1,5,T 细胞,初始/记忆型,5.0792,-0.5885
TAAGATTGTTGCTT-1,1,T 细胞,初始/记忆型,3.9937,2.8216
TAAGCGTGAGGTTC-1,6,单核/髓系细胞,不适用,12.372,4.8303
TAAGCGTGGACAAA-1,3,单核/髓系细胞,不适用,11.5071,1.7048
TAAGCGTGGGAAAT-1,5,T 细胞,初始/记忆型,5.2126,-0.6132
TAAGCGTGTGCTCC-1,3,单核/髓系细胞,不适用,11.9111,1.1096
TAAGGCTGCCATGA-1,0,T 细胞,细胞毒性型,1.1334,0.9481
TAAGGCTGCTGCTC-1,5,T 细胞,初始/记忆型,2.9091,-1.1732
TAAGGCTGTCTCGC-1,6,单核/髓系细胞,不适用,11.2753,3.2204
TAAGGGCTGCTGTA-1,1,T 细胞,初始/记忆型,2.7573,1.8926
TAAGGGCTTTACTC-1,5,T 细胞,初始/记忆型,2.9005,-0.2607
TAAGTAACCGAGAG-1,2,B 细胞,不适用,3.1564,8.715
TAAGTAACCTCCAC-1,2,B 细胞,不适用,2.6185,8.01
TAAGTAACCTGTAG-1,1,T 细胞,初始/记忆型,3.0586,2.3706
TAAGTAACTTGTCT-1,0,T 细胞,细胞毒性型,0.8747,1.2631
TAATGATGAGCGGA-1,5,T 细胞,初始/记忆型,4.5238,0.0287
TAATGCCTCATGAC-1,1,T 细胞,初始/记忆型,4.7806,1.287
TAATGCCTCGTCTC-1,4,NK 细胞,不适用,-4.2928,2.0794
TAATGTGAAGATGA-1,5,T 细胞,初始/记忆型,4.5854,-0.6812
TAATGTGACTGCAA-1,3,单核/髓系细胞,不适用,12.0591,2.5413
TAATGTGATTACTC-1,0,T 细胞,细胞毒性型,1.0126,1.4193
TACAAATGGGTACT-1,1,T 细胞,初始/记忆型,2.611,2.0485
TACAATGAAAACAG-1,6,单核/髓系细胞,不适用,12.6879,5.0378
TACAATGACTTAGG-1,1,T 细胞,初始/记忆型,2.104,0.1664
TACAATGATGCTAG-1,0,T 细胞,细胞毒性型,-0.169,1.0485
TACACACTCACACA-1,5,T 细胞,初始/记忆型,4.9294,-0.5603
TACACACTCTTACT-1,1,T 细胞,初始/记忆型,2.403,0.3392
TACATAGAACGCAT-1,0,T 细胞,细胞毒性型,-0.2112,1.8837
TACATCACACGGGA-1,5,T 细胞,初始/记忆型,3.7053,-0.4087
TACATCACCTGTTT-1,3,单核/髓系细胞,不适用,12.1037,-0.5903
TACATCACGCTAAC-1,2,B 细胞,不适用,2.1598,8.2161
TACATCACTGAACC-1,3,单核/髓系细胞,不适用,12.4951,0.2421
TACCATTGAGGTTC-1,5,T 细胞,初始/记忆型,5.2236,0.1342
TACCATTGCGGGAA-1,3,单核/髓系细胞,不适用,12.5236,1.5258
TACCATTGGGGATG-1,6,单核/髓系细胞,不适用,14.5526,3.7508
TACCATTGTGAGGG-1,6,单核/髓系细胞,不适用,14.3073,3.8674
TACCGGCTGTTGGT-1,5,T 细胞,初始/记忆型,4.0041,0.0765
TACGAGTGATCTCT-1,5,T 细胞,初始/记忆型,3.1962,-0.5779
TACGAGTGATGCTG-1,3,单核/髓系细胞,不适用,11.958,1.313
TACGAGTGCGGAGA-1,1,T 细胞,初始/记忆型,4.9704,1.6506
TACGAGTGGTTGGT-1,1,T 细胞,初始/记忆型,3.8621,1.741
TACGATCTAGTGTC-1,5,T 细胞,初始/记忆型,2.5745,-0.6407
TACGATCTCACTGA-1,3,单核/髓系细胞,不适用,12.2757,2.0068
TACGATCTTACGAC-1,0,T 细胞,细胞毒性型,-0.2604,0.7792
TACGCAGACGTCTC-1,2,B 细胞,不适用,1.7134,7.4911
TACGCAGAGAATCC-1,4,NK 细胞,不适用,-2.4278,2.4937
TACGCCACATTCCT-1,5,T 细胞,初始/记忆型,5.2102,-0.9981
TACGCCACTCCCAC-1,3,单核/髓系细胞,不适用,12.7121,-0.6766
TACGCCACTCCGAA-1,2,B 细胞,不适用,1.4823,7.5951
TACGCGCTCTTCTA-1,0,T 细胞,细胞毒性型,0.9336,1.4924
TACGGAACGCGTTA-1,2,B 细胞,不适用,2.8071,8.7866
TACGGCCTGGGACA-1,4,NK 细胞,不适用,-3.7038,2.0682
TACGGCCTGTCCTC-1,5,T 细胞,初始/记忆型,3.2164,-1.5988
TACGTACTACGGAG-1,0,T 细胞,细胞毒性型,1.2849,2.5209
TACGTACTCAGTTG-1,1,T 细胞,初始/记忆型,3.3678,1.2351
TACGTACTCCCGTT-1,2,B 细胞,不适用,2.3282,8.9653
TACGTTACAGAAGT-1,1,T 细胞,初始/记忆型,3.1904,1.6201
TACGTTACCAAGCT-1,6,单核/髓系细胞,不适用,13.6474,5.0035
TACTAAGAAAGGTA-1,2,B 细胞,不适用,1.2932,8.2666
TACTAAGAATCACG-1,5,T 细胞,初始/记忆型,2.7445,-0.7382
TACTAAGATGATGC-1,6,单核/髓系细胞,不适用,12.5323,3.8757
TACTAAGATTGCGA-1,1,T 细胞,初始/记忆型,4.5901,1.1481
TACTACACGAGAGC-1,1,T 细胞,初始/记忆型,3.2812,1.6761
TACTACACTTACCT-1,2,B 细胞,不适用,1.214,8.7103
TACTACTGAACCTG-1,6,单核/髓系细胞,不适用,13.2151,3.7792
TACTACTGATGTCG-1,0,T 细胞,细胞毒性型,-2.3507,0.6318
TACTACTGATTCTC-1,5,T 细胞,初始/记忆型,3.6807,-2.1457
TACTACTGTATGGC-1,5,T 细胞,初始/记忆型,4.2328,-1.1578
TACTCAACGGTCTA-1,6,单核/髓系细胞,不适用,12.8087,4.4457
TACTCAACTGCTAG-1,2,B 细胞,不适用,2.2467,8.0604
TACTCCCTCAGTTG-1,1,T 细胞,初始/记忆型,3.3465,0.57
TACTCTGAATCGAC-1,4,NK 细胞,不适用,-4.2754,1.9521
TACTCTGACGAGTT-1,1,T 细胞,初始/记忆型,3.9344,1.2141
TACTCTGATTGACG-1,2,B 细胞,不适用,1.9533,8.3511
TACTGGGATCGATG-1,1,T 细胞,初始/记忆型,4.1739,1.5421
TACTGTTGAAAGCA-1,1,T 细胞,初始/记忆型,3.4624,0.6676
TACTGTTGAGGCGA-1,4,NK 细胞,不适用,-4.4848,0.9576
TACTGTTGCTGAAC-1,7,树突状细胞,不适用,3.9464,4.0626
TACTTGACTCCTCG-1,0,T 细胞,细胞毒性型,-0.2433,0.6608
TACTTGACTGGTGT-1,2,B 细胞,不适用,1.7532,8.9024
TACTTTCTTTTGGG-1,0,T 细胞,细胞毒性型,0.3348,1.0922
TAGAAACTAATCGC-1,5,T 细胞,初始/记忆型,4.8272,-0.8565
TAGAAACTGCTTCC-1,6,单核/髓系细胞,不适用,12.6101,4.3344
TAGAAACTGGGATG-1,0,T 细胞,细胞毒性型,-2.23,0.9727
TAGAATTGCGACAT-1,5,T 细胞,初始/记忆型,3.7835,-1.9654
TAGAATTGTATCGG-1,5,T 细胞,初始/记忆型,4.3245,-1.1456
TAGACGTGCTTGAG-1,5,T 细胞,初始/记忆型,2.2012,-0.8898
TAGACGTGTCGCTC-1,5,T 细胞,初始/记忆型,4.3407,0.2784
TAGAGCACCTTACT-1,2,B 细胞,不适用,1.4539,8.5778
TAGATTGACTTGTT-1,2,B 细胞,不适用,2.4515,8.1704
TAGATTGAGGCATT-1,0,T 细胞,细胞毒性型,-0.7811,0.1372
TAGCATCTCAGCTA-1,4,NK 细胞,不适用,-4.3604,1.3256
TAGCATCTCCCTCA-1,1,T 细胞,初始/记忆型,2.5577,1.7482
TAGCATCTGCTGTA-1,3,单核/髓系细胞,不适用,12.7007,-0.0835
TAGCATCTGGGACA-1,5,T 细胞,初始/记忆型,3.6734,-1.6312
TAGCATCTTGTCGA-1,5,T 细胞,初始/记忆型,3.4932,-2.0185
TAGCCCACAAAAGC-1,1,T 细胞,初始/记忆型,3.7862,2.5871
TAGCCCACAGCCAT-1,0,T 细胞,细胞毒性型,0.5578,2.1537
TAGCCCACAGCTAC-1,4,NK 细胞,不适用,-3.9518,2.1997
TAGCCCACCCACAA-1,5,T 细胞,初始/记忆型,3.2906,-1.3912
TAGCCCTGCGGAGA-1,0,T 细胞,细胞毒性型,1.1843,0.7842
TAGCCGCTTACGAC-1,1,T 细胞,初始/记忆型,4.3728,1.3615
TAGCCGCTTACTTC-1,0,T 细胞,细胞毒性型,-0.4666,1.3787
TAGCCGCTTTCCAT-1,3,单核/髓系细胞,不适用,12.5235,2.1157
TAGCTACTGAATAG-1,2,B 细胞,不适用,2.3815,8.1952
TAGCTACTGTAGCT-1,5,T 细胞,初始/记忆型,5.1357,-0.2977
TAGCTACTTTTGCT-1,0,T 细胞,细胞毒性型,0.7347,1.057
TAGGACTGTGCTGA-1,1,T 细胞,初始/记忆型,2.1827,1.2481
TAGGAGCTAAGGCG-1,2,B 细胞,不适用,2.8742,7.5238
TAGGAGCTGAGGGT-1,1,T 细胞,初始/记忆型,2.7511,0.7096
TAGGAGCTTGCATG-1,2,B 细胞,不适用,1.7531,8.2688
TAGGCAACCGTCTC-1,2,B 细胞,不适用,2.4678,8.4613
TAGGCATGCTCTCG-1,7,树突状细胞,不适用,8.5154,3.0589
TAGGCATGGCGAGA-1,0,T 细胞,细胞毒性型,-0.9016,1.0321
TAGGCTGATGCCTC-1,6,单核/髓系细胞,不适用,14.0339,3.484
TAGGGACTGAACTC-1,4,NK 细胞,不适用,-4.1895,1.3368
TAGGTCGACACTGA-1,5,T 细胞,初始/记忆型,4.5415,-1.7673
TAGGTCGAGGATCT-1,2,B 细胞,不适用,2.0873,8.609
TAGGTGACACACTG-1,1,T 细胞,初始/记忆型,3.4112,2.3812
TAGGTGACACGTTG-1,2,B 细胞,不适用,3.2845,8.181
TAGGTGTGTTCTGT-1,5,T 细胞,初始/记忆型,3.5519,-0.5808
TAGGTTCTGAAGGC-1,1,T 细胞,初始/记忆型,4.4691,2.0371
TAGGTTCTTCTTAC-1,3,单核/髓系细胞,不适用,13.1364,0.1954
TAGGTTCTTGCTGA-1,6,单核/髓系细胞,不适用,12.3117,4.8447
TAGTAAACCTCGCT-1,5,T 细胞,初始/记忆型,3.4904,-1.4096
TAGTAAACGTCACA-1,5,T 细胞,初始/记忆型,1.8465,0.4549
TAGTAATGAGATCC-1,5,T 细胞,初始/记忆型,4.9932,0.7605
TAGTACCTAAGAAC-1,6,单核/髓系细胞,不适用,12.9835,4.5749
TAGTATGATCTTAC-1,2,B 细胞,不适用,1.7819,7.7232
TAGTATGATTCTCA-1,1,T 细胞,初始/记忆型,3.5704,2.04
TAGTCTTGGCTGTA-1,5,T 细胞,初始/记忆型,3.217,-0.6275
TAGTCTTGGGACTT-1,1,T 细胞,初始/记忆型,2.166,0.1483
TAGTCTTGTGGAAA-1,0,T 细胞,细胞毒性型,-0.5283,2.2588
TAGTGGTGAAGTGA-1,4,NK 细胞,不适用,-4.6696,1.9818
TAGTTAGAACCACA-1,4,NK 细胞,不适用,-4.3627,1.1156
TAGTTAGATGAACC-1,5,T 细胞,初始/记忆型,3.9399,-0.1992
TATAAGACAACAGA-1,1,T 细胞,初始/记忆型,1.7811,-0.1916
TATAAGACAGCTCA-1,3,单核/髓系细胞,不适用,12.5047,-0.6657
TATAAGTGACACCA-1,3,单核/髓系细胞,不适用,12.8849,-0.9437
TATAAGTGTATCGG-1,6,单核/髓系细胞,不适用,13.6779,5.1367
TATAAGTGTGGTGT-1,3,单核/髓系细胞,不适用,12.0413,-0.6401
TATACAGAACCCTC-1,0,T 细胞,细胞毒性型,-1.0977,0.2805
TATACAGAAGAACA-1,5,T 细胞,初始/记忆型,4.0336,-1.382
TATACAGATCCAGA-1,1,T 细胞,初始/记忆型,2.5881,0.7088
TATACCACCTGATG-1,2,B 细胞,不适用,2.2928,8.6708
TATACGCTACCAAC-1,1,T 细胞,初始/记忆型,2.6202,1.3344
TATAGATGGACGGA-1,1,T 细胞,初始/记忆型,4.3804,1.3555
TATAGATGTTCCGC-1,3,单核/髓系细胞,不适用,12.1296,1.1771
TATCACTGACTGTG-1,6,单核/髓系细胞,不适用,14.0071,4.9092
TATCCAACCAGCTA-1,6,单核/髓系细胞,不适用,13.1854,4.1212
TATCCAACTCTCTA-1,0,T 细胞,细胞毒性型,0.4495,1.8092
TATCGACTACTAGC-1,5,T 细胞,初始/记忆型,2.1379,-0.144
TATCGACTCGATAC-1,3,单核/髓系细胞,不适用,12.3882,-0.512
TATCGTACAGATGA-1,0,T 细胞,细胞毒性型,-0.4334,0.9549
TATCGTACATTCCT-1,6,单核/髓系细胞,不适用,13.1057,2.9277
TATCTCGAGAGATA-1,5,T 细胞,初始/记忆型,3.2185,-0.9486
TATCTGACAGGTTC-1,0,T 细胞,细胞毒性型,-1.3382,0.7856
TATCTGACTGTTTC-1,0,T 细胞,细胞毒性型,0.3881,0.9771
TATCTTCTAAACAG-1,5,T 细胞,初始/记忆型,3.3746,-1.4967
TATGAATGGAGGAC-1,4,NK 细胞,不适用,-3.0779,1.5092
TATGAATGTTTGCT-1,3,单核/髓系细胞,不适用,12.8981,-0.6074
TATGCGGATAACCG-1,1,T 细胞,初始/记忆型,2.8085,2.1611
TATGGGTGCATCAG-1,4,NK 细胞,不适用,-4.658,2.2867
TATGGGTGCTAGCA-1,2,B 细胞,不适用,2.889,6.8353
TATGGTCTCTACCC-1,5,T 细胞,初始/记忆型,2.3093,0.1267
TATGTCACGGAACG-1,2,B 细胞,不适用,1.9343,7.3684
TATGTCACTAACCG-1,3,单核/髓系细胞,不适用,11.1829,1.665
TATGTCACTTCTCA-1,2,B 细胞,不适用,2.417,7.5997
TATGTGCTCCGATA-1,6,单核/髓系细胞,不适用,12.6458,4.4971
TATGTGCTGGATTC-1,5,T 细胞,初始/记忆型,5.3197,-0.2271
TATTGCTGAAGAAC-1,6,单核/髓系细胞,不适用,14.3679,3.5853
TATTGCTGCCGTTC-1,2,B 细胞,不适用,2.0133,7.1872
TATTGCTGTCTGGA-1,5,T 细胞,初始/记忆型,3.9531,-1.2975
TATTGCTGTGCACA-1,0,T 细胞,细胞毒性型,0.4078,0.4088
TATTTCCTATTGGC-1,6,单核/髓系细胞,不适用,12.1695,3.1217
TATTTCCTGGAGGT-1,0,T 细胞,细胞毒性型,-3.1455,0.8263
TATTTCCTGGTGTT-1,1,T 细胞,初始/记忆型,3.7217,0.9024
TCAACACTGTTTGG-1,4,NK 细胞,不适用,-3.9041,2.0995
TCAAGGACAGCGTT-1,1,T 细胞,初始/记忆型,3.2284,0.485
TCAAGGACATTCTC-1,0,T 细胞,细胞毒性型,-2.1536,0.4289
TCAAGGACGGTGTT-1,6,单核/髓系细胞,不适用,12.4628,3.6227
TCAATCACACTCTT-1,0,T 细胞,细胞毒性型,-1.1359,1.3172
TCAATCACAGTCGT-1,3,单核/髓系细胞,不适用,13.0211,-0.3142
TCACAACTATGTGC-1,1,T 细胞,初始/记忆型,2.049,1.0287
TCACAACTTTGCTT-1,6,单核/髓系细胞,不适用,13.6586,4.3831
TCACATACACTTTC-1,0,T 细胞,细胞毒性型,1.1402,2.0576
TCACATACAGGGTG-1,5,T 细胞,初始/记忆型,3.6811,-1.5584
TCACCCGAGACGGA-1,6,单核/髓系细胞,不适用,11.7831,2.8184
TCACCGTGCTCGCT-1,3,单核/髓系细胞,不适用,11.8487,-0.5208
TCACCTCTACGACT-1,0,T 细胞,细胞毒性型,-0.0145,1.8485
TCACCTCTTCCAAG-1,3,单核/髓系细胞,不适用,12.6059,-0.512
TCACGAGAGGAGGT-1,2,B 细胞,不适用,1.6563,7.9985
TCACTATGGGGCAA-1,0,T 细胞,细胞毒性型,-1.0823,1.2954
TCACTATGGTTGTG-1,2,B 细胞,不适用,1.3891,7.6524
TCAGACGACGCTAA-1,1,T 细胞,初始/记忆型,3.2915,2.4149
TCAGACGACGTTAG-1,4,NK 细胞,不适用,-3.9881,0.8553
TCAGAGACTCCAGA-1,5,T 细胞,初始/记忆型,4.487,-1.8525
TCAGCAGACTCCAC-1,5,T 细胞,初始/记忆型,4.1756,-0.564
TCAGCGCTCTAGTG-1,0,T 细胞,细胞毒性型,0.2299,1.3476
TCAGCGCTGGATCT-1,2,B 细胞,不适用,2.5183,8.9203
TCAGCGCTGGTATC-1,0,T 细胞,细胞毒性型,-0.1069,1.7797
TCAGGATGAAGTAG-1,5,T 细胞,初始/记忆型,5.3356,-0.1179
TCAGGATGCCTTTA-1,3,单核/髓系细胞,不适用,12.143,-0.0312
TCAGTGGAAGATCC-1,0,T 细胞,细胞毒性型,-0.1535,0.3997
TCAGTTACCTACGA-1,6,单核/髓系细胞,不适用,13.1885,4.7826
TCAGTTACTAGAAG-1,1,T 细胞,初始/记忆型,3.296,1.4853
TCATCAACCCGATA-1,5,T 细胞,初始/记忆型,2.5177,-1.1522
TCATCAACTGTTCT-1,3,单核/髓系细胞,不适用,12.0997,2.4055
TCATCATGCAGTTG-1,1,T 细胞,初始/记忆型,4.0822,1.3817
TCATCCCTTACTGG-1,1,T 细胞,初始/记忆型,2.8194,2.3148
TCATTCGATACAGC-1,3,单核/髓系细胞,不适用,12.2779,0.4906
TCCACGTGGAAACA-1,5,T 细胞,初始/记忆型,4.2751,-0.509
TCCACTCTACACTG-1,1,T 细胞,初始/记忆型,4.5025,1.9797
TCCACTCTGAGCTT-1,6,单核/髓系细胞,不适用,12.1266,2.7263
TCCACTCTTACTTC-1,2,B 细胞,不适用,1.2553,7.8558
TCCATAACAAAGTG-1,5,T 细胞,初始/记忆型,3.9008,0.0673
TCCATAACCGTAGT-1,2,B 细胞,不适用,2.5589,7.0764
TCCATAACGATGAA-1,1,T 细胞,初始/记忆型,4.2113,2.7243
TCCATAACTACGCA-1,5,T 细胞,初始/记忆型,4.0244,-0.8857
TCCATCCTCCCTAC-1,0,T 细胞,细胞毒性型,-2.4353,0.2862
TCCCACGATCATTC-1,5,T 细胞,初始/记忆型,5.1218,0.0953
TCCCATCTCAAAGA-1,6,单核/髓系细胞,不适用,12.1438,4.5428
TCCCGAACACAGTC-1,4,NK 细胞,不适用,-3.5239,2.0037
TCCCGAACTTCGCC-1,3,单核/髓系细胞,不适用,12.5371,-0.9076
TCCCGATGAGATCC-1,1,T 细胞,初始/记忆型,4.3294,1.452
TCCCGATGCCTGAA-1,6,单核/髓系细胞,不适用,14.5911,4.0779
TCCCGATGCTGTGA-1,0,T 细胞,细胞毒性型,1.5389,0.7852
TCCCTACTCAACTG-1,2,B 细胞,不适用,1.8539,8.43
TCCGAAGACAATCG-1,6,单核/髓系细胞,不适用,12.5532,4.519
TCCGAAGACGTTAG-1,1,T 细胞,初始/记忆型,2.6138,0.3008
TCCGGACTGAGGTG-1,1,T 细胞,初始/记忆型,4.4323,1.5239
TCCGGACTGTACGT-1,0,T 细胞,细胞毒性型,-0.1838,1.332
TCCTAAACATCGAC-1,5,T 细胞,初始/记忆型,2.5708,-0.2308
TCCTAAACCGAGAG-1,1,T 细胞,初始/记忆型,3.3122,2.6688
TCCTAAACCGCATA-1,4,NK 细胞,不适用,-3.5295,1.2549
TCCTAATGGTTTGG-1,0,T 细胞,细胞毒性型,-2.3912,0.6667
TCCTACCTGTCGTA-1,1,T 细胞,初始/记忆型,3.1812,1.7566
TCCTATGAAAAGCA-1,0,T 细胞,细胞毒性型,-1.9128,0.9755
TCGAATCTCTGGTA-1,0,T 细胞,细胞毒性型,-1.7207,0.0778
TCGACCTGCCGATA-1,3,单核/髓系细胞,不适用,12.5214,-0.0284
TCGACGCTTCTATC-1,6,单核/髓系细胞,不适用,12.3202,3.5992
TCGACGCTTTGACG-1,1,T 细胞,初始/记忆型,3.9695,1.7423
TCGAGAACGACAGG-1,1,T 细胞,初始/记忆型,1.6064,1.4539
TCGAGAACGTTAGC-1,1,T 细胞,初始/记忆型,3.8632,3.445
TCGAGCCTATCAGC-1,2,B 细胞,不适用,1.6166,9.0692
TCGAGCCTGCGAGA-1,0,T 细胞,细胞毒性型,-0.0972,1.5962
TCGAGCCTTGTGAC-1,5,T 细胞,初始/记忆型,2.3013,-0.3512
TCGATACTATTCCT-1,0,T 细胞,细胞毒性型,1.4305,0.5318
TCGATACTTGCACA-1,5,T 细胞,初始/记忆型,4.1343,-0.2218
TCGATTTGATGCCA-1,6,单核/髓系细胞,不适用,12.7913,5.0125
TCGATTTGCACTCC-1,5,T 细胞,初始/记忆型,3.712,-1.1471
TCGATTTGCAGCTA-1,4,NK 细胞,不适用,-4.635,1.2413
TCGATTTGCCTACC-1,6,单核/髓系细胞,不适用,12.4755,3.7653
TCGATTTGTCGTGA-1,2,B 细胞,不适用,1.8446,7.646
TCGCACACCATCAG-1,6,单核/髓系细胞,不适用,14.3493,4.0958
TCGCAGCTAGATCC-1,0,T 细胞,细胞毒性型,-0.1207,1.5883
TCGCCATGAGACTC-1,5,T 细胞,初始/记忆型,3.8135,-1.8637
TCGCCATGTGGTCA-1,2,B 细胞,不适用,2.238,8.3855
TCGGACCTAACAGA-1,5,T 细胞,初始/记忆型,4.7266,-0.5636
TCGGACCTATAAGG-1,2,B 细胞,不适用,2.962,7.9133
TCGGACCTGTACAC-1,1,T 细胞,初始/记忆型,4.1963,2.2189
TCGGTAGAGTAGGG-1,5,T 细胞,初始/记忆型,4.9513,-1.2883
TCGGTAGATCCCAC-1,2,B 细胞,不适用,3.365,7.6867
TCGTAGGATCGACA-1,1,T 细胞,初始/记忆型,2.188,1.7992
TCGTGAGAACTGTG-1,2,B 细胞,不适用,3.0694,9.1044
TCGTTATGGACAAA-1,1,T 细胞,初始/记忆型,2.6831,1.5146
TCTAACACCAGTTG-1,4,NK 细胞,不适用,-3.5101,0.8674
TCTAACACGAGCAG-1,7,树突状细胞,不适用,9.5771,2.9112
TCTAACTGAACCAC-1,1,T 细胞,初始/记忆型,1.8825,1.8918
TCTAAGCTAATGCC-1,5,T 细胞,初始/记忆型,3.9702,-0.3166
TCTAAGCTTAGTCG-1,0,T 细胞,细胞毒性型,-1.8474,0.8534
TCTAAGCTTCTAGG-1,3,单核/髓系细胞,不适用,12.4187,0.1841
TCTAAGCTTGTTCT-1,6,单核/髓系细胞,不适用,13.5767,5.211
TCTAAGCTTTCGCC-1,2,B 细胞,不适用,1.1398,8.4504
TCTACAACGACTAC-1,6,单核/髓系细胞,不适用,11.7648,2.9334
TCTAGACTTAGAAG-1,6,单核/髓系细胞,不适用,13.4327,5.3691
TCTAGTTGCACCAA-1,3,单核/髓系细胞,不适用,11.5383,1.4974
TCTATGTGAAGAGT-1,6,单核/髓系细胞,不适用,13.672,2.8158
TCTATGTGAGTCTG-1,0,T 细胞,细胞毒性型,-0.0974,0.199
TCTCAAACCTAAGC-1,2,B 细胞,不适用,1.844,7.2984
TCTCTAGAATTTCC-1,1,T 细胞,初始/记忆型,2.798,1.5709
TCTGATACACGTGT-1,5,T 细胞,初始/记忆型,4.0432,-0.0862
TCTGATACTCGCCT-1,5,T 细胞,初始/记忆型,4.1168,-0.894
TCTTACGAACCTGA-1,6,单核/髓系细胞,不适用,12.4082,4.253
TCTTCAGAGCTACA-1,3,单核/髓系细胞,不适用,11.1452,1.693
TCTTGATGCGGAGA-1,0,T 细胞,细胞毒性型,-0.9659,0.4379
TGAAATTGGTGAGG-1,6,单核/髓系细胞,不适用,11.7158,3.2944
TGAACCGAAAACGA-1,5,T 细胞,初始/记忆型,2.5833,-0.9222
TGAACCGACTACTT-1,3,单核/髓系细胞,不适用,12.3979,-0.0521
TGAACCGATTCGGA-1,3,单核/髓系细胞,不适用,12.017,0.3199
TGAAGCACTCACGA-1,0,T 细胞,细胞毒性型,0.1286,2.113
TGAAGCTGAACGAA-1,5,T 细胞,初始/记忆型,3.6822,-0.6312
TGAAGCTGAGACTC-1,5,T 细胞,初始/记忆型,2.4641,-1.8511
TGAAGCTGCATGGT-1,2,B 细胞,不适用,2.4414,8.4319
TGAAGCTGCGTAAC-1,5,T 细胞,初始/记忆型,4.1753,-1.1539
TGAATAACCACTTT-1,5,T 细胞,初始/记忆型,5.4674,0.1748
TGAATAACTCCCAC-1,0,T 细胞,细胞毒性型,-2.0962,0.4882
TGACACGACCTTAT-1,2,B 细胞,不适用,1.3413,8.3227
TGACCAGACAACCA-1,1,T 细胞,初始/记忆型,4.2828,1.1881
TGACCAGAGGATTC-1,5,T 细胞,初始/记忆型,3.2484,-0.8862
TGACCGCTAAAAGC-1,1,T 细胞,初始/记忆型,3.6603,2.2852
TGACCGCTCTGCAA-1,5,T 细胞,初始/记忆型,2.7521,-2.0168
TGACGATGCAAAGA-1,6,单核/髓系细胞,不适用,13.3457,4.7372
TGACGCCTGTACCA-1,1,T 细胞,初始/记忆型,3.7746,3.6536
TGACGCCTTTACTC-1,1,T 细胞,初始/记忆型,4.5735,2.6497
TGACTGGAAGAGAT-1,6,单核/髓系细胞,不适用,14.0934,3.7992
TGACTGGACCGTAA-1,1,T 细胞,初始/记忆型,4.025,2.2643
TGACTGGACGCAAT-1,5,T 细胞,初始/记忆型,3.9188,-0.642
TGACTGGAGGACAG-1,2,B 细胞,不适用,2.1144,7.235
TGACTGGATTCTCA-1,1,T 细胞,初始/记忆型,2.1468,2.2372
TGACTTACACACCA-1,1,T 细胞,初始/记忆型,4.2868,1.571
TGACTTACAGTCTG-1,6,单核/髓系细胞,不适用,11.7261,3.9921
TGACTTTGCGCATA-1,5,T 细胞,初始/记忆型,3.1285,-1.862
TGACTTTGTTTGTC-1,1,T 细胞,初始/记忆型,2.9855,2.5716
TGAGACACAAGGTA-1,0,T 细胞,细胞毒性型,1.4245,2.4706
TGAGACACTCAAGC-1,0,T 细胞,细胞毒性型,-0.0891,1.7959
TGAGACACTGTGCA-1,5,T 细胞,初始/记忆型,2.5143,-0.7579
TGAGCTGAATGCTG-1,3,单核/髓系细胞,不适用,12.6459,-0.0092
TGAGCTGACTGGAT-1,6,单核/髓系细胞,不适用,13.1064,5.0805
TGAGCTGAGCGAGA-1,5,T 细胞,初始/记忆型,3.0645,-2.2481
TGAGCTGATGCTAG-1,6,单核/髓系细胞,不适用,14.5768,3.8617
TGAGGACTCTCATT-1,6,单核/髓系细胞,不适用,12.5229,4.6983
TGAGGACTTCATTC-1,1,T 细胞,初始/记忆型,3.3333,0.65
TGAGGTACGAACCT-1,3,单核/髓系细胞,不适用,12.3274,-0.27
TGAGTCGAGTTACG-1,2,B 细胞,不适用,2.9687,8.9128
TGAGTGACTGAGCT-1,5,T 细胞,初始/记忆型,3.9775,-0.7684
TGATAAACGAATCC-1,1,T 细胞,初始/记忆型,3.7435,0.9757
TGATAAACTCCGTC-1,4,NK 细胞,不适用,-3.3079,2.1742
TGATAAACTTTCAC-1,5,T 细胞,初始/记忆型,5.2998,-0.7394
TGATACCTCACTAG-1,6,单核/髓系细胞,不适用,13.6431,5.1176
TGATACCTGTTGGT-1,5,T 细胞,初始/记忆型,3.3061,-0.0984
TGATACCTTATGCG-1,1,T 细胞,初始/记忆型,3.1526,0.2606
TGATACCTTGAAGA-1,5,T 细胞,初始/记忆型,5.021,0.6898
TGATATGAACCTTT-1,5,T 细胞,初始/记忆型,3.0575,-0.5007
TGATCACTAGCATC-1,0,T 细胞,细胞毒性型,0.2152,1.9658
TGATCACTCTCGCT-1,5,T 细胞,初始/记忆型,4.6289,-1.8935
TGATCACTTCTACT-1,2,B 细胞,不适用,1.8264,8.5557
TGATCGGACTGACA-1,3,单核/髓系细胞,不适用,12.39,-0.825
TGATCGGAGGAGCA-1,2,B 细胞,不适用,1.6186,8.1063
TGATCGGATATGCG-1,3,单核/髓系细胞,不适用,13.3379,-0.3225
TGATTAGACATTGG-1,1,T 细胞,初始/记忆型,2.7212,2.3151
TGATTAGATGACTG-1,2,B 细胞,不适用,1.7658,8.385
TGATTAGATGCTAG-1,5,T 细胞,初始/记忆型,3.0476,-0.8034
TGATTCACTATGCG-1,5,T 细胞,初始/记忆型,2.8039,-1.2335
TGATTCACTGTCAG-1,2,B 细胞,不适用,2.144,7.3733
TGATTCTGCCGAAT-1,1,T 细胞,初始/记忆型,3.2103,2.3041
TGATTCTGCTCTTA-1,5,T 细胞,初始/记忆型,4.5216,0.2372
TGCAAGTGAGAACA-1,1,T 细胞,初始/记忆型,2.6796,1.325
TGCAAGTGGGTAGG-1,6,单核/髓系细胞,不适用,13.5713,3.8505
TGCAATCTTCAGGT-1,7,树突状细胞,不适用,9.1656,2.8943
TGCACAGACGACAT-1,4,NK 细胞,不适用,-4.0473,2.0623
TGCCAAGAGCAGTT-1,3,单核/髓系细胞,不适用,12.8454,1.0987
TGCCAAGATCTCTA-1,1,T 细胞,初始/记忆型,2.5838,0.9808
TGCCACTGAACGTC-1,1,T 细胞,初始/记忆型,3.659,1.951
TGCCACTGCGATAC-1,4,NK 细胞,不适用,-4.4966,0.9627
TGCCAGCTTGGCAT-1,5,T 细胞,初始/记忆型,5.1998,0.3127
TGCCCAACAGCAAA-1,1,T 细胞,初始/记忆型,2.4764,0.8969
TGCCCAACCGCATA-1,3,单核/髓系细胞,不适用,12.5103,-0.2095
TGCCGACTCTCCCA-1,2,B 细胞,不适用,2.2275,7.6018
TGCGAAACAGTCAC-1,2,B 细胞,不适用,3.3234,7.9774
TGCGAAACGTTGCA-1,2,B 细胞,不适用,2.2012,7.2967
TGCGATGAACGGTT-1,1,T 细胞,初始/记忆型,2.7025,1.5091
TGCGATGACCTCGT-1,5,T 细胞,初始/记忆型,4.5931,-0.703
TGCGATGACTAGTG-1,2,B 细胞,不适用,3.0829,7.2392
TGCGATGACTGCTC-1,2,B 细胞,不适用,3.0515,8.3172
TGCGATGACTTGCC-1,2,B 细胞,不适用,1.5408,7.9074
TGCGATGAGTGCTA-1,6,单核/髓系细胞,不适用,12.2661,4.1578
TGCGCACTCTTGAG-1,6,单核/髓系细胞,不适用,13.5191,4.2739
TGCGTAGAATAAGG-1,6,单核/髓系细胞,不适用,13.1805,4.1969
TGCGTAGACGGGAA-1,2,B 细胞,不适用,3.3144,7.9095
TGCGTAGATGGTCA-1,3,单核/髓系细胞,不适用,11.8366,-0.0644
TGCTAGGAAACCGT-1,0,T 细胞,细胞毒性型,0.4115,1.7634
TGCTAGGATAGTCG-1,5,T 细胞,初始/记忆型,2.8028,-0.7226
TGCTATACGGTTCA-1,7,树突状细胞,不适用,10.7182,3.1983
TGCTATACTGCTGA-1,0,T 细胞,细胞毒性型,-0.7984,2.0171
TGCTGAGAGAGCAG-1,4,NK 细胞,不适用,-4.0724,1.7431
TGCTGAGATTATCC-1,5,T 细胞,初始/记忆型,3.2586,-0.5272
TGGAAAGACTCTCG-1,2,B 细胞,不适用,2.162,6.9253
TGGAAAGAGCGATT-1,1,T 细胞,初始/记忆型,3.5948,2.616
TGGAAAGAGGTCAT-1,3,单核/髓系细胞,不适用,12.4095,-1.0284
TGGAAAGATATGGC-1,5,T 细胞,初始/记忆型,1.8199,-0.5677
TGGAACACAAACAG-1,4,NK 细胞,不适用,-4.1702,1.6522
TGGAACACGCTAAC-1,0,T 细胞,细胞毒性型,0.4366,1.0978
TGGAAGCTCAGATC-1,5,T 细胞,初始/记忆型,4.9212,-0.4333
TGGACCCTACACTG-1,6,单核/髓系细胞,不适用,14.4464,3.7448
TGGACCCTCATGGT-1,0,T 细胞,细胞毒性型,1.7436,2.3868
TGGACCCTGGTACT-1,3,单核/髓系细胞,不适用,12.2161,1.7808
TGGACTGAGTATGC-1,1,T 细胞,初始/记忆型,3.7341,2.0371
TGGAGACTATCAGC-1,6,单核/髓系细胞,不适用,12.3583,3.7308
TGGAGACTGAAACA-1,5,T 细胞,初始/记忆型,2.2168,-1.7115
TGGAGACTTCAAGC-1,5,T 细胞,初始/记忆型,3.5065,-0.7016
TGGAGACTTGACCA-1,0,T 细胞,细胞毒性型,-1.2363,0.4461
TGGAGGGACGGAGA-1,3,单核/髓系细胞,不适用,12.1682,2.1161
TGGAGGGAGCTATG-1,0,T 细胞,细胞毒性型,1.7098,-0.5045
TGGATCGATAAAGG-1,5,T 细胞,初始/记忆型,4.0281,-0.2079
TGGATGTGACCTAG-1,2,B 细胞,不适用,2.3987,7.8625
TGGATGTGATGTCG-1,0,T 细胞,细胞毒性型,-0.2435,1.895
TGGATGTGTGAAGA-1,2,B 细胞,不适用,3.259,7.4784
TGGATTCTCATACG-1,0,T 细胞,细胞毒性型,-0.5272,2.244
TGGCAATGCTTGTT-1,2,B 细胞,不适用,2.7093,8.478
TGGCAATGGAGGGT-1,0,T 细胞,细胞毒性型,0.7388,1.2566
TGGCACCTTCACGA-1,0,T 细胞,细胞毒性型,0.3436,-0.1144
TGGCACCTTCAGTG-1,6,单核/髓系细胞,不适用,11.7388,2.6546
TGGGTATGAAGAGT-1,1,T 细胞,初始/记忆型,4.8318,1.6849
TGGGTATGCACAAC-1,1,T 细胞,初始/记忆型,3.5665,2.7639
TGGGTATGGTACGT-1,2,B 细胞,不适用,1.7618,8.97
TGGGTATGTTTGGG-1,6,单核/髓系细胞,不适用,12.6085,2.9364
TGGTAGACATGCCA-1,1,T 细胞,初始/记忆型,2.5909,1.9757
TGGTAGACCCTCAC-1,4,NK 细胞,不适用,-4.3506,1.9918
TGGTAGACCTGATG-1,1,T 细胞,初始/记忆型,4.4523,1.7785
TGGTAGTGCACTGA-1,6,单核/髓系细胞,不适用,13.9245,2.6774
TGGTATCTAAACAG-1,5,T 细胞,初始/记忆型,3.4154,0.2366
TGGTATCTCTTCCG-1,5,T 细胞,初始/记忆型,4.1813,-0.4866
TGGTCAGACCCAAA-1,7,树突状细胞,不适用,3.2583,0.0956
TGGTCAGACCGTTC-1,4,NK 细胞,不适用,-3.8091,1.2141
TGGTTACTGACGTT-1,6,单核/髓系细胞,不适用,12.5424,3.5175
TGGTTACTGTTCTT-1,5,T 细胞,初始/记忆型,3.1368,-0.2287
TGTAACCTAGAGGC-1,5,T 细胞,初始/记忆型,2.7309,-0.3932
TGTAACCTTGCCTC-1,3,单核/髓系细胞,不适用,11.7084,2.5488
TGTAATGACACAAC-1,4,NK 细胞,不适用,-3.9886,1.1635
TGTAATGAGGTAAA-1,4,NK 细胞,不适用,-2.7675,1.585
TGTACTTGCTCTAT-1,3,单核/髓系细胞,不适用,12.024,-0.751
TGTAGGTGCGAGAG-1,2,B 细胞,不适用,1.4284,7.8357
TGTAGGTGCTATGG-1,1,T 细胞,初始/记忆型,2.2908,1.2221
TGTAGGTGCTCTAT-1,7,树突状细胞,不适用,9.3541,2.8882
TGTAGGTGTGCTGA-1,5,T 细胞,初始/记忆型,3.9292,-1.5831
TGTAGTCTTCCAGA-1,7,树突状细胞,不适用,5.055,1.7597
TGTAGTCTTGCACA-1,0,T 细胞,细胞毒性型,-0.1274,2.3259
TGTATCTGTTAGGC-1,1,T 细胞,初始/记忆型,5.0257,1.5549
TGTATGCTCATGGT-1,2,B 细胞,不适用,2.0252,8.5608
TGTATGCTGTAGGG-1,5,T 细胞,初始/记忆型,2.1619,0.0356
TGTATGCTTTCATC-1,0,T 细胞,细胞毒性型,1.5977,-0.1902
TGTCAGGAATACCG-1,5,T 细胞,初始/记忆型,4.5667,-0.7805
TGTCAGGAGATGAA-1,3,单核/髓系细胞,不适用,11.8197,-0.2765
TGTCTAACCCCTTG-1,5,T 细胞,初始/记忆型,3.5521,-2.1507
TGTGACGATTCTCA-1,0,T 细胞,细胞毒性型,-1.1077,0.9587
TGTGAGACTGTCAG-1,3,单核/髓系细胞,不适用,12.6894,0.112
TGTGAGACTTGAGC-1,1,T 细胞,初始/记忆型,2.7815,0.9772
TGTGAGTGACCACA-1,5,T 细胞,初始/记忆型,4.0619,-2.0943
TGTGAGTGAGTGCT-1,3,单核/髓系细胞,不适用,11.8501,1.133
TGTGAGTGGAGATA-1,0,T 细胞,细胞毒性型,-0.8685,0.3448
TGTGATCTCTCTAT-1,2,B 细胞,不适用,2.5967,7.8803
TGTGATCTGACACT-1,5,T 细胞,初始/记忆型,2.1493,-0.6373
TGTGGATGGCCAAT-1,2,B 细胞,不适用,2.8436,8.8964
TGTTAAGACAAAGA-1,6,单核/髓系细胞,不适用,13.8434,4.2848
TGTTAAGATAAGGA-1,6,单核/髓系细胞,不适用,13.045,5.1008
TGTTAAGATTGGCA-1,6,单核/髓系细胞,不适用,13.7762,4.358
TGTTACACCGCATA-1,3,单核/髓系细胞,不适用,12.0528,0.4036
TGTTACACGACTAC-1,3,单核/髓系细胞,不适用,12.7888,0.2851
TGTTACTGGCTACA-1,0,T 细胞,细胞毒性型,-0.3155,1.678
TGTTACTGTAGTCG-1,0,T 细胞,细胞毒性型,-1.6626,0.1959
TTAACCACCGTAAC-1,1,T 细胞,初始/记忆型,2.368,1.1856
TTAACCACTAAGGA-1,0,T 细胞,细胞毒性型,-1.7271,0.1217
TTAACCACTCAGAC-1,0,T 细胞,细胞毒性型,0.6287,1.573
TTACACACGTGTTG-1,5,T 细胞,初始/记忆型,2.4066,-0.4443
TTACACACTCCTAT-1,5,T 细胞,初始/记忆型,2.9726,-1.4349
TTACCATGAATCGC-1,6,单核/髓系细胞,不适用,13.2974,4.5553
TTACCATGGTTGAC-1,5,T 细胞,初始/记忆型,5.2602,0.528
TTACCATGTGTCTT-1,0,T 细胞,细胞毒性型,0.1953,0.6408
TTACCATGTTGTGG-1,2,B 细胞,不适用,1.5802,8.032
TTACGACTGAGAGC-1,1,T 细胞,初始/记忆型,2.6225,2.7106
TTACGACTTGACAC-1,6,单核/髓系细胞,不适用,13.9846,3.8453
TTACGTACGTTCAG-1,8,树突状细胞,不适用,16.75,0.0193
TTACTCGAACGTTG-1,7,树突状细胞,不适用,3.7199,4.6673
TTACTCGAAGAATG-1,6,单核/髓系细胞,不适用,12.0103,4.4251
TTACTCGACGCAAT-1,7,树突状细胞,不适用,10.1529,2.7475
TTACTCGAGGGTGA-1,1,T 细胞,初始/记忆型,4.1885,1.14
TTACTCGATCTACT-1,4,NK 细胞,不适用,-3.8588,0.7291
TTAGAATGTGGTGT-1,5,T 细胞,初始/记忆型,4.055,-0.5244
TTAGAATGTGTAGC-1,5,T 细胞,初始/记忆型,2.6204,-1.9538
TTAGACCTCCTACC-1,5,T 细胞,初始/记忆型,2.7882,-1.9333
TTAGACCTCCTTTA-1,6,单核/髓系细胞,不适用,13.5179,5.1194
TTAGCTACAACCGT-1,1,T 细胞,初始/记忆型,4.1623,0.7012
TTAGCTACTGTCCC-1,3,单核/髓系细胞,不适用,11.7256,1.331
TTAGCTACTTTCGT-1,1,T 细胞,初始/记忆型,2.6365,1.3952
TTAGGGACGCGAAG-1,0,T 细胞,细胞毒性型,-0.2364,2.2779
TTAGGGTGCTGGAT-1,2,B 细胞,不适用,3.1893,7.2602
TTAGGGTGTCCTGC-1,3,单核/髓系细胞,不适用,11.8326,2.2209
TTAGGTCTACTTTC-1,6,单核/髓系细胞,不适用,14.1794,4.3581
TTAGTCACCAGTTG-1,1,T 细胞,初始/记忆型,4.3194,1.3448
TTAGTCTGAAAGCA-1,2,B 细胞,不适用,3.2171,7.0759
TTAGTCTGCCAACA-1,4,NK 细胞,不适用,-3.8548,1.8997
TTAGTCTGTGCACA-1,1,T 细胞,初始/记忆型,2.0432,1.3847
TTATCCGACTAGTG-1,2,B 细胞,不适用,3.2276,8.03
TTATCCGAGAAAGT-1,3,单核/髓系细胞,不适用,11.5905,1.802
TTATGAGAGATAAG-1,5,T 细胞,初始/记忆型,4.7437,0.2179
TTATGCACGTCACA-1,2,B 细胞,不适用,1.9671,8.9021
TTATGGCTTATGGC-1,7,树突状细胞,不适用,9.1725,2.9042
TTATTCCTATGCTG-1,6,单核/髓系细胞,不适用,12.5119,2.408
TTATTCCTGGACAG-1,2,B 细胞,不适用,1.5576,8.5663
TTATTCCTGGTACT-1,2,B 细胞,不适用,1.821,7.3725
TTATTCCTTCGTGA-1,1,T 细胞,初始/记忆型,4.1854,1.4765
TTCAAAGATAAAGG-1,0,T 细胞,细胞毒性型,-0.7044,1.5596
TTCAACACAACAGA-1,5,T 细胞,初始/记忆型,4.8576,0.0297
TTCAACACCCCAAA-1,6,单核/髓系细胞,不适用,13.7542,5.0486
TTCAACACGGACGA-1,3,单核/髓系细胞,不适用,12.4081,-0.4053
TTCAAGCTAAGAAC-1,3,单核/髓系细胞,不适用,11.4189,2.5471
TTCAAGCTAGATGA-1,5,T 细胞,初始/记忆型,5.0006,-0.4525
TTCAAGCTGTTGAC-1,1,T 细胞,初始/记忆型,3.5723,1.738
TTCAAGCTTCCAAG-1,1,T 细胞,初始/记忆型,2.3275,0.0796
TTCAAGCTTGATGC-1,1,T 细胞,初始/记忆型,3.5337,0.8253
TTCAAGCTTTCGCC-1,5,T 细胞,初始/记忆型,2.1683,0.0211
TTCACAACCCGTTC-1,6,单核/髓系细胞,不适用,11.2862,3.0164
TTCACAACGTCTGA-1,3,单核/髓系细胞,不适用,12.6574,0.5408
TTCAGACTACCCAA-1,5,T 细胞,初始/记忆型,2.2466,-1.4279
TTCAGACTCTCGAA-1,1,T 细胞,初始/记忆型,4.3592,0.6274
TTCAGTACCGACTA-1,1,T 细胞,初始/记忆型,4.3025,0.9261
TTCAGTACTCAAGC-1,1,T 细胞,初始/记忆型,4.1341,0.3441
TTCAGTACTCCTAT-1,6,单核/髓系细胞,不适用,13.6736,4.5052
TTCAGTTGCCAAGT-1,1,T 细胞,初始/记忆型,2.3062,1.1974
TTCAGTTGTCCTTA-1,7,树突状细胞,不适用,9.9054,3.1324
TTCAGTTGTCTAGG-1,5,T 细胞,初始/记忆型,1.3283,-0.17
TTCAGTTGTCTCGC-1,2,B 细胞,不适用,1.881,8.0202
TTCATCGAGGTGGA-1,6,单核/髓系细胞,不适用,13.2896,3.6236
TTCATGTGTGGTGT-1,1,T 细胞,初始/记忆型,2.7869,1.8668
TTCATTCTATGTCG-1,6,单核/髓系细胞,不适用,12.772,2.4231
TTCATTCTTCTCTA-1,5,T 细胞,初始/记忆型,3.3593,-1.9008
TTCCAAACCTATGG-1,6,单核/髓系细胞,不适用,12.4239,3.722
TTCCAAACCTCCCA-1,2,B 细胞,不适用,2.5281,7.5708
TTCCAAACTCCCAC-1,4,NK 细胞,不适用,-4.0673,1.3339
TTCCAAACTTGACG-1,0,T 细胞,细胞毒性型,-2.2256,0.3181
TTCCATGACGAGAG-1,6,单核/髓系细胞,不适用,13.5585,5.0809
TTCCATGACTGTCC-1,5,T 细胞,初始/记忆型,1.8442,-0.8628
TTCCCACTTGAGGG-1,4,NK 细胞,不适用,-4.3688,1.8006
TTCCCACTTGTCTT-1,3,单核/髓系细胞,不适用,11.9971,2.506
TTCCTAGAAAGTGA-1,5,T 细胞,初始/记忆型,4.4299,-1.7991
TTCCTAGACTAGTG-1,3,单核/髓系细胞,不适用,12.7123,0.5281
TTCGAGGACTCTAT-1,1,T 细胞,初始/记忆型,2.1377,0.5644
TTCGAGGAGGGCAA-1,1,T 细胞,初始/记忆型,2.2757,0.5825
TTCGAGGATAGAAG-1,3,单核/髓系细胞,不适用,12.9265,-0.6028
TTCGATTGAGCATC-1,5,T 细胞,初始/记忆型,2.703,-0.1761
TTCGGAGAATGCCA-1,6,单核/髓系细胞,不适用,12.7446,4.7695
TTCGGAGATGTGCA-1,5,T 细胞,初始/记忆型,3.9143,0.0623
TTCGTATGAAAAGC-1,0,T 细胞,细胞毒性型,-2.4907,0.7278
TTCGTATGGATAGA-1,0,T 细胞,细胞毒性型,-2.3977,1.0971
TTCGTATGGTCTGA-1,5,T 细胞,初始/记忆型,4.8129,-0.0977
TTCGTATGTCCTTA-1,3,单核/髓系细胞,不适用,11.3532,2.6729
TTCTACGAACGTAC-1,1,T 细胞,初始/记忆型,3.5407,0.9788
TTCTACGAGTTGGT-1,1,T 细胞,初始/记忆型,3.247,2.5668
TTCTAGTGACACGT-1,1,T 细胞,初始/记忆型,4.1344,1.9239
TTCTAGTGCATGAC-1,6,单核/髓系细胞,不适用,12.765,4.0576
TTCTAGTGGAGAGC-1,4,NK 细胞,不适用,-3.7756,1.3296
TTCTAGTGGTCACA-1,3,单核/髓系细胞,不适用,11.6897,1.5455
TTCTCAGAAGAGAT-1,1,T 细胞,初始/记忆型,3.2723,0.0482
TTCTCAGAAGCATC-1,2,B 细胞,不适用,3.0679,7.6009
TTCTCAGATGGAGG-1,1,T 细胞,初始/记忆型,4.2351,2.9568
TTCTGATGGAGACG-1,4,NK 细胞,不适用,-4.709,1.668
TTCTTACTCTGGAT-1,3,单核/髓系细胞,不适用,13.369,0.0351
TTGAACCTCCTTGC-1,2,B 细胞,不适用,2.1426,9.0677
TTGAATGAACTACG-1,3,单核/髓系细胞,不适用,12.4612,0.0932
TTGAATGACTTACT-1,5,T 细胞,初始/记忆型,3.1318,-2.1885
TTGAATGATCTCAT-1,2,B 细胞,不适用,1.5642,7.2123
TTGACACTCTGTAG-1,5,T 细胞,初始/记忆型,1.3834,0.1405
TTGACACTGATAAG-1,2,B 细胞,不适用,3.0478,8.2736
TTGAGGACAGAACA-1,6,单核/髓系细胞,不适用,12.3784,4.8671
TTGAGGACTACGCA-1,7,树突状细胞,不适用,9.4541,2.7846
TTGAGGTGGACGGA-1,5,T 细胞,初始/记忆型,2.8708,-1.7674
TTGCATTGAGCTAC-1,0,T 细胞,细胞毒性型,-1.2046,1.4795
TTGCATTGCTAAGC-1,6,单核/髓系细胞,不适用,12.9137,3.5663
TTGCATTGTGACTG-1,1,T 细胞,初始/记忆型,2.3351,-0.0982
TTGCTAACACCAAC-1,0,T 细胞,细胞毒性型,-0.7576,1.6994
TTGCTAACACGCTA-1,3,单核/髓系细胞,不适用,13.1913,-0.1457
TTGCTAACCACTCC-1,5,T 细胞,初始/记忆型,5.0047,-0.505
TTGCTATGGTACGT-1,6,单核/髓系细胞,不适用,12.4232,3.1239
TTGCTATGGTAGGG-1,3,单核/髓系细胞,不适用,12.5965,-0.8153
TTGGAGACCAATCG-1,1,T 细胞,初始/记忆型,4.7279,2.1778
TTGGAGACGCTATG-1,6,单核/髓系细胞,不适用,13.5851,4.513
TTGGAGACTATGGC-1,2,B 细胞,不适用,2.2246,6.8042
TTGGGAACTGAACC-1,5,T 细胞,初始/记忆型,5.0132,-0.9299
TTGGTACTACTGGT-1,3,单核/髓系细胞,不适用,11.6935,1.0656
TTGGTACTCTTAGG-1,5,T 细胞,初始/记忆型,2.4849,-1.3643
TTGGTACTGAATCC-1,2,B 细胞,不适用,2.8143,7.9389
TTGGTACTGGATTC-1,2,B 细胞,不适用,2.1681,7.0853
TTGTACACGTTGTG-1,2,B 细胞,不适用,2.7023,7.6791
TTGTACACTTGCAG-1,1,T 细胞,初始/记忆型,3.1092,1.5462
TTGTAGCTAGCTCA-1,0,T 细胞,细胞毒性型,1.3471,1.7279
TTGTAGCTCTCTTA-1,2,B 细胞,不适用,2.4341,8.4894
TTGTCATGGACGGA-1,4,NK 细胞,不适用,-4.6388,1.725
TTTAGAGATCCTCG-1,2,B 细胞,不适用,2.7612,7.1966
TTTAGCTGATACCG-1,5,T 细胞,初始/记忆型,4.8979,-1.2187
TTTAGCTGGATACC-1,6,单核/髓系细胞,不适用,13.4033,4.2007
TTTAGCTGTACTCT-1,7,树突状细胞,不适用,10.1062,2.9294
TTTAGGCTCCTTTA-1,6,单核/髓系细胞,不适用,13.9863,4.78
TTTATCCTGTTGTG-1,3,单核/髓系细胞,不适用,12.0075,1.7494
TTTCACGAGGTTCA-1,5,T 细胞,初始/记忆型,5.0071,-0.6518
TTTCAGTGGAAGGC-1,0,T 细胞,细胞毒性型,0.4293,2.1669
TTTCAGTGTCACGA-1,2,B 细胞,不适用,3.3522,7.8145
TTTCAGTGTCTATC-1,6,单核/髓系细胞,不适用,13.2573,3.5998
TTTCAGTGTGCAGT-1,2,B 细胞,不适用,2.8263,8.0548
TTTCCAGAGGTGAG-1,1,T 细胞,初始/记忆型,3.3693,2.7509
TTTCGAACACCTGA-1,7,树突状细胞,不适用,8.5588,3.0899
TTTCGAACTCTCAT-1,6,单核/髓系细胞,不适用,11.7558,3.1818
TTTCTACTGAGGCA-1,2,B 细胞,不适用,2.7556,6.2118
TTTCTACTTCCTCG-1,2,B 细胞,不适用,2.1769,8.7694
TTTGCATGAGAGGC-1,2,B 细胞,不适用,1.5452,7.4709
TTTGCATGCCTCAC-1,1,T 细胞,初始/记忆型,4.7172,1.0856
