cell_id,leiden_cluster,broad_label,t_state
AAACATACAACCAC-1,0,T_cell,cytotoxic
AAACATTGAGCTAC-1,2,B_cell,not_applicable
AAACATTGATCAGC-1,1,T_cell,naive_memory
AAACCGTGCTTCCG-1,3,myeloid,not_applicable
AAACCGTGTATGCG-1,4,NK_cell,not_applicable
AAACGCACTGGTAC-1,1,T_cell,naive_memory
AAACGCTGACCAGT-1,0,T_cell,cytotoxic
AAACGCTGGTTCTT-1,0,T_cell,cytotoxic
AAACGCTGTAGCCA-1,0,T_cell,cytotoxic
AAACGCTGTTTCTG-1,3,myeloid,not_applicable
AAACTTGAAAAACG-1,2,B_cell,not_applicable
AAACTTGATCCAGA-1,5,T_cell,naive_memory
AAAGAGACGAGATA-1,1,T_cell,naive_memory
AAAGAGACGCGAGA-1,6,myeloid,not_applicable
AAAGAGACGGACTT-1,0,T_cell,cytotoxic
AAAGAGACGGCATT-1,5,T_cell,naive_memory
AAAGATCTGGGCAA-1,6,myeloid,not_applicable
AAAGCAGAAGCCAT-1,0,T_cell,cytotoxic
AAAGCAGATATCGG-1,3,myeloid,not_applicable
AAAGCCTGTATGCG-1,1,T_cell,naive_memory
AAAGGCCTGTCTAG-1,2,B_cell,not_applicable
AAAGTTTGATCACG-1,2,B_cell,not_applicable
AAAGTTTGGGGTGA-1,2,B_cell,not_applicable
AAAGTTTGTAGAGA-1,5,T_cell,naive_memory
AAAGTTTGTAGCGT-1,6,myeloid,not_applicable
AAATCAACAATGCC-1,2,B_cell,not_applicable
AAATCAACACCAGT-1,5,T_cell,naive_memory
AAATCAACCAGGAG-1,5,T_cell,naive_memory
AAATCAACCCTATT-1,3,myeloid,not_applicable
AAATCAACGGAAGC-1,5,T_cell,naive_memory
AAATCAACTCGCAA-1,1,T_cell,naive_memory
AAATCATGACCACA-1,3,myeloid,not_applicable
AAATCCCTCCACAA-1,0,T_cell,cytotoxic
AAATCCCTGCTATG-1,2,B_cell,not_applicable
AAATGTTGAACGAA-1,6,myeloid,not_applicable
AAATGTTGCCACAA-1,1,T_cell,naive_memory
AAATGTTGTGGCAT-1,6,myeloid,not_applicable
AAATTCGAAGGTTC-1,5,T_cell,naive_memory
AAATTCGAATCACG-1,6,myeloid,not_applicable
AAATTCGAGCTGAT-1,3,myeloid,not_applicable
AAATTCGAGGAGTG-1,5,T_cell,naive_memory
AAATTCGATTCTCA-1,4,NK_cell,not_applicable
AAATTGACACGACT-1,0,T_cell,cytotoxic
AAATTGACTCGCTC-1,1,T_cell,naive_memory
AACAAACTCATTTC-1,5,T_cell,naive_memory
AACAAACTTTCGTT-1,5,T_cell,naive_memory
AACAATACGACGAG-1,1,T_cell,naive_memory
AACACGTGCAGAGG-1,5,T_cell,naive_memory
AACACGTGGAAAGT-1,5,T_cell,naive_memory
AACACGTGGAACCT-1,6,myeloid,not_applicable
AACACGTGGCTACA-1,5,T_cell,naive_memory
AACACGTGTACGAC-1,3,myeloid,not_applicable
AACAGCACAAGAGT-1,6,myeloid,not_applicable
AACATTGATGGGAG-1,3,myeloid,not_applicable
AACCAGTGATACCG-1,3,myeloid,not_applicable
AACCCAGATCGCTC-1,5,T_cell,naive_memory
AACCGATGCTCCCA-1,1,T_cell,naive_memory
AACCGATGGTCATG-1,2,B_cell,not_applicable
AACCGATGTTCTAC-1,6,myeloid,not_applicable
AACCGCCTAGCGTT-1,1,T_cell,naive_memory
AACCGCCTCTACGA-1,3,myeloid,not_applicable
AACCTACTGTGAGG-1,3,myeloid,not_applicable
AACCTACTGTGTTG-1,5,T_cell,naive_memory
AACCTTACGAGACG-1,5,T_cell,naive_memory
AACCTTACGCGAGA-1,4,NK_cell,not_applicable
AACCTTACTAACGC-1,3,myeloid,not_applicable
AACCTTTGGACGGA-1,1,T_cell,naive_memory
AACCTTTGTACGCA-1,3,myeloid,not_applicable
AACGCAACAAGTAG-1,1,T_cell,naive_memory
AACGCATGACCCAA-1,1,T_cell,naive_memory
AACGCATGCCTTCG-1,5,T_cell,naive_memory
AACGCATGTACTTC-1,1,T_cell,naive_memory
AACGCCCTCGGGAA-1,1,T_cell,naive_memory
AACGCCCTCGTACA-1,4,NK_cell,not_applicable
AACGCCCTGCTTAG-1,2,B_cell,not_applicable
AACGCCCTGGCATT-1,1,T_cell,naive_memory
AACGTCGAGTATCG-1,4,NK_cell,not_applicable
AACGTGTGAAAGCA-1,1,T_cell,naive_memory
AACGTGTGGCGGAA-1,2,B_cell,not_applicable
AACGTGTGTCCAAG-1,1,T_cell,naive_memory
AACGTGTGTGCTTT-1,1,T_cell,naive_memory
AACTACCTTAGAGA-1,5,T_cell,naive_memory
AACTCACTCAAGCT-1,6,myeloid,not_applicable
AACTCACTTGGAGG-1,6,myeloid,not_applicable
AACTCGGAAAGTGA-1,0,T_cell,cytotoxic
AACTCGGAAGGTCT-1,6,myeloid,not_applicable
AACTCTTGCAGGAG-1,1,T_cell,naive_memory
AACTGTCTCCCTTG-1,6,myeloid,not_applicable
AACTTGCTACGCTA-1,2,B_cell,not_applicable
AACTTGCTGGGACA-1,5,T_cell,naive_memory
AAGAACGAGTGTTG-1,5,T_cell,naive_memory
AAGAAGACGTAGGG-1,2,B_cell,not_applicable
AAGACAGAAGTCTG-1,2,B_cell,not_applicable
AAGACAGAGGATCT-1,5,T_cell,naive_memory
AAGACAGATTACCT-1,6,myeloid,not_applicable
AAGAGATGGGTAGG-1,2,B_cell,not_applicable
AAGATGGAAAACAG-1,2,B_cell,not_applicable
AAGATGGAGAACTC-1,6,myeloid,not_applicable
AAGATGGAGATAAG-1,7,dendritic,not_applicable
AAGATTACAACCTG-1,5,T_cell,naive_memory
AAGATTACAGATCC-1,6,myeloid,not_applicable
AAGATTACCCGTTC-1,6,myeloid,not_applicable
AAGATTACCGCCTT-1,7,dendritic,not_applicable
AAGATTACCTCAAG-1,4,NK_cell,not_applicable
AAGATTACTCCTCG-1,6,myeloid,not_applicable
AAGCAAGAGCGAGA-1,0,T_cell,cytotoxic
AAGCAAGAGCTTAG-1,0,T_cell,cytotoxic
AAGCAAGAGGTGTT-1,4,NK_cell,not_applicable
AAGCACTGAGCAAA-1,2,B_cell,not_applicable
AAGCACTGCATACG-1,0,T_cell,cytotoxic
AAGCACTGGTTCTT-1,2,B_cell,not_applicable
AAGCCAACGTGTTG-1,5,T_cell,naive_memory
AAGCCATGAACTGC-1,7,dendritic,not_applicable
AAGCCATGACACGT-1,6,myeloid,not_applicable
AAGCCATGCGTGAT-1,1,T_cell,naive_memory
AAGCCATGTCTCGC-1,0,T_cell,cytotoxic
AAGCCTGACATGCA-1,1,T_cell,naive_memory
AAGCCTGACCGAAT-1,6,myeloid,not_applicable
AAGCGACTCCTCAC-1,3,myeloid,not_applicable
AAGCGACTGTGTCA-1,5,T_cell,naive_memory
AAGCGACTTACAGC-1,2,B_cell,not_applicable
AAGCGACTTTGACG-1,3,myeloid,not_applicable
AAGCGTACGTCTTT-1,5,T_cell,naive_memory
AAGGCTTGCGAACT-1,0,T_cell,cytotoxic
AAGGTCACGGTTAC-1,6,myeloid,not_applicable
AAGGTCACTGTTTC-1,2,B_cell,not_applicable
AAGGTCACTTCCCG-1,0,T_cell,cytotoxic
AAGGTCTGACAGTC-1,5,T_cell,naive_memory
AAGGTCTGCAGATC-1,5,T_cell,naive_memory
AAGGTCTGGTATGC-1,6,myeloid,not_applicable
AAGTAACTCTGAAC-1,6,myeloid,not_applicable
AAGTAACTGAGATA-1,2,B_cell,not_applicable
AAGTAGGATACAGC-1,4,NK_cell,not_applicable
AAGTATACCGAACT-1,1,T_cell,naive_memory
AAGTCCGACTTGTT-1,5,T_cell,naive_memory
AAGTCCGATAGAAG-1,5,T_cell,naive_memory
AAGTCTCTAGTCGT-1,5,T_cell,naive_memory
AAGTCTCTCGGAGA-1,0,T_cell,cytotoxic
AAGTGGCTTGGAGG-1,2,B_cell,not_applicable
AAGTTCCTCATTCT-1,3,myeloid,not_applicable
AAGTTCCTTCTTAC-1,0,T_cell,cytotoxic
AATAAGCTCGAATC-1,1,T_cell,naive_memory
AATAAGCTCGTTGA-1,5,T_cell,naive_memory
AATACCCTGGACGA-1,2,B_cell,not_applicable
AATACCCTGGCATT-1,1,T_cell,naive_memory
AATACTGAAAGGGC-1,0,T_cell,cytotoxic
AATACTGAATTGGC-1,4,NK_cell,not_applicable
AATAGGGAACCCTC-1,2,B_cell,not_applicable
AATAGGGAGAATGA-1,0,T_cell,cytotoxic
AATCAAACTATCGG-1,0,T_cell,cytotoxic
AATCCGGAATGCTG-1,2,B_cell,not_applicable
AATCCTACCGGTAT-1,5,T_cell,naive_memory
AATCCTTGACGGGA-1,3,myeloid,not_applicable
AATCCTTGGTGAGG-1,4,NK_cell,not_applicable
AATCGGTGGAACTC-1,0,T_cell,cytotoxic
AATCGGTGTGCTTT-1,5,T_cell,naive_memory
AATCTAGAAAAGTG-1,1,T_cell,naive_memory
AATCTAGAATCGGT-1,5,T_cell,naive_memory
AATCTCACAGCCTA-1,6,myeloid,not_applicable
AATCTCACTCTAGG-1,1,T_cell,naive_memory
AATCTCTGAACAGA-1,5,T_cell,naive_memory
AATCTCTGCTTTAC-1,4,NK_cell,not_applicable
AATGATACACCAAC-1,0,T_cell,cytotoxic
AATGATACGGTCAT-1,6,myeloid,not_applicable
AATGCGTGACACCA-1,2,B_cell,not_applicable
AATGCGTGGACGGA-1,7,dendritic,not_applicable
AATGCGTGGCTATG-1,2,B_cell,not_applicable
AATGGAGAATCGTG-1,6,myeloid,not_applicable
AATGGAGATCCTTA-1,0,T_cell,cytotoxic
AATGGCTGACACCA-1,2,B_cell,not_applicable
AATGGCTGCGTGAT-1,1,T_cell,naive_memory
AATGGCTGTAAAGG-1,0,T_cell,cytotoxic
AATGGCTGTACTCT-1,0,T_cell,cytotoxic
AATGGCTGTGAAGA-1,5,T_cell,naive_memory
AATGTAACGGTGGA-1,1,T_cell,naive_memory
AATGTAACGTTTGG-1,0,T_cell,cytotoxic
AATGTCCTCTTCTA-1,1,T_cell,naive_memory
AATGTTGACAGTCA-1,1,T_cell,naive_memory
AATGTTGAGTTGAC-1,6,myeloid,not_applicable
AATGTTGATCTACT-1,1,T_cell,naive_memory
AATTACGAATTCCT-1,7,dendritic,not_applicable
AATTACGACTTCTA-1,5,T_cell,naive_memory
AATTACGAGTAGCT-1,0,T_cell,cytotoxic
AATTACGAGTGAGG-1,1,T_cell,naive_memory
AATTACGATTGGCA-1,2,B_cell,not_applicable
AATTCCTGCTCAGA-1,2,B_cell,not_applicable
AATTGATGTCGCAA-1,3,myeloid,not_applicable
AATTGTGACTTGGA-1,2,B_cell,not_applicable
ACAAAGGAGGGTGA-1,5,T_cell,naive_memory
ACAAATTGATTCTC-1,3,myeloid,not_applicable
ACAAATTGCTCAGA-1,6,myeloid,not_applicable
ACAAATTGTTGCGA-1,4,NK_cell,not_applicable
ACAACCGAGGGATG-1,4,NK_cell,not_applicable
ACAACCGAGTTACG-1,5,T_cell,naive_memory
ACAAGAGAAGTCGT-1,6,myeloid,not_applicable
ACAAGAGACTTATC-1,5,T_cell,naive_memory
ACAAGAGAGTTGAC-1,2,B_cell,not_applicable
ACAATCCTAACCGT-1,1,T_cell,naive_memory
ACAATCCTTAGCGT-1,2,B_cell,not_applicable
ACAATTGACTGACA-1,0,T_cell,cytotoxic
ACAATTGATGACTG-1,4,NK_cell,not_applicable
ACACAGACACCTGA-1,6,myeloid,not_applicable
ACACAGACCATACG-1,0,T_cell,cytotoxic
ACACCAGAGGGCAA-1,0,T_cell,cytotoxic
ACACCCTGGTGTTG-1,4,NK_cell,not_applicable
ACACGAACAGTTCG-1,5,T_cell,naive_memory
ACACGATGACGCAT-1,0,T_cell,cytotoxic
ACACGATGATGTGC-1,6,myeloid,not_applicable
ACACGATGTCGTAG-1,0,T_cell,cytotoxic
ACACGATGTGGTCA-1,0,T_cell,cytotoxic
ACAGACACGGCATT-1,0,T_cell,cytotoxic
ACAGACACGTTGTG-1,1,T_cell,naive_memory
ACAGCAACACCTAG-1,6,myeloid,not_applicable
ACAGCAACCTCAAG-1,3,myeloid,not_applicable
ACAGGTACCCCACT-1,5,T_cell,naive_memory
ACAGGTACGCTGTA-1,0,T_cell,cytotoxic
ACAGGTACTGGTGT-1,4,NK_cell,not_applicable
ACAGTCGACCCAAA-1,0,T_cell,cytotoxic
ACAGTCGACCGATA-1,0,T_cell,cytotoxic
ACAGTGACTCACCC-1,0,T_cell,cytotoxic
ACAGTGACTCTATC-1,0,T_cell,cytotoxic
ACAGTGTGGTCACA-1,5,T_cell,naive_memory
ACAGTGTGTTGCGA-1,6,myeloid,not_applicable
ACATCACTCTACTT-1,6,myeloid,not_applicable
ACATGGTGAAGCCT-1,1,T_cell,naive_memory
ACATGGTGCAACCA-1,2,B_cell,not_applicable
ACATGGTGCGAGTT-1,1,T_cell,naive_memory
ACATGGTGCGTTGA-1,0,T_cell,cytotoxic
ACATTCTGGCATAC-1,5,T_cell,naive_memory
ACATTCTGGGAACG-1,6,myeloid,not_applicable
ACCAACGACATGCA-1,5,T_cell,naive_memory
ACCACAGAAAGTAG-1,5,T_cell,naive_memory
ACCACAGAGTTGGT-1,5,T_cell,naive_memory
ACCACCTGTGTGCA-1,5,T_cell,naive_memory
ACCACGCTACAGCT-1,5,T_cell,naive_memory
ACCACGCTACCCAA-1,0,T_cell,cytotoxic
ACCACGCTGCGAGA-1,1,T_cell,naive_memory
ACCACGCTGCTGTA-1,0,T_cell,cytotoxic
ACCAGCCTGACAGG-1,1,T_cell,naive_memory
ACCAGTGAACGGTT-1,2,B_cell,not_applicable
ACCAGTGAATACCG-1,3,myeloid,not_applicable
ACCAGTGAGGGATG-1,5,T_cell,naive_memory
ACCAGTGATGACTG-1,6,myeloid,not_applicable
ACCATTACCTTCTA-1,1,T_cell,naive_memory
ACCATTACGAGATA-1,1,T_cell,naive_memory
ACCATTTGTCATTC-1,5,T_cell,naive_memory
ACCCAAGAACTGTG-1,0,T_cell,cytotoxic
ACCCAAGAATTCCT-1,3,myeloid,not_applicable
ACCCAAGAGGACAG-1,1,T_cell,naive_memory
ACCCAAGATTCACT-1,2,B_cell,not_applicable
ACCCACTGCGCCTT-1,6,myeloid,not_applicable
ACCCACTGGACAGG-1,5,T_cell,naive_memory
ACCCACTGGTTCAG-1,8,dendritic,not_applicable
ACCCACTGTCGTAG-1,6,myeloid,not_applicable
ACCCAGCTCAGAAA-1,1,T_cell,naive_memory
ACCCAGCTGTTAGC-1,6,myeloid,not_applicable
ACCCAGCTTGCTTT-1,5,T_cell,naive_memory
ACCCGTTGATGACC-1,2,B_cell,not_applicable
ACCCGTTGCTGCAA-1,5,T_cell,naive_memory
ACCCGTTGCTTCTA-1,7,dendritic,not_applicable
ACCCTCGACCTATT-1,1,T_cell,naive_memory
ACCCTCGACGGTAT-1,2,B_cell,not_applicable
ACCCTCGATAAGGA-1,3,myeloid,not_applicable
ACCCTCGATCAAGC-1,3,myeloid,not_applicable
ACCGTGCTACCAGT-1,5,T_cell,naive_memory
ACCGTGCTGGAACG-1,2,B_cell,not_applicable
ACCTATTGCTGAGT-1,2,B_cell,not_applicable
ACCTATTGTGCCCT-1,3,myeloid,not_applicable
ACCTCCGAGTCCTC-1,1,T_cell,naive_memory
ACCTCCGATATGCG-1,1,T_cell,naive_memory
ACCTCCGATGCTGA-1,5,T_cell,naive_memory
ACCTCGTGAACCAC-1,0,T_cell,cytotoxic
ACCTGAGATATCGG-1,6,myeloid,not_applicable
ACCTGGCTAAGTAG-1,4,NK_cell,not_applicable
ACCTGGCTGTCTTT-1,3,myeloid,not_applicable
ACCTTTGACTCCCA-1,6,myeloid,not_applicable
ACCTTTGAGGAACG-1,3,myeloid,not_applicable
ACCTTTGAGGAAGC-1,3,myeloid,not_applicable
ACGAACACCTTGTT-1,0,T_cell,cytotoxic
ACGAACTGGCTATG-1,8,dendritic,not_applicable
ACGAAGCTCTCCAC-1,5,T_cell,naive_memory
ACGAAGCTCTGAGT-1,2,B_cell,not_applicable
ACGACCCTATCTCT-1,3,myeloid,not_applicable
ACGACCCTGATGAA-1,0,T_cell,cytotoxic
ACGACCCTTGACAC-1,2,B_cell,not_applicable
ACGACCCTTGACCA-1,5,T_cell,naive_memory
ACGAGGGACAGGAG-1,7,dendritic,not_applicable
ACGAGGGACGAACT-1,5,T_cell,naive_memory
ACGAGGGATGTAGC-1,1,T_cell,naive_memory
ACGAGTACCCTAAG-1,2,B_cell,not_applicable
ACGAGTACGAATCC-1,2,B_cell,not_applicable
ACGATCGAGGACTT-1,4,NK_cell,not_applicable
ACGATCGAGTCACA-1,6,myeloid,not_applicable
ACGATGACAATGCC-1,1,T_cell,naive_memory
ACGATGACTGGTCA-1,1,T_cell,naive_memory
ACGATTCTACGGGA-1,0,T_cell,cytotoxic
ACGCAATGGTTCAG-1,4,NK_cell,not_applicable
ACGCACCTGTTAGC-1,2,B_cell,not_applicable
ACGCCACTGAACTC-1,6,myeloid,not_applicable
ACGCCGGAAACCAC-1,6,myeloid,not_applicable
ACGCCGGAAAGCCT-1,5,T_cell,naive_memory
ACGCCGGAAATGCC-1,1,T_cell,naive_memory
ACGCCTTGCTCCCA-1,3,myeloid,not_applicable
ACGCGGTGGCGAGA-1,1,T_cell,naive_memory
ACGCGGTGTGTGGT-1,2,B_cell,not_applicable
ACGCGGTGTTTGCT-1,0,T_cell,cytotoxic
ACGCTCACAGTACC-1,5,T_cell,naive_memory
ACGCTCACCCTTGC-1,1,T_cell,naive_memory
ACGCTGCTGTTCTT-1,4,NK_cell,not_applicable
ACGGAACTCAGATC-1,4,NK_cell,not_applicable
ACGGAACTGTCGTA-1,3,myeloid,not_applicable
ACGGAGGACTCTTA-1,6,myeloid,not_applicable
ACGGATTGGGAGGT-1,2,B_cell,not_applicable
ACGGATTGGTTAGC-1,1,T_cell,naive_memory
ACGGCTCTGAGCAG-1,1,T_cell,naive_memory
ACGGCTCTTGCACA-1,5,T_cell,naive_memory
ACGGTAACCGCTAA-1,1,T_cell,naive_memory
ACGGTAACCTTCGC-1,0,T_cell,cytotoxic
ACGGTAACGGTGGA-1,5,T_cell,naive_memory
ACGGTAACTCGCAA-1,0,T_cell,cytotoxic
ACGGTATGAGTCGT-1,6,myeloid,not_applicable
ACGGTATGGGTATC-1,2,B_cell,not_applicable
ACGGTATGGTTGTG-1,2,B_cell,not_applicable
ACGGTCCTAACGGG-1,1,T_cell,naive_memory
ACGGTCCTCGGGAA-1,1,T_cell,naive_memory
ACGTAGACAACCAC-1,1,T_cell,naive_memory
ACGTAGACTACAGC-1,2,B_cell,not_applicable
ACGTCAGAAACGAA-1,1,T_cell,naive_memory
ACGTCAGAGAGCTT-1,6,myeloid,not_applicable
ACGTCAGAGGGATG-1,5,T_cell,naive_memory
ACGTCCTGATAAGG-1,6,myeloid,not_applicable
ACGTCCTGTGAACC-1,3,myeloid,not_applicable
ACGTCGCTCCTGAA-1,4,NK_cell,not_applicable
ACGTCGCTCTATTC-1,7,dendritic,not_applicable
ACGTCGCTTCTCAT-1,2,B_cell,not_applicable
ACGTGATGCCATGA-1,7,dendritic,not_applicable
ACGTGATGGGTCTA-1,5,T_cell,naive_memory
ACGTGATGTAACCG-1,3,myeloid,not_applicable
ACGTGATGTGACAC-1,4,NK_cell,not_applicable
ACGTGCCTCCGTAA-1,1,T_cell,naive_memory
ACGTGCCTTCTATC-1,0,T_cell,cytotoxic
ACGTTACTTTCCAT-1,5,T_cell,naive_memory
ACGTTGGAAAAGCA-1,5,T_cell,naive_memory
ACGTTGGAAACCTG-1,0,T_cell,cytotoxic
ACGTTGGACCGTAA-1,6,myeloid,not_applicable
ACGTTGGAGCCAAT-1,4,NK_cell,not_applicable
ACGTTGGATATGGC-1,2,B_cell,not_applicable
ACGTTGGATCAGGT-1,3,myeloid,not_applicable
ACGTTTACATCAGC-1,5,T_cell,naive_memory
ACTAAAACCCACAA-1,0,T_cell,cytotoxic
ACTAAAACTCGACA-1,6,myeloid,not_applicable
ACTACGGAATTTCC-1,1,T_cell,naive_memory
ACTACGGACCTATT-1,5,T_cell,naive_memory
ACTACGGATCGCTC-1,1,T_cell,naive_memory
ACTACTACTAAGGA-1,5,T_cell,naive_memory
ACTAGGTGGAACCT-1,0,T_cell,cytotoxic
ACTAGGTGGAACTC-1,1,T_cell,naive_memory
ACTATCACCTTGGA-1,0,T_cell,cytotoxic
ACTATCACTGCCAA-1,5,T_cell,naive_memory
ACTCAGGACTGAAC-1,1,T_cell,naive_memory
ACTCAGGATCTATC-1,2,B_cell,not_applicable
ACTCAGGATTCGTT-1,6,myeloid,not_applicable
ACTCCTCTCAACTG-1,1,T_cell,naive_memory
ACTCGCACGAAAGT-1,6,myeloid,not_applicable
ACTCGCACTACGAC-1,6,myeloid,not_applicable
ACTCTCCTGACACT-1,5,T_cell,naive_memory
ACTCTCCTGCATAC-1,7,dendritic,not_applicable
ACTCTCCTGTTTGG-1,5,T_cell,naive_memory
ACTGAGACAACCAC-1,0,T_cell,cytotoxic
ACTGAGACCCATAG-1,3,myeloid,not_applicable
ACTGAGACGTTGGT-1,2,B_cell,not_applicable
ACTGCCACACACGT-1,0,T_cell,cytotoxic
ACTGCCACTCCGTC-1,4,NK_cell,not_applicable
ACTGGCCTTCAGTG-1,4,NK_cell,not_applicable
ACTGTGGACGTGTA-1,0,T_cell,cytotoxic
ACTGTGGATCTAGG-1,2,B_cell,not_applicable
ACTGTTACCCACAA-1,6,myeloid,not_applicable
ACTGTTACTGCAGT-1,5,T_cell,naive_memory
ACTTAAGAACCACA-1,5,T_cell,naive_memory
ACTTAAGACCACAA-1,5,T_cell,naive_memory
ACTTAAGATTACTC-1,7,dendritic,not_applicable
ACTTAGCTGCGTAT-1,3,myeloid,not_applicable
ACTTAGCTGGGAGT-1,1,T_cell,naive_memory
ACTTCAACAAGCAA-1,7,dendritic,not_applicable
ACTTCAACGTAGGG-1,4,NK_cell,not_applicable
ACTTCCCTTTCCGC-1,5,T_cell,naive_memory
ACTTCTGACATGCA-1,2,B_cell,not_applicable
ACTTGACTCCACAA-1,2,B_cell,not_applicable
ACTTGGGAGAAAGT-1,6,myeloid,not_applicable
ACTTGGGAGGTTTG-1,1,T_cell,naive_memory
ACTTGGGATGTGAC-1,3,myeloid,not_applicable
ACTTGGGATTGACG-1,6,myeloid,not_applicable
ACTTGTACCCGAAT-1,5,T_cell,naive_memory
ACTTGTACCTGTCC-1,5,T_cell,naive_memory
ACTTTGTGCGATAC-1,5,T_cell,naive_memory
ACTTTGTGGAAAGT-1,5,T_cell,naive_memory
ACTTTGTGGATAGA-1,6,myeloid,not_applicable
AGAAACGAAAGTAG-1,2,B_cell,not_applicable
AGAAAGTGCGCAAT-1,5,T_cell,naive_memory
AGAAAGTGGGGATG-1,6,myeloid,not_applicable
AGAACAGAAATGCC-1,4,NK_cell,not_applicable
AGAACAGACGACTA-1,2,B_cell,not_applicable
AGAACAGAGACAAA-1,1,T_cell,naive_memory
AGAACGCTTTGCTT-1,5,T_cell,naive_memory
AGAAGATGTGACTG-1,1,T_cell,naive_memory
AGAATGGAAGAAGT-1,0,T_cell,cytotoxic
AGAATTTGTAACCG-1,1,T_cell,naive_memory
AGAATTTGTAGAGA-1,5,T_cell,naive_memory
AGACACACTGTAGC-1,5,T_cell,naive_memory
AGACACTGTCAAGC-1,6,myeloid,not_applicable
AGACCTGAAGTAGA-1,6,myeloid,not_applicable
AGACCTGACCAACA-1,1,T_cell,naive_memory
AGACCTGAGGAAGC-1,0,T_cell,cytotoxic
AGACGTACAGAGGC-1,1,T_cell,naive_memory
AGACGTACCCCTAC-1,2,B_cell,not_applicable
AGACGTACCTCTTA-1,6,myeloid,not_applicable
AGACGTACTCGTGA-1,3,myeloid,not_applicable
AGACTGACCATCAG-1,0,T_cell,cytotoxic
AGACTGACCCTTTA-1,5,T_cell,naive_memory
AGACTTCTCATGCA-1,2,B_cell,not_applicable
AGAGATGACAGTCA-1,2,B_cell,not_applicable
AGAGATGACTGAAC-1,1,T_cell,naive_memory
AGAGATGAGGTTTG-1,6,myeloid,not_applicable
AGAGATGATCTCGC-1,2,B_cell,not_applicable
AGAGATGATTGTGG-1,1,T_cell,naive_memory
AGAGCGGAGGCAAG-1,6,myeloid,not_applicable
AGAGGTCTACAGCT-1,7,dendritic,not_applicable
AGAGTCTGGTCGTA-1,3,myeloid,not_applicable
AGAGTGCTCAGCTA-1,1,T_cell,naive_memory
AGAGTGCTCGAATC-1,1,T_cell,naive_memory
AGAGTGCTGTCATG-1,1,T_cell,naive_memory
AGAGTGCTGTCCTC-1,0,T_cell,cytotoxic
AGAGTGCTGTGTTG-1,2,B_cell,not_applicable
AGATATACCCGTAA-1,4,NK_cell,not_applicable
AGATATACGATGAA-1,1,T_cell,naive_memory
AGATATACTGTTCT-1,2,B_cell,not_applicable
AGATATTGCCTACC-1,0,T_cell,cytotoxic
AGATATTGGCCAAT-1,6,myeloid,not_applicable
AGATCGTGTCTGGA-1,3,myeloid,not_applicable
AGATCGTGTTTGTC-1,2,B_cell,not_applicable
AGATCTCTATCACG-1,2,B_cell,not_applicable
AGATTAACGTTCTT-1,3,myeloid,not_applicable
AGATTCCTATCGTG-1,1,T_cell,naive_memory
AGATTCCTCACTTT-1,6,myeloid,not_applicable
AGATTCCTGACGAG-1,6,myeloid,not_applicable
AGATTCCTGTTCAG-1,4,NK_cell,not_applicable
AGCAAAGATATGCG-1,5,T_cell,naive_memory
AGCACAACAGTCTG-1,0,T_cell,cytotoxic
AGCACTGAGGGAGT-1,1,T_cell,naive_memory
AGCACTGATATGCG-1,1,T_cell,naive_memory
AGCACTGATGCTTT-1,7,dendritic,not_applicable
AGCACTGATTGCGA-1,5,T_cell,naive_memory
AGCATCGAAGATCC-1,1,T_cell,naive_memory
AGCATCGAAGGGTG-1,2,B_cell,not_applicable
AGCATCGAGCTTCC-1,6,myeloid,not_applicable
AGCATCGAGTGAGG-1,1,T_cell,naive_memory
AGCATCGATAACCG-1,6,myeloid,not_applicable
AGCATGACGATGAA-1,0,T_cell,cytotoxic
AGCCAATGGGGAGT-1,3,myeloid,not_applicable
AGCCAATGTATCTC-1,1,T_cell,naive_memory
AGCCACCTGGATCT-1,0,T_cell,cytotoxic
AGCCGGTGCCAATG-1,1,T_cell,naive_memory
AGCCGGTGTGTTTC-1,5,T_cell,naive_memory
AGCCGTCTCAATCG-1,5,T_cell,naive_memory
AGCCGTCTGAGAGC-1,0,T_cell,cytotoxic
AGCCTCACGTTCGA-1,5,T_cell,naive_memory
AGCCTCACTGTCAG-1,3,myeloid,not_applicable
AGCCTCTGCAGTTG-1,2,B_cell,not_applicable
AGCCTCTGCCAATG-1,4,NK_cell,not_applicable
AGCGAACTGGATCT-1,5,T_cell,naive_memory
AGCGAACTTACTGG-1,1,T_cell,naive_memory
AGCGATACGGAGCA-1,5,T_cell,naive_memory
AGCGATTGAGATCC-1,4,NK_cell,not_applicable
AGCGCCGAATCTCT-1,1,T_cell,naive_memory
AGCGCCGACAGAGG-1,1,T_cell,naive_memory
AGCGCTCTACCTTT-1,5,T_cell,naive_memory
AGCGGCACCGGGAA-1,5,T_cell,naive_memory
AGCGGCTGATGTGC-1,5,T_cell,naive_memory
AGCGGGCTTGCCAA-1,1,T_cell,naive_memory
AGCGTAACATGCTG-1,1,T_cell,naive_memory
AGCGTAACTGAGAA-1,3,myeloid,not_applicable
AGCTCGCTACTGGT-1,5,T_cell,naive_memory
AGCTCGCTCTGCTC-1,5,T_cell,naive_memory
AGCTGAACCATACG-1,3,myeloid,not_applicable
AGCTGAACCTCTCG-1,1,T_cell,naive_memory
AGCTGCCTTGGGAG-1,6,myeloid,not_applicable
AGCTGCCTTTCATC-1,1,T_cell,naive_memory
AGCTGCCTTTCTGT-1,1,T_cell,naive_memory
AGCTGTGATCCAAG-1,0,T_cell,cytotoxic
AGCTTTACAAGTAG-1,5,T_cell,naive_memory
AGCTTTACACCAAC-1,0,T_cell,cytotoxic
AGCTTTACTCTCAT-1,2,B_cell,not_applicable
AGGAAATGAGGAGC-1,1,T_cell,naive_memory
AGGAACCTCTTAGG-1,3,myeloid,not_applicable
AGGAACCTTGCCTC-1,0,T_cell,cytotoxic
AGGAATGATAACGC-1,1,T_cell,naive_memory
AGGAATGATTTGTC-1,1,T_cell,naive_memory
AGGAGTCTGGTTTG-1,5,T_cell,naive_memory
AGGAGTCTTGTCAG-1,5,T_cell,naive_memory
AGGATAGACATTTC-1,1,T_cell,naive_memory
AGGATAGAGGATTC-1,0,T_cell,cytotoxic
AGGATGCTACTAGC-1,2,B_cell,not_applicable
AGGATGCTTTAGGC-1,4,NK_cell,not_applicable
AGGCAACTGAAGGC-1,1,T_cell,naive_memory
AGGCAGGAGTACCA-1,0,T_cell,cytotoxic
AGGCCTCTAGTCGT-1,1,T_cell,naive_memory
AGGCCTCTCGGAGA-1,5,T_cell,naive_memory
AGGCCTCTCGTAAC-1,5,T_cell,naive_memory
AGGGACGACGTTGA-1,5,T_cell,naive_memory
AGGGACGAGTCAAC-1,4,NK_cell,not_applicable
AGGGACGAGTTGTG-1,5,T_cell,naive_memory
AGGGACGATAGAGA-1,0,T_cell,cytotoxic
AGGGACGATGCATG-1,0,T_cell,cytotoxic
AGGGAGTGAGCCTA-1,1,T_cell,naive_memory
AGGGCCACCATACG-1,5,T_cell,naive_memory
AGGGCGCTAACCAC-1,6,myeloid,not_applicable
AGGGCGCTATGGTC-1,1,T_cell,naive_memory
AGGGTGGACAGTCA-1,2,B_cell,not_applicable
AGGGTGGACTCAAG-1,3,myeloid,not_applicable
AGGGTGGAGTTGCA-1,0,T_cell,cytotoxic
AGGGTTTGTTCATC-1,3,myeloid,not_applicable
AGGTCATGAGTGTC-1,2,B_cell,not_applicable
AGGTCATGCTTATC-1,0,T_cell,cytotoxic
AGGTCTGATTCTCA-1,3,myeloid,not_applicable
AGGTGGGAAGAATG-1,1,T_cell,naive_memory
AGGTGGGAAGTTCG-1,5,T_cell,naive_memory
AGGTGTTGGTTACG-1,2,B_cell,not_applicable
AGGTTCGAACCTCC-1,6,myeloid,not_applicable
AGGTTCGAACGTAC-1,6,myeloid,not_applicable
AGGTTCGAGGGTGA-1,5,T_cell,naive_memory
AGTAAGGAGTTTGG-1,1,T_cell,naive_memory
AGTAAGGATTCTTG-1,1,T_cell,naive_memory
AGTAATACATCACG-1,4,NK_cell,not_applicable
AGTAATACCGAACT-1,2,B_cell,not_applicable
AGTAATTGTCCCAC-1,1,T_cell,naive_memory
AGTACGTGAGGGTG-1,5,T_cell,naive_memory
AGTACGTGCTGCAA-1,1,T_cell,naive_memory
AGTACGTGCTTGGA-1,1,T_cell,naive_memory
AGTACTCTACGTGT-1,2,B_cell,not_applicable
AGTACTCTCAACCA-1,0,T_cell,cytotoxic
AGTACTCTCGGTAT-1,1,T_cell,naive_memory
AGTAGGCTTGCCTC-1,3,myeloid,not_applicable
AGTATAACTTGTCT-1,3,myeloid,not_applicable
AGTATCCTAGAACA-1,5,T_cell,naive_memory
AGTCACGATGAGCT-1,4,NK_cell,not_applicable
AGTCAGACGAATAG-1,1,T_cell,naive_memory
AGTCAGACGCTTAG-1,0,T_cell,cytotoxic
AGTCAGACTAGAGA-1,0,T_cell,cytotoxic
AGTCAGACTGCACA-1,1,T_cell,naive_memory
AGTCCAGATATCTC-1,5,T_cell,naive_memory
AGTCCAGATTTCAC-1,1,T_cell,naive_memory
AGTCGAACCAACCA-1,5,T_cell,naive_memory
AGTCGCCTCCGTAA-1,1,T_cell,naive_memory
AGTCTACTAGGGTG-1,6,myeloid,not_applicable
AGTCTACTTGCATG-1,3,myeloid,not_applicable
AGTCTTACACCACA-1,5,T_cell,naive_memory
AGTCTTACTTCGCC-1,0,T_cell,cytotoxic
AGTCTTACTTCGGA-1,8,dendritic,not_applicable
AGTGACTGCAACTG-1,3,myeloid,not_applicable
AGTGTTCTAACCTG-1,1,T_cell,naive_memory
AGTGTTCTATAAGG-1,1,T_cell,naive_memory
AGTGTTCTCACTTT-1,6,myeloid,not_applicable
AGTTAAACCACTTT-1,5,T_cell,naive_memory
AGTTATGAACAGTC-1,6,myeloid,not_applicable
AGTTATGACTGAGT-1,1,T_cell,naive_memory
AGTTATGAGTTCAG-1,1,T_cell,naive_memory
AGTTCTACCAGCTA-1,6,myeloid,not_applicable
AGTTCTTGAAGCCT-1,0,T_cell,cytotoxic
AGTTGTCTACTACG-1,5,T_cell,naive_memory
AGTTTAGATGGTCA-1,5,T_cell,naive_memory
AGTTTCACGGTCTA-1,0,T_cell,cytotoxic
AGTTTGCTACAGTC-1,5,T_cell,naive_memory
AGTTTGCTACTGGT-1,4,NK_cell,not_applicable
AGTTTGCTCCAAGT-1,5,T_cell,naive_memory
ATAAACACAGTGCT-1,2,B_cell,not_applicable
ATAAACACCACCAA-1,1,T_cell,naive_memory
ATAACAACATGCTG-1,6,myeloid,not_applicable
ATAACAACGTCTAG-1,1,T_cell,naive_memory
ATAACAACTTTGTC-1,5,T_cell,naive_memory
ATAACATGTACTCT-1,1,T_cell,naive_memory
ATAACCCTGTTGGT-1,0,T_cell,cytotoxic
ATAACCCTTGGTAC-1,1,T_cell,naive_memory
ATAAGTACGAATGA-1,2,B_cell,not_applicable
ATAAGTTGGTACGT-1,3,myeloid,not_applicable
ATAAGTTGTCTAGG-1,1,T_cell,naive_memory
ATAATCGAGCTGAT-1,2,B_cell,not_applicable
ATAATCGATGGTTG-1,5,T_cell,naive_memory
ATAATGACCTACTT-1,1,T_cell,naive_memory
ATAATGACTCGTGA-1,6,myeloid,not_applicable
ATACAATGTTAGGC-1,1,T_cell,naive_memory
ATACCACTCGTACA-1,6,myeloid,not_applicable
ATACCACTCTAAGC-1,7,dendritic,not_applicable
ATACCACTGCCAAT-1,4,NK_cell,not_applicable
ATACCGGAATGCTG-1,7,dendritic,not_applicable
ATACCGGACATTTC-1,6,myeloid,not_applicable
ATACCGGACTTCGC-1,1,T_cell,naive_memory
ATACCGGAGGTGTT-1,6,myeloid,not_applicable
ATACCGGATCTCGC-1,1,T_cell,naive_memory
ATACCTACGCATCA-1,5,T_cell,naive_memory
ATACCTTGGGGCAA-1,5,T_cell,naive_memory
ATACGGACAGACTC-1,6,myeloid,not_applicable
ATACGGACCTACTT-1,6,myeloid,not_applicable
ATACGGACGAGGTG-1,2,B_cell,not_applicable
ATACGGACTATGCG-1,2,B_cell,not_applicable
ATACGGACTCTGGA-1,6,myeloid,not_applicable
ATACGTCTTAACGC-1,6,myeloid,not_applicable
ATACTCTGCTTCGC-1,3,myeloid,not_applicable
ATACTCTGGTATGC-1,4,NK_cell,not_applicable
ATAGATACCATGGT-1,1,T_cell,naive_memory
ATAGATACGACGAG-1,5,T_cell,naive_memory
ATAGATTGGTGTAC-1,2,B_cell,not_applicable
ATAGCCGAACGGAG-1,5,T_cell,naive_memory
ATAGCGTGCAGATC-1,1,T_cell,naive_memory
ATAGCGTGCCCTTG-1,6,myeloid,not_applicable
ATAGCGTGGTATCG-1,6,myeloid,not_applicable
ATAGCGTGTCTCTA-1,5,T_cell,naive_memory
ATAGCTCTCTGATG-1,5,T_cell,naive_memory
ATAGCTCTGAGGTG-1,5,T_cell,naive_memory
ATAGGAGAAACAGA-1,3,myeloid,not_applicable
ATAGGCTGTCAGAC-1,5,T_cell,naive_memory
ATAGTCCTAGTGTC-1,6,myeloid,not_applicable
ATAGTCCTTGCATG-1,1,T_cell,naive_memory
ATAGTCCTTGTCGA-1,5,T_cell,naive_memory
ATAGTTGACAACTG-1,5,T_cell,naive_memory
ATAGTTGACCCTCA-1,3,myeloid,not_applicable
ATAGTTGAGACGTT-1,5,T_cell,naive_memory
ATAGTTGATAAGCC-1,1,T_cell,naive_memory
ATATACGAAGCCAT-1,5,T_cell,naive_memory
ATATACGAATTGGC-1,1,T_cell,naive_memory
ATATAGTGGAATGA-1,6,myeloid,not_applicable
ATATGCCTAGATCC-1,6,myeloid,not_applicable
ATATGCCTGGACAG-1,5,T_cell,naive_memory
ATATGCCTTCTCTA-1,1,T_cell,naive_memory
ATATGCCTTGGTAC-1,5,T_cell,naive_memory
ATCAAATGAGCCTA-1,6,myeloid,not_applicable
ATCAAATGGGTAAA-1,3,myeloid,not_applicable
ATCAACCTAAACGA-1,1,T_cell,naive_memory
ATCAACCTGAGGAC-1,5,T_cell,naive_memory
ATCAACCTTCTCTA-1,0,T_cell,cytotoxic
ATCAACCTTTGTCT-1,0,T_cell,cytotoxic
ATCACACTTTGTCT-1,1,T_cell,naive_memory
ATCACGGATTGCTT-1,6,myeloid,not_applicable
ATCACGGATTTCGT-1,2,B_cell,not_applicable
ATCATCTGACACCA-1,8,dendritic,not_applicable
ATCATGCTAGAGTA-1,0,T_cell,cytotoxic
ATCATGCTGAACCT-1,2,B_cell,not_applicable
ATCCAGGACGCTAA-1,3,myeloid,not_applicable
ATCCAGGATGGAAA-1,1,T_cell,naive_memory
ATCCATACTCCTTA-1,6,myeloid,not_applicable
ATCCATACTTCATC-1,3,myeloid,not_applicable
ATCCCGTGCAGTCA-1,4,NK_cell,not_applicable
ATCCCGTGCATGCA-1,2,B_cell,not_applicable
ATCCCGTGGCTGAT-1,2,B_cell,not_applicable
ATCCGCACGCATCA-1,2,B_cell,not_applicable
ATCCTAACGACGGA-1,2,B_cell,not_applicable
ATCCTAACGCTACA-1,0,T_cell,cytotoxic
ATCGACGAAACTGC-1,6,myeloid,not_applicable
ATCGACGAATGACC-1,1,T_cell,naive_memory
ATCGAGTGGACGTT-1,0,T_cell,cytotoxic
ATCGCAGAATCTCT-1,3,myeloid,not_applicable
ATCGCAGAGTGTCA-1,2,B_cell,not_applicable
ATCGCCACTGAGGG-1,0,T_cell,cytotoxic
ATCGCCTGGGTCAT-1,5,T_cell,naive_memory
ATCGCCTGTGGCAT-1,2,B_cell,not_applicable
ATCGCGCTCAGAGG-1,6,myeloid,not_applicable
ATCGCGCTGGGATG-1,1,T_cell,naive_memory
ATCGCGCTTTTCGT-1,2,B_cell,not_applicable
ATCGGAACCAGTCA-1,5,T_cell,naive_memory
ATCGGTGAGTCAAC-1,5,T_cell,naive_memory
ATCGGTGATTGCAG-1,1,T_cell,naive_memory
ATCGTTTGCCTACC-1,6,myeloid,not_applicable
ATCGTTTGGGTACT-1,6,myeloid,not_applicable
ATCGTTTGTGCCAA-1,6,myeloid,not_applicable
ATCTACACCCGCTT-1,6,myeloid,not_applicable
ATCTACACCGGGAA-1,1,T_cell,naive_memory
ATCTCAACAGGAGC-1,2,B_cell,not_applicable
ATCTCAACCTCGAA-1,5,T_cell,naive_memory
ATCTCAACCTTGTT-1,6,myeloid,not_applicable
ATCTGGGAAACCAC-1,6,myeloid,not_applicable
ATCTGGGAAGTGTC-1,3,myeloid,not_applicable
ATCTGGGATTCCGC-1,0,T_cell,cytotoxic
ATCTGTTGAACGGG-1,1,T_cell,naive_memory
ATCTGTTGACCTCC-1,1,T_cell,naive_memory
ATCTGTTGCCTTCG-1,3,myeloid,not_applicable
ATCTGTTGGTTGCA-1,1,T_cell,naive_memory
ATCTTGACACCAAC-1,1,T_cell,naive_memory
ATCTTGACCTCCCA-1,6,myeloid,not_applicable
ATCTTTCTGCATCA-1,0,T_cell,cytotoxic
ATCTTTCTGTTTCT-1,0,T_cell,cytotoxic
ATCTTTCTTGTCCC-1,4,NK_cell,not_applicable
ATGAAACTCTGTGA-1,0,T_cell,cytotoxic
ATGAAACTGAGGCA-1,5,T_cell,naive_memory
ATGAAGGAACAGCT-1,0,T_cell,cytotoxic
ATGAAGGACCTGTC-1,2,B_cell,not_applicable
ATGAAGGACCTTAT-1,2,B_cell,not_applicable
ATGAAGGACTAGTG-1,2,B_cell,not_applicable
ATGAAGGACTTGCC-1,4,NK_cell,not_applicable
ATGACGTGACGACT-1,2,B_cell,not_applicable
ATGACGTGATCGGT-1,3,myeloid,not_applicable
ATGAGAGAAAGTGA-1,1,T_cell,naive_memory
ATGAGAGAACGCAT-1,5,T_cell,naive_memory
ATGAGAGAAGTAGA-1,2,B_cell,not_applicable
ATGAGCACACAGCT-1,1,T_cell,naive_memory
ATGAGCACATCTTC-1,5,T_cell,naive_memory
ATGATAACTTCACT-1,4,NK_cell,not_applicable
ATGATATGAAACAG-1,1,T_cell,naive_memory
ATGATATGACTGGT-1,5,T_cell,naive_memory
ATGATATGAGCACT-1,5,T_cell,naive_memory
ATGATATGGTCATG-1,5,T_cell,naive_memory
ATGATATGGTGCTA-1,4,NK_cell,not_applicable
ATGATATGTTGTCT-1,3,myeloid,not_applicable
ATGCACGAATGTCG-1,2,B_cell,not_applicable
ATGCACGACTGTAG-1,1,T_cell,naive_memory
ATGCACGAGAACCT-1,2,B_cell,not_applicable
ATGCACGAGTTCGA-1,5,T_cell,naive_memory
ATGCACGATTGGTG-1,3,myeloid,not_applicable
ATGCAGTGTTACCT-1,2,B_cell,not_applicable
ATGCAGTGTTCTAC-1,1,T_cell,naive_memory
ATGCCAGAACGACT-1,1,T_cell,naive_memory
ATGCCAGACAGTCA-1,6,myeloid,not_applicable
ATGCCGCTTGAACC-1,6,myeloid,not_applicable
ATGCGATGCTATGG-1,3,myeloid,not_applicable
ATGCGATGCTGAGT-1,1,T_cell,naive_memory
ATGCGATGGTTACG-1,2,B_cell,not_applicable
ATGCGCCTTCATTC-1,5,T_cell,naive_memory
ATGCTTTGCGAATC-1,1,T_cell,naive_memory
ATGCTTTGGGCGAA-1,0,T_cell,cytotoxic
ATGCTTTGTAGTCG-1,2,B_cell,not_applicable
ATGGACACATCGGT-1,1,T_cell,naive_memory
ATGGACACGCATCA-1,4,NK_cell,not_applicable
ATGGGTACAACCTG-1,2,B_cell,not_applicable
ATGGGTACATCGGT-1,4,NK_cell,not_applicable
ATGGGTACTATTCC-1,1,T_cell,naive_memory
ATGGGTACTGGGAG-1,1,T_cell,naive_memory
ATGTAAACACCTCC-1,5,T_cell,naive_memory
ATGTAAACCCGCTT-1,1,T_cell,naive_memory
ATGTAAACGGGATG-1,7,dendritic,not_applicable
ATGTAAACTCTCCG-1,0,T_cell,cytotoxic
ATGTAAACTTCACT-1,6,myeloid,not_applicable
ATGTACCTCAGTCA-1,1,T_cell,naive_memory
ATGTACCTTAGTCG-1,1,T_cell,naive_memory
ATGTACCTTTATCC-1,6,myeloid,not_applicable
ATGTACCTTTCACT-1,0,T_cell,cytotoxic
ATGTCACTAATGCC-1,6,myeloid,not_applicable
ATGTCACTCTGCTC-1,5,T_cell,naive_memory
ATGTCGGAGGTGAG-1,1,T_cell,naive_memory
ATGTTCACAGTCTG-1,6,myeloid,not_applicable
ATGTTCACCGTAGT-1,1,T_cell,naive_memory
ATGTTGCTTTCAGG-1,1,T_cell,naive_memory
ATTAACGATGAGAA-1,4,NK_cell,not_applicable
ATTAACGATGCAAC-1,0,T_cell,cytotoxic
ATTAAGACTGCAGT-1,1,T_cell,naive_memory
ATTACCTGCCTTAT-1,6,myeloid,not_applicable
ATTACCTGGAGGAC-1,3,myeloid,not_applicable
ATTACCTGGGCATT-1,2,B_cell,not_applicable
ATTAGATGTTTCAC-1,5,T_cell,naive_memory
ATTATGGAATCTCT-1,1,T_cell,naive_memory
ATTCAAGAACGGGA-1,5,T_cell,naive_memory
ATTCAAGACCTTTA-1,1,T_cell,naive_memory
ATTCAGCTCATTGG-1,8,dendritic,not_applicable
ATTCCAACCATTGG-1,6,myeloid,not_applicable
ATTCCAACTTAGGC-1,4,NK_cell,not_applicable
ATTCGACTCACTAG-1,1,T_cell,naive_memory
ATTCGACTGAATAG-1,6,myeloid,not_applicable
ATTCGACTTTTGTC-1,3,myeloid,not_applicable
ATTCGGGAAAGGCG-1,6,myeloid,not_applicable
ATTCGGGATTAGGC-1,1,T_cell,naive_memory
ATTCTTCTGATACC-1,0,T_cell,cytotoxic
ATTGAATGGACGGA-1,1,T_cell,naive_memory
ATTGATGAAGGTTC-1,5,T_cell,naive_memory
ATTGATGACTGAGT-1,1,T_cell,naive_memory
ATTGATGAGCGAAG-1,1,T_cell,naive_memory
ATTGATGATCTATC-1,5,T_cell,naive_memory
ATTGCACTGACGGA-1,5,T_cell,naive_memory
ATTGCACTGAGAGC-1,3,myeloid,not_applicable
ATTGCACTGGAGCA-1,6,myeloid,not_applicable
ATTGCACTTAGCCA-1,1,T_cell,naive_memory
ATTGCACTTGCTTT-1,3,myeloid,not_applicable
ATTGCTTGTTACTC-1,2,B_cell,not_applicable
ATTGGTCTGACTAC-1,2,B_cell,not_applicable
ATTGGTCTTGTCTT-1,2,B_cell,not_applicable
ATTGTAGATTCCCG-1,7,dendritic,not_applicable
ATTGTAGATTGCAG-1,0,T_cell,cytotoxic
ATTGTCTGCGTACA-1,1,T_cell,naive_memory
ATTTAGGAACCATG-1,3,myeloid,not_applicable
ATTTAGGACAGAGG-1,1,T_cell,naive_memory
ATTTCCGAGATGAA-1,5,T_cell,naive_memory
ATTTCCGAGTGCTA-1,1,T_cell,naive_memory
ATTTCGTGTATGGC-1,4,NK_cell,not_applicable
ATTTCTCTACTTTC-1,3,myeloid,not_applicable
ATTTCTCTAGCAAA-1,1,T_cell,naive_memory
ATTTCTCTCACTTT-1,3,myeloid,not_applicable
ATTTCTCTTCCCAC-1,5,T_cell,naive_memory
ATTTGCACAAGATG-1,6,myeloid,not_applicable
CAAAGCACAGCTCA-1,1,T_cell,naive_memory
CAAAGCACCGTAAC-1,2,B_cell,not_applicable
CAAAGCACGGTAAA-1,0,T_cell,cytotoxic
CAAAGCTGAAAGTG-1,0,T_cell,cytotoxic
CAAAGCTGTTGCTT-1,6,myeloid,not_applicable
CAAATATGTGACAC-1,5,T_cell,naive_memory
CAAATTGAGGGCAA-1,1,T_cell,naive_memory
CAAATTGATGGAGG-1,6,myeloid,not_applicable
CAACCAGAAAAGTG-1,5,T_cell,naive_memory
CAACCAGAAGTGCT-1,1,T_cell,naive_memory
CAACCAGAGTTCAG-1,6,myeloid,not_applicable
CAACCAGATAGAAG-1,6,myeloid,not_applicable
CAACCGCTGTTCAG-1,5,T_cell,naive_memory
CAACCGCTTTGAGC-1,1,T_cell,naive_memory
CAACGATGCGCAAT-1,3,myeloid,not_applicable
CAACGTGACTCCAC-1,3,myeloid,not_applicable
CAACGTGAGCCATA-1,0,T_cell,cytotoxic
CAACGTGATCAAGC-1,6,myeloid,not_applicable
CAAGAAGACCACAA-1,0,T_cell,cytotoxic
CAAGAAGACGTCTC-1,3,myeloid,not_applicable
CAAGAAGATTCTAC-1,5,T_cell,naive_memory
CAAGACTGACCTGA-1,2,B_cell,not_applicable
CAAGACTGAGTAGA-1,2,B_cell,not_applicable
CAAGCTGACCATAG-1,3,myeloid,not_applicable
CAAGCTGATCTATC-1,0,T_cell,cytotoxic
CAAGGACTGTTCAG-1,1,T_cell,naive_memory
CAAGGACTTCTTTG-1,0,T_cell,cytotoxic
CAAGGTTGCTCCAC-1,1,T_cell,naive_memory
CAAGGTTGTCATTC-1,2,B_cell,not_applicable
CAAGGTTGTCTGGA-1,4,NK_cell,not_applicable
CAAGTCGAAACAGA-1,2,B_cell,not_applicable
CAAGTCGATAGCGT-1,6,myeloid,not_applicable
CAATAAACGCCATA-1,6,myeloid,not_applicable
CAATAATGAACTGC-1,6,myeloid,not_applicable
CAATATGACATGGT-1,1,T_cell,naive_memory
CAATATGACCTTCG-1,0,T_cell,cytotoxic
CAATATGACGTTAG-1,5,T_cell,naive_memory
CAATATGAGGAGCA-1,1,T_cell,naive_memory
CAATCGGAGAAACA-1,1,T_cell,naive_memory
CAATCTACTGACTG-1,4,NK_cell,not_applicable
CAATTCACCCAACA-1,0,T_cell,cytotoxic
CAATTCACGATAGA-1,1,T_cell,naive_memory
CAATTCACTTGTGG-1,5,T_cell,naive_memory
CAATTCTGCTTGTT-1,6,myeloid,not_applicable
CAATTCTGGCGTAT-1,3,myeloid,not_applicable
CACAACGATACGAC-1,5,T_cell,naive_memory
CACAATCTTGTTCT-1,0,T_cell,cytotoxic
CACAATCTTTCCAT-1,0,T_cell,cytotoxic
CACACCTGCTTGAG-1,5,T_cell,naive_memory
CACACCTGTATGGC-1,1,T_cell,naive_memory
CACAGAACCCTTGC-1,2,B_cell,not_applicable
CACAGAACCTGATG-1,1,T_cell,naive_memory
CACAGATGGGATTC-1,0,T_cell,cytotoxic
CACAGATGGTTTCT-1,6,myeloid,not_applicable
CACAGCCTGATACC-1,0,T_cell,cytotoxic
CACAGCCTTGCCAA-1,3,myeloid,not_applicable
CACAGCCTTGTAGC-1,1,T_cell,naive_memory
CACAGTGATGAAGA-1,6,myeloid,not_applicable
CACATACTACAGCT-1,0,T_cell,cytotoxic
CACATGGAACACGT-1,5,T_cell,naive_memory
CACATGGAAGTCGT-1,5,T_cell,naive_memory
CACCACTGCCAACA-1,5,T_cell,naive_memory
CACCACTGGCGAAG-1,4,NK_cell,not_applicable
CACCCATGTTCTGT-1,0,T_cell,cytotoxic
CACCGGGAATCGAC-1,1,T_cell,naive_memory
CACCGGGACGAGAG-1,0,T_cell,cytotoxic
CACCGGGACGTGTA-1,5,T_cell,naive_memory
CACCGGGACTTCTA-1,7,dendritic,not_applicable
CACCGGGACTTGCC-1,0,T_cell,cytotoxic
CACCGGGATTCGGA-1,0,T_cell,cytotoxic
CACCGTACTAAGGA-1,2,B_cell,not_applicable
CACCGTACTAGCGT-1,5,T_cell,naive_memory
CACCTGACACCCAA-1,0,T_cell,cytotoxic
CACCTGACCAGAAA-1,1,T_cell,naive_memory
CACCTGACCTCAAG-1,0,T_cell,cytotoxic
CACCTGACGAAAGT-1,2,B_cell,not_applicable
CACCTGACTCGTAG-1,5,T_cell,naive_memory
CACGAAACTTCCGC-1,2,B_cell,not_applicable
CACGACCTCGATAC-1,2,B_cell,not_applicable
CACGCTACAGAAGT-1,1,T_cell,naive_memory
CACGCTACTGTTCT-1,2,B_cell,not_applicable
CACGCTACTTGACG-1,6,myeloid,not_applicable
CACGGGACAGAGTA-1,5,T_cell,naive_memory
CACGGGACATAAGG-1,1,T_cell,naive_memory
CACGGGACGTAGGG-1,1,T_cell,naive_memory
CACGGGTGCTTCGC-1,0,T_cell,cytotoxic
CACGGGTGGAGGAC-1,0,T_cell,cytotoxic
CACGGGTGTGTTTC-1,5,T_cell,naive_memory
CACTAACTCCTAAG-1,2,B_cell,not_applicable
CACTAACTGAAAGT-1,5,T_cell,naive_memory
CACTAGGATGATGC-1,2,B_cell,not_applicable
CACTATACCCCGTT-1,2,B_cell,not_applicable
CACTATACGTTTGG-1,0,T_cell,cytotoxic
CACTGAGACAGTCA-1,6,myeloid,not_applicable
CACTGCACTTCATC-1,1,T_cell,naive_memory
CACTGCTGAGACTC-1,3,myeloid,not_applicable
CACTGCTGGAAAGT-1,1,T_cell,naive_memory
CACTTAACCGAATC-1,1,T_cell,naive_memory
CACTTAACCGTACA-1,2,B_cell,not_applicable
CACTTTGACTCTAT-1,0,T_cell,cytotoxic
CACTTTGAGCTGTA-1,0,T_cell,cytotoxic
CAGAAGCTCTCAAG-1,5,T_cell,naive_memory
CAGACATGAACGGG-1,5,T_cell,naive_memory
CAGACATGTCGACA-1,1,T_cell,naive_memory
CAGACCCTAAGGTA-1,3,myeloid,not_applicable
CAGACCCTAATGCC-1,1,T_cell,naive_memory
CAGACCCTAGGAGC-1,5,T_cell,naive_memory
CAGACTGAGTATGC-1,5,T_cell,naive_memory
CAGATCGAATGTCG-1,2,B_cell,not_applicable
CAGATCGACCTGAA-1,0,T_cell,cytotoxic
CAGATCGATATGGC-1,5,T_cell,naive_memory
CAGATGACATTCTC-1,4,NK_cell,not_applicable
CAGCAATGCCTTCG-1,1,T_cell,naive_memory
CAGCAATGGAGGGT-1,4,NK_cell,not_applicable
CAGCAATGGTGCTA-1,5,T_cell,naive_memory
CAGCAATGTCTACT-1,6,myeloid,not_applicable
CAGCAATGTGACCA-1,1,T_cell,naive_memory
CAGCAATGTGAGGG-1,6,myeloid,not_applicable
CAGCACCTAAGCCT-1,1,T_cell,naive_memory
CAGCACCTAGGCGA-1,5,T_cell,naive_memory
CAGCACCTGTAGGG-1,6,myeloid,not_applicable
CAGCATGACAACCA-1,6,myeloid,not_applicable
CAGCATGAGACGTT-1,0,T_cell,cytotoxic
CAGCCTACCCAACA-1,1,T_cell,naive_memory
CAGCCTTGCTACCC-1,6,myeloid,not_applicable
CAGCCTTGGGGACA-1,1,T_cell,naive_memory
CAGCGGACACCCTC-1,5,T_cell,naive_memory
CAGCGGACCTTTAC-1,4,NK_cell,not_applicable
CAGCGTCTAAAGCA-1,1,T_cell,naive_memory
CAGCGTCTTATCGG-1,1,T_cell,naive_memory
CAGCTAGATGTGAC-1,6,myeloid,not_applicable
CAGCTCTGAGGCGA-1,1,T_cell,naive_memory
CAGCTCTGCAAGCT-1,0,T_cell,cytotoxic
CAGCTCTGTCGTAG-1,6,myeloid,not_applicable
CAGCTCTGTGTGGT-1,4,NK_cell,not_applicable
CAGGAACTAACTGC-1,0,T_cell,cytotoxic
CAGGAACTCTCAGA-1,6,myeloid,not_applicable
CAGGCCGAACACCA-1,5,T_cell,naive_memory
CAGGCCGAACACGT-1,1,T_cell,naive_memory
CAGGCCGAACGACT-1,1,T_cell,naive_memory
CAGGCCGAATCTCT-1,3,myeloid,not_applicable
CAGGCCGACTAGCA-1,2,B_cell,not_applicable
CAGGGCACCATACG-1,2,B_cell,not_applicable
CAGGGCACCCAACA-1,5,T_cell,naive_memory
CAGGGCACTCCCGT-1,1,T_cell,naive_memory
CAGGTAACAGACTC-1,3,myeloid,not_applicable
CAGGTATGAGTCGT-1,1,T_cell,naive_memory
CAGGTATGTGCTTT-1,1,T_cell,naive_memory
CAGGTTGAGGATCT-1,2,B_cell,not_applicable
CAGTGATGGACGGA-1,2,B_cell,not_applicable
CAGTGATGGCTAAC-1,0,T_cell,cytotoxic
CAGTGATGGGACAG-1,1,T_cell,naive_memory
CAGTGATGTAAGGA-1,2,B_cell,not_applicable
CAGTGATGTACGCA-1,2,B_cell,not_applicable
CAGTGTGAACACGT-1,0,T_cell,cytotoxic
CAGTGTGATGTCAG-1,5,T_cell,naive_memory
CAGTTACTAAGGTA-1,2,B_cell,not_applicable
CAGTTACTGATAGA-1,1,T_cell,naive_memory
CAGTTGGAAAGAGT-1,3,myeloid,not_applicable
CAGTTGGACATACG-1,5,T_cell,naive_memory
CAGTTTACACACGT-1,4,NK_cell,not_applicable
CAGTTTACCCCAAA-1,5,T_cell,naive_memory
CATAAAACGGAGCA-1,6,myeloid,not_applicable
CATAAATGAACTGC-1,5,T_cell,naive_memory
CATAACCTTCTCCG-1,1,T_cell,naive_memory
CATACTACCTCGAA-1,5,T_cell,naive_memory
CATACTACCTGAAC-1,5,T_cell,naive_memory
CATACTACGTACCA-1,3,myeloid,not_applicable
CATACTTGGGTTAC-1,3,myeloid,not_applicable
CATAGTCTAATCGC-1,1,T_cell,naive_memory
CATAGTCTCACTTT-1,1,T_cell,naive_memory
CATATAGACTAAGC-1,7,dendritic,not_applicable
CATATAGATCAGGT-1,2,B_cell,not_applicable
CATCAACTAGAAGT-1,1,T_cell,naive_memory
CATCAACTCCCTCA-1,1,T_cell,naive_memory
CATCAGGACTTCCG-1,4,NK_cell,not_applicable
CATCAGGATAGCCA-1,4,NK_cell,not_applicable
CATCAGGATCCTAT-1,3,myeloid,not_applicable
CATCAGGATGCACA-1,3,myeloid,not_applicable
CATCAGGATTTCGT-1,6,myeloid,not_applicable
CATCATACCGCATA-1,3,myeloid,not_applicable
CATCATACGGAGCA-1,2,B_cell,not_applicable
CATCATACTCAAGC-1,5,T_cell,naive_memory
CATCGCTGGGATCT-1,1,T_cell,naive_memory
CATCGCTGTGGCAT-1,2,B_cell,not_applicable
CATCGGCTATGCTG-1,5,T_cell,naive_memory
CATCGGCTTTGGCA-1,5,T_cell,naive_memory
CATCTCCTATGTGC-1,2,B_cell,not_applicable
CATCTCCTCGAACT-1,3,myeloid,not_applicable
CATGAGACACGGGA-1,2,B_cell,not_applicable
CATGAGACGTTGAC-1,4,NK_cell,not_applicable
CATGAGACTCGCCT-1,1,T_cell,naive_memory
CATGCCACGGGTGA-1,5,T_cell,naive_memory
CATGCCACTGCCAA-1,1,T_cell,naive_memory
CATGCGCTAGTCAC-1,3,myeloid,not_applicable
CATGCGCTCAGATC-1,6,myeloid,not_applicable
CATGCGCTTTGCAG-1,3,myeloid,not_applicable
CATGGCCTAGGGTG-1,6,myeloid,not_applicable
CATGGCCTGTGCAT-1,5,T_cell,naive_memory
CATGTACTATCGTG-1,0,T_cell,cytotoxic
CATGTTACAGTCGT-1,0,T_cell,cytotoxic
CATGTTACCTGAGT-1,0,T_cell,cytotoxic
CATGTTTGGGGATG-1,6,myeloid,not_applicable
CATTACACACGGAG-1,2,B_cell,not_applicable
CATTACACCAACTG-1,4,NK_cell,not_applicable
CATTACACGGAGTG-1,5,T_cell,naive_memory
CATTACACTACTCT-1,5,T_cell,naive_memory
CATTAGCTCCACAA-1,6,myeloid,not_applicable
CATTGACTAGCGGA-1,6,myeloid,not_applicable
CATTGGGACTCGAA-1,1,T_cell,naive_memory
CATTGTACAGCGTT-1,5,T_cell,naive_memory
CATTGTACTCGATG-1,2,B_cell,not_applicable
CATTGTACTTATCC-1,5,T_cell,naive_memory
CATTGTACTTTGCT-1,3,myeloid,not_applicable
CATTGTTGCTAGTG-1,5,T_cell,naive_memory
CATTTCGACTCTAT-1,0,T_cell,cytotoxic
CATTTCGAGATACC-1,4,NK_cell,not_applicable
CATTTGACCACACA-1,0,T_cell,cytotoxic
CATTTGACCCTGAA-1,0,T_cell,cytotoxic
CATTTGTGACGACT-1,2,B_cell,not_applicable
CATTTGTGCATTGG-1,1,T_cell,naive_memory
CATTTGTGCGGAGA-1,5,T_cell,naive_memory
CATTTGTGGGATCT-1,2,B_cell,not_applicable
CCAAAGTGCTACGA-1,6,myeloid,not_applicable
CCAAAGTGTGAGAA-1,6,myeloid,not_applicable
CCAACCTGAAGTAG-1,0,T_cell,cytotoxic
CCAACCTGACGTAC-1,6,myeloid,not_applicable
CCAACCTGTTCGCC-1,6,myeloid,not_applicable
CCAAGAACCCAATG-1,1,T_cell,naive_memory
CCAAGAACGTAGCT-1,1,T_cell,naive_memory
CCAAGAACGTGTCA-1,1,T_cell,naive_memory
CCAAGAACTACTGG-1,0,T_cell,cytotoxic
CCAAGAACTCCTAT-1,2,B_cell,not_applicable
CCAAGATGTCATTC-1,5,T_cell,naive_memory
CCAAGATGTTTCAC-1,1,T_cell,naive_memory
CCAAGTGAGGAACG-1,5,T_cell,naive_memory
CCAAGTGATCAAGC-1,1,T_cell,naive_memory
CCAATGGAACAGCT-1,6,myeloid,not_applicable
CCAATTTGAACGTC-1,6,myeloid,not_applicable
CCACCATGAACGTC-1,5,T_cell,naive_memory
CCACCATGATCGGT-1,1,T_cell,naive_memory
CCACCATGGACGAG-1,3,myeloid,not_applicable
CCACCATGGGGAGT-1,1,T_cell,naive_memory
CCACCATGTCCTGC-1,0,T_cell,cytotoxic
CCACTGACCCGCTT-1,6,myeloid,not_applicable
CCACTGTGGGAAGC-1,6,myeloid,not_applicable
CCACTGTGTGTAGC-1,5,T_cell,naive_memory
CCACTTCTCGGGAA-1,6,myeloid,not_applicable
CCAGAAACCCTGTC-1,2,B_cell,not_applicable
CCAGAAACGAACTC-1,1,T_cell,naive_memory
CCAGAAACGGTCTA-1,5,T_cell,naive_memory
CCAGACCTCTGAGT-1,6,myeloid,not_applicable
CCAGACCTTGTGGT-1,1,T_cell,naive_memory
CCAGCACTGCGATT-1,3,myeloid,not_applicable
CCAGCGGAAAGGCG-1,6,myeloid,not_applicable
CCAGCGGACGACTA-1,6,myeloid,not_applicable
CCAGCGGATGGGAG-1,1,T_cell,naive_memory
CCAGCTACACAGTC-1,5,T_cell,naive_memory
CCAGCTACCAGCTA-1,2,B_cell,not_applicable
CCAGGTCTACACCA-1,2,B_cell,not_applicable
CCAGGTCTAGCATC-1,6,myeloid,not_applicable
CCAGGTCTATGGTC-1,5,T_cell,naive_memory
CCAGTCACACTGGT-1,6,myeloid,not_applicable
CCAGTCACACTGTG-1,2,B_cell,not_applicable
CCAGTCACGTTGTG-1,5,T_cell,naive_memory
CCAGTCTGCGGAGA-1,7,dendritic,not_applicable
CCAGTGCTAACCAC-1,1,T_cell,naive_memory
CCAGTGCTCGTAGT-1,1,T_cell,naive_memory
CCATCCGAAAGCAA-1,0,T_cell,cytotoxic
CCATCCGAACGACT-1,5,T_cell,naive_memory
CCATCCGAAGGTTC-1,2,B_cell,not_applicable
CCATCCGATTCGCC-1,6,myeloid,not_applicable
CCATCGTGAACGGG-1,1,T_cell,naive_memory
CCATCGTGCTAGAC-1,3,myeloid,not_applicable
CCCAACACCTCGCT-1,2,B_cell,not_applicable
CCCAACACGCATCA-1,5,T_cell,naive_memory
CCCAACACTTTGTC-1,6,myeloid,not_applicable
CCCAACTGCAATCG-1,6,myeloid,not_applicable
CCCAGACTGCCTTC-1,3,myeloid,not_applicable
CCCAGACTGGTTTG-1,2,B_cell,not_applicable
CCCAGACTTTCGCC-1,3,myeloid,not_applicable
CCCAGTTGCAGTTG-1,3,myeloid,not_applicable
CCCAGTTGGGTACT-1,1,T_cell,naive_memory
CCCAGTTGTCTATC-1,2,B_cell,not_applicable
CCCGATTGTGTTTC-1,0,T_cell,cytotoxic
CCCGGAGAAGGGTG-1,6,myeloid,not_applicable
CCCTACGAATTGGC-1,6,myeloid,not_applicable
CCCTAGTGCAAAGA-1,1,T_cell,naive_memory
CCCTCAGACACTTT-1,2,B_cell,not_applicable
CCCTCAGACGAGAG-1,1,T_cell,naive_memory
CCCTCAGAGGTCAT-1,5,T_cell,naive_memory
CCCTGAACTAAAGG-1,2,B_cell,not_applicable
CCCTGATGCAACCA-1,5,T_cell,naive_memory
CCCTGATGCAAGCT-1,2,B_cell,not_applicable
CCCTTACTAACCAC-1,6,myeloid,not_applicable
CCCTTACTGCAGTT-1,0,T_cell,cytotoxic
CCGAAAACCTTGTT-1,3,myeloid,not_applicable
CCGACACTGGTTTG-1,1,T_cell,naive_memory
CCGACTACCCAGTA-1,6,myeloid,not_applicable
CCGACTACCGTGTA-1,5,T_cell,naive_memory
CCGACTACTGAGGG-1,0,T_cell,cytotoxic
CCGATAGACCTAAG-1,5,T_cell,naive_memory
CCGATAGAGTTGGT-1,3,myeloid,not_applicable
CCGCGAGACACACA-1,6,myeloid,not_applicable
CCGCGAGAGGTTCA-1,0,T_cell,cytotoxic
CCGCTATGGGACGA-1,2,B_cell,not_applicable
CCGCTATGTGCAAC-1,6,myeloid,not_applicable
CCGCTATGTGCACA-1,6,myeloid,not_applicable
CCGGTACTGTCCTC-1,1,T_cell,naive_memory
CCGTACACAAGCAA-1,5,T_cell,naive_memory
CCGTACACAGCGTT-1,2,B_cell,not_applicable
CCGTACACGTCATG-1,0,T_cell,cytotoxic
CCGTACACGTTGGT-1,6,myeloid,not_applicable
CCGTACACTAACGC-1,0,T_cell,cytotoxic
CCTAAACTTTCGTT-1,5,T_cell,naive_memory
CCTAAGGACCCAAA-1,5,T_cell,naive_memory
CCTAAGGACTAGCA-1,6,myeloid,not_applicable
CCTAAGGAGGGCAA-1,0,T_cell,cytotoxic
CCTAAGGATGATGC-1,5,T_cell,naive_memory
CCTAAGGATGTCAG-1,5,T_cell,naive_memory
CCTACCGACTCTTA-1,5,T_cell,naive_memory
CCTACCGAGGGATG-1,2,B_cell,not_applicable
CCTAGAGAGGTGAG-1,2,B_cell,not_applicable
CCTATAACCAAAGA-1,5,T_cell,naive_memory
CCTATAACGAGACG-1,3,myeloid,not_applicable
CCTATAACTCAGAC-1,5,T_cell,naive_memory
CCTATAACTGCATG-1,3,myeloid,not_applicable
CCTCGAACACTTTC-1,4,NK_cell,not_applicable
CCTCGAACCCGTAA-1,3,myeloid,not_applicable
CCTCGAACGTATCG-1,5,T_cell,naive_memory
CCTCGAACTTACTC-1,1,T_cell,naive_memory
CCTCTACTCTTCGC-1,6,myeloid,not_applicable
CCTCTACTGGCATT-1,5,T_cell,naive_memory
CCTGACTGAAGTAG-1,0,T_cell,cytotoxic
CCTGACTGGGGAGT-1,5,T_cell,naive_memory
CCTGACTGTGTCTT-1,2,B_cell,not_applicable
CCTGCAACACGTTG-1,6,myeloid,not_applicable
CCTGGACTCGTGAT-1,5,T_cell,naive_memory
CCTTAATGCCCAAA-1,2,B_cell,not_applicable
CCTTAATGTTCTAC-1,3,myeloid,not_applicable
CCTTCACTACGACT-1,5,T_cell,naive_memory
CCTTCACTCAGTCA-1,2,B_cell,not_applicable
CCTTCACTGGAGTG-1,6,myeloid,not_applicable
CCTTTAGATTCATC-1,6,myeloid,not_applicable
CGAACATGCCCTAC-1,3,myeloid,not_applicable
CGAACATGTCAGAC-1,1,T_cell,naive_memory
CGAAGACTGGAACG-1,0,T_cell,cytotoxic
CGAAGACTGTTACG-1,1,T_cell,naive_memory
CGAAGGGAAACCTG-1,0,T_cell,cytotoxic
CGAAGGGATCCGAA-1,2,B_cell,not_applicable
CGAAGTACCAACTG-1,2,B_cell,not_applicable
CGAATCGAGGAGCA-1,6,myeloid,not_applicable
CGAATCGAGGAGGT-1,1,T_cell,naive_memory
CGACAAACCCATAG-1,1,T_cell,naive_memory
CGACAAACCGACAT-1,2,B_cell,not_applicable
CGACCACTAAAGTG-1,4,NK_cell,not_applicable
CGACCACTGCCAAT-1,4,NK_cell,not_applicable
CGACCGGAAGGTCT-1,5,T_cell,naive_memory
CGACCGGATGGAAA-1,1,T_cell,naive_memory
CGACCTTGCTAGTG-1,1,T_cell,naive_memory
CGACCTTGGCAAGG-1,5,T_cell,naive_memory
CGACGTCTATCGTG-1,0,T_cell,cytotoxic
CGACGTCTCGTGTA-1,1,T_cell,naive_memory
CGACGTCTGAGGCA-1,5,T_cell,naive_memory
CGACTCACGTCGTA-1,5,T_cell,naive_memory
CGACTCACGTTGCA-1,5,T_cell,naive_memory
CGACTCTGTGTGAC-1,1,T_cell,naive_memory
CGACTGCTTCCTCG-1,6,myeloid,not_applicable
CGAGAACTAAGGCG-1,0,T_cell,cytotoxic
CGAGAACTACGTTG-1,5,T_cell,naive_memory
CGAGAACTTGTTCT-1,6,myeloid,not_applicable
CGAGATTGGACACT-1,0,T_cell,cytotoxic
CGAGATTGGCCATA-1,0,T_cell,cytotoxic
CGAGCCGAACACCA-1,1,T_cell,naive_memory
CGAGCCGACGACAT-1,0,T_cell,cytotoxic
CGAGCCGAGGCGAA-1,0,T_cell,cytotoxic
CGAGCGTGCTCCAC-1,0,T_cell,cytotoxic
CGAGCGTGGATACC-1,1,T_cell,naive_memory
CGAGCGTGTATGCG-1,6,myeloid,not_applicable
CGAGGAGACCTCCA-1,2,B_cell,not_applicable
CGAGGAGATGTCGA-1,5,T_cell,naive_memory
CGAGGCACCTATGG-1,0,T_cell,cytotoxic
CGAGGCACTATGCG-1,6,myeloid,not_applicable
CGAGGCACTCTTCA-1,0,T_cell,cytotoxic
CGAGGCTGACGCTA-1,4,NK_cell,not_applicable
CGAGGCTGGCAGTT-1,6,myeloid,not_applicable
CGAGGGCTACGACT-1,2,B_cell,not_applicable
CGAGGGCTCGAATC-1,5,T_cell,naive_memory
CGAGTATGTCACCC-1,3,myeloid,not_applicable
CGATACGAACAGTC-1,3,myeloid,not_applicable
CGATACGACAGGAG-1,7,dendritic,not_applicable
CGATACGATTCACT-1,2,B_cell,not_applicable
CGATAGACCCGTAA-1,3,myeloid,not_applicable
CGATAGACCGTACA-1,1,T_cell,naive_memory
CGATAGACGTAGGG-1,6,myeloid,not_applicable
CGATAGACTGTTCT-1,1,T_cell,naive_memory
CGATCAGAAGAACA-1,0,T_cell,cytotoxic
CGATCAGAGAGGGT-1,1,T_cell,naive_memory
CGATCAGAGGTACT-1,1,T_cell,naive_memory
CGATCAGATGTGAC-1,7,dendritic,not_applicable
CGATCCACCGGGAA-1,0,T_cell,cytotoxic
CGATCCACTTCCAT-1,2,B_cell,not_applicable
CGCAAATGCTCGAA-1,5,T_cell,naive_memory
CGCAACCTCCTTGC-1,1,T_cell,naive_memory
CGCAACCTGGACGA-1,1,T_cell,naive_memory
CGCACGGAGGACGA-1,2,B_cell,not_applicable
CGCACGGATCTTTG-1,5,T_cell,naive_memory
CGCACTACAGAATG-1,5,T_cell,naive_memory
CGCACTACAGCCAT-1,1,T_cell,naive_memory
CGCACTACATTGGC-1,1,T_cell,naive_memory
CGCACTACTCGCCT-1,2,B_cell,not_applicable
CGCACTACTCGTGA-1,0,T_cell,cytotoxic
CGCACTTGTCACGA-1,6,myeloid,not_applicable
CGCAGGACAGATCC-1,0,T_cell,cytotoxic
CGCAGGACCTACTT-1,5,T_cell,naive_memory
CGCAGGACTTGTCT-1,3,myeloid,not_applicable
CGCAGGTGCACTGA-1,1,T_cell,naive_memory
CGCAGGTGCCATAG-1,3,myeloid,not_applicable
CGCAGGTGGGAACG-1,1,T_cell,naive_memory
CGCATAGATCACGA-1,6,myeloid,not_applicable
CGCCATACTGCAAC-1,1,T_cell,naive_memory
CGCCATTGAGAGGC-1,5,T_cell,naive_memory
CGCCATTGCTATGG-1,5,T_cell,naive_memory
CGCCATTGGAGACG-1,1,T_cell,naive_memory
CGCCATTGGAGCAG-1,2,B_cell,not_applicable
CGCCATTGTACTGG-1,2,B_cell,not_applicable
CGCCGAGAGCTTAG-1,4,NK_cell,not_applicable
CGCCTAACGAATGA-1,7,dendritic,not_applicable
CGCCTAACTGCTCC-1,1,T_cell,naive_memory
CGCGAGACACAGCT-1,0,T_cell,cytotoxic
CGCGAGACAGGTCT-1,2,B_cell,not_applicable
CGCGAGACGCTACA-1,1,T_cell,naive_memory
CGCGATCTCAGTCA-1,6,myeloid,not_applicable
CGCGATCTGTTGAC-1,6,myeloid,not_applicable
CGCGATCTTTCTTG-1,2,B_cell,not_applicable
CGCGGATGGCCAAT-1,1,T_cell,naive_memory
CGCTAAGAATGTCG-1,1,T_cell,naive_memory
CGCTAAGACAACTG-1,1,T_cell,naive_memory
CGCTAAGACCCTTG-1,1,T_cell,naive_memory
CGCTACTGAACAGA-1,3,myeloid,not_applicable
CGCTACTGAGAACA-1,1,T_cell,naive_memory
CGCTACTGTGAGCT-1,5,T_cell,naive_memory
CGCTACTGTTCCCG-1,0,T_cell,cytotoxic
CGCTCATGCATTTC-1,6,myeloid,not_applicable
CGGAATTGCACTAG-1,5,T_cell,naive_memory
CGGAATTGGTTTGG-1,1,T_cell,naive_memory
CGGAATTGTGGAGG-1,5,T_cell,naive_memory
CGGACCGATGCGTA-1,0,T_cell,cytotoxic
CGGACCGATGGGAG-1,5,T_cell,naive_memory
CGGACTCTAAACAG-1,2,B_cell,not_applicable
CGGACTCTCCAATG-1,1,T_cell,naive_memory
CGGACTCTCCTCGT-1,0,T_cell,cytotoxic
CGGAGGCTATTCCT-1,5,T_cell,naive_memory
CGGAGGCTTGGATC-1,5,T_cell,naive_memory
CGGATAACAACGAA-1,6,myeloid,not_applicable
CGGATAACAGCTCA-1,1,T_cell,naive_memory
CGGATAACTCAGTG-1,6,myeloid,not_applicable
CGGCACGAACTCAG-1,0,T_cell,cytotoxic
CGGCACGAAGGGTG-1,5,T_cell,naive_memory
CGGCACGACTACGA-1,3,myeloid,not_applicable
CGGCATCTTAGAAG-1,0,T_cell,cytotoxic
CGGCATCTTCGTAG-1,6,myeloid,not_applicable
CGGCCAGAAAGGTA-1,5,T_cell,naive_memory
CGGCCAGAGAGGCA-1,0,T_cell,cytotoxic
CGGCGAACCAGTCA-1,3,myeloid,not_applicable
CGGCGAACGACAAA-1,4,NK_cell,not_applicable
CGGCGAACGGTCTA-1,1,T_cell,naive_memory
CGGCGAACTACTTC-1,4,NK_cell,not_applicable
CGGGACTGCGTGTA-1,5,T_cell,naive_memory
CGGGACTGGAATAG-1,0,T_cell,cytotoxic
CGGGCATGACCCAA-1,0,T_cell,cytotoxic
CGGGCATGTCTCTA-1,4,NK_cell,not_applicable
CGGGCATGTTGTGG-1,5,T_cell,naive_memory
CGGTAAACTCGCAA-1,0,T_cell,cytotoxic
CGGTCACTGTTTGG-1,1,T_cell,naive_memory
CGGTCACTTACTTC-1,1,T_cell,naive_memory
CGTAACGAATCAGC-1,5,T_cell,naive_memory
CGTAACGATCGCCT-1,1,T_cell,naive_memory
CGTACCACACACAC-1,1,T_cell,naive_memory
CGTACCACACGTTG-1,5,T_cell,naive_memory
CGTACCACCTCATT-1,5,T_cell,naive_memory
CGTACCACGCTACA-1,0,T_cell,cytotoxic
CGTACCACGGAGCA-1,5,T_cell,naive_memory
CGTACCTGGACGAG-1,3,myeloid,not_applicable
CGTACCTGGCATCA-1,4,NK_cell,not_applicable
CGTAGCCTCTCTCG-1,6,myeloid,not_applicable
CGTAGCCTGCGAAG-1,1,T_cell,naive_memory
CGTAGCCTGTATGC-1,3,myeloid,not_applicable
CGTCAAGAAAGGTA-1,6,myeloid,not_applicable
CGTCAAGAACGTGT-1,5,T_cell,naive_memory
CGTCAAGACAGAGG-1,1,T_cell,naive_memory
CGTCAAGACAGGAG-1,0,T_cell,cytotoxic
CGTCCATGCTCTTA-1,1,T_cell,naive_memory
CGTCGACTTTCCGC-1,0,T_cell,cytotoxic
CGTGATGACGCTAA-1,5,T_cell,naive_memory
CGTGATGAGGTTCA-1,0,T_cell,cytotoxic
CGTGCACTTATGGC-1,3,myeloid,not_applicable
CGTGTAGAAAAACG-1,1,T_cell,naive_memory
CGTGTAGACGATAC-1,4,NK_cell,not_applicable
CGTGTAGAGTTACG-1,4,NK_cell,not_applicable
CGTGTAGAGTTCAG-1,6,myeloid,not_applicable
CGTGTAGATTCGGA-1,4,NK_cell,not_applicable
CGTTAGGAAACCAC-1,1,T_cell,naive_memory
CGTTAGGATCATTC-1,3,myeloid,not_applicable
CGTTATACCCTGAA-1,0,T_cell,cytotoxic
CGTTTAACTGGTCA-1,1,T_cell,naive_memory
CTAAACCTCTGACA-1,4,NK_cell,not_applicable
CTAAACCTGTGCAT-1,2,B_cell,not_applicable
CTAACACTAACGTC-1,1,T_cell,naive_memory
CTAACACTAGTGCT-1,3,myeloid,not_applicable
CTAACGGAACCGAT-1,4,NK_cell,not_applicable
CTAACGGATTTCTG-1,5,T_cell,naive_memory
CTAACTACGGCAAG-1,0,T_cell,cytotoxic
CTAAGGACACCATG-1,5,T_cell,naive_memory
CTAAGGACCGTTAG-1,5,T_cell,naive_memory
CTAAGGACGCCATA-1,6,myeloid,not_applicable
CTAAGGTGCCTAAG-1,2,B_cell,not_applicable
CTAAGGTGTTGCAG-1,1,T_cell,naive_memory
CTAAGGTGTTTCTG-1,0,T_cell,cytotoxic
CTAATAGAGCTATG-1,5,T_cell,naive_memory
CTAATGCTTGTGGT-1,6,myeloid,not_applicable
CTACAACTCCCGTT-1,0,T_cell,cytotoxic
CTACCTCTCAACCA-1,0,T_cell,cytotoxic
CTACGCACACCTAG-1,3,myeloid,not_applicable
CTACGCACTCTCCG-1,1,T_cell,naive_memory
CTACGCACTGGTCA-1,4,NK_cell,not_applicable
CTACGGCTTTCTTG-1,3,myeloid,not_applicable
CTACTATGAACCAC-1,6,myeloid,not_applicable
CTACTATGATGTGC-1,6,myeloid,not_applicable
CTACTATGCTAAGC-1,0,T_cell,cytotoxic
CTACTATGTAAAGG-1,2,B_cell,not_applicable
CTACTCCTATGTCG-1,4,NK_cell,not_applicable
CTACTCCTGCCATA-1,6,myeloid,not_applicable
CTAGAGACACTTTC-1,1,T_cell,naive_memory
CTAGAGACAGCATC-1,0,T_cell,cytotoxic
CTAGAGACTTTGGG-1,3,myeloid,not_applicable
CTAGATCTCTCTAT-1,1,T_cell,naive_memory
CTAGATCTTCGACA-1,5,T_cell,naive_memory
CTAGGATGAGCCTA-1,7,dendritic,not_applicable
CTAGGATGATCGTG-1,2,B_cell,not_applicable
CTAGGCCTCTCAGA-1,1,T_cell,naive_memory
CTAGGTGATGGTTG-1,3,myeloid,not_applicable
CTAGTTACCAGAGG-1,1,T_cell,naive_memory
CTAGTTACCGCATA-1,5,T_cell,naive_memory
CTAGTTACGAAACA-1,4,NK_cell,not_applicable
CTAGTTTGAGTACC-1,0,T_cell,cytotoxic
CTATAAGATCGTTT-1,2,B_cell,not_applicable
CTATACTGAGGTTC-1,6,myeloid,not_applicable
CTATACTGCCAGTA-1,5,T_cell,naive_memory
CTATACTGCGCTAA-1,6,myeloid,not_applicable
CTATACTGCTACGA-1,4,NK_cell,not_applicable
CTATACTGTCTCAT-1,4,NK_cell,not_applicable
CTATACTGTTCGTT-1,7,dendritic,not_applicable
CTATAGCTGTCACA-1,5,T_cell,naive_memory
CTATAGCTTCGCTC-1,6,myeloid,not_applicable
CTATAGCTTGCCTC-1,6,myeloid,not_applicable
CTATCAACGAACTC-1,5,T_cell,naive_memory
CTATCAACGCAGAG-1,1,T_cell,naive_memory
CTATCAACTTTGGG-1,5,T_cell,naive_memory
CTATCCCTCCACCT-1,6,myeloid,not_applicable
CTATGTACGAGAGC-1,1,T_cell,naive_memory
CTATGTACGCTTAG-1,1,T_cell,naive_memory
CTATGTACTGTTTC-1,2,B_cell,not_applicable
CTATGTTGAAAGCA-1,1,T_cell,naive_memory
CTATGTTGTCCTCG-1,5,T_cell,naive_memory
CTATGTTGTCTCGC-1,1,T_cell,naive_memory
CTATTGACAAACGA-1,6,myeloid,not_applicable
CTATTGACACTGGT-1,3,myeloid,not_applicable
CTATTGACGGTGAG-1,3,myeloid,not_applicable
CTATTGTGGCAAGG-1,0,T_cell,cytotoxic
CTCAATTGGTTCAG-1,1,T_cell,naive_memory
CTCAATTGGTTGCA-1,6,myeloid,not_applicable
CTCAGAGATAGAAG-1,5,T_cell,naive_memory
CTCAGCACTCTAGG-1,1,T_cell,naive_memory
CTCAGCACTGAACC-1,6,myeloid,not_applicable
CTCAGCACTTGCAG-1,5,T_cell,naive_memory
CTCAGCTGAACCTG-1,6,myeloid,not_applicable
CTCAGCTGCAGTTG-1,0,T_cell,cytotoxic
CTCAGCTGTTTCTG-1,0,T_cell,cytotoxic
CTCAGGCTCGTTGA-1,3,myeloid,not_applicable
CTCAGGCTGCTAAC-1,1,T_cell,naive_memory
CTCATTGACCTTAT-1,1,T_cell,naive_memory
CTCATTGATGCTTT-1,3,myeloid,not_applicable
CTCATTGATTGCTT-1,6,myeloid,not_applicable
CTCCACGAGAGATA-1,7,dendritic,not_applicable
CTCCATCTCTTAGG-1,5,T_cell,naive_memory
CTCCATCTGACGAG-1,5,T_cell,naive_memory
CTCCGAACAAGTGA-1,3,myeloid,not_applicable
CTCCTACTGCCTTC-1,6,myeloid,not_applicable
CTCGAAGATGTGGT-1,5,T_cell,naive_memory
CTCGAAGATTAGGC-1,6,myeloid,not_applicable
CTCGACTGCTCTAT-1,1,T_cell,naive_memory
CTCGACTGGGTGAG-1,5,T_cell,naive_memory
CTCGACTGGTTGAC-1,4,NK_cell,not_applicable
CTCGAGCTCTGGAT-1,0,T_cell,cytotoxic
CTCGCATGACTTTC-1,1,T_cell,naive_memory
CTCGCATGCTTAGG-1,1,T_cell,naive_memory
CTCTAAACCTCGAA-1,1,T_cell,naive_memory
CTCTAAACGGCGAA-1,5,T_cell,naive_memory
CTCTAATGTCCAAG-1,6,myeloid,not_applicable
CTGAACGACAGTCA-1,1,T_cell,naive_memory
CTGAACGATGAGGG-1,1,T_cell,naive_memory
CTGAAGACCCAACA-1,1,T_cell,naive_memory
CTGAAGACGTGCAT-1,2,B_cell,not_applicable
CTGAAGTGAAGCCT-1,3,myeloid,not_applicable
CTGAAGTGCAGCTA-1,2,B_cell,not_applicable
CTGAAGTGGCTATG-1,5,T_cell,naive_memory
CTGAAGTGTCCAGA-1,1,T_cell,naive_memory
CTGAATCTGAATAG-1,1,T_cell,naive_memory
CTGACAGAATCGTG-1,0,T_cell,cytotoxic
CTGACCACAGCAAA-1,5,T_cell,naive_memory
CTGAGAACCGGGAA-1,1,T_cell,naive_memory
CTGAGAACGTAAAG-1,4,NK_cell,not_applicable
CTGATACTAGTAGA-1,5,T_cell,naive_memory
CTGATTTGGTGTTG-1,6,myeloid,not_applicable
CTGCAGCTAACCGT-1,5,T_cell,naive_memory
CTGCAGCTGACACT-1,5,T_cell,naive_memory
CTGCAGCTGGATTC-1,3,myeloid,not_applicable
CTGCAGCTTGGCAT-1,0,T_cell,cytotoxic
CTGCCAACAGGAGC-1,0,T_cell,cytotoxic
CTGCCAACCAGCTA-1,1,T_cell,naive_memory
CTGCCAACTAACCG-1,3,myeloid,not_applicable
CTGCCAACTGCTCC-1,0,T_cell,cytotoxic
CTGCCAACTTGCAG-1,5,T_cell,naive_memory
CTGCCAACTTGCTT-1,0,T_cell,cytotoxic
CTGCGACTCCACCT-1,0,T_cell,cytotoxic
CTGGAAACAAACGA-1,0,T_cell,cytotoxic
CTGGAAACATCGAC-1,1,T_cell,naive_memory
CTGGATGACTGGAT-1,0,T_cell,cytotoxic
CTGGATGACTTGTT-1,5,T_cell,naive_memory
CTGGATGATGTGAC-1,2,B_cell,not_applicable
CTGGCACTCAAGCT-1,6,myeloid,not_applicable
CTGGCACTGGACAG-1,0,T_cell,cytotoxic
CTGTAACTAACCAC-1,0,T_cell,cytotoxic
CTGTAACTAGCGTT-1,5,T_cell,naive_memory
CTGTATACGTAAAG-1,5,T_cell,naive_memory
CTGTATACGTACGT-1,3,myeloid,not_applicable
CTGTATACGTTGGT-1,1,T_cell,naive_memory
CTGTGAGACAACCA-1,3,myeloid,not_applicable
CTGTGAGACCTTGC-1,0,T_cell,cytotoxic
CTGTGAGACGAACT-1,6,myeloid,not_applicable
CTGTGAGACTGTAG-1,6,myeloid,not_applicable
CTTAAAGAACCTGA-1,5,T_cell,naive_memory
CTTAACACCTGTAG-1,1,T_cell,naive_memory
CTTAACACGAGCTT-1,1,T_cell,naive_memory
CTTAACACTATCGG-1,2,B_cell,not_applicable
CTTAAGCTACCTAG-1,1,T_cell,naive_memory
CTTAAGCTAGTACC-1,5,T_cell,naive_memory
CTTAAGCTCATCAG-1,5,T_cell,naive_memory
CTTAAGCTCCGCTT-1,2,B_cell,not_applicable
CTTAAGCTTCCTCG-1,0,T_cell,cytotoxic
CTTACAACTAACGC-1,1,T_cell,naive_memory
CTTACAACTCCCGT-1,6,myeloid,not_applicable
CTTACTGACGTACA-1,5,T_cell,naive_memory
CTTAGACTAAACGA-1,1,T_cell,naive_memory
CTTAGGGACTTGCC-1,1,T_cell,naive_memory
CTTAGGGAGAATCC-1,5,T_cell,naive_memory
CTTATCGACTCATT-1,1,T_cell,naive_memory
CTTCACCTACCTGA-1,3,myeloid,not_applicable
CTTCATGAAGCATC-1,2,B_cell,not_applicable
CTTCATGAAGTACC-1,1,T_cell,naive_memory
CTTCATGACCGAAT-1,0,T_cell,cytotoxic
CTTGAACTACGCAT-1,5,T_cell,naive_memory
CTTGATTGAGGTTC-1,0,T_cell,cytotoxic
CTTGATTGATCTTC-1,6,myeloid,not_applicable
CTTGATTGCATTCT-1,1,T_cell,naive_memory
CTTGATTGTTTCGT-1,1,T_cell,naive_memory
CTTGTATGACACCA-1,2,B_cell,not_applicable
CTTGTATGCGCAAT-1,2,B_cell,not_applicable
CTTTACGAGCGAAG-1,5,T_cell,naive_memory
CTTTAGACCGTGAT-1,5,T_cell,naive_memory
CTTTAGACGAGACG-1,5,T_cell,naive_memory
CTTTAGACGATACC-1,1,T_cell,naive_memory
CTTTAGACGTTGGT-1,0,T_cell,cytotoxic
CTTTAGACTCATTC-1,0,T_cell,cytotoxic
CTTTAGTGACGGGA-1,4,NK_cell,not_applicable
CTTTAGTGGGTGGA-1,5,T_cell,naive_memory
CTTTCAGAGAAACA-1,1,T_cell,naive_memory
CTTTGATGAGCACT-1,1,T_cell,naive_memory
CTTTGATGTCTAGG-1,0,T_cell,cytotoxic
CTTTGATGTGTCCC-1,1,T_cell,naive_memory
CTTTGATGTGTGGT-1,5,T_cell,naive_memory
GAAACAGAACTACG-1,1,T_cell,naive_memory
GAAACAGAATCACG-1,1,T_cell,naive_memory
GAAACAGACATTCT-1,5,T_cell,naive_memory
GAAACCTGATCGTG-1,1,T_cell,naive_memory
GAAACCTGATGCCA-1,1,T_cell,naive_memory
GAAACCTGCTTATC-1,1,T_cell,naive_memory
GAAACCTGGACTAC-1,3,myeloid,not_applicable
GAAACCTGTGCTAG-1,5,T_cell,naive_memory
GAAAGATGATTTCC-1,1,T_cell,naive_memory
GAAAGATGCTGATG-1,3,myeloid,not_applicable
GAAAGATGCTTCGC-1,6,myeloid,not_applicable
GAAAGATGTAAGGA-1,5,T_cell,naive_memory
GAAAGATGTTTGCT-1,0,T_cell,cytotoxic
GAAAGCCTACGTTG-1,2,B_cell,not_applicable
GAAAGTGAAAGTGA-1,7,dendritic,not_applicable
GAAAGTGACCACAA-1,6,myeloid,not_applicable
GAAAGTGACTCAAG-1,1,T_cell,naive_memory
GAAATACTACCAAC-1,6,myeloid,not_applicable
GAAATACTCTTAGG-1,2,B_cell,not_applicable
GAAATACTTCCTCG-1,1,T_cell,naive_memory
GAACACACGTGCAT-1,6,myeloid,not_applicable
GAACACACTGCCTC-1,5,T_cell,naive_memory
GAACAGCTAACTGC-1,3,myeloid,not_applicable
GAACAGCTCTCAGA-1,3,myeloid,not_applicable
GAACCAACCACAAC-1,0,T_cell,cytotoxic
GAACCAACTTCCGC-1,4,NK_cell,not_applicable
GAACCTGAACGTGT-1,0,T_cell,cytotoxic
GAACCTGAGAGACG-1,5,T_cell,naive_memory
GAACCTGATGAACC-1,1,T_cell,naive_memory
GAACGGGATACTTC-1,1,T_cell,naive_memory
GAACGTTGACGGAG-1,0,T_cell,cytotoxic
GAACTGTGACCTGA-1,3,myeloid,not_applicable
GAACTGTGCCAGTA-1,6,myeloid,not_applicable
GAAGAATGCAATCG-1,5,T_cell,naive_memory
GAAGCGGACCTATT-1,3,myeloid,not_applicable
GAAGCTACGAATGA-1,6,myeloid,not_applicable
GAAGCTACGGTTTG-1,1,T_cell,naive_memory
GAAGGGTGAAAGTG-1,1,T_cell,naive_memory
GAAGGGTGCTTAGG-1,6,myeloid,not_applicable
GAAGGTCTGAAAGT-1,1,T_cell,naive_memory
GAAGGTCTGTTGCA-1,5,T_cell,naive_memory
GAAGGTCTTAAAGG-1,7,dendritic,not_applicable
GAAGTAGACTCCCA-1,0,T_cell,cytotoxic
GAAGTAGATCCAAG-1,3,myeloid,not_applicable
GAAGTCACCCTCGT-1,6,myeloid,not_applicable
GAAGTCACCCTGTC-1,2,B_cell,not_applicable
GAAGTCTGTCGCAA-1,2,B_cell,not_applicable
GAAGTCTGTTCTGT-1,5,T_cell,naive_memory
GAAGTGCTAAACGA-1,4,NK_cell,not_applicable
GAAGTGCTCCGCTT-1,6,myeloid,not_applicable
GAAGTGCTTAACCG-1,1,T_cell,naive_memory
GAATGCACCCTAAG-1,1,T_cell,naive_memory
GAATGCACCTTCGC-1,4,NK_cell,not_applicable
GAATGCTGCGGTAT-1,5,T_cell,naive_memory
GAATGGCTAAGATG-1,5,T_cell,naive_memory
GAATTAACGATAAG-1,5,T_cell,naive_memory
GAATTAACGGTCAT-1,5,T_cell,naive_memory
GAATTAACGTCGTA-1,4,NK_cell,not_applicable
GAATTAACTGAAGA-1,2,B_cell,not_applicable
GACAACACAGGCGA-1,5,T_cell,naive_memory
GACAACACATCGTG-1,5,T_cell,naive_memory
GACAACACTCGCCT-1,0,T_cell,cytotoxic
GACAACTGAGGTTC-1,1,T_cell,naive_memory
GACAGGGAAGAGTA-1,2,B_cell,not_applicable
GACAGGGAATGCCA-1,1,T_cell,naive_memory
GACAGTACGAGCTT-1,3,myeloid,not_applicable
GACAGTACTTCGGA-1,3,myeloid,not_applicable
GACAGTTGAGTAGA-1,2,B_cell,not_applicable
GACATTCTCCACCT-1,7,dendritic,not_applicable
GACCAAACGACTAC-1,6,myeloid,not_applicable
GACCAAACGTATCG-1,6,myeloid,not_applicable
GACCATGACTCTCG-1,6,myeloid,not_applicable
GACCCTACTAAAGG-1,2,B_cell,not_applicable
GACCTAGACCTCAC-1,1,T_cell,naive_memory
GACCTAGACGAGAG-1,5,T_cell,naive_memory
GACCTCACAAGGTA-1,5,T_cell,naive_memory
GACCTCACGTACGT-1,3,myeloid,not_applicable
GACCTCTGCATCAG-1,5,T_cell,naive_memory
GACGAACTCCCACT-1,5,T_cell,naive_memory
GACGATTGCCAATG-1,2,B_cell,not_applicable
GACGCCGACCTTCG-1,1,T_cell,naive_memory
GACGCTCTCTCTCG-1,8,dendritic,not_applicable
GACGGCACACGGGA-1,4,NK_cell,not_applicable
GACGGCACGAGATA-1,6,myeloid,not_applicable
GACGTAACCTATGG-1,1,T_cell,naive_memory
GACGTAACCTGTGA-1,1,T_cell,naive_memory
GACGTAACTATGGC-1,1,T_cell,naive_memory
GACGTATGTTGACG-1,5,T_cell,naive_memory
GACGTATGTTTGCT-1,1,T_cell,naive_memory
GACGTCCTACGGAG-1,1,T_cell,naive_memory
GACGTCCTCTCAAG-1,6,myeloid,not_applicable
GACGTCCTGATAAG-1,2,B_cell,not_applicable
GACTACGATGGTCA-1,2,B_cell,not_applicable
GACTCCTGCTCGCT-1,5,T_cell,naive_memory
GACTCCTGGGTTAC-1,5,T_cell,naive_memory
GACTCCTGTTATCC-1,1,T_cell,naive_memory
GACTCCTGTTGGTG-1,6,myeloid,not_applicable
GACTGAACAACCGT-1,2,B_cell,not_applicable
GACTGAACCAATCG-1,6,myeloid,not_applicable
GACTGATGTGATGC-1,5,T_cell,naive_memory
GACTTTACATGCCA-1,1,T_cell,naive_memory
GACTTTACGACAGG-1,2,B_cell,not_applicable
GAGAAATGTTCTCA-1,2,B_cell,not_applicable
GAGATAGAAAAAGC-1,3,myeloid,not_applicable
GAGATCACGACAAA-1,3,myeloid,not_applicable
GAGATGCTCTGGAT-1,0,T_cell,cytotoxic
GAGATGCTGAATGA-1,1,T_cell,naive_memory
GAGCAGGATTCCCG-1,0,T_cell,cytotoxic
GAGCATACTTTGCT-1,3,myeloid,not_applicable
GAGCGCACGCGTAT-1,6,myeloid,not_applicable
GAGCGCACGGTGAG-1,0,T_cell,cytotoxic
GAGCGCTGAAGATG-1,4,NK_cell,not_applicable
GAGCGCTGTCTTAC-1,6,myeloid,not_applicable
GAGCGGCTGGGAGT-1,2,B_cell,not_applicable
GAGGACGACTCAGA-1,1,T_cell,naive_memory
GAGGATCTGAAAGT-1,2,B_cell,not_applicable
GAGGCAGACTTGCC-1,0,T_cell,cytotoxic
GAGGGAACACCAGT-1,1,T_cell,naive_memory
GAGGGAACGAGGGT-1,1,T_cell,naive_memory
GAGGGATGGGAAAT-1,1,T_cell,naive_memory
GAGGGCCTTCACCC-1,1,T_cell,naive_memory
GAGGGTGAAGAGTA-1,5,T_cell,naive_memory
GAGGTACTACGGTT-1,5,T_cell,naive_memory
GAGGTACTACTCAG-1,6,myeloid,not_applicable
GAGGTACTGACACT-1,4,NK_cell,not_applicable
GAGGTACTGGGAGT-1,5,T_cell,naive_memory
GAGGTACTTAGCGT-1,6,myeloid,not_applicable
GAGGTGGAGTACGT-1,5,T_cell,naive_memory
GAGGTGGATCCTCG-1,4,NK_cell,not_applicable
GAGGTTACTCGTTT-1,6,myeloid,not_applicable
GAGGTTTGTAAGCC-1,6,myeloid,not_applicable
GAGTCAACCATTCT-1,5,T_cell,naive_memory
GAGTCAACGGGAGT-1,5,T_cell,naive_memory
GAGTCTGATCGTGA-1,1,T_cell,naive_memory
GAGTCTGATTTGGG-1,2,B_cell,not_applicable
GAGTGACTCAGCTA-1,1,T_cell,naive_memory
GAGTGACTCGGTAT-1,0,T_cell,cytotoxic
GAGTGACTCTTGCC-1,2,B_cell,not_applicable
GAGTGACTGACTAC-1,2,B_cell,not_applicable
GAGTGACTGTCTAG-1,5,T_cell,naive_memory
GAGTGGGAGTCTTT-1,2,B_cell,not_applicable
GAGTGGGATGCCCT-1,5,T_cell,naive_memory
GAGTGGGATGCTGA-1,2,B_cell,not_applicable
GAGTGTTGCTGTAG-1,1,T_cell,naive_memory
GAGTGTTGTGGTCA-1,5,T_cell,naive_memory
GAGTTGTGCATGGT-1,6,myeloid,not_applicable
GAGTTGTGCTGAGT-1,0,T_cell,cytotoxic
GAGTTGTGGCGAGA-1,6,myeloid,not_applicable
GAGTTGTGGTAGCT-1,8,dendritic,not_applicable
GAGTTGTGTATGCG-1,3,myeloid,not_applicable
GATAAGGAGAAACA-1,6,myeloid,not_applicable
GATAAGGATTCACT-1,6,myeloid,not_applicable
GATACTCTATCGGT-1,5,T_cell,naive_memory
GATACTCTTACTTC-1,1,T_cell,naive_memory
GATACTCTTGACTG-1,6,myeloid,not_applicable
GATAGAGAAGGGTG-1,0,T_cell,cytotoxic
GATAGAGACTGTGA-1,1,T_cell,naive_memory
GATAGAGATCACGA-1,6,myeloid,not_applicable
GATAGCACCCATAG-1,1,T_cell,naive_memory
GATAGCACGAAGGC-1,3,myeloid,not_applicable
GATAGCACTTGTCT-1,5,T_cell,naive_memory
GATATAACAAGGTA-1,1,T_cell,naive_memory
GATATAACACGCAT-1,5,T_cell,naive_memory
GATATATGCTGGAT-1,5,T_cell,naive_memory
GATATATGTCCGTC-1,0,T_cell,cytotoxic
GATATATGTGGAGG-1,6,myeloid,not_applicable
GATATCCTAGAAGT-1,5,T_cell,naive_memory
GATATCCTCCCGTT-1,6,myeloid,not_applicable
GATATTGACAGGAG-1,1,T_cell,naive_memory
GATATTGACGAGTT-1,3,myeloid,not_applicable
GATATTGAGCCAAT-1,5,T_cell,naive_memory
GATCCCTGACCTTT-1,4,NK_cell,not_applicable
GATCCCTGTGTAGC-1,0,T_cell,cytotoxic
GATCCGCTGGTCAT-1,6,myeloid,not_applicable
GATCGAACCGAGAG-1,0,T_cell,cytotoxic
GATCGATGACTAGC-1,2,B_cell,not_applicable
GATCGATGGTAAAG-1,2,B_cell,not_applicable
GATCGATGTAAGGA-1,6,myeloid,not_applicable
GATCGTGACACTAG-1,5,T_cell,naive_memory
GATCGTGATTCACT-1,1,T_cell,naive_memory
GATCTACTGGTGAG-1,0,T_cell,cytotoxic
GATCTACTTTGCAG-1,2,B_cell,not_applicable
GATCTTACACCCAA-1,3,myeloid,not_applicable
GATCTTACCCTACC-1,1,T_cell,naive_memory
GATCTTACGAATAG-1,6,myeloid,not_applicable
GATCTTACGAGATA-1,6,myeloid,not_applicable
GATGCAACTCCAGA-1,1,T_cell,naive_memory
GATGCCCTACGTAC-1,1,T_cell,naive_memory
GATGCCCTCTCATT-1,5,T_cell,naive_memory
GATGCCCTGGCAAG-1,6,myeloid,not_applicable
GATGCCCTTTTGCT-1,1,T_cell,naive_memory
GATTACCTTGTTCT-1,5,T_cell,naive_memory
GATTCGGAACGACT-1,5,T_cell,naive_memory
GATTCGGACAGGAG-1,6,myeloid,not_applicable
GATTCGGAGAAGGC-1,3,myeloid,not_applicable
GATTCTTGATTCGG-1,6,myeloid,not_applicable
GATTCTTGCCGATA-1,5,T_cell,naive_memory
GATTCTTGCGAGTT-1,2,B_cell,not_applicable
GATTGGACCCGTTC-1,2,B_cell,not_applicable
GATTGGACGGTGTT-1,2,B_cell,not_applicable
GATTGGACTTTCGT-1,2,B_cell,not_applicable
GATTGGTGTGTCAG-1,1,T_cell,naive_memory
GATTTAGACACTCC-1,3,myeloid,not_applicable
GATTTAGACTAAGC-1,2,B_cell,not_applicable
GATTTAGATTCGTT-1,6,myeloid,not_applicable
GATTTGCTAACGAA-1,1,T_cell,naive_memory
GATTTGCTAACGGG-1,6,myeloid,not_applicable
GCAACCCTCCTCGT-1,6,myeloid,not_applicable
GCAACTGATTGCGA-1,5,T_cell,naive_memory
GCAAGACTACTGGT-1,1,T_cell,naive_memory
GCAAGACTAGGTCT-1,1,T_cell,naive_memory
GCAAGACTCCCTTG-1,1,T_cell,naive_memory
GCAATCGACTGCAA-1,0,T_cell,cytotoxic
GCAATCGAGACGTT-1,3,myeloid,not_applicable
GCAATCGATCCTTA-1,3,myeloid,not_applicable
GCAATTCTCGTGTA-1,1,T_cell,naive_memory
GCAATTCTTCTCCG-1,1,T_cell,naive_memory
GCACAAACAATGCC-1,0,T_cell,cytotoxic
GCACAAACGGTACT-1,1,T_cell,naive_memory
GCACAATGGTGCAT-1,6,myeloid,not_applicable
GCACACCTGTGCTA-1,4,NK_cell,not_applicable
GCACCACTCATGAC-1,6,myeloid,not_applicable
GCACCACTGTTTGG-1,6,myeloid,not_applicable
GCACCACTTCCTTA-1,4,NK_cell,not_applicable
GCACCACTTTCGGA-1,6,myeloid,not_applicable
GCACCTACGCGATT-1,1,T_cell,naive_memory
GCACCTTGGCTGTA-1,5,T_cell,naive_memory
GCACCTTGGGGAGT-1,3,myeloid,not_applicable
GCACGGACCAGCTA-1,1,T_cell,naive_memory
GCACGGTGACCTCC-1,5,T_cell,naive_memory
GCACGGTGCTATGG-1,6,myeloid,not_applicable
GCACTAGAACGGGA-1,1,T_cell,naive_memory
GCACTAGAAGATGA-1,2,B_cell,not_applicable
GCACTAGACCTTTA-1,3,myeloid,not_applicable
GCACTAGACGTAAC-1,2,B_cell,not_applicable
GCACTAGAGTCGTA-1,4,NK_cell,not_applicable
GCACTAGATGCAAC-1,1,T_cell,naive_memory
GCACTGCTGAGGCA-1,0,T_cell,cytotoxic
GCAGATACAGCGTT-1,0,T_cell,cytotoxic
GCAGATACGACGGA-1,5,T_cell,naive_memory
GCAGATACGCAGAG-1,1,T_cell,naive_memory
GCAGCCGACAGTCA-1,0,T_cell,cytotoxic
GCAGCGTGCACTCC-1,5,T_cell,naive_memory
GCAGCTCTCAATCG-1,5,T_cell,naive_memory
GCAGCTCTGTTTCT-1,1,T_cell,naive_memory
GCAGGGCTAAGAAC-1,5,T_cell,naive_memory
GCAGGGCTAAGGGC-1,5,T_cell,naive_memory
GCAGGGCTATCGAC-1,4,NK_cell,not_applicable
GCAGGGCTTGGGAG-1,0,T_cell,cytotoxic
GCAGTCCTAACTGC-1,1,T_cell,naive_memory
GCAGTCCTCTCTTA-1,5,T_cell,naive_memory
GCATCAGATGCGTA-1,0,T_cell,cytotoxic
GCATGTGACAAGCT-1,5,T_cell,naive_memory
GCATTGGAGAAGGC-1,1,T_cell,naive_memory
GCCAAAACGAGGCA-1,0,T_cell,cytotoxic
GCCAAATGATCGAC-1,0,T_cell,cytotoxic
GCCAACCTACGGTT-1,5,T_cell,naive_memory
GCCAACCTCGCCTT-1,5,T_cell,naive_memory
GCCACGGAGGCGAA-1,6,myeloid,not_applicable
GCCACGGATACTGG-1,5,T_cell,naive_memory
GCCACTACCTACTT-1,2,B_cell,not_applicable
GCCACTACGTCTTT-1,1,T_cell,naive_memory
GCCCAACTACCGAT-1,5,T_cell,naive_memory
GCCCAACTATGGTC-1,0,T_cell,cytotoxic
GCCCATACAGCGTT-1,0,T_cell,cytotoxic
GCCGACGAACTCTT-1,6,myeloid,not_applicable
GCCGAGTGCGTTGA-1,1,T_cell,naive_memory
GCCGGAACGAACTC-1,0,T_cell,cytotoxic
GCCGGAACGTTCTT-1,4,NK_cell,not_applicable
GCCGGAACTGCACA-1,0,T_cell,cytotoxic
GCCGGAACTTACTC-1,1,T_cell,naive_memory
GCCGTACTACCTGA-1,5,T_cell,naive_memory
GCCGTACTGGCAAG-1,6,myeloid,not_applicable
GCCTACACAGTTCG-1,4,NK_cell,not_applicable
GCCTACACCACTGA-1,3,myeloid,not_applicable
GCCTACACCTTGAG-1,5,T_cell,naive_memory
GCCTAGCTACGGAG-1,2,B_cell,not_applicable
GCCTAGCTCTATTC-1,5,T_cell,naive_memory
GCCTAGCTTCTCAT-1,1,T_cell,naive_memory
GCCTAGCTTCTCTA-1,3,myeloid,not_applicable
GCCTCAACCATGGT-1,5,T_cell,naive_memory
GCCTCAACTCTTTG-1,7,dendritic,not_applicable
GCCTCATGTCTTAC-1,0,T_cell,cytotoxic
GCCTGACTCTCAAG-1,6,myeloid,not_applicable
GCGAAGGAACTCTT-1,1,T_cell,naive_memory
GCGAAGGAGAGCTT-1,7,dendritic,not_applicable
GCGAAGGATGCCAA-1,5,T_cell,naive_memory
GCGAGAGAGGGACA-1,1,T_cell,naive_memory
GCGAGCACTGTCGA-1,2,B_cell,not_applicable
GCGAGCACTTGACG-1,5,T_cell,naive_memory
GCGAGCACTTGCTT-1,3,myeloid,not_applicable
GCGATATGGTACGT-1,1,T_cell,naive_memory
GCGATATGGTGTTG-1,5,T_cell,naive_memory
GCGCACGAAGTCGT-1,5,T_cell,naive_memory
GCGCACGACTTTAC-1,6,myeloid,not_applicable
GCGCATCTAGGTCT-1,5,T_cell,naive_memory
GCGCATCTGGTTAC-1,7,dendritic,not_applicable
GCGCATCTTCGATG-1,5,T_cell,naive_memory
GCGCATCTTGCTCC-1,4,NK_cell,not_applicable
GCGCATCTTTCTAC-1,1,T_cell,naive_memory
GCGCGAACGTTCTT-1,2,B_cell,not_applicable
GCGCGATGAACGGG-1,5,T_cell,naive_memory
GCGCGATGGTGCAT-1,4,NK_cell,not_applicable
GCGGAGCTCCTGAA-1,1,T_cell,naive_memory
GCGGCAACCCGATA-1,1,T_cell,naive_memory
GCGGCAACGGAGGT-1,2,B_cell,not_applicable
GCGGCAACTGTCGA-1,6,myeloid,not_applicable
GCGTAAACACGGTT-1,7,dendritic,not_applicable
GCGTAATGCACCAA-1,3,myeloid,not_applicable
GCGTATGAACACCA-1,1,T_cell,naive_memory
GCGTATGATGAGAA-1,6,myeloid,not_applicable
GCTACAGAAAGGTA-1,5,T_cell,naive_memory
GCTACAGAATCTTC-1,2,B_cell,not_applicable
GCTACAGATCTTAC-1,1,T_cell,naive_memory
GCTACCTGAGAAGT-1,6,myeloid,not_applicable
GCTACCTGATCACG-1,5,T_cell,naive_memory
GCTACGCTAGAATG-1,1,T_cell,naive_memory
GCTACGCTAGCTAC-1,0,T_cell,cytotoxic
GCTACGCTCCCTAC-1,1,T_cell,naive_memory
GCTAGAACAGAGGC-1,2,B_cell,not_applicable
GCTAGAACGGATCT-1,1,T_cell,naive_memory
GCTAGAACTCCCGT-1,0,T_cell,cytotoxic
GCTAGATGAGCTCA-1,6,myeloid,not_applicable
GCTAGATGGCGATT-1,0,T_cell,cytotoxic
GCTATACTAAGGCG-1,1,T_cell,naive_memory
GCTATACTAGCGTT-1,0,T_cell,cytotoxic
GCTATACTCTCTTA-1,5,T_cell,naive_memory
GCTATACTGGACGA-1,1,T_cell,naive_memory
GCTCAAGAACCATG-1,3,myeloid,not_applicable
GCTCAAGAAGTCAC-1,3,myeloid,not_applicable
GCTCAGCTGTCTAG-1,5,T_cell,naive_memory
GCTCCATGAGAAGT-1,0,T_cell,cytotoxic
GCTCCATGCCGAAT-1,5,T_cell,naive_memory
GCTCGACTCTAGTG-1,6,myeloid,not_applicable
GCTGATGAGGTATC-1,6,myeloid,not_applicable
GCTTAACTACAGTC-1,6,myeloid,not_applicable
GCTTAACTACTGGT-1,0,T_cell,cytotoxic
GCTTAACTGCTGAT-1,5,T_cell,naive_memory
GCTTAACTTAGACC-1,6,myeloid,not_applicable
GCTTAACTTCAGTG-1,5,T_cell,naive_memory
GGAACACTCACTTT-1,6,myeloid,not_applicable
GGAACACTTCAGAC-1,8,dendritic,not_applicable
GGAACTACTACTTC-1,1,T_cell,naive_memory
GGAACTTGAAGGTA-1,6,myeloid,not_applicable
GGAACTTGAGAATG-1,0,T_cell,cytotoxic
GGAACTTGCTCCAC-1,6,myeloid,not_applicable
GGAACTTGGGTAGG-1,2,B_cell,not_applicable
GGAAGGACATCGGT-1,6,myeloid,not_applicable
GGAAGGACCACTAG-1,1,T_cell,naive_memory
GGAAGGACGAGGGT-1,1,T_cell,naive_memory
GGAAGGACGCGAAG-1,0,T_cell,cytotoxic
GGAAGGTGGCGAGA-1,4,NK_cell,not_applicable
GGAATCTGAAGGGC-1,1,T_cell,naive_memory
GGAATCTGAGGAGC-1,1,T_cell,naive_memory
GGAATCTGCTTAGG-1,2,B_cell,not_applicable
GGAATCTGCTTGTT-1,6,myeloid,not_applicable
GGAATCTGGGAGGT-1,5,T_cell,naive_memory
GGAATGCTTTCTAC-1,5,T_cell,naive_memory
GGACAGGAAAGGGC-1,0,T_cell,cytotoxic
GGACAGGAGTGCTA-1,2,B_cell,not_applicable
GGACAGGATCTCGC-1,0,T_cell,cytotoxic
GGACCCGAAGCTAC-1,6,myeloid,not_applicable
GGACCGTGCTTACT-1,6,myeloid,not_applicable
GGACCGTGGGAACG-1,7,dendritic,not_applicable
GGACCGTGTAACGC-1,1,T_cell,naive_memory
GGACCTCTGTAAGA-1,6,myeloid,not_applicable
GGACCTCTTTTCTG-1,0,T_cell,cytotoxic
GGACGAGAGTGTCA-1,6,myeloid,not_applicable
GGACGCTGACGCAT-1,0,T_cell,cytotoxic
GGACGCTGCTAGCA-1,5,T_cell,naive_memory
GGACGCTGTCCTCG-1,4,NK_cell,not_applicable
GGAGAGACGTGAGG-1,2,B_cell,not_applicable
GGAGCAGATTCAGG-1,2,B_cell,not_applicable
GGAGCCACCTTCTA-1,2,B_cell,not_applicable
GGAGCGCTACGCAT-1,3,myeloid,not_applicable
GGAGCGCTCCGAAT-1,1,T_cell,naive_memory
GGAGGATGCCACCT-1,5,T_cell,naive_memory
GGAGGATGGTTGAC-1,6,myeloid,not_applicable
GGAGGATGTCAGTG-1,6,myeloid,not_applicable
GGAGGCCTCGTTGA-1,0,T_cell,cytotoxic
GGAGGCCTTTCTTG-1,5,T_cell,naive_memory
GGAGGTGATACGCA-1,1,T_cell,naive_memory
GGAGGTGATCGCTC-1,1,T_cell,naive_memory
GGATACTGCAGCTA-1,1,T_cell,naive_memory
GGATACTGTCTAGG-1,1,T_cell,naive_memory
GGATAGCTCGTCTC-1,1,T_cell,naive_memory
GGATAGCTCTGAAC-1,0,T_cell,cytotoxic
GGATGTACCAAAGA-1,2,B_cell,not_applicable
GGATGTACGCGAAG-1,5,T_cell,naive_memory
GGATGTACGTCTTT-1,6,myeloid,not_applicable
GGATGTACGTGTCA-1,0,T_cell,cytotoxic
GGATTTCTAGGTTC-1,1,T_cell,naive_memory
GGATTTCTTTGTCT-1,3,myeloid,not_applicable
GGCAAGGAAAAAGC-1,4,NK_cell,not_applicable
GGCAAGGAAGAAGT-1,5,T_cell,naive_memory
GGCAAGGACTTGGA-1,6,myeloid,not_applicable
GGCAAGGAGGACTT-1,1,T_cell,naive_memory
GGCAATACGCTAAC-1,2,B_cell,not_applicable
GGCAATACGGCATT-1,0,T_cell,cytotoxic
GGCAATACGTTTCT-1,2,B_cell,not_applicable
GGCACGTGGCTTAG-1,3,myeloid,not_applicable
GGCACGTGTGAGAA-1,7,dendritic,not_applicable
GGCACTCTTTTGTC-1,1,T_cell,naive_memory
GGCATATGCTTATC-1,4,NK_cell,not_applicable
GGCATATGGGGAGT-1,8,dendritic,not_applicable
GGCATATGTGTGAC-1,1,T_cell,naive_memory
GGCCACGACAGAGG-1,5,T_cell,naive_memory
GGCCAGACTGGTTG-1,1,T_cell,naive_memory
GGCCCAGAAAGTAG-1,6,myeloid,not_applicable
GGCCGAACAACGAA-1,5,T_cell,naive_memory
GGCCGAACGCAGAG-1,5,T_cell,naive_memory
GGCCGAACGTAGGG-1,5,T_cell,naive_memory
GGCCGAACTCTAGG-1,4,NK_cell,not_applicable
GGCCGATGCAGGAG-1,1,T_cell,naive_memory
GGCCGATGCCGAAT-1,1,T_cell,naive_memory
GGCCGATGTACTCT-1,0,T_cell,cytotoxic
GGCGACACTGCCCT-1,0,T_cell,cytotoxic
GGCGACTGCGTAAC-1,1,T_cell,naive_memory
GGCGCATGCCTAAG-1,3,myeloid,not_applicable
GGCGCATGCTCCAC-1,5,T_cell,naive_memory
GGCGCATGTGGAAA-1,1,T_cell,naive_memory
GGCGGACTAGAGGC-1,1,T_cell,naive_memory
GGCGGACTAGGAGC-1,0,T_cell,cytotoxic
GGCGGACTCTGACA-1,5,T_cell,naive_memory
GGCGGACTCTTGGA-1,0,T_cell,cytotoxic
GGCGGACTTACTGG-1,5,T_cell,naive_memory
GGCGGACTTGAACC-1,1,T_cell,naive_memory
GGCTAAACACCTGA-1,4,NK_cell,not_applicable
GGCTAAACTCTTAC-1,5,T_cell,naive_memory
GGCTAATGAGCACT-1,0,T_cell,cytotoxic
GGCTAATGGTCTAG-1,5,T_cell,naive_memory
GGCTCACTACTCAG-1,6,myeloid,not_applicable
GGGAACGAAGCTCA-1,3,myeloid,not_applicable
GGGAACGACACAAC-1,2,B_cell,not_applicable
GGGAACGAGTGTCA-1,6,myeloid,not_applicable
GGGAAGTGTTGAGC-1,6,myeloid,not_applicable
GGGACCACACGTTG-1,0,T_cell,cytotoxic
GGGACCACAGAACA-1,5,T_cell,naive_memory
GGGACCACGAATAG-1,1,T_cell,naive_memory
GGGACCACGTCATG-1,5,T_cell,naive_memory
GGGACCACTCAAGC-1,5,T_cell,naive_memory
GGGACCACTCGTGA-1,5,T_cell,naive_memory
GGGACCACTGCATG-1,5,T_cell,naive_memory
GGGACCTGACCCTC-1,6,myeloid,not_applicable
GGGACCTGCTTGCC-1,5,T_cell,naive_memory
GGGACCTGTGGAGG-1,2,B_cell,not_applicable
GGGATGGACGACAT-1,2,B_cell,not_applicable
GGGATGGATACTTC-1,1,T_cell,naive_memory
GGGATGGATGGTTG-1,6,myeloid,not_applicable
GGGATTACGTCTAG-1,1,T_cell,naive_memory
GGGCAAGATGCATG-1,6,myeloid,not_applicable
GGGCACACGGTGAG-1,3,myeloid,not_applicable
GGGCACACGTTGCA-1,1,T_cell,naive_memory
GGGCAGCTTGGGAG-1,0,T_cell,cytotoxic
GGGCAGCTTTTCTG-1,5,T_cell,naive_memory
GGGCCAACCTTGGA-1,7,dendritic,not_applicable
GGGCCAACGCGTTA-1,2,B_cell,not_applicable
GGGCCAACTACGCA-1,6,myeloid,not_applicable
GGGCCAACTCCAAG-1,2,B_cell,not_applicable
GGGCCATGATGGTC-1,0,T_cell,cytotoxic
GGGCCATGTTGACG-1,1,T_cell,naive_memory
GGGTAACTCAGCTA-1,1,T_cell,naive_memory
GGGTAACTCTAGTG-1,2,B_cell,not_applicable
GGGTAACTCTGGAT-1,1,T_cell,naive_memory
GGGTTAACGTGCAT-1,4,NK_cell,not_applicable
GGTAAAGAGCTAAC-1,0,T_cell,cytotoxic
GGTACAACTGCAAC-1,1,T_cell,naive_memory
GGTACATGAAAGCA-1,2,B_cell,not_applicable
GGTACATGAGCTCA-1,1,T_cell,naive_memory
GGTACATGCGGTAT-1,5,T_cell,naive_memory
GGTACATGGTTACG-1,0,T_cell,cytotoxic
GGTACATGTGGGAG-1,1,T_cell,naive_memory
GGTACTGAACTCTT-1,6,myeloid,not_applicable
GGTAGTACACCACA-1,0,T_cell,cytotoxic
GGTAGTACACTAGC-1,6,myeloid,not_applicable
GGTAGTACCCTGTC-1,5,T_cell,naive_memory
GGTAGTACGCCATA-1,6,myeloid,not_applicable
GGTAGTACTGTCTT-1,0,T_cell,cytotoxic
GGTATCGAGACAAA-1,6,myeloid,not_applicable
GGTATCGATGAACC-1,2,B_cell,not_applicable
GGTCAAACCAAAGA-1,1,T_cell,naive_memory
GGTCTAGAGAAACA-1,6,myeloid,not_applicable
GGTCTAGATAGCGT-1,3,myeloid,not_applicable
GGTGATACCGACTA-1,2,B_cell,not_applicable
GGTGATACGACTAC-1,6,myeloid,not_applicable
GGTGATACTGTTTC-1,5,T_cell,naive_memory
GGTGGAGAAACGGG-1,4,NK_cell,not_applicable
GGTGGAGAAGTAGA-1,1,T_cell,naive_memory
GGTGGAGACAGATC-1,0,T_cell,cytotoxic
GGTGGAGATCGATG-1,1,T_cell,naive_memory
GGTGGAGATCTCTA-1,6,myeloid,not_applicable
GGTGGAGATTACTC-1,0,T_cell,cytotoxic
GGTTTACTACGCAT-1,0,T_cell,cytotoxic
GTAACGTGACCTCC-1,6,myeloid,not_applicable
GTAACGTGATCGGT-1,2,B_cell,not_applicable
GTAACGTGCAGCTA-1,2,B_cell,not_applicable
GTAACGTGGTTGAC-1,2,B_cell,not_applicable
GTAAGCACAACGGG-1,5,T_cell,naive_memory
GTAAGCACTCATTC-1,2,B_cell,not_applicable
GTAAGCTGGTACCA-1,6,myeloid,not_applicable
GTAATAACCTTCTA-1,6,myeloid,not_applicable
GTAATAACGTTGTG-1,5,T_cell,naive_memory
GTACCCTGACAGTC-1,3,myeloid,not_applicable
GTACCCTGGAGCTT-1,5,T_cell,naive_memory
GTACCCTGTCCTTA-1,0,T_cell,cytotoxic
GTACCCTGTGAACC-1,5,T_cell,naive_memory
GTACGTGAACGTTG-1,0,T_cell,cytotoxic
GTACTTTGTCGACA-1,0,T_cell,cytotoxic
GTAGACTGAGATGA-1,6,myeloid,not_applicable
GTAGACTGTATTCC-1,1,T_cell,naive_memory
GTAGCAACAGTCGT-1,6,myeloid,not_applicable
GTAGCAACCATTTC-1,2,B_cell,not_applicable
GTAGCAACGGTAGG-1,6,myeloid,not_applicable
GTAGCATGCACTCC-1,2,B_cell,not_applicable
GTAGCATGTAAGCC-1,6,myeloid,not_applicable
GTAGCCCTGACGTT-1,5,T_cell,naive_memory
GTAGCTGAAGCTAC-1,3,myeloid,not_applicable
GTAGCTGAATTCGG-1,1,T_cell,naive_memory
GTAGGTACACGGGA-1,6,myeloid,not_applicable
GTAGTGACCTCATT-1,5,T_cell,naive_memory
GTAGTGTGAGCGGA-1,4,NK_cell,not_applicable
GTAGTGTGAGGCGA-1,6,myeloid,not_applicable
GTAGTGTGTGGTTG-1,5,T_cell,naive_memory
GTATCACTGGTAGG-1,6,myeloid,not_applicable
GTATCTACAGAAGT-1,0,T_cell,cytotoxic
GTATCTACGACGAG-1,0,T_cell,cytotoxic
GTATCTACGTTACG-1,1,T_cell,naive_memory
GTATTAGAAACAGA-1,1,T_cell,naive_memory
GTATTAGAGGTCTA-1,5,T_cell,naive_memory
GTATTCACACAGCT-1,5,T_cell,naive_memory
GTATTCACGGGTGA-1,0,T_cell,cytotoxic
GTCAACGACACTGA-1,1,T_cell,naive_memory
GTCAACGAGTGTAC-1,6,myeloid,not_applicable
GTCAACGATCAGGT-1,0,T_cell,cytotoxic
GTCAATCTACACCA-1,0,T_cell,cytotoxic
GTCAATCTGTAGCT-1,0,T_cell,cytotoxic
GTCAATCTTGTGGT-1,5,T_cell,naive_memory
GTCACCTGCCTCCA-1,1,T_cell,naive_memory
GTCACCTGTCCCGT-1,1,T_cell,naive_memory
GTCATACTAATCGC-1,2,B_cell,not_applicable
GTCATACTGCGATT-1,0,T_cell,cytotoxic
GTCATACTTCGCCT-1,8,dendritic,not_applicable
GTCATACTTTACCT-1,0,T_cell,cytotoxic
GTCATACTTTGACG-1,5,T_cell,naive_memory
GTCCAAGAAAAACG-1,5,T_cell,naive_memory
GTCCACTGACCTCC-1,5,T_cell,naive_memory
GTCCACTGGGTACT-1,3,myeloid,not_applicable
GTCCAGCTACGGGA-1,5,T_cell,naive_memory
GTCCCATGTGGTGT-1,3,myeloid,not_applicable
GTCGAATGAAGGCG-1,3,myeloid,not_applicable
GTCGACCTGAATGA-1,4,NK_cell,not_applicable
GTCGACCTGTTCAG-1,5,T_cell,naive_memory
GTCGCACTTGAGAA-1,2,B_cell,not_applicable
GTCTAACTGGTCTA-1,3,myeloid,not_applicable
GTCTAGGAGCTTCC-1,6,myeloid,not_applicable
GTGAACACACTCTT-1,5,T_cell,naive_memory
GTGAACACAGATCC-1,0,T_cell,cytotoxic
GTGAACACTCAGGT-1,1,T_cell,naive_memory
GTGACCCTTAAGCC-1,1,T_cell,naive_memory
GTGATGACAAGTGA-1,1,T_cell,naive_memory
GTGATGACCTGAGT-1,2,B_cell,not_applicable
GTGATGACGGTTTG-1,0,T_cell,cytotoxic
GTGATTCTCATTTC-1,1,T_cell,naive_memory
GTGATTCTCTCTCG-1,6,myeloid,not_applicable
GTGATTCTGGTTCA-1,4,NK_cell,not_applicable
GTGATTCTGTCGAT-1,5,T_cell,naive_memory
GTGATTCTTAGCGT-1,2,B_cell,not_applicable
GTGCCACTCAGGAG-1,5,T_cell,naive_memory
GTGGATTGCACTAG-1,3,myeloid,not_applicable
GTGGATTGCGGAGA-1,1,T_cell,naive_memory
GTGGATTGTAACGC-1,5,T_cell,naive_memory
GTGTACGATCAGTG-1,5,T_cell,naive_memory
GTGTAGTGGGTACT-1,1,T_cell,naive_memory
GTGTATCTAGCCTA-1,2,B_cell,not_applicable
GTGTATCTAGTAGA-1,4,NK_cell,not_applicable
GTGTATCTGTTACG-1,2,B_cell,not_applicable
GTGTCAGAAGCGTT-1,0,T_cell,cytotoxic
GTGTCAGAATGCTG-1,5,T_cell,naive_memory
GTTAAAACCGAGAG-1,0,T_cell,cytotoxic
GTTAAAACTTCGCC-1,0,T_cell,cytotoxic
GTTAAATGCTCGAA-1,0,T_cell,cytotoxic
GTTAAATGTCGACA-1,2,B_cell,not_applicable
GTTAACCTAGCTAC-1,1,T_cell,naive_memory
GTTAACCTTGCTTT-1,7,dendritic,not_applicable
GTTAGGTGCACTCC-1,1,T_cell,naive_memory
GTTAGGTGCCAGTA-1,6,myeloid,not_applicable
GTTAGGTGCCCAAA-1,3,myeloid,not_applicable
GTTAGGTGGAACTC-1,2,B_cell,not_applicable
GTTAGTCTAAGAAC-1,0,T_cell,cytotoxic
GTTATAGAGGACAG-1,5,T_cell,naive_memory
GTTATGCTTTCATC-1,5,T_cell,naive_memory
GTTCAACTGGGACA-1,4,NK_cell,not_applicable
GTTCAACTTATGCG-1,5,T_cell,naive_memory
GTTGACGAGCCCTT-1,0,T_cell,cytotoxic
GTTGACGATATCGG-1,4,NK_cell,not_applicable
GTTGAGTGGTCTTT-1,6,myeloid,not_applicable
GTTGAGTGTGCTTT-1,1,T_cell,naive_memory
GTTGATCTGGGACA-1,5,T_cell,naive_memory
GTTGATCTTTTCAC-1,0,T_cell,cytotoxic
GTTGGATGTTTACC-1,3,myeloid,not_applicable
GTTGTACTATTCCT-1,6,myeloid,not_applicable
GTTGTACTTTTGGG-1,1,T_cell,naive_memory
GTTTAAGACCATGA-1,6,myeloid,not_applicable
GTTTAAGACTGTCC-1,0,T_cell,cytotoxic
TAAACAACCAACCA-1,1,T_cell,naive_memory
TAAACAACGAATCC-1,2,B_cell,not_applicable
TAAAGACTCAGGAG-1,1,T_cell,naive_memory
TAAATCGATGAGGG-1,1,T_cell,naive_memory
TAACAATGTGCCCT-1,2,B_cell,not_applicable
TAACACCTTCGCTC-1,6,myeloid,not_applicable
TAACACCTTCGTAG-1,6,myeloid,not_applicable
TAACACCTTGTTTC-1,8,dendritic,not_applicable
TAACATGACACTAG-1,2,B_cell,not_applicable
TAACCGGACTTACT-1,5,T_cell,naive_memory
TAACGTCTCAACCA-1,6,myeloid,not_applicable
TAACGTCTCATTGG-1,5,T_cell,naive_memory
TAACTAGAATTTCC-1,1,T_cell,naive_memory
TAACTAGACTTAGG-1,1,T_cell,naive_memory
TAACTAGATCTGGA-1,5,T_cell,naive_memory
TAACTCACGAGGAC-1,6,myeloid,not_applicable
TAACTCACGTACAC-1,2,B_cell,not_applicable
TAACTCACGTATCG-1,6,myeloid,not_applicable
TAACTCACTCTACT-1,4,NK_cell,not_applicable
TAAGAACTGTGTCA-1,6,myeloid,not_applicable
TAAGAGGACTAAGC-1,2,B_cell,not_applicable
TAAGAGGACTTGTT-1,4,NK_cell,not_applicable
TAAGATACCCACAA-1,5,T_cell,naive_memory
TAAGATACGGTTCA-1,6,myeloid,not_applicable
TAAGATTGCGTAGT-1,5,T_cell,naive_memory
TAAGATTGTTGCTT-1,1,T_cell,naive_memory
TAAGCGTGAGGTTC-1,6,myeloid,not_applicable
TAAGCGTGGACAAA-1,3,myeloid,not_applicable
TAAGCGTGGGAAAT-1,5,T_cell,naive_memory
TAAGCGTGTGCTCC-1,3,myeloid,not_applicable
TAAGGCTGCCATGA-1,0,T_cell,cytotoxic
TAAGGCTGCTGCTC-1,5,T_cell,naive_memory
TAAGGCTGTCTCGC-1,6,myeloid,not_applicable
TAAGGGCTGCTGTA-1,1,T_cell,naive_memory
TAAGGGCTTTACTC-1,5,T_cell,naive_memory
TAAGTAACCGAGAG-1,2,B_cell,not_applicable
TAAGTAACCTCCAC-1,2,B_cell,not_applicable
TAAGTAACCTGTAG-1,1,T_cell,naive_memory
TAAGTAACTTGTCT-1,0,T_cell,cytotoxic
TAATGATGAGCGGA-1,5,T_cell,naive_memory
TAATGCCTCATGAC-1,1,T_cell,naive_memory
TAATGCCTCGTCTC-1,4,NK_cell,not_applicable
TAATGTGAAGATGA-1,5,T_cell,naive_memory
TAATGTGACTGCAA-1,3,myeloid,not_applicable
TAATGTGATTACTC-1,0,T_cell,cytotoxic
TACAAATGGGTACT-1,1,T_cell,naive_memory
TACAATGAAAACAG-1,6,myeloid,not_applicable
TACAATGACTTAGG-1,1,T_cell,naive_memory
TACAATGATGCTAG-1,0,T_cell,cytotoxic
TACACACTCACACA-1,5,T_cell,naive_memory
TACACACTCTTACT-1,1,T_cell,naive_memory
TACATAGAACGCAT-1,0,T_cell,cytotoxic
TACATCACACGGGA-1,5,T_cell,naive_memory
TACATCACCTGTTT-1,3,myeloid,not_applicable
TACATCACGCTAAC-1,2,B_cell,not_applicable
TACATCACTGAACC-1,3,myeloid,not_applicable
TACCATTGAGGTTC-1,5,T_cell,naive_memory
TACCATTGCGGGAA-1,3,myeloid,not_applicable
TACCATTGGGGATG-1,6,myeloid,not_applicable
TACCATTGTGAGGG-1,6,myeloid,not_applicable
TACCGGCTGTTGGT-1,5,T_cell,naive_memory
TACGAGTGATCTCT-1,5,T_cell,naive_memory
TACGAGTGATGCTG-1,3,myeloid,not_applicable
TACGAGTGCGGAGA-1,1,T_cell,naive_memory
TACGAGTGGTTGGT-1,1,T_cell,naive_memory
TACGATCTAGTGTC-1,5,T_cell,naive_memory
TACGATCTCACTGA-1,3,myeloid,not_applicable
TACGATCTTACGAC-1,0,T_cell,cytotoxic
TACGCAGACGTCTC-1,2,B_cell,not_applicable
TACGCAGAGAATCC-1,4,NK_cell,not_applicable
TACGCCACATTCCT-1,5,T_cell,naive_memory
TACGCCACTCCCAC-1,3,myeloid,not_applicable
TACGCCACTCCGAA-1,2,B_cell,not_applicable
TACGCGCTCTTCTA-1,0,T_cell,cytotoxic
TACGGAACGCGTTA-1,2,B_cell,not_applicable
TACGGCCTGGGACA-1,4,NK_cell,not_applicable
TACGGCCTGTCCTC-1,5,T_cell,naive_memory
TACGTACTACGGAG-1,0,T_cell,cytotoxic
TACGTACTCAGTTG-1,1,T_cell,naive_memory
TACGTACTCCCGTT-1,2,B_cell,not_applicable
TACGTTACAGAAGT-1,1,T_cell,naive_memory
TACGTTACCAAGCT-1,6,myeloid,not_applicable
TACTAAGAAAGGTA-1,2,B_cell,not_applicable
TACTAAGAATCACG-1,5,T_cell,naive_memory
TACTAAGATGATGC-1,6,myeloid,not_applicable
TACTAAGATTGCGA-1,1,T_cell,naive_memory
TACTACACGAGAGC-1,1,T_cell,naive_memory
TACTACACTTACCT-1,2,B_cell,not_applicable
TACTACTGAACCTG-1,6,myeloid,not_applicable
TACTACTGATGTCG-1,0,T_cell,cytotoxic
TACTACTGATTCTC-1,5,T_cell,naive_memory
TACTACTGTATGGC-1,5,T_cell,naive_memory
TACTCAACGGTCTA-1,6,myeloid,not_applicable
TACTCAACTGCTAG-1,2,B_cell,not_applicable
TACTCCCTCAGTTG-1,1,T_cell,naive_memory
TACTCTGAATCGAC-1,4,NK_cell,not_applicable
TACTCTGACGAGTT-1,1,T_cell,naive_memory
TACTCTGATTGACG-1,2,B_cell,not_applicable
TACTGGGATCGATG-1,1,T_cell,naive_memory
TACTGTTGAAAGCA-1,1,T_cell,naive_memory
TACTGTTGAGGCGA-1,4,NK_cell,not_applicable
TACTGTTGCTGAAC-1,7,dendritic,not_applicable
TACTTGACTCCTCG-1,0,T_cell,cytotoxic
TACTTGACTGGTGT-1,2,B_cell,not_applicable
TACTTTCTTTTGGG-1,0,T_cell,cytotoxic
TAGAAACTAATCGC-1,5,T_cell,naive_memory
TAGAAACTGCTTCC-1,6,myeloid,not_applicable
TAGAAACTGGGATG-1,0,T_cell,cytotoxic
TAGAATTGCGACAT-1,5,T_cell,naive_memory
TAGAATTGTATCGG-1,5,T_cell,naive_memory
TAGACGTGCTTGAG-1,5,T_cell,naive_memory
TAGACGTGTCGCTC-1,5,T_cell,naive_memory
TAGAGCACCTTACT-1,2,B_cell,not_applicable
TAGATTGACTTGTT-1,2,B_cell,not_applicable
TAGATTGAGGCATT-1,0,T_cell,cytotoxic
TAGCATCTCAGCTA-1,4,NK_cell,not_applicable
TAGCATCTCCCTCA-1,1,T_cell,naive_memory
TAGCATCTGCTGTA-1,3,myeloid,not_applicable
TAGCATCTGGGACA-1,5,T_cell,naive_memory
TAGCATCTTGTCGA-1,5,T_cell,naive_memory
TAGCCCACAAAAGC-1,1,T_cell,naive_memory
TAGCCCACAGCCAT-1,0,T_cell,cytotoxic
TAGCCCACAGCTAC-1,4,NK_cell,not_applicable
TAGCCCACCCACAA-1,5,T_cell,naive_memory
TAGCCCTGCGGAGA-1,0,T_cell,cytotoxic
TAGCCGCTTACGAC-1,1,T_cell,naive_memory
TAGCCGCTTACTTC-1,0,T_cell,cytotoxic
TAGCCGCTTTCCAT-1,3,myeloid,not_applicable
TAGCTACTGAATAG-1,2,B_cell,not_applicable
TAGCTACTGTAGCT-1,5,T_cell,naive_memory
TAGCTACTTTTGCT-1,0,T_cell,cytotoxic
TAGGACTGTGCTGA-1,1,T_cell,naive_memory
TAGGAGCTAAGGCG-1,2,B_cell,not_applicable
TAGGAGCTGAGGGT-1,1,T_cell,naive_memory
TAGGAGCTTGCATG-1,2,B_cell,not_applicable
TAGGCAACCGTCTC-1,2,B_cell,not_applicable
TAGGCATGCTCTCG-1,7,dendritic,not_applicable
TAGGCATGGCGAGA-1,0,T_cell,cytotoxic
TAGGCTGATGCCTC-1,6,myeloid,not_applicable
TAGGGACTGAACTC-1,4,NK_cell,not_applicable
TAGGTCGACACTGA-1,5,T_cell,naive_memory
TAGGTCGAGGATCT-1,2,B_cell,not_applicable
TAGGTGACACACTG-1,1,T_cell,naive_memory
TAGGTGACACGTTG-1,2,B_cell,not_applicable
TAGGTGTGTTCTGT-1,5,T_cell,naive_memory
TAGGTTCTGAAGGC-1,1,T_cell,naive_memory
TAGGTTCTTCTTAC-1,3,myeloid,not_applicable
TAGGTTCTTGCTGA-1,6,myeloid,not_applicable
TAGTAAACCTCGCT-1,5,T_cell,naive_memory
TAGTAAACGTCACA-1,5,T_cell,naive_memory
TAGTAATGAGATCC-1,5,T_cell,naive_memory
TAGTACCTAAGAAC-1,6,myeloid,not_applicable
TAGTATGATCTTAC-1,2,B_cell,not_applicable
TAGTATGATTCTCA-1,1,T_cell,naive_memory
TAGTCTTGGCTGTA-1,5,T_cell,naive_memory
TAGTCTTGGGACTT-1,1,T_cell,naive_memory
TAGTCTTGTGGAAA-1,0,T_cell,cytotoxic
TAGTGGTGAAGTGA-1,4,NK_cell,not_applicable
TAGTTAGAACCACA-1,4,NK_cell,not_applicable
TAGTTAGATGAACC-1,5,T_cell,naive_memory
TATAAGACAACAGA-1,1,T_cell,naive_memory
TATAAGACAGCTCA-1,3,myeloid,not_applicable
TATAAGTGACACCA-1,3,myeloid,not_applicable
TATAAGTGTATCGG-1,6,myeloid,not_applicable
TATAAGTGTGGTGT-1,3,myeloid,not_applicable
TATACAGAACCCTC-1,0,T_cell,cytotoxic
TATACAGAAGAACA-1,5,T_cell,naive_memory
TATACAGATCCAGA-1,1,T_cell,naive_memory
TATACCACCTGATG-1,2,B_cell,not_applicable
TATACGCTACCAAC-1,1,T_cell,naive_memory
TATAGATGGACGGA-1,1,T_cell,naive_memory
TATAGATGTTCCGC-1,3,myeloid,not_applicable
TATCACTGACTGTG-1,6,myeloid,not_applicable
TATCCAACCAGCTA-1,6,myeloid,not_applicable
TATCCAACTCTCTA-1,0,T_cell,cytotoxic
TATCGACTACTAGC-1,5,T_cell,naive_memory
TATCGACTCGATAC-1,3,myeloid,not_applicable
TATCGTACAGATGA-1,0,T_cell,cytotoxic
TATCGTACATTCCT-1,6,myeloid,not_applicable
TATCTCGAGAGATA-1,5,T_cell,naive_memory
TATCTGACAGGTTC-1,0,T_cell,cytotoxic
TATCTGACTGTTTC-1,0,T_cell,cytotoxic
TATCTTCTAAACAG-1,5,T_cell,naive_memory
TATGAATGGAGGAC-1,4,NK_cell,not_applicable
TATGAATGTTTGCT-1,3,myeloid,not_applicable
TATGCGGATAACCG-1,1,T_cell,naive_memory
TATGGGTGCATCAG-1,4,NK_cell,not_applicable
TATGGGTGCTAGCA-1,2,B_cell,not_applicable
TATGGTCTCTACCC-1,5,T_cell,naive_memory
TATGTCACGGAACG-1,2,B_cell,not_applicable
TATGTCACTAACCG-1,3,myeloid,not_applicable
TATGTCACTTCTCA-1,2,B_cell,not_applicable
TATGTGCTCCGATA-1,6,myeloid,not_applicable
TATGTGCTGGATTC-1,5,T_cell,naive_memory
TATTGCTGAAGAAC-1,6,myeloid,not_applicable
TATTGCTGCCGTTC-1,2,B_cell,not_applicable
TATTGCTGTCTGGA-1,5,T_cell,naive_memory
TATTGCTGTGCACA-1,0,T_cell,cytotoxic
TATTTCCTATTGGC-1,6,myeloid,not_applicable
TATTTCCTGGAGGT-1,0,T_cell,cytotoxic
TATTTCCTGGTGTT-1,1,T_cell,naive_memory
TCAACACTGTTTGG-1,4,NK_cell,not_applicable
TCAAGGACAGCGTT-1,1,T_cell,naive_memory
TCAAGGACATTCTC-1,0,T_cell,cytotoxic
TCAAGGACGGTGTT-1,6,myeloid,not_applicable
TCAATCACACTCTT-1,0,T_cell,cytotoxic
TCAATCACAGTCGT-1,3,myeloid,not_applicable
TCACAACTATGTGC-1,1,T_cell,naive_memory
TCACAACTTTGCTT-1,6,myeloid,not_applicable
TCACATACACTTTC-1,0,T_cell,cytotoxic
TCACATACAGGGTG-1,5,T_cell,naive_memory
TCACCCGAGACGGA-1,6,myeloid,not_applicable
TCACCGTGCTCGCT-1,3,myeloid,not_applicable
TCACCTCTACGACT-1,0,T_cell,cytotoxic
TCACCTCTTCCAAG-1,3,myeloid,not_applicable
TCACGAGAGGAGGT-1,2,B_cell,not_applicable
TCACTATGGGGCAA-1,0,T_cell,cytotoxic
TCACTATGGTTGTG-1,2,B_cell,not_applicable
TCAGACGACGCTAA-1,1,T_cell,naive_memory
TCAGACGACGTTAG-1,4,NK_cell,not_applicable
TCAGAGACTCCAGA-1,5,T_cell,naive_memory
TCAGCAGACTCCAC-1,5,T_cell,naive_memory
TCAGCGCTCTAGTG-1,0,T_cell,cytotoxic
TCAGCGCTGGATCT-1,2,B_cell,not_applicable
TCAGCGCTGGTATC-1,0,T_cell,cytotoxic
TCAGGATGAAGTAG-1,5,T_cell,naive_memory
TCAGGATGCCTTTA-1,3,myeloid,not_applicable
TCAGTGGAAGATCC-1,0,T_cell,cytotoxic
TCAGTTACCTACGA-1,6,myeloid,not_applicable
TCAGTTACTAGAAG-1,1,T_cell,naive_memory
TCATCAACCCGATA-1,5,T_cell,naive_memory
TCATCAACTGTTCT-1,3,myeloid,not_applicable
TCATCATGCAGTTG-1,1,T_cell,naive_memory
TCATCCCTTACTGG-1,1,T_cell,naive_memory
TCATTCGATACAGC-1,3,myeloid,not_applicable
TCCACGTGGAAACA-1,5,T_cell,naive_memory
TCCACTCTACACTG-1,1,T_cell,naive_memory
TCCACTCTGAGCTT-1,6,myeloid,not_applicable
TCCACTCTTACTTC-1,2,B_cell,not_applicable
TCCATAACAAAGTG-1,5,T_cell,naive_memory
TCCATAACCGTAGT-1,2,B_cell,not_applicable
TCCATAACGATGAA-1,1,T_cell,naive_memory
TCCATAACTACGCA-1,5,T_cell,naive_memory
TCCATCCTCCCTAC-1,0,T_cell,cytotoxic
TCCCACGATCATTC-1,5,T_cell,naive_memory
TCCCATCTCAAAGA-1,6,myeloid,not_applicable
TCCCGAACACAGTC-1,4,NK_cell,not_applicable
TCCCGAACTTCGCC-1,3,myeloid,not_applicable
TCCCGATGAGATCC-1,1,T_cell,naive_memory
TCCCGATGCCTGAA-1,6,myeloid,not_applicable
TCCCGATGCTGTGA-1,0,T_cell,cytotoxic
TCCCTACTCAACTG-1,2,B_cell,not_applicable
TCCGAAGACAATCG-1,6,myeloid,not_applicable
TCCGAAGACGTTAG-1,1,T_cell,naive_memory
TCCGGACTGAGGTG-1,1,T_cell,naive_memory
TCCGGACTGTACGT-1,0,T_cell,cytotoxic
TCCTAAACATCGAC-1,5,T_cell,naive_memory
TCCTAAACCGAGAG-1,1,T_cell,naive_memory
TCCTAAACCGCATA-1,4,NK_cell,not_applicable
TCCTAATGGTTTGG-1,0,T_cell,cytotoxic
TCCTACCTGTCGTA-1,1,T_cell,naive_memory
TCCTATGAAAAGCA-1,0,T_cell,cytotoxic
TCGAATCTCTGGTA-1,0,T_cell,cytotoxic
TCGACCTGCCGATA-1,3,myeloid,not_applicable
TCGACGCTTCTATC-1,6,myeloid,not_applicable
TCGACGCTTTGACG-1,1,T_cell,naive_memory
TCGAGAACGACAGG-1,1,T_cell,naive_memory
TCGAGAACGTTAGC-1,1,T_cell,naive_memory
TCGAGCCTATCAGC-1,2,B_cell,not_applicable
TCGAGCCTGCGAGA-1,0,T_cell,cytotoxic
TCGAGCCTTGTGAC-1,5,T_cell,naive_memory
TCGATACTATTCCT-1,0,T_cell,cytotoxic
TCGATACTTGCACA-1,5,T_cell,naive_memory
TCGATTTGATGCCA-1,6,myeloid,not_applicable
TCGATTTGCACTCC-1,5,T_cell,naive_memory
TCGATTTGCAGCTA-1,4,NK_cell,not_applicable
TCGATTTGCCTACC-1,6,myeloid,not_applicable
TCGATTTGTCGTGA-1,2,B_cell,not_applicable
TCGCACACCATCAG-1,6,myeloid,not_applicable
TCGCAGCTAGATCC-1,0,T_cell,cytotoxic
TCGCCATGAGACTC-1,5,T_cell,naive_memory
TCGCCATGTGGTCA-1,2,B_cell,not_applicable
TCGGACCTAACAGA-1,5,T_cell,naive_memory
TCGGACCTATAAGG-1,2,B_cell,not_applicable
TCGGACCTGTACAC-1,1,T_cell,naive_memory
TCGGTAGAGTAGGG-1,5,T_cell,naive_memory
TCGGTAGATCCCAC-1,2,B_cell,not_applicable
TCGTAGGATCGACA-1,1,T_cell,naive_memory
TCGTGAGAACTGTG-1,2,B_cell,not_applicable
TCGTTATGGACAAA-1,1,T_cell,naive_memory
TCTAACACCAGTTG-1,4,NK_cell,not_applicable
TCTAACACGAGCAG-1,7,dendritic,not_applicable
TCTAACTGAACCAC-1,1,T_cell,naive_memory
TCTAAGCTAATGCC-1,5,T_cell,naive_memory
TCTAAGCTTAGTCG-1,0,T_cell,cytotoxic
TCTAAGCTTCTAGG-1,3,myeloid,not_applicable
TCTAAGCTTGTTCT-1,6,myeloid,not_applicable
TCTAAGCTTTCGCC-1,2,B_cell,not_applicable
TCTACAACGACTAC-1,6,myeloid,not_applicable
TCTAGACTTAGAAG-1,6,myeloid,not_applicable
TCTAGTTGCACCAA-1,3,myeloid,not_applicable
TCTATGTGAAGAGT-1,6,myeloid,not_applicable
TCTATGTGAGTCTG-1,0,T_cell,cytotoxic
TCTCAAACCTAAGC-1,2,B_cell,not_applicable
TCTCTAGAATTTCC-1,1,T_cell,naive_memory
TCTGATACACGTGT-1,5,T_cell,naive_memory
TCTGATACTCGCCT-1,5,T_cell,naive_memory
TCTTACGAACCTGA-1,6,myeloid,not_applicable
TCTTCAGAGCTACA-1,3,myeloid,not_applicable
TCTTGATGCGGAGA-1,0,T_cell,cytotoxic
TGAAATTGGTGAGG-1,6,myeloid,not_applicable
TGAACCGAAAACGA-1,5,T_cell,naive_memory
TGAACCGACTACTT-1,3,myeloid,not_applicable
TGAACCGATTCGGA-1,3,myeloid,not_applicable
TGAAGCACTCACGA-1,0,T_cell,cytotoxic
TGAAGCTGAACGAA-1,5,T_cell,naive_memory
TGAAGCTGAGACTC-1,5,T_cell,naive_memory
TGAAGCTGCATGGT-1,2,B_cell,not_applicable
TGAAGCTGCGTAAC-1,5,T_cell,naive_memory
TGAATAACCACTTT-1,5,T_cell,naive_memory
TGAATAACTCCCAC-1,0,T_cell,cytotoxic
TGACACGACCTTAT-1,2,B_cell,not_applicable
TGACCAGACAACCA-1,1,T_cell,naive_memory
TGACCAGAGGATTC-1,5,T_cell,naive_memory
TGACCGCTAAAAGC-1,1,T_cell,naive_memory
TGACCGCTCTGCAA-1,5,T_cell,naive_memory
TGACGATGCAAAGA-1,6,myeloid,not_applicable
TGACGCCTGTACCA-1,1,T_cell,naive_memory
TGACGCCTTTACTC-1,1,T_cell,naive_memory
TGACTGGAAGAGAT-1,6,myeloid,not_applicable
TGACTGGACCGTAA-1,1,T_cell,naive_memory
TGACTGGACGCAAT-1,5,T_cell,naive_memory
TGACTGGAGGACAG-1,2,B_cell,not_applicable
TGACTGGATTCTCA-1,1,T_cell,naive_memory
TGACTTACACACCA-1,1,T_cell,naive_memory
TGACTTACAGTCTG-1,6,myeloid,not_applicable
TGACTTTGCGCATA-1,5,T_cell,naive_memory
TGACTTTGTTTGTC-1,1,T_cell,naive_memory
TGAGACACAAGGTA-1,0,T_cell,cytotoxic
TGAGACACTCAAGC-1,0,T_cell,cytotoxic
TGAGACACTGTGCA-1,5,T_cell,naive_memory
TGAGCTGAATGCTG-1,3,myeloid,not_applicable
TGAGCTGACTGGAT-1,6,myeloid,not_applicable
TGAGCTGAGCGAGA-1,5,T_cell,naive_memory
TGAGCTGATGCTAG-1,6,myeloid,not_applicable
TGAGGACTCTCATT-1,6,myeloid,not_applicable
TGAGGACTTCATTC-1,1,T_cell,naive_memory
TGAGGTACGAACCT-1,3,myeloid,not_applicable
TGAGTCGAGTTACG-1,2,B_cell,not_applicable
TGAGTGACTGAGCT-1,5,T_cell,naive_memory
TGATAAACGAATCC-1,1,T_cell,naive_memory
TGATAAACTCCGTC-1,4,NK_cell,not_applicable
TGATAAACTTTCAC-1,5,T_cell,naive_memory
TGATACCTCACTAG-1,6,myeloid,not_applicable
TGATACCTGTTGGT-1,5,T_cell,naive_memory
TGATACCTTATGCG-1,1,T_cell,naive_memory
TGATACCTTGAAGA-1,5,T_cell,naive_memory
TGATATGAACCTTT-1,5,T_cell,naive_memory
TGATCACTAGCATC-1,0,T_cell,cytotoxic
TGATCACTCTCGCT-1,5,T_cell,naive_memory
TGATCACTTCTACT-1,2,B_cell,not_applicable
TGATCGGACTGACA-1,3,myeloid,not_applicable
TGATCGGAGGAGCA-1,2,B_cell,not_applicable
TGATCGGATATGCG-1,3,myeloid,not_applicable
TGATTAGACATTGG-1,1,T_cell,naive_memory
TGATTAGATGACTG-1,2,B_cell,not_applicable
TGATTAGATGCTAG-1,5,T_cell,naive_memory
TGATTCACTATGCG-1,5,T_cell,naive_memory
TGATTCACTGTCAG-1,2,B_cell,not_applicable
TGATTCTGCCGAAT-1,1,T_cell,naive_memory
TGATTCTGCTCTTA-1,5,T_cell,naive_memory
TGCAAGTGAGAACA-1,1,T_cell,naive_memory
TGCAAGTGGGTAGG-1,6,myeloid,not_applicable
TGCAATCTTCAGGT-1,7,dendritic,not_applicable
TGCACAGACGACAT-1,4,NK_cell,not_applicable
TGCCAAGAGCAGTT-1,3,myeloid,not_applicable
TGCCAAGATCTCTA-1,1,T_cell,naive_memory
TGCCACTGAACGTC-1,1,T_cell,naive_memory
TGCCACTGCGATAC-1,4,NK_cell,not_applicable
TGCCAGCTTGGCAT-1,5,T_cell,naive_memory
TGCCCAACAGCAAA-1,1,T_cell,naive_memory
TGCCCAACCGCATA-1,3,myeloid,not_applicable
TGCCGACTCTCCCA-1,2,B_cell,not_applicable
TGCGAAACAGTCAC-1,2,B_cell,not_applicable
TGCGAAACGTTGCA-1,2,B_cell,not_applicable
TGCGATGAACGGTT-1,1,T_cell,naive_memory
TGCGATGACCTCGT-1,5,T_cell,naive_memory
TGCGATGACTAGTG-1,2,B_cell,not_applicable
TGCGATGACTGCTC-1,2,B_cell,not_applicable
TGCGATGACTTGCC-1,2,B_cell,not_applicable
TGCGATGAGTGCTA-1,6,myeloid,not_applicable
TGCGCACTCTTGAG-1,6,myeloid,not_applicable
TGCGTAGAATAAGG-1,6,myeloid,not_applicable
TGCGTAGACGGGAA-1,2,B_cell,not_applicable
TGCGTAGATGGTCA-1,3,myeloid,not_applicable
TGCTAGGAAACCGT-1,0,T_cell,cytotoxic
TGCTAGGATAGTCG-1,5,T_cell,naive_memory
TGCTATACGGTTCA-1,7,dendritic,not_applicable
TGCTATACTGCTGA-1,0,T_cell,cytotoxic
TGCTGAGAGAGCAG-1,4,NK_cell,not_applicable
TGCTGAGATTATCC-1,5,T_cell,naive_memory
TGGAAAGACTCTCG-1,2,B_cell,not_applicable
TGGAAAGAGCGATT-1,1,T_cell,naive_memory
TGGAAAGAGGTCAT-1,3,myeloid,not_applicable
TGGAAAGATATGGC-1,5,T_cell,naive_memory
TGGAACACAAACAG-1,4,NK_cell,not_applicable
TGGAACACGCTAAC-1,0,T_cell,cytotoxic
TGGAAGCTCAGATC-1,5,T_cell,naive_memory
TGGACCCTACACTG-1,6,myeloid,not_applicable
TGGACCCTCATGGT-1,0,T_cell,cytotoxic
TGGACCCTGGTACT-1,3,myeloid,not_applicable
TGGACTGAGTATGC-1,1,T_cell,naive_memory
TGGAGACTATCAGC-1,6,myeloid,not_applicable
TGGAGACTGAAACA-1,5,T_cell,naive_memory
TGGAGACTTCAAGC-1,5,T_cell,naive_memory
TGGAGACTTGACCA-1,0,T_cell,cytotoxic
TGGAGGGACGGAGA-1,3,myeloid,not_applicable
TGGAGGGAGCTATG-1,0,T_cell,cytotoxic
TGGATCGATAAAGG-1,5,T_cell,naive_memory
TGGATGTGACCTAG-1,2,B_cell,not_applicable
TGGATGTGATGTCG-1,0,T_cell,cytotoxic
TGGATGTGTGAAGA-1,2,B_cell,not_applicable
TGGATTCTCATACG-1,0,T_cell,cytotoxic
TGGCAATGCTTGTT-1,2,B_cell,not_applicable
TGGCAATGGAGGGT-1,0,T_cell,cytotoxic
TGGCACCTTCACGA-1,0,T_cell,cytotoxic
TGGCACCTTCAGTG-1,6,myeloid,not_applicable
TGGGTATGAAGAGT-1,1,T_cell,naive_memory
TGGGTATGCACAAC-1,1,T_cell,naive_memory
TGGGTATGGTACGT-1,2,B_cell,not_applicable
TGGGTATGTTTGGG-1,6,myeloid,not_applicable
TGGTAGACATGCCA-1,1,T_cell,naive_memory
TGGTAGACCCTCAC-1,4,NK_cell,not_applicable
TGGTAGACCTGATG-1,1,T_cell,naive_memory
TGGTAGTGCACTGA-1,6,myeloid,not_applicable
TGGTATCTAAACAG-1,5,T_cell,naive_memory
TGGTATCTCTTCCG-1,5,T_cell,naive_memory
TGGTCAGACCCAAA-1,7,dendritic,not_applicable
TGGTCAGACCGTTC-1,4,NK_cell,not_applicable
TGGTTACTGACGTT-1,6,myeloid,not_applicable
TGGTTACTGTTCTT-1,5,T_cell,naive_memory
TGTAACCTAGAGGC-1,5,T_cell,naive_memory
TGTAACCTTGCCTC-1,3,myeloid,not_applicable
TGTAATGACACAAC-1,4,NK_cell,not_applicable
TGTAATGAGGTAAA-1,4,NK_cell,not_applicable
TGTACTTGCTCTAT-1,3,myeloid,not_applicable
TGTAGGTGCGAGAG-1,2,B_cell,not_applicable
TGTAGGTGCTATGG-1,1,T_cell,naive_memory
TGTAGGTGCTCTAT-1,7,dendritic,not_applicable
TGTAGGTGTGCTGA-1,5,T_cell,naive_memory
TGTAGTCTTCCAGA-1,7,dendritic,not_applicable
TGTAGTCTTGCACA-1,0,T_cell,cytotoxic
TGTATCTGTTAGGC-1,1,T_cell,naive_memory
TGTATGCTCATGGT-1,2,B_cell,not_applicable
TGTATGCTGTAGGG-1,5,T_cell,naive_memory
TGTATGCTTTCATC-1,0,T_cell,cytotoxic
TGTCAGGAATACCG-1,5,T_cell,naive_memory
TGTCAGGAGATGAA-1,3,myeloid,not_applicable
TGTCTAACCCCTTG-1,5,T_cell,naive_memory
TGTGACGATTCTCA-1,0,T_cell,cytotoxic
TGTGAGACTGTCAG-1,3,myeloid,not_applicable
TGTGAGACTTGAGC-1,1,T_cell,naive_memory
TGTGAGTGACCACA-1,5,T_cell,naive_memory
TGTGAGTGAGTGCT-1,3,myeloid,not_applicable
TGTGAGTGGAGATA-1,0,T_cell,cytotoxic
TGTGATCTCTCTAT-1,2,B_cell,not_applicable
TGTGATCTGACACT-1,5,T_cell,naive_memory
TGTGGATGGCCAAT-1,2,B_cell,not_applicable
TGTTAAGACAAAGA-1,6,myeloid,not_applicable
TGTTAAGATAAGGA-1,6,myeloid,not_applicable
TGTTAAGATTGGCA-1,6,myeloid,not_applicable
TGTTACACCGCATA-1,3,myeloid,not_applicable
TGTTACACGACTAC-1,3,myeloid,not_applicable
TGTTACTGGCTACA-1,0,T_cell,cytotoxic
TGTTACTGTAGTCG-1,0,T_cell,cytotoxic
TTAACCACCGTAAC-1,1,T_cell,naive_memory
TTAACCACTAAGGA-1,0,T_cell,cytotoxic
TTAACCACTCAGAC-1,0,T_cell,cytotoxic
TTACACACGTGTTG-1,5,T_cell,naive_memory
TTACACACTCCTAT-1,5,T_cell,naive_memory
TTACCATGAATCGC-1,6,myeloid,not_applicable
TTACCATGGTTGAC-1,5,T_cell,naive_memory
TTACCATGTGTCTT-1,0,T_cell,cytotoxic
TTACCATGTTGTGG-1,2,B_cell,not_applicable
TTACGACTGAGAGC-1,1,T_cell,naive_memory
TTACGACTTGACAC-1,6,myeloid,not_applicable
TTACGTACGTTCAG-1,8,dendritic,not_applicable
TTACTCGAACGTTG-1,7,dendritic,not_applicable
TTACTCGAAGAATG-1,6,myeloid,not_applicable
TTACTCGACGCAAT-1,7,dendritic,not_applicable
TTACTCGAGGGTGA-1,1,T_cell,naive_memory
TTACTCGATCTACT-1,4,NK_cell,not_applicable
TTAGAATGTGGTGT-1,5,T_cell,naive_memory
TTAGAATGTGTAGC-1,5,T_cell,naive_memory
TTAGACCTCCTACC-1,5,T_cell,naive_memory
TTAGACCTCCTTTA-1,6,myeloid,not_applicable
TTAGCTACAACCGT-1,1,T_cell,naive_memory
TTAGCTACTGTCCC-1,3,myeloid,not_applicable
TTAGCTACTTTCGT-1,1,T_cell,naive_memory
TTAGGGACGCGAAG-1,0,T_cell,cytotoxic
TTAGGGTGCTGGAT-1,2,B_cell,not_applicable
TTAGGGTGTCCTGC-1,3,myeloid,not_applicable
TTAGGTCTACTTTC-1,6,myeloid,not_applicable
TTAGTCACCAGTTG-1,1,T_cell,naive_memory
TTAGTCTGAAAGCA-1,2,B_cell,not_applicable
TTAGTCTGCCAACA-1,4,NK_cell,not_applicable
TTAGTCTGTGCACA-1,1,T_cell,naive_memory
TTATCCGACTAGTG-1,2,B_cell,not_applicable
TTATCCGAGAAAGT-1,3,myeloid,not_applicable
TTATGAGAGATAAG-1,5,T_cell,naive_memory
TTATGCACGTCACA-1,2,B_cell,not_applicable
TTATGGCTTATGGC-1,7,dendritic,not_applicable
TTATTCCTATGCTG-1,6,myeloid,not_applicable
TTATTCCTGGACAG-1,2,B_cell,not_applicable
TTATTCCTGGTACT-1,2,B_cell,not_applicable
TTATTCCTTCGTGA-1,1,T_cell,naive_memory
TTCAAAGATAAAGG-1,0,T_cell,cytotoxic
TTCAACACAACAGA-1,5,T_cell,naive_memory
TTCAACACCCCAAA-1,6,myeloid,not_applicable
TTCAACACGGACGA-1,3,myeloid,not_applicable
TTCAAGCTAAGAAC-1,3,myeloid,not_applicable
TTCAAGCTAGATGA-1,5,T_cell,naive_memory
TTCAAGCTGTTGAC-1,1,T_cell,naive_memory
TTCAAGCTTCCAAG-1,1,T_cell,naive_memory
TTCAAGCTTGATGC-1,1,T_cell,naive_memory
TTCAAGCTTTCGCC-1,5,T_cell,naive_memory
TTCACAACCCGTTC-1,6,myeloid,not_applicable
TTCACAACGTCTGA-1,3,myeloid,not_applicable
TTCAGACTACCCAA-1,5,T_cell,naive_memory
TTCAGACTCTCGAA-1,1,T_cell,naive_memory
TTCAGTACCGACTA-1,1,T_cell,naive_memory
TTCAGTACTCAAGC-1,1,T_cell,naive_memory
TTCAGTACTCCTAT-1,6,myeloid,not_applicable
TTCAGTTGCCAAGT-1,1,T_cell,naive_memory
TTCAGTTGTCCTTA-1,7,dendritic,not_applicable
TTCAGTTGTCTAGG-1,5,T_cell,naive_memory
TTCAGTTGTCTCGC-1,2,B_cell,not_applicable
TTCATCGAGGTGGA-1,6,myeloid,not_applicable
TTCATGTGTGGTGT-1,1,T_cell,naive_memory
TTCATTCTATGTCG-1,6,myeloid,not_applicable
TTCATTCTTCTCTA-1,5,T_cell,naive_memory
TTCCAAACCTATGG-1,6,myeloid,not_applicable
TTCCAAACCTCCCA-1,2,B_cell,not_applicable
TTCCAAACTCCCAC-1,4,NK_cell,not_applicable
TTCCAAACTTGACG-1,0,T_cell,cytotoxic
TTCCATGACGAGAG-1,6,myeloid,not_applicable
TTCCATGACTGTCC-1,5,T_cell,naive_memory
TTCCCACTTGAGGG-1,4,NK_cell,not_applicable
TTCCCACTTGTCTT-1,3,myeloid,not_applicable
TTCCTAGAAAGTGA-1,5,T_cell,naive_memory
TTCCTAGACTAGTG-1,3,myeloid,not_applicable
TTCGAGGACTCTAT-1,1,T_cell,naive_memory
TTCGAGGAGGGCAA-1,1,T_cell,naive_memory
TTCGAGGATAGAAG-1,3,myeloid,not_applicable
TTCGATTGAGCATC-1,5,T_cell,naive_memory
TTCGGAGAATGCCA-1,6,myeloid,not_applicable
TTCGGAGATGTGCA-1,5,T_cell,naive_memory
TTCGTATGAAAAGC-1,0,T_cell,cytotoxic
TTCGTATGGATAGA-1,0,T_cell,cytotoxic
TTCGTATGGTCTGA-1,5,T_cell,naive_memory
TTCGTATGTCCTTA-1,3,myeloid,not_applicable
TTCTACGAACGTAC-1,1,T_cell,naive_memory
TTCTACGAGTTGGT-1,1,T_cell,naive_memory
TTCTAGTGACACGT-1,1,T_cell,naive_memory
TTCTAGTGCATGAC-1,6,myeloid,not_applicable
TTCTAGTGGAGAGC-1,4,NK_cell,not_applicable
TTCTAGTGGTCACA-1,3,myeloid,not_applicable
TTCTCAGAAGAGAT-1,1,T_cell,naive_memory
TTCTCAGAAGCATC-1,2,B_cell,not_applicable
TTCTCAGATGGAGG-1,1,T_cell,naive_memory
TTCTGATGGAGACG-1,4,NK_cell,not_applicable
TTCTTACTCTGGAT-1,3,myeloid,not_applicable
TTGAACCTCCTTGC-1,2,B_cell,not_applicable
TTGAATGAACTACG-1,3,myeloid,not_applicable
TTGAATGACTTACT-1,5,T_cell,naive_memory
TTGAATGATCTCAT-1,2,B_cell,not_applicable
TTGACACTCTGTAG-1,5,T_cell,naive_memory
TTGACACTGATAAG-1,2,B_cell,not_applicable
TTGAGGACAGAACA-1,6,myeloid,not_applicable
TTGAGGACTACGCA-1,7,dendritic,not_applicable
TTGAGGTGGACGGA-1,5,T_cell,naive_memory
TTGCATTGAGCTAC-1,0,T_cell,cytotoxic
TTGCATTGCTAAGC-1,6,myeloid,not_applicable
TTGCATTGTGACTG-1,1,T_cell,naive_memory
TTGCTAACACCAAC-1,0,T_cell,cytotoxic
TTGCTAACACGCTA-1,3,myeloid,not_applicable
TTGCTAACCACTCC-1,5,T_cell,naive_memory
TTGCTATGGTACGT-1,6,myeloid,not_applicable
TTGCTATGGTAGGG-1,3,myeloid,not_applicable
TTGGAGACCAATCG-1,1,T_cell,naive_memory
TTGGAGACGCTATG-1,6,myeloid,not_applicable
TTGGAGACTATGGC-1,2,B_cell,not_applicable
TTGGGAACTGAACC-1,5,T_cell,naive_memory
TTGGTACTACTGGT-1,3,myeloid,not_applicable
TTGGTACTCTTAGG-1,5,T_cell,naive_memory
TTGGTACTGAATCC-1,2,B_cell,not_applicable
TTGGTACTGGATTC-1,2,B_cell,not_applicable
TTGTACACGTTGTG-1,2,B_cell,not_applicable
TTGTACACTTGCAG-1,1,T_cell,naive_memory
TTGTAGCTAGCTCA-1,0,T_cell,cytotoxic
TTGTAGCTCTCTTA-1,2,B_cell,not_applicable
TTGTCATGGACGGA-1,4,NK_cell,not_applicable
TTTAGAGATCCTCG-1,2,B_cell,not_applicable
TTTAGCTGATACCG-1,5,T_cell,naive_memory
TTTAGCTGGATACC-1,6,myeloid,not_applicable
TTTAGCTGTACTCT-1,7,dendritic,not_applicable
TTTAGGCTCCTTTA-1,6,myeloid,not_applicable
TTTATCCTGTTGTG-1,3,myeloid,not_applicable
TTTCACGAGGTTCA-1,5,T_cell,naive_memory
TTTCAGTGGAAGGC-1,0,T_cell,cytotoxic
TTTCAGTGTCACGA-1,2,B_cell,not_applicable
TTTCAGTGTCTATC-1,6,myeloid,not_applicable
TTTCAGTGTGCAGT-1,2,B_cell,not_applicable
TTTCCAGAGGTGAG-1,1,T_cell,naive_memory
TTTCGAACACCTGA-1,7,dendritic,not_applicable
TTTCGAACTCTCAT-1,6,myeloid,not_applicable
TTTCTACTGAGGCA-1,2,B_cell,not_applicable
TTTCTACTTCCTCG-1,2,B_cell,not_applicable
TTTGCATGAGAGGC-1,2,B_cell,not_applicable
TTTGCATGCCTCAC-1,1,T_cell,naive_memory
